{
  "type": "FeatureCollection",
  "features": [
    {
      "type": "Feature",
      "properties": {
        "FeatClass": "Fee",
        "Category": "Fee",
        "Own_Type": "FED",
        "Own_Name": "NPS",
        "Loc_Own": "NPS",
        "Mang_Type": "FED",
        "Mang_Name": "NPS",
        "Loc_Mang": "NPS",
        "Des_Tp": "NP",
        "Loc_Ds": "National Park",
        "Unit_Nm": "Black Canyon of the Gunnison National Park",
        "Loc_Nm": "BLCA",
        "State_Nm": "CO",
        "Agg_Src": "NPS_PADUS4_0Fee_NPS_Tracts",
        "GIS_Src": "nps_fee_boundary.shp",
        "Src_Date": "2022/01/01",
        "GIS_Acres": 30272,
        "Source_PAID": "BLCA",
        "WDPA_Cd": 366044,
        "Pub_Access": "OA",
        "Access_Src": "GAP - Default",
        "Access_Dt": "2024",
        "GAP_Sts": "2",
        "GAPCdSrc": "GAP/NPS",
        "GAPCdDt": "2020",
        "IUCN_Cat": "II",
        "IUCNCtSrc": "GAP - Default",
        "IUCNCtDt": "2024",
        "Date_Est": "1999",
        "Comments": "Black Canyon of the Gunnison National Park",
        "Term": null,
        "Duration": null,
        "d_FeatClass": "Fee",
        "d_Category": "Fee",
        "d_Own_Type": "Federal",
        "d_Own_Name": "National Park Service",
        "d_Mang_Type": "Federal",
        "d_Mang_Name": "National Park Service",
        "d_Des_Tp": "National Park",
        "d_State_Nm": "Colorado",
        "d_Pub_Access": "Open Access",
        "d_GAP_Sts": "2 - managed for biodiversity - disturbance events suppressed",
        "d_IUCN_Cat": "II: National park",
        "Shape_Length": 97860.17612380206,
        "Shape_Area": 122505561.97433041,
        "nationalParkName": "Black Canyon of the Gunnison National Park",
        "source": "USGS PAD-US"
      },
      "geometry": {
        "type": "MultiPolygon",
        "coordinates": [
          [
            [
              [
                -107.6322547884,
                38.510238115
              ],
              [
                -107.6322629033,
                38.5066173009
              ],
              [
                -107.6322629041,
                38.5066172622
              ],
              [
                -107.6322710465,
                38.5029962963
              ],
              [
                -107.6323016282,
                38.502996284
              ],
              [
                -107.6327926868,
                38.5029960938
              ],
              [
                -107.6368869932,
                38.5029944289
              ],
              [
                -107.6414814658,
                38.5029961207
              ],
              [
                -107.6440728002,
                38.5029970952
              ],
              [
                -107.6460758969,
                38.5029978107
              ],
              [
                -107.6460759365,
                38.5029978105
              ],
              [
                -107.64607813,
                38.5066195392
              ],
              [
                -107.6460660408,
                38.5066195335
              ],
              [
                -107.6414791301,
                38.5066172114
              ],
              [
                -107.6414790946,
                38.506672917
              ],
              [
                -107.6414772065,
                38.5095963913
              ],
              [
                -107.6414767925,
                38.5102382186
              ],
              [
                -107.6431966098,
                38.5102393787
              ],
              [
                -107.6460803203,
                38.5102412683
              ],
              [
                -107.6487442475,
                38.5102429419
              ],
              [
                -107.6506838786,
                38.5102441236
              ],
              [
                -107.6506905975,
                38.5138662093
              ],
              [
                -107.650695721,
                38.5166177095
              ],
              [
                -107.6506973353,
                38.5174881899
              ],
              [
                -107.6506972946,
                38.5174881911
              ],
              [
                -107.6460847214,
                38.5174840049
              ],
              [
                -107.6414722,
                38.5174797922
              ],
              [
                -107.6414721593,
                38.5174797925
              ],
              [
                -107.6369180787,
                38.5174756588
              ],
              [
                -107.6368595321,
                38.5174756035
              ],
              [
                -107.6368663106,
                38.5139009933
              ],
              [
                -107.6368663968,
                38.5138553193
              ],
              [
                -107.6327965079,
                38.5138579514
              ],
              [
                -107.6323032192,
                38.5138582626
              ],
              [
                -107.6322466443,
                38.5138582989
              ],
              [
                -107.6322547884,
                38.510238115
              ]
            ]
          ],
          [
            [
              [
                -107.6873223159,
                38.534526859
              ],
              [
                -107.6865590327,
                38.5322290667
              ],
              [
                -107.6865275569,
                38.532140367
              ],
              [
                -107.6864923249,
                38.532052539
              ],
              [
                -107.686459373,
                38.5319790472
              ],
              [
                -107.6864533792,
                38.5319656805
              ],
              [
                -107.6864504802,
                38.5319596108
              ],
              [
                -107.6864032758,
                38.5318607726
              ],
              [
                -107.6863480869,
                38.5317584508
              ],
              [
                -107.6862879462,
                38.5316589593
              ],
              [
                -107.6862229939,
                38.5315625383
              ],
              [
                -107.6861533877,
                38.5314694218
              ],
              [
                -107.68555349,
                38.5307000702
              ],
              [
                -107.6854454214,
                38.5305565014
              ],
              [
                -107.6853428123,
                38.5304089795
              ],
              [
                -107.6852458049,
                38.5302577151
              ],
              [
                -107.685154538,
                38.5301029195
              ],
              [
                -107.68506914,
                38.5299448106
              ],
              [
                -107.684288626,
                38.5284262632
              ],
              [
                -107.6842604524,
                38.5283664253
              ],
              [
                -107.6842378145,
                38.5283042839
              ],
              [
                -107.6842208943,
                38.5282403487
              ],
              [
                -107.6842098318,
                38.5281751438
              ],
              [
                -107.6842047188,
                38.5281092043
              ],
              [
                -107.6842055957,
                38.5280430739
              ],
              [
                -107.6842124571,
                38.5279772934
              ],
              [
                -107.6842252442,
                38.5279124059
              ],
              [
                -107.6842438549,
                38.527848939
              ],
              [
                -107.6843720153,
                38.5274735847
              ],
              [
                -107.6843934229,
                38.527402569
              ],
              [
                -107.6844091811,
                38.5273300919
              ],
              [
                -107.6844191959,
                38.5272565993
              ],
              [
                -107.6844234049,
                38.5271825474
              ],
              [
                -107.684421779,
                38.5271083939
              ],
              [
                -107.6844143322,
                38.5270345969
              ],
              [
                -107.6844011098,
                38.5269616131
              ],
              [
                -107.6843821903,
                38.5268898964
              ],
              [
                -107.6843576945,
                38.5268198864
              ],
              [
                -107.6842852012,
                38.5266334616
              ],
              [
                -107.6844523492,
                38.5265933539
              ],
              [
                -107.6841631376,
                38.5258495955
              ],
              [
                -107.6841245384,
                38.5257590244
              ],
              [
                -107.6840806391,
                38.5256708988
              ],
              [
                -107.6840315954,
                38.5255855283
              ],
              [
                -107.6839775797,
                38.5255032157
              ],
              [
                -107.6839724351,
                38.5255054243
              ],
              [
                -107.6838242212,
                38.5255690614
              ],
              [
                -107.6838179812,
                38.5255611298
              ],
              [
                -107.6837489474,
                38.5254733889
              ],
              [
                -107.6836683723,
                38.5253821333
              ],
              [
                -107.6835827589,
                38.5252955878
              ],
              [
                -107.6834923797,
                38.5252140339
              ],
              [
                -107.6833975236,
                38.5251377299
              ],
              [
                -107.6832984985,
                38.5250669226
              ],
              [
                -107.6831956206,
                38.5250018388
              ],
              [
                -107.6831875393,
                38.5249973457
              ],
              [
                -107.6830892213,
                38.524942688
              ],
              [
                -107.6829796422,
                38.5248896596
              ],
              [
                -107.682867234,
                38.5248429244
              ],
              [
                -107.6827523578,
                38.5248026321
              ],
              [
                -107.6826353855,
                38.524768912
              ],
              [
                -107.6825166908,
                38.5247418749
              ],
              [
                -107.6824661749,
                38.5247333444
              ],
              [
                -107.6823966532,
                38.5247216043
              ],
              [
                -107.6823930775,
                38.5247209657
              ],
              [
                -107.6824182497,
                38.5247209678
              ],
              [
                -107.6829023988,
                38.5247210006
              ],
              [
                -107.6875048001,
                38.5247211005
              ],
              [
                -107.6920967167,
                38.5247211997
              ],
              [
                -107.692107299,
                38.5247212001
              ],
              [
                -107.6921072943,
                38.5247281207
              ],
              [
                -107.6921072922,
                38.5247313428
              ],
              [
                -107.6921043996,
                38.5283438011
              ],
              [
                -107.6921583607,
                38.5283437617
              ],
              [
                -107.6921584178,
                38.5283437617
              ],
              [
                -107.6967170999,
                38.5283404007
              ],
              [
                -107.6967170917,
                38.5283503854
              ],
              [
                -107.6967170922,
                38.5283504393
              ],
              [
                -107.6967142988,
                38.5319625001
              ],
              [
                -107.6921483014,
                38.531966362
              ],
              [
                -107.6921014996,
                38.5319664005
              ],
              [
                -107.6921015072,
                38.5319712101
              ],
              [
                -107.6921015163,
                38.5319772206
              ],
              [
                -107.6921075135,
                38.5355887038
              ],
              [
                -107.6921100116,
                38.5370809004
              ],
              [
                -107.6921121429,
                38.5383465372
              ],
              [
                -107.6921122512,
                38.538410772
              ],
              [
                -107.6921122256,
                38.5384107142
              ],
              [
                -107.6918041125,
                38.5377231359
              ],
              [
                -107.691795884,
                38.537705714
              ],
              [
                -107.6917869114,
                38.5376885203
              ],
              [
                -107.6917772058,
                38.5376715726
              ],
              [
                -107.6917667775,
                38.5376548915
              ],
              [
                -107.6917556388,
                38.5376384956
              ],
              [
                -107.6917438042,
                38.5376224024
              ],
              [
                -107.6917312826,
                38.5376066318
              ],
              [
                -107.6917180935,
                38.5375912016
              ],
              [
                -107.6917042498,
                38.5375761287
              ],
              [
                -107.6916897661,
                38.5375614305
              ],
              [
                -107.6916746602,
                38.5375471232
              ],
              [
                -107.6916589477,
                38.5375332243
              ],
              [
                -107.6916426496,
                38.5375197489
              ],
              [
                -107.6916257803,
                38.5375067126
              ],
              [
                -107.6916083641,
                38.5374941294
              ],
              [
                -107.6899252627,
                38.5363189691
              ],
              [
                -107.689829691,
                38.5362546007
              ],
              [
                -107.6897312491,
                38.5361929607
              ],
              [
                -107.6896300601,
                38.5361341326
              ],
              [
                -107.6879130876,
                38.5351927618
              ],
              [
                -107.6878723686,
                38.535169633
              ],
              [
                -107.6878326626,
                38.5351454431
              ],
              [
                -107.6877940124,
                38.5351202195
              ],
              [
                -107.6877564624,
                38.5350939905
              ],
              [
                -107.687720057,
                38.5350667858
              ],
              [
                -107.6876848363,
                38.5350386376
              ],
              [
                -107.6876508387,
                38.5350095747
              ],
              [
                -107.6876181051,
                38.5349796327
              ],
              [
                -107.6875866722,
                38.534948845
              ],
              [
                -107.6875565761,
                38.5349172468
              ],
              [
                -107.6875278485,
                38.5348848683
              ],
              [
                -107.6875005256,
                38.5348517537
              ],
              [
                -107.6874746371,
                38.5348179362
              ],
              [
                -107.6874502095,
                38.5347834555
              ],
              [
                -107.6874272741,
                38.5347483481
              ],
              [
                -107.6874058577,
                38.5347126574
              ],
              [
                -107.6873859817,
                38.5346764209
              ],
              [
                -107.6873676689,
                38.5346396805
              ],
              [
                -107.6873509427,
                38.5346024797
              ],
              [
                -107.6873358189,
                38.5345648584
              ],
              [
                -107.6873223159,
                38.534526859
              ]
            ]
          ],
          [
            [
              [
                -107.7086010998,
                38.598753402
              ],
              [
                -107.7037336986,
                38.5986920007
              ],
              [
                -107.7037522985,
                38.6023865999
              ],
              [
                -107.6991133983,
                38.6023832009
              ],
              [
                -107.6944987998,
                38.6023796004
              ],
              [
                -107.6945444989,
                38.606073201
              ],
              [
                -107.6899435002,
                38.6060809012
              ],
              [
                -107.6898706991,
                38.6097547011
              ],
              [
                -107.6866010822,
                38.6097526769
              ],
              [
                -107.685227895,
                38.6097517934
              ],
              [
                -107.6851132985,
                38.6134149009
              ],
              [
                -107.6850393992,
                38.6157751191
              ],
              [
                -107.6849986093,
                38.6170781064
              ],
              [
                -107.6849409587,
                38.6189206297
              ],
              [
                -107.6848839805,
                38.6207412803
              ],
              [
                -107.6835093376,
                38.6207393782
              ],
              [
                -107.6802789983,
                38.6207348005
              ],
              [
                -107.6756741068,
                38.620728403
              ],
              [
                -107.6737539319,
                38.6207257519
              ],
              [
                -107.6710691984,
                38.6207220009
              ],
              [
                -107.6696484188,
                38.6207200135
              ],
              [
                -107.6664641987,
                38.6207155005
              ],
              [
                -107.661795199,
                38.6206732002
              ],
              [
                -107.6571262997,
                38.6206309013
              ],
              [
                -107.6524577086,
                38.6205886093
              ],
              [
                -107.6524573038,
                38.6205886055
              ],
              [
                -107.6524640938,
                38.6169460119
              ],
              [
                -107.6524654017,
                38.6162378417
              ],
              [
                -107.6524708001,
                38.6133033161
              ],
              [
                -107.6524765635,
                38.6102155404
              ],
              [
                -107.6524775989,
                38.6096603999
              ],
              [
                -107.652484399,
                38.6060180368
              ],
              [
                -107.6524843984,
                38.6060175002
              ],
              [
                -107.6478071234,
                38.606002602
              ],
              [
                -107.6478063008,
                38.6060025999
              ],
              [
                -107.6478302997,
                38.6023442005
              ],
              [
                -107.6478542988,
                38.5986857006
              ],
              [
                -107.6478781996,
                38.5950272003
              ],
              [
                -107.6479007645,
                38.5915877512
              ],
              [
                -107.6479021995,
                38.5913687951
              ],
              [
                -107.6525656002,
                38.5913343999
              ],
              [
                -107.6572289991,
                38.5913001006
              ],
              [
                -107.6618925,
                38.5912658003
              ],
              [
                -107.6620268838,
                38.5912648139
              ],
              [
                -107.6665558998,
                38.5912315001
              ],
              [
                -107.6665558755,
                38.5912407471
              ],
              [
                -107.6665558751,
                38.5912407956
              ],
              [
                -107.6665466,
                38.5949391015
              ],
              [
                -107.6665372988,
                38.5986466999
              ],
              [
                -107.6665554295,
                38.5986467336
              ],
              [
                -107.6711789991,
                38.598655001
              ],
              [
                -107.6711562991,
                38.5949559005
              ],
              [
                -107.6711335998,
                38.5912567026
              ],
              [
                -107.6713742997,
                38.5876566006
              ],
              [
                -107.6716149995,
                38.5840564998
              ],
              [
                -107.6718542017,
                38.5804746455
              ],
              [
                -107.6718542087,
                38.5804745657
              ],
              [
                -107.6718548995,
                38.5804642001
              ],
              [
                -107.6671316871,
                38.5804427371
              ],
              [
                -107.6671316345,
                38.5804427367
              ],
              [
                -107.6671017985,
                38.5804426001
              ],
              [
                -107.667283269,
                38.5768568064
              ],
              [
                -107.6672832711,
                38.5768567612
              ],
              [
                -107.667283799,
                38.5768463006
              ],
              [
                -107.6624704985,
                38.5767848007
              ],
              [
                -107.6576573005,
                38.576723301
              ],
              [
                -107.6528440983,
                38.5766618
              ],
              [
                -107.6527744999,
                38.5803301003
              ],
              [
                -107.6479986844,
                38.5802924034
              ],
              [
                -107.6434576296,
                38.5802965808
              ],
              [
                -107.6434575628,
                38.580296579
              ],
              [
                -107.6434300148,
                38.5802966019
              ],
              [
                -107.6434776999,
                38.5766097
              ],
              [
                -107.6435064015,
                38.572977308
              ],
              [
                -107.6435064988,
                38.5729651995
              ],
              [
                -107.643535399,
                38.5693205996
              ],
              [
                -107.6480227996,
                38.5693174997
              ],
              [
                -107.6480390998,
                38.5656634998
              ],
              [
                -107.6480552989,
                38.5620096004
              ],
              [
                -107.6488397998,
                38.5584755997
              ],
              [
                -107.6496242,
                38.5549417009
              ],
              [
                -107.6504086999,
                38.5514078004
              ],
              [
                -107.6504960747,
                38.5510141726
              ],
              [
                -107.6511930993,
                38.5478739002
              ],
              [
                -107.6511812076,
                38.5478737713
              ],
              [
                -107.650584,
                38.5478673003
              ],
              [
                -107.6459662994,
                38.5478175002
              ],
              [
                -107.6413483998,
                38.5477676007
              ],
              [
                -107.6410807984,
                38.5477647009
              ],
              [
                -107.6406035994,
                38.5513267998
              ],
              [
                -107.6356942987,
                38.5512851009
              ],
              [
                -107.6308856972,
                38.5512440592
              ],
              [
                -107.6307851998,
                38.5512431997
              ],
              [
                -107.6307852194,
                38.5512431691
              ],
              [
                -107.6307855011,
                38.551237216
              ],
              [
                -107.6309511207,
                38.5476510177
              ],
              [
                -107.631431949,
                38.5476566423
              ],
              [
                -107.6321019991,
                38.5476645015
              ],
              [
                -107.6321102782,
                38.5464896472
              ],
              [
                -107.6321103875,
                38.5464725022
              ],
              [
                -107.6321368002,
                38.542839401
              ],
              [
                -107.6367523,
                38.5428476997
              ],
              [
                -107.6367558972,
                38.5422938308
              ],
              [
                -107.6367558976,
                38.5422937966
              ],
              [
                -107.6367756036,
                38.5392592131
              ],
              [
                -107.636775604,
                38.5392591717
              ],
              [
                -107.6367758999,
                38.5392136999
              ],
              [
                -107.636758885,
                38.5392136734
              ],
              [
                -107.6321631994,
                38.5392064007
              ],
              [
                -107.6276214474,
                38.5391990166
              ],
              [
                -107.6276214077,
                38.5391990168
              ],
              [
                -107.6275506003,
                38.5391989007
              ],
              [
                -107.6275511524,
                38.5391201734
              ],
              [
                -107.6275759987,
                38.5355751002
              ],
              [
                -107.627600984,
                38.5320104594
              ],
              [
                -107.6276013994,
                38.5319513004
              ],
              [
                -107.6275131492,
                38.5319514333
              ],
              [
                -107.6229807996,
                38.5319582007
              ],
              [
                -107.6184222785,
                38.5319650083
              ],
              [
                -107.6183601997,
                38.5319651014
              ],
              [
                -107.6183641909,
                38.5283462291
              ],
              [
                -107.6183641898,
                38.5283462004
              ],
              [
                -107.6183650999,
                38.5275308319
              ],
              [
                -107.6183681812,
                38.5247646495
              ],
              [
                -107.6183682249,
                38.5247273061
              ],
              [
                -107.6229889184,
                38.5247177121
              ],
              [
                -107.6276096243,
                38.5247079501
              ],
              [
                -107.6280604806,
                38.524708583
              ],
              [
                -107.6300750672,
                38.5247113917
              ],
              [
                -107.6300897049,
                38.5247114131
              ],
              [
                -107.63222749,
                38.524714357
              ],
              [
                -107.6368453151,
                38.5247205959
              ],
              [
                -107.6368453548,
                38.5247205957
              ],
              [
                -107.6414071249,
                38.5247153414
              ],
              [
                -107.6414549697,
                38.5247152857
              ],
              [
                -107.6414522993,
                38.5283384202
              ],
              [
                -107.6432805005,
                38.5283367582
              ],
              [
                -107.6434212147,
                38.5283366287
              ],
              [
                -107.6434505078,
                38.528336602
              ],
              [
                -107.6460644425,
                38.5283341642
              ],
              [
                -107.650680199,
                38.5283299868
              ],
              [
                -107.6518775237,
                38.5283288741
              ],
              [
                -107.6518782901,
                38.5283288732
              ],
              [
                -107.6552887311,
                38.5283256405
              ],
              [
                -107.6552942689,
                38.5262211519
              ],
              [
                -107.6552943421,
                38.5261932336
              ],
              [
                -107.6552981782,
                38.5247361932
              ],
              [
                -107.6553002145,
                38.5234781079
              ],
              [
                -107.6553002338,
                38.5234658385
              ],
              [
                -107.6553040425,
                38.5211142992
              ],
              [
                -107.6553099125,
                38.5175013849
              ],
              [
                -107.6553099294,
                38.517492404
              ],
              [
                -107.6599065997,
                38.5174906459
              ],
              [
                -107.6635792243,
                38.5174892767
              ],
              [
                -107.6644927026,
                38.5174889183
              ],
              [
                -107.6645032711,
                38.5174889142
              ],
              [
                -107.6690890284,
                38.5174823165
              ],
              [
                -107.6690995998,
                38.5174823009
              ],
              [
                -107.669099602,
                38.5174976482
              ],
              [
                -107.6690996028,
                38.5174976967
              ],
              [
                -107.6691004984,
                38.5210993141
              ],
              [
                -107.6691005001,
                38.5211053997
              ],
              [
                -107.6691536992,
                38.5211053147
              ],
              [
                -107.6736877297,
                38.5210979192
              ],
              [
                -107.673698299,
                38.5210979017
              ],
              [
                -107.67369831,
                38.5211152412
              ],
              [
                -107.6736983102,
                38.5211152861
              ],
              [
                -107.6737001124,
                38.5239526809
              ],
              [
                -107.6733150682,
                38.5247411745
              ],
              [
                -107.6732811801,
                38.5248158528
              ],
              [
                -107.673252854,
                38.5248928131
              ],
              [
                -107.6732302408,
                38.5249716418
              ],
              [
                -107.6732134626,
                38.5250519147
              ],
              [
                -107.6732026091,
                38.5251332007
              ],
              [
                -107.67319774,
                38.5252150646
              ],
              [
                -107.6731988802,
                38.5252970643
              ],
              [
                -107.6732060235,
                38.52537876
              ],
              [
                -107.673219131,
                38.5254597131
              ],
              [
                -107.6732308457,
                38.5255333348
              ],
              [
                -107.6732363165,
                38.5256076798
              ],
              [
                -107.6732355083,
                38.525682223
              ],
              [
                -107.6732284282,
                38.5257564333
              ],
              [
                -107.6732151221,
                38.5258297822
              ],
              [
                -107.67305115,
                38.5265612067
              ],
              [
                -107.6730419046,
                38.5266252473
              ],
              [
                -107.6730388703,
                38.526689882
              ],
              [
                -107.6730420756,
                38.5267545083
              ],
              [
                -107.6730514929,
                38.526818525
              ],
              [
                -107.6730670317,
                38.5268813373
              ],
              [
                -107.6730885458,
                38.5269423613
              ],
              [
                -107.673115839,
                38.527001028
              ],
              [
                -107.6731486565,
                38.5270567941
              ],
              [
                -107.6731866942,
                38.5271091395
              ],
              [
                -107.6732295933,
                38.5271575786
              ],
              [
                -107.6732769606,
                38.5272016608
              ],
              [
                -107.6733283543,
                38.5272409731
              ],
              [
                -107.673700987,
                38.5275285009
              ],
              [
                -107.6746475564,
                38.5282588662
              ],
              [
                -107.6746904797,
                38.5282919164
              ],
              [
                -107.6747287904,
                38.5283302202
              ],
              [
                -107.6747618502,
                38.5283731369
              ],
              [
                -107.6747891106,
                38.5284199522
              ],
              [
                -107.6748101158,
                38.5284698893
              ],
              [
                -107.6748245161,
                38.5285221134
              ],
              [
                -107.6748320725,
                38.5285757589
              ],
              [
                -107.674832659,
                38.5286299308
              ],
              [
                -107.674826266,
                38.5286837248
              ],
              [
                -107.6748130003,
                38.5287362498
              ],
              [
                -107.6747930822,
                38.5287866298
              ],
              [
                -107.674556968,
                38.5292680378
              ],
              [
                -107.6744754215,
                38.5292433594
              ],
              [
                -107.6743779521,
                38.5294420865
              ],
              [
                -107.6743305651,
                38.5295254339
              ],
              [
                -107.6742780006,
                38.5296056188
              ],
              [
                -107.6742204703,
                38.529682317
              ],
              [
                -107.6741582055,
                38.5297552243
              ],
              [
                -107.6740914535,
                38.5298240493
              ],
              [
                -107.6740204833,
                38.529888512
              ],
              [
                -107.6739455785,
                38.5299483581
              ],
              [
                -107.6738670379,
                38.5300033477
              ],
              [
                -107.6737851774,
                38.5300532604
              ],
              [
                -107.6737463986,
                38.5300736584
              ],
              [
                -107.673700324,
                38.530097895
              ],
              [
                -107.6737002875,
                38.5301789037
              ],
              [
                -107.6737001502,
                38.53049098
              ],
              [
                -107.6737001201,
                38.5305572114
              ],
              [
                -107.6737001161,
                38.5305673221
              ],
              [
                -107.6737442063,
                38.5305504839
              ],
              [
                -107.673746264,
                38.530549658
              ],
              [
                -107.6738242066,
                38.5305183747
              ],
              [
                -107.673933544,
                38.5304718812
              ],
              [
                -107.6740399444,
                38.5304190095
              ],
              [
                -107.674143035,
                38.5303599442
              ],
              [
                -107.6742424551,
                38.5302948895
              ],
              [
                -107.6743378588,
                38.5302240752
              ],
              [
                -107.6744289098,
                38.5301477464
              ],
              [
                -107.6745152918,
                38.5300661722
              ],
              [
                -107.6745967047,
                38.5299796356
              ],
              [
                -107.6746728589,
                38.5298884402
              ],
              [
                -107.6747434938,
                38.5297929047
              ],
              [
                -107.6748083607,
                38.529693362
              ],
              [
                -107.674867233,
                38.5295901599
              ],
              [
                -107.6749647022,
                38.5293914315
              ],
              [
                -107.6749529007,
                38.5293878599
              ],
              [
                -107.6748831542,
                38.5293667535
              ],
              [
                -107.6748843801,
                38.5293642538
              ],
              [
                -107.6751192664,
                38.528885344
              ],
              [
                -107.6751445102,
                38.52882399
              ],
              [
                -107.6751634105,
                38.5287603951
              ],
              [
                -107.6751757735,
                38.5286952135
              ],
              [
                -107.6751814721,
                38.5286291161
              ],
              [
                -107.6751804468,
                38.5285627801
              ],
              [
                -107.6751727106,
                38.5284968892
              ],
              [
                -107.675158339,
                38.5284321204
              ],
              [
                -107.6751374834,
                38.5283691398
              ],
              [
                -107.6751103583,
                38.5283085948
              ],
              [
                -107.6750772388,
                38.5282511101
              ],
              [
                -107.6750384688,
                38.5281972734
              ],
              [
                -107.6749944464,
                38.528147639
              ],
              [
                -107.6749456235,
                38.5281027196
              ],
              [
                -107.6748925022,
                38.5280629752
              ],
              [
                -107.6737009341,
                38.5271435683
              ],
              [
                -107.6735733015,
                38.5270450855
              ],
              [
                -107.6735298834,
                38.5270107525
              ],
              [
                -107.6734912304,
                38.5269711336
              ],
              [
                -107.6734579759,
                38.5269268841
              ],
              [
                -107.6734306725,
                38.5268787352
              ],
              [
                -107.6734097715,
                38.5268274809
              ],
              [
                -107.6733956178,
                38.5267739694
              ],
              [
                -107.673388444,
                38.5267190848
              ],
              [
                -107.6733883695,
                38.5266637325
              ],
              [
                -107.6733953964,
                38.5266088284
              ],
              [
                -107.6735593653,
                38.5258774043
              ],
              [
                -107.6735737042,
                38.5258014014
              ],
              [
                -107.673582672,
                38.525724579
              ],
              [
                -107.6735862247,
                38.525647317
              ],
              [
                -107.6735843461,
                38.5255699955
              ],
              [
                -107.673577046,
                38.5254929963
              ],
              [
                -107.6735643554,
                38.5254167006
              ],
              [
                -107.6735528449,
                38.5253434963
              ],
              [
                -107.6735474058,
                38.5252695914
              ],
              [
                -107.6735480722,
                38.5251954905
              ],
              [
                -107.6735548429,
                38.5251216962
              ],
              [
                -107.673567669,
                38.5250487111
              ],
              [
                -107.6735864653,
                38.5249770306
              ],
              [
                -107.6736111046,
                38.5249071423
              ],
              [
                -107.6736414155,
                38.5248395209
              ],
              [
                -107.6737005973,
                38.524718329
              ],
              [
                -107.6737005991,
                38.5247200009
              ],
              [
                -107.673751164,
                38.5247200083
              ],
              [
                -107.6783014994,
                38.5247206004
              ],
              [
                -107.680816604,
                38.5247208416
              ],
              [
                -107.6808909586,
                38.5247341289
              ],
              [
                -107.6823191234,
                38.5249893476
              ],
              [
                -107.6824262087,
                38.525006389
              ],
              [
                -107.6825320083,
                38.5250301464
              ],
              [
                -107.6826360978,
                38.5250605256
              ],
              [
                -107.6827380687,
                38.5250974025
              ],
              [
                -107.6828375108,
                38.525140634
              ],
              [
                -107.6829313996,
                38.5251886981
              ],
              [
                -107.682934032,
                38.5251900459
              ],
              [
                -107.6830272467,
                38.525245444
              ],
              [
                -107.6831167842,
                38.5253066056
              ],
              [
                -107.6832022886,
                38.5253732896
              ],
              [
                -107.6832834206,
                38.5254452288
              ],
              [
                -107.6833598594,
                38.5255221392
              ],
              [
                -107.6834312966,
                38.525603713
              ],
              [
                -107.6834974517,
                38.5256896273
              ],
              [
                -107.6835580611,
                38.5257795405
              ],
              [
                -107.683612882,
                38.5258730953
              ],
              [
                -107.683661699,
                38.5259699168
              ],
              [
                -107.6840233973,
                38.5269001014
              ],
              [
                -107.6840442758,
                38.5269607265
              ],
              [
                -107.6840597127,
                38.5270229601
              ],
              [
                -107.6840695912,
                38.5270863135
              ],
              [
                -107.6840738284,
                38.527150293
              ],
              [
                -107.6840723964,
                38.527214396
              ],
              [
                -107.6840653023,
                38.5272781221
              ],
              [
                -107.6840526036,
                38.5273409713
              ],
              [
                -107.6840344012,
                38.5274024522
              ],
              [
                -107.6839062382,
                38.5277778072
              ],
              [
                -107.6838841032,
                38.5278520383
              ],
              [
                -107.6838680937,
                38.5279278267
              ],
              [
                -107.6838583142,
                38.528004667
              ],
              [
                -107.6838548291,
                38.5280820506
              ],
              [
                -107.6838576637,
                38.5281594591
              ],
              [
                -107.6838667964,
                38.5282363795
              ],
              [
                -107.6838821685,
                38.5283122996
              ],
              [
                -107.6839036778,
                38.5283867139
              ],
              [
                -107.6839311798,
                38.5284591275
              ],
              [
                -107.6839644935,
                38.5285290604
              ],
              [
                -107.6847450022,
                38.5300476116
              ],
              [
                -107.6848349919,
                38.5302142226
              ],
              [
                -107.6849311648,
                38.5303773412
              ],
              [
                -107.6850333877,
                38.5305367402
              ],
              [
                -107.6851415159,
                38.5306921941
              ],
              [
                -107.6852553954,
                38.5308434848
              ],
              [
                -107.685855291,
                38.5316128369
              ],
              [
                -107.6859176873,
                38.5316966077
              ],
              [
                -107.6859756745,
                38.5317834862
              ],
              [
                -107.6860291013,
                38.5318732414
              ],
              [
                -107.6860778256,
                38.5319656351
              ],
              [
                -107.6829013004,
                38.5319652007
              ],
              [
                -107.6829013093,
                38.5319801126
              ],
              [
                -107.6829035069,
                38.5355884006
              ],
              [
                -107.6829370414,
                38.5355883963
              ],
              [
                -107.6875049994,
                38.5355877999
              ],
              [
                -107.6875046784,
                38.5352844706
              ],
              [
                -107.6875199134,
                38.5352958525
              ],
              [
                -107.6875662625,
                38.5353282169
              ],
              [
                -107.6876139697,
                38.5353593436
              ],
              [
                -107.6876629753,
                38.5353891951
              ],
              [
                -107.6877132325,
                38.5354177417
              ],
              [
                -107.6894286998,
                38.5363583644
              ],
              [
                -107.6895193278,
                38.536411103
              ],
              [
                -107.6896075071,
                38.5364663465
              ],
              [
                -107.6896931235,
                38.5365240221
              ],
              [
                -107.6913762118,
                38.5376991563
              ],
              [
                -107.6913849464,
                38.5377054675
              ],
              [
                -107.6913934061,
                38.5377120071
              ],
              [
                -107.6914015811,
                38.5377187652
              ],
              [
                -107.6914094612,
                38.5377257358
              ],
              [
                -107.6914170371,
                38.5377329124
              ],
              [
                -107.6914243,
                38.5377402843
              ],
              [
                -107.6914312442,
                38.5377478438
              ],
              [
                -107.6914378592,
                38.5377555839
              ],
              [
                -107.691444137,
                38.5377634919
              ],
              [
                -107.6914500734,
                38.5377715636
              ],
              [
                -107.6914556596,
                38.5377797865
              ],
              [
                -107.6914608896,
                38.537788153
              ],
              [
                -107.691465757,
                38.5377966529
              ],
              [
                -107.691470257,
                38.5378052767
              ],
              [
                -107.6914743844,
                38.5378140152
              ],
              [
                -107.6921003928,
                38.5392109855
              ],
              [
                -107.6921135845,
                38.5392110027
              ],
              [
                -107.6921136068,
                38.5392191676
              ],
              [
                -107.6921146221,
                38.5403338287
              ],
              [
                -107.6925337757,
                38.5405893634
              ],
              [
                -107.6925892655,
                38.540622002
              ],
              [
                -107.6926461618,
                38.5406531158
              ],
              [
                -107.6927043932,
                38.5406826659
              ],
              [
                -107.69276389,
                38.5407106194
              ],
              [
                -107.6928245837,
                38.5407369413
              ],
              [
                -107.6928863979,
                38.5407615995
              ],
              [
                -107.6929492626,
                38.5407845655
              ],
              [
                -107.6930131006,
                38.5408058153
              ],
              [
                -107.6930778369,
                38.5408253181
              ],
              [
                -107.6931433931,
                38.5408430519
              ],
              [
                -107.6932096914,
                38.5408589961
              ],
              [
                -107.6932766517,
                38.5408731324
              ],
              [
                -107.6933441932,
                38.5408854441
              ],
              [
                -107.6933586368,
                38.5408876675
              ],
              [
                -107.6933206004,
                38.5407483147
              ],
              [
                -107.6932995288,
                38.5406928631
              ],
              [
                -107.6932729812,
                38.5406398138
              ],
              [
                -107.6932412286,
                38.5405897074
              ],
              [
                -107.6932045919,
                38.5405430516
              ],
              [
                -107.6931634461,
                38.5405003215
              ],
              [
                -107.6931182075,
                38.5404619512
              ],
              [
                -107.6930693341,
                38.5404283301
              ],
              [
                -107.6930173254,
                38.5403997992
              ],
              [
                -107.6929627079,
                38.5403766508
              ],
              [
                -107.6929355552,
                38.5403653584
              ],
              [
                -107.6928724044,
                38.5403405283
              ],
              [
                -107.6928119984,
                38.540309614
              ],
              [
                -107.6927549223,
                38.540272916
              ],
              [
                -107.6927017285,
                38.540230786
              ],
              [
                -107.6926529301,
                38.5401836355
              ],
              [
                -107.6926090011,
                38.5401319174
              ],
              [
                -107.6925703634,
                38.5400761362
              ],
              [
                -107.6925373943,
                38.540016826
              ],
              [
                -107.6925104109,
                38.5399545651
              ],
              [
                -107.6924896763,
                38.5398899542
              ],
              [
                -107.6924753891,
                38.5398236189
              ],
              [
                -107.6924676872,
                38.5397562014
              ],
              [
                -107.6924668418,
                38.5393735913
              ],
              [
                -107.6924650156,
                38.5393188882
              ],
              [
                -107.6924598131,
                38.5392644015
              ],
              [
                -107.6924528044,
                38.5392201516
              ],
              [
                -107.6924512504,
                38.5392103401
              ],
              [
                -107.6967271988,
                38.5392019004
              ],
              [
                -107.7013299222,
                38.5391937185
              ],
              [
                -107.7013405002,
                38.5391936999
              ],
              [
                -107.7013336981,
                38.5355762011
              ],
              [
                -107.7013269992,
                38.5319587008
              ],
              [
                -107.7059395994,
                38.5319530998
              ],
              [
                -107.7116326012,
                38.5319466119
              ],
              [
                -107.7116430988,
                38.5319465999
              ],
              [
                -107.7116432923,
                38.5319603521
              ],
              [
                -107.7116432935,
                38.5319604176
              ],
              [
                -107.7116690986,
                38.5338018009
              ],
              [
                -107.7116880593,
                38.5351674155
              ],
              [
                -107.7116875106,
                38.5351674068
              ],
              [
                -107.711362219,
                38.5351620688
              ],
              [
                -107.710825127,
                38.5351681547
              ],
              [
                -107.7106954984,
                38.5351786967
              ],
              [
                -107.7105663451,
                38.5351939875
              ],
              [
                -107.7104378395,
                38.5352140043
              ],
              [
                -107.7103101539,
                38.5352387226
              ],
              [
                -107.7097990685,
                38.535376386
              ],
              [
                -107.7080752474,
                38.5358937578
              ],
              [
                -107.7078662879,
                38.535959103
              ],
              [
                -107.7076592422,
                38.5360302803
              ],
              [
                -107.7074542749,
                38.5361072327
              ],
              [
                -107.7072515433,
                38.5361899002
              ],
              [
                -107.7070512099,
                38.5362782197
              ],
              [
                -107.7068534299,
                38.5363721188
              ],
              [
                -107.7066583596,
                38.5364715252
              ],
              [
                -107.7064661521,
                38.5365763604
              ],
              [
                -107.7063494095,
                38.5366425918
              ],
              [
                -107.7061547707,
                38.5367492656
              ],
              [
                -107.7059573624,
                38.5368507195
              ],
              [
                -107.705757321,
                38.5369468874
              ],
              [
                -107.7055547935,
                38.5370376959
              ],
              [
                -107.7053499203,
                38.5371230821
              ],
              [
                -107.7051428469,
                38.5372029854
              ],
              [
                -107.7037906838,
                38.537706075
              ],
              [
                -107.7033109284,
                38.5378967731
              ],
              [
                -107.7031780997,
                38.5379577107
              ],
              [
                -107.7030479502,
                38.5380241758
              ],
              [
                -107.7029207088,
                38.5380960539
              ],
              [
                -107.7027966012,
                38.5381732166
              ],
              [
                -107.7026758482,
                38.5382555278
              ],
              [
                -107.7025586608,
                38.5383428414
              ],
              [
                -107.7024452464,
                38.5384350021
              ],
              [
                -107.7023358056,
                38.5385318503
              ],
              [
                -107.7022305323,
                38.5386332122
              ],
              [
                -107.7021296137,
                38.5387389099
              ],
              [
                -107.7020332251,
                38.5388487558
              ],
              [
                -107.7017652561,
                38.5392152247
              ],
              [
                -107.701748968,
                38.5392389156
              ],
              [
                -107.7014950891,
                38.5395861597
              ],
              [
                -107.7014844069,
                38.5395989825
              ],
              [
                -107.7013816765,
                38.5397078798
              ],
              [
                -107.7013409622,
                38.5397510391
              ],
              [
                -107.7013416678,
                38.5406052757
              ],
              [
                -107.7013416794,
                38.5406189686
              ],
              [
                -107.7013821633,
                38.5405897789
              ],
              [
                -107.7014015117,
                38.5405758288
              ],
              [
                -107.7014585003,
                38.5405289946
              ],
              [
                -107.7015124166,
                38.5404786543
              ],
              [
                -107.7016172951,
                38.5403738754
              ],
              [
                -107.701737305,
                38.5402533735
              ],
              [
                -107.7020583431,
                38.5399130607
              ],
              [
                -107.7020913157,
                38.5398734844
              ],
              [
                -107.7023598707,
                38.5395061608
              ],
              [
                -107.7023761516,
                38.5394824839
              ],
              [
                -107.7026304466,
                38.5391347116
              ],
              [
                -107.7027247591,
                38.5390292406
              ],
              [
                -107.702824249,
                38.5389286347
              ],
              [
                -107.70292866,
                38.538833151
              ],
              [
                -107.7030377325,
                38.5387430257
              ],
              [
                -107.703151192,
                38.5386584897
              ],
              [
                -107.7032687503,
                38.5385797532
              ],
              [
                -107.7033901117,
                38.5385070169
              ],
              [
                -107.7035149719,
                38.5384404643
              ],
              [
                -107.7036430155,
                38.5383802604
              ],
              [
                -107.7040982614,
                38.5381993015
              ],
              [
                -107.7054422034,
                38.5376992731
              ],
              [
                -107.7056681643,
                38.5376120816
              ],
              [
                -107.7058917244,
                38.5375189075
              ],
              [
                -107.7061127285,
                38.5374198161
              ],
              [
                -107.7063310128,
                38.5373148778
              ],
              [
                -107.7065464295,
                38.5372041687
              ],
              [
                -107.7067588228,
                38.5370877639
              ],
              [
                -107.7068755625,
                38.5370215343
              ],
              [
                -107.7070486697,
                38.5369271155
              ],
              [
                -107.7072243561,
                38.5368375872
              ],
              [
                -107.7074024834,
                38.5367530183
              ],
              [
                -107.7075829109,
                38.5366734761
              ],
              [
                -107.7077654967,
                38.5365990227
              ],
              [
                -107.7079500988,
                38.5365297175
              ],
              [
                -107.7081365707,
                38.536465614
              ],
              [
                -107.7083247665,
                38.5364067639
              ],
              [
                -107.7100373264,
                38.5358927708
              ],
              [
                -107.7105138322,
                38.5357644221
              ],
              [
                -107.7106284652,
                38.5357435786
              ],
              [
                -107.7107438939,
                38.5357277571
              ],
              [
                -107.7108599054,
                38.5357169835
              ],
              [
                -107.7113599593,
                38.535711318
              ],
              [
                -107.7116731261,
                38.5357164566
              ],
              [
                -107.7116852022,
                38.5357166492
              ],
              [
                -107.7116957025,
                38.5357168177
              ],
              [
                -107.7117203165,
                38.5374761244
              ],
              [
                -107.7117203988,
                38.5374821011
              ],
              [
                -107.711763958,
                38.5374824854
              ],
              [
                -107.711764014,
                38.5374824855
              ],
              [
                -107.7162976712,
                38.5375224077
              ],
              [
                -107.7163081818,
                38.5375225002
              ],
              [
                -107.7163081795,
                38.5375225364
              ],
              [
                -107.7163083304,
                38.5375363665
              ],
              [
                -107.7163242772,
                38.5392107072
              ],
              [
                -107.7163433993,
                38.5412186
              ],
              [
                -107.7163585115,
                38.5427943655
              ],
              [
                -107.7163612252,
                38.5430774806
              ],
              [
                -107.7163786432,
                38.5448933602
              ],
              [
                -107.7163786995,
                38.5448992675
              ],
              [
                -107.7163787003,
                38.5448993016
              ],
              [
                -107.7164153322,
                38.5448997543
              ],
              [
                -107.7209235434,
                38.5449554698
              ],
              [
                -107.7209340903,
                38.5449555999
              ],
              [
                -107.7209341743,
                38.5449720255
              ],
              [
                -107.7209527994,
                38.5485934039
              ],
              [
                -107.7164137,
                38.5485582005
              ],
              [
                -107.7164136812,
                38.548558258
              ],
              [
                -107.7164092057,
                38.5486332618
              ],
              [
                -107.7162975381,
                38.5505115655
              ],
              [
                -107.716199998,
                38.5521517004
              ],
              [
                -107.7159866564,
                38.5557391109
              ],
              [
                -107.7159863002,
                38.5557451025
              ],
              [
                -107.7159873675,
                38.5557451121
              ],
              [
                -107.7160196159,
                38.5557453545
              ],
              [
                -107.7200257001,
                38.5557756007
              ],
              [
                -107.7218446324,
                38.5557892302
              ],
              [
                -107.7245965001,
                38.5558098002
              ],
              [
                -107.7274479765,
                38.5558311556
              ],
              [
                -107.7291560048,
                38.5558439157
              ],
              [
                -107.729167258,
                38.5558439993
              ],
              [
                -107.7291672978,
                38.555844
              ],
              [
                -107.7313283858,
                38.5558571745
              ],
              [
                -107.7337513996,
                38.5558719002
              ],
              [
                -107.7383353993,
                38.5558998002
              ],
              [
                -107.7429137996,
                38.5559272999
              ],
              [
                -107.7474921002,
                38.5559548005
              ],
              [
                -107.7520675996,
                38.5559996018
              ],
              [
                -107.7520840417,
                38.5559997629
              ],
              [
                -107.7566432989,
                38.5560443011
              ],
              [
                -107.7614309992,
                38.5560909003
              ],
              [
                -107.7662185998,
                38.5561372006
              ],
              [
                -107.7662179457,
                38.556141995
              ],
              [
                -107.7662179412,
                38.5561420251
              ],
              [
                -107.765975754,
                38.5579192507
              ],
              [
                -107.7659678645,
                38.557977145
              ],
              [
                -107.7659669561,
                38.5579838122
              ],
              [
                -107.7659674261,
                38.5579837878
              ],
              [
                -107.7747231889,
                38.5575279231
              ],
              [
                -107.7748437082,
                38.5575216446
              ],
              [
                -107.7748450302,
                38.5575215754
              ],
              [
                -107.7748560529,
                38.557521
              ],
              [
                -107.7748689894,
                38.5573176382
              ],
              [
                -107.7748693652,
                38.5573117179
              ],
              [
                -107.7748759419,
                38.5572083256
              ],
              [
                -107.7749954312,
                38.5572393766
              ],
              [
                -107.7751137043,
                38.5572747671
              ],
              [
                -107.775230609,
                38.5573144495
              ],
              [
                -107.7754269224,
                38.5573852816
              ],
              [
                -107.7754655502,
                38.5573963578
              ],
              [
                -107.775505172,
                38.5574030628
              ],
              [
                -107.7755452953,
                38.5574053107
              ],
              [
                -107.7755851598,
                38.5574032157
              ],
              [
                -107.7756245473,
                38.5573967054
              ],
              [
                -107.7756629665,
                38.5573858609
              ],
              [
                -107.775699942,
                38.557370817
              ],
              [
                -107.7757279642,
                38.5573565348
              ],
              [
                -107.7757802992,
                38.5573264066
              ],
              [
                -107.7758303413,
                38.5572926037
              ],
              [
                -107.7758778288,
                38.5572552975
              ],
              [
                -107.7773086313,
                38.5560374329
              ],
              [
                -107.7773460409,
                38.5560081901
              ],
              [
                -107.7773802454,
                38.5559752549
              ],
              [
                -107.7774108784,
                38.5559389752
              ],
              [
                -107.7774376158,
                38.5558997355
              ],
              [
                -107.7774565194,
                38.5558651386
              ],
              [
                -107.7774717633,
                38.5558287808
              ],
              [
                -107.7774831856,
                38.5557910464
              ],
              [
                -107.7774906657,
                38.555752338
              ],
              [
                -107.7775089044,
                38.5556176754
              ],
              [
                -107.7783993284,
                38.5555766591
              ],
              [
                -107.7784103235,
                38.5555761526
              ],
              [
                -107.7795574998,
                38.5555233
              ],
              [
                -107.7818482123,
                38.5554177213
              ],
              [
                -107.7818540835,
                38.5554174509
              ],
              [
                -107.7841452995,
                38.5553118003
              ],
              [
                -107.7875157938,
                38.5551762275
              ],
              [
                -107.7887007903,
                38.5551285392
              ],
              [
                -107.7887116994,
                38.5551281002
              ],
              [
                -107.7885429993,
                38.5587247013
              ],
              [
                -107.7884585954,
                38.5605235625
              ],
              [
                -107.7883741992,
                38.5623222005
              ],
              [
                -107.7883906444,
                38.5623215744
              ],
              [
                -107.7906697518,
                38.5622347735
              ],
              [
                -107.7929652986,
                38.5621473011
              ],
              [
                -107.7975587982,
                38.5619723002
              ],
              [
                -107.7975582587,
                38.5619824443
              ],
              [
                -107.7974418809,
                38.5641701434
              ],
              [
                -107.7973670994,
                38.5655757998
              ],
              [
                -107.7971754999,
                38.5691767004
              ],
              [
                -107.7971843498,
                38.5691763949
              ],
              [
                -107.801865694,
                38.5690146385
              ],
              [
                -107.801864747,
                38.5690342218
              ],
              [
                -107.8016944994,
                38.5726262
              ],
              [
                -107.8015165343,
                38.5762371098
              ],
              [
                -107.8015165004,
                38.5762378008
              ],
              [
                -107.8015246616,
                38.5762373545
              ],
              [
                -107.8015361897,
                38.5762367231
              ],
              [
                -107.8063041992,
                38.5759757007
              ],
              [
                -107.811090878,
                38.5757136517
              ],
              [
                -107.8110917993,
                38.5757136009
              ],
              [
                -107.8110917897,
                38.5757145566
              ],
              [
                -107.8110916942,
                38.5757264331
              ],
              [
                -107.811091636,
                38.5757334876
              ],
              [
                -107.811062417,
                38.579302302
              ],
              [
                -107.8110624254,
                38.5793025988
              ],
              [
                -107.8110666087,
                38.5793023628
              ],
              [
                -107.8110797803,
                38.5793016156
              ],
              [
                -107.8158802992,
                38.5790291003
              ],
              [
                -107.8202240832,
                38.5787823125
              ],
              [
                -107.8202242997,
                38.5787823007
              ],
              [
                -107.8202243052,
                38.578783255
              ],
              [
                -107.8202243172,
                38.5787853568
              ],
              [
                -107.8202243572,
                38.5787925288
              ],
              [
                -107.8202311658,
                38.5800136299
              ],
              [
                -107.8202441559,
                38.5823432617
              ],
              [
                -107.8202442101,
                38.5823505645
              ],
              [
                -107.8202442122,
                38.5823510013
              ],
              [
                -107.8205944091,
                38.5823557257
              ],
              [
                -107.8222544084,
                38.5823781077
              ],
              [
                -107.8248458982,
                38.5824129995
              ],
              [
                -107.8285596982,
                38.5824628884
              ],
              [
                -107.8294475996,
                38.5824748003
              ],
              [
                -107.8294475992,
                38.5824757534
              ],
              [
                -107.8294476079,
                38.5825025096
              ],
              [
                -107.8294476097,
                38.5825084778
              ],
              [
                -107.8294486997,
                38.5861470003
              ],
              [
                -107.8294496994,
                38.5898191997
              ],
              [
                -107.8294442136,
                38.5906319012
              ],
              [
                -107.8294245999,
                38.5935376008
              ],
              [
                -107.829424598,
                38.5935378482
              ],
              [
                -107.8294168482,
                38.5946858372
              ],
              [
                -107.8294114218,
                38.5954897756
              ],
              [
                -107.8293994987,
                38.5972560004
              ],
              [
                -107.8293744996,
                38.6009653003
              ],
              [
                -107.8293494993,
                38.6046746014
              ],
              [
                -107.8291144991,
                38.6083395003
              ],
              [
                -107.8288793974,
                38.6120044004
              ],
              [
                -107.8286433986,
                38.6156793002
              ],
              [
                -107.8284073995,
                38.6193541996
              ],
              [
                -107.8283237998,
                38.6199977008
              ],
              [
                -107.8282467981,
                38.6205907013
              ],
              [
                -107.8279293991,
                38.6230346996
              ],
              [
                -107.8279171998,
                38.6231283003
              ],
              [
                -107.8276190642,
                38.6254241363
              ],
              [
                -107.8275635901,
                38.625851305
              ],
              [
                -107.8274514002,
                38.6267152017
              ],
              [
                -107.8269740196,
                38.6303937924
              ],
              [
                -107.8269740068,
                38.6303939007
              ],
              [
                -107.8265095094,
                38.633973601
              ],
              [
                -107.8264680739,
                38.6376231887
              ],
              [
                -107.8264502717,
                38.6391910329
              ],
              [
                -107.8264291886,
                38.6410450597
              ],
              [
                -107.8264282068,
                38.6411330155
              ],
              [
                -107.8264265997,
                38.641272802
              ],
              [
                -107.8216420992,
                38.6412098003
              ],
              [
                -107.8168575991,
                38.6411465
              ],
              [
                -107.8124770994,
                38.6411899032
              ],
              [
                -107.8077681315,
                38.6412363911
              ],
              [
                -107.807768624,
                38.6411852452
              ],
              [
                -107.8077686227,
                38.6411852156
              ],
              [
                -107.8078062894,
                38.6375764211
              ],
              [
                -107.8078063,
                38.6375755003
              ],
              [
                -107.8077817698,
                38.6375561052
              ],
              [
                -107.8067363019,
                38.6367293415
              ],
              [
                -107.8051114154,
                38.6354443052
              ],
              [
                -107.8051112854,
                38.6354442026
              ],
              [
                -107.8038981909,
                38.6344848094
              ],
              [
                -107.8032439985,
                38.6339674009
              ],
              [
                -107.8030689996,
                38.6338290003
              ],
              [
                -107.7993075046,
                38.6308542486
              ],
              [
                -107.7992875357,
                38.6308384566
              ],
              [
                -107.7987409992,
                38.6304062009
              ],
              [
                -107.7943190871,
                38.6301705996
              ],
              [
                -107.7940091029,
                38.6299989973
              ],
              [
                -107.7940090018,
                38.6299989432
              ],
              [
                -107.7939534208,
                38.6299681642
              ],
              [
                -107.7937383788,
                38.6298490722
              ],
              [
                -107.7937272224,
                38.6298428945
              ],
              [
                -107.7936076996,
                38.6297767003
              ],
              [
                -107.7933863642,
                38.6295025869
              ],
              [
                -107.7933623343,
                38.6294728274
              ],
              [
                -107.791850384,
                38.6276002949
              ],
              [
                -107.7907972317,
                38.6269547883
              ],
              [
                -107.7907970944,
                38.6269547053
              ],
              [
                -107.7897124996,
                38.6262899012
              ],
              [
                -107.7890877997,
                38.6259070001
              ],
              [
                -107.7883787995,
                38.6251512012
              ],
              [
                -107.7875758049,
                38.6234633411
              ],
              [
                -107.7875597995,
                38.6234297011
              ],
              [
                -107.7874872991,
                38.6232773015
              ],
              [
                -107.7874872259,
                38.6232772825
              ],
              [
                -107.7870527567,
                38.6231224031
              ],
              [
                -107.7854242994,
                38.6225419009
              ],
              [
                -107.7838898969,
                38.6219950005
              ],
              [
                -107.783044498,
                38.6208780001
              ],
              [
                -107.7827795905,
                38.6199482264
              ],
              [
                -107.7827787704,
                38.6199453489
              ],
              [
                -107.7827784999,
                38.6199444003
              ],
              [
                -107.7827579162,
                38.6199448242
              ],
              [
                -107.7809778999,
                38.6199814005
              ],
              [
                -107.7796758228,
                38.6200045265
              ],
              [
                -107.7761484987,
                38.6200671007
              ],
              [
                -107.7731114161,
                38.6201210807
              ],
              [
                -107.7713244468,
                38.6201528078
              ],
              [
                -107.7713191983,
                38.6201529006
              ],
              [
                -107.7664820994,
                38.6202350005
              ],
              [
                -107.7664821125,
                38.6202346918
              ],
              [
                -107.7664830503,
                38.6202135876
              ],
              [
                -107.7665589426,
                38.6185035739
              ],
              [
                -107.7666409005,
                38.6166568008
              ],
              [
                -107.7667997986,
                38.6130783002
              ],
              [
                -107.7667990789,
                38.6130783143
              ],
              [
                -107.7667650457,
                38.6130789882
              ],
              [
                -107.7619429999,
                38.6131742005
              ],
              [
                -107.7570827995,
                38.6131990006
              ],
              [
                -107.7522227,
                38.6132235014
              ],
              [
                -107.7511581951,
                38.6132285386
              ],
              [
                -107.7509336992,
                38.6132296001
              ],
              [
                -107.7473724996,
                38.6132478
              ],
              [
                -107.7425222981,
                38.6132720005
              ],
              [
                -107.7376837985,
                38.6132819005
              ],
              [
                -107.7363461861,
                38.6132846309
              ],
              [
                -107.7328453983,
                38.6132917003
              ],
              [
                -107.7328454094,
                38.6132911095
              ],
              [
                -107.73284543,
                38.6132899046
              ],
              [
                -107.7329073995,
                38.6097058003
              ],
              [
                -107.7329434137,
                38.6076194738
              ],
              [
                -107.732969299,
                38.6061199018
              ],
              [
                -107.7329692997,
                38.6061195511
              ],
              [
                -107.7329705659,
                38.6030799701
              ],
              [
                -107.7329708004,
                38.6025292004
              ],
              [
                -107.7329722939,
                38.5989517525
              ],
              [
                -107.7329722942,
                38.5989516023
              ],
              [
                -107.7329722995,
                38.5989385005
              ],
              [
                -107.7280804993,
                38.5989373006
              ],
              [
                -107.7231886981,
                38.5989360013
              ],
              [
                -107.7183287,
                38.5988753008
              ],
              [
                -107.7134685986,
                38.5988145004
              ],
              [
                -107.7086010998,
                38.598753402
              ]
            ],
            [
              [
                -107.7133754672,
                38.5746350667
              ],
              [
                -107.713311495,
                38.5746350493
              ],
              [
                -107.7132478144,
                38.5746411398
              ],
              [
                -107.7131850048,
                38.5746532827
              ],
              [
                -107.7131236426,
                38.5746713664
              ],
              [
                -107.7130793781,
                38.5746891605
              ],
              [
                -107.7130642863,
                38.5746952272
              ],
              [
                -107.7136226437,
                38.5746953816
              ],
              [
                -107.7136075551,
                38.5746893062
              ],
              [
                -107.7135633005,
                38.574671488
              ],
              [
                -107.7135019492,
                38.5746533705
              ],
              [
                -107.713439146,
                38.5746411927
              ],
              [
                -107.7133754672,
                38.5746350667
              ]
            ]
          ]
        ]
      }
    },
    {
      "type": "Feature",
      "properties": {
        "FeatClass": "Fee",
        "Category": "Fee",
        "Own_Type": "FED",
        "Own_Name": "NPS",
        "Loc_Own": "NPS",
        "Mang_Type": "FED",
        "Mang_Name": "NPS",
        "Loc_Mang": "NPS",
        "Des_Tp": "NP",
        "Loc_Ds": "National Park",
        "Unit_Nm": "Great Sand Dunes National Park",
        "Loc_Nm": "GRSA",
        "State_Nm": "CO",
        "Agg_Src": "NPS_PADUS4_0Fee_NPS_Tracts",
        "GIS_Src": "nps_fee_boundary.shp",
        "Src_Date": "2022/01/01",
        "GIS_Acres": 104902,
        "Source_PAID": "GRSA",
        "WDPA_Cd": 369219,
        "Pub_Access": "OA",
        "Access_Src": "GAP - Default",
        "Access_Dt": "2024",
        "GAP_Sts": "2",
        "GAPCdSrc": "GAP - Default",
        "GAPCdDt": "2024",
        "IUCN_Cat": "II",
        "IUCNCtSrc": "GAP - Default",
        "IUCNCtDt": "2024",
        "Date_Est": "",
        "Comments": "Great Sand Dunes National Park",
        "Term": null,
        "Duration": null,
        "d_FeatClass": "Fee",
        "d_Category": "Fee",
        "d_Own_Type": "Federal",
        "d_Own_Name": "National Park Service",
        "d_Mang_Type": "Federal",
        "d_Mang_Name": "National Park Service",
        "d_Des_Tp": "National Park",
        "d_State_Nm": "Colorado",
        "d_Pub_Access": "Open Access",
        "d_GAP_Sts": "2 - managed for biodiversity - disturbance events suppressed",
        "d_IUCN_Cat": "II: National park",
        "Shape_Length": 118419.24181601297,
        "Shape_Area": 424525224.10211617,
        "nationalParkName": "Great Sand Dunes National Park",
        "source": "USGS PAD-US"
      },
      "geometry": {
        "type": "MultiPolygon",
        "coordinates": [
          [
            [
              [
                -105.7274302166,
                37.7427673431
              ],
              [
                -105.7274238534,
                37.743422338
              ],
              [
                -105.7274238123,
                37.743428375
              ],
              [
                -105.7274238811,
                37.7434223385
              ],
              [
                -105.7274302166,
                37.7427673431
              ],
              [
                -105.7274263347,
                37.7434223073
              ],
              [
                -105.7274262992,
                37.7434283429
              ],
              [
                -105.727424966,
                37.7436532937
              ],
              [
                -105.7274245648,
                37.7437209557
              ],
              [
                -105.7274245279,
                37.7437271726
              ],
              [
                -105.7274244864,
                37.7437340976
              ],
              [
                -105.7274118362,
                37.7446651172
              ],
              [
                -105.7273747342,
                37.7473956934
              ],
              [
                -105.7273658522,
                37.748048923
              ],
              [
                -105.72735869,
                37.7485756259
              ],
              [
                -105.7273197455,
                37.7514396079
              ],
              [
                -105.7273156725,
                37.7514396593
              ],
              [
                -105.7268610868,
                37.7514453369
              ],
              [
                -105.7268610843,
                37.7514477543
              ],
              [
                -105.726861083,
                37.7514492989
              ],
              [
                -105.7268610772,
                37.751455403
              ],
              [
                -105.7268609964,
                37.7515463515
              ],
              [
                -105.7268599507,
                37.7527089403
              ],
              [
                -105.7268578274,
                37.7550690247
              ],
              [
                -105.7268545698,
                37.7586927076
              ],
              [
                -105.7268527671,
                37.760535851
              ],
              [
                -105.7268510264,
                37.7623163889
              ],
              [
                -105.7268505115,
                37.7628421429
              ],
              [
                -105.726849992,
                37.7633726912
              ],
              [
                -105.7268473087,
                37.7659400678
              ],
              [
                -105.7268358002,
                37.76956392
              ],
              [
                -105.7268336271,
                37.7702483516
              ],
              [
                -105.7268287341,
                37.77178899
              ],
              [
                -105.7268241375,
                37.7731877708
              ],
              [
                -105.7268186367,
                37.7748637694
              ],
              [
                -105.7268123307,
                37.7768115646
              ],
              [
                -105.726810705,
                37.77731348
              ],
              [
                -105.7268077779,
                37.7782176054
              ],
              [
                -105.7268052154,
                37.7789930953
              ],
              [
                -105.7268004739,
                37.7804353622
              ],
              [
                -105.7267948894,
                37.7810966865
              ],
              [
                -105.7267862003,
                37.7821344629
              ],
              [
                -105.7267700786,
                37.7840599895
              ],
              [
                -105.7267531255,
                37.7860847551
              ],
              [
                -105.7267428566,
                37.7873023103
              ],
              [
                -105.7267396272,
                37.7876846129
              ],
              [
                -105.7267093474,
                37.7913075001
              ],
              [
                -105.7267044313,
                37.7918954894
              ],
              [
                -105.7266861759,
                37.7940679311
              ],
              [
                -105.7266788979,
                37.7949303879
              ],
              [
                -105.7266789793,
                37.7949342794
              ],
              [
                -105.7266791094,
                37.7949405394
              ],
              [
                -105.7267067897,
                37.7962692402
              ],
              [
                -105.7267358095,
                37.7976624427
              ],
              [
                -105.7267543638,
                37.7985547163
              ],
              [
                -105.7267870539,
                37.8001263749
              ],
              [
                -105.7268297748,
                37.8021790424
              ],
              [
                -105.7268708123,
                37.8041166526
              ],
              [
                -105.726871751,
                37.8041610434
              ],
              [
                -105.7268937531,
                37.8051996831
              ],
              [
                -105.7269074701,
                37.8058472307
              ],
              [
                -105.7269118559,
                37.806054267
              ],
              [
                -105.7269586646,
                37.8104041552
              ],
              [
                -105.7269896918,
                37.813301079
              ],
              [
                -105.7270684159,
                37.8205477771
              ],
              [
                -105.7271045126,
                37.8239121092
              ],
              [
                -105.7271462377,
                37.8277945781
              ],
              [
                -105.7271883374,
                37.8317114659
              ],
              [
                -105.7272240623,
                37.8350413703
              ],
              [
                -105.7273028151,
                37.8422880431
              ],
              [
                -105.7273476859,
                37.8464585531
              ],
              [
                -105.7273806691,
                37.8495348144
              ],
              [
                -105.7274594342,
                37.8567814661
              ],
              [
                -105.7275382104,
                37.8640281107
              ],
              [
                -105.7275875516,
                37.8686062253
              ],
              [
                -105.7276161344,
                37.8712748484
              ],
              [
                -105.7276949199,
                37.8785214755
              ],
              [
                -105.7277635272,
                37.8848496141
              ],
              [
                -105.7277733114,
                37.8857681379
              ],
              [
                -105.7277765634,
                37.8860743105
              ],
              [
                -105.727851967,
                37.8930147599
              ],
              [
                -105.7278569172,
                37.8934803595
              ],
              [
                -105.7279305548,
                37.9002613798
              ],
              [
                -105.7280093738,
                37.907507972
              ],
              [
                -105.7280882002,
                37.9147545554
              ],
              [
                -105.7281102221,
                37.9168077259
              ],
              [
                -105.7281192519,
                37.9176496117
              ],
              [
                -105.7234395528,
                37.9166249521
              ],
              [
                -105.7188458812,
                37.9156191174
              ],
              [
                -105.7162096172,
                37.915041873
              ],
              [
                -105.7148297688,
                37.9147397386
              ],
              [
                -105.7141640962,
                37.9145939801
              ],
              [
                -105.7092597618,
                37.913520092
              ],
              [
                -105.7004344033,
                37.9115875565
              ],
              [
                -105.6968901922,
                37.9108114608
              ],
              [
                -105.6954465066,
                37.9104953296
              ],
              [
                -105.6908025226,
                37.9094783949
              ],
              [
                -105.6870590436,
                37.9098058585
              ],
              [
                -105.68324724,
                37.9101384115
              ],
              [
                -105.6810083301,
                37.9103337414
              ],
              [
                -105.6795717903,
                37.9104590673
              ],
              [
                -105.6751962461,
                37.9108407995
              ],
              [
                -105.6722601886,
                37.9110969457
              ],
              [
                -105.6722595005,
                37.9110970056
              ],
              [
                -105.6691003559,
                37.9177676589
              ],
              [
                -105.6690645382,
                37.917843282
              ],
              [
                -105.6661760791,
                37.9180844755
              ],
              [
                -105.6624917831,
                37.9208094022
              ],
              [
                -105.6624899206,
                37.9208107794
              ],
              [
                -105.6624859391,
                37.9208071399
              ],
              [
                -105.662433007,
                37.9207587635
              ],
              [
                -105.6623269967,
                37.9206665117
              ],
              [
                -105.6622164649,
                37.9205797285
              ],
              [
                -105.6622366495,
                37.9205317324
              ],
              [
                -105.6622511788,
                37.9204817325
              ],
              [
                -105.6622598618,
                37.9204303933
              ],
              [
                -105.6622625794,
                37.9203783987
              ],
              [
                -105.6622592991,
                37.9203264329
              ],
              [
                -105.6622500623,
                37.9202751895
              ],
              [
                -105.6622349933,
                37.9202253509
              ],
              [
                -105.6622142895,
                37.9201775759
              ],
              [
                -105.6621882292,
                37.920132499
              ],
              [
                -105.6621571559,
                37.9200907216
              ],
              [
                -105.6613460767,
                37.9190623415
              ],
              [
                -105.6613403943,
                37.9190551374
              ],
              [
                -105.6602403626,
                37.9193276815
              ],
              [
                -105.6599385324,
                37.9193258752
              ],
              [
                -105.6594453465,
                37.9193693552
              ],
              [
                -105.6585286907,
                37.9195419105
              ],
              [
                -105.6585758456,
                37.9201930735
              ],
              [
                -105.6584540729,
                37.9202368859
              ],
              [
                -105.6583344993,
                37.9202863883
              ],
              [
                -105.6582173929,
                37.920341469
              ],
              [
                -105.6581030102,
                37.9204020081
              ],
              [
                -105.6579916096,
                37.9204678702
              ],
              [
                -105.6578834334,
                37.9205389071
              ],
              [
                -105.6577787258,
                37.920614965
              ],
              [
                -105.6576777204,
                37.9206958701
              ],
              [
                -105.6575806375,
                37.9207814454
              ],
              [
                -105.6566476878,
                37.9207709103
              ],
              [
                -105.6563312688,
                37.9213196673
              ],
              [
                -105.6561008087,
                37.9216637419
              ],
              [
                -105.6558202047,
                37.9218923219
              ],
              [
                -105.6534781801,
                37.9231461397
              ],
              [
                -105.6531311657,
                37.9234946259
              ],
              [
                -105.6529744207,
                37.9237981187
              ],
              [
                -105.6526746764,
                37.9238566622
              ],
              [
                -105.6512078306,
                37.9243463106
              ],
              [
                -105.6506863669,
                37.9252590687
              ],
              [
                -105.6510184611,
                37.9260392127
              ],
              [
                -105.6510378895,
                37.9260848515
              ],
              [
                -105.6503858546,
                37.926024791
              ],
              [
                -105.6492984735,
                37.925924628
              ],
              [
                -105.6492698514,
                37.9259219914
              ],
              [
                -105.6492680763,
                37.9259218278
              ],
              [
                -105.6491765492,
                37.9259014677
              ],
              [
                -105.6429618301,
                37.9245188236
              ],
              [
                -105.6429505597,
                37.9245163161
              ],
              [
                -105.6429436367,
                37.9245147759
              ],
              [
                -105.6410816263,
                37.9217944302
              ],
              [
                -105.6392343266,
                37.9190953509
              ],
              [
                -105.639228175,
                37.9190863624
              ],
              [
                -105.6411692417,
                37.9184768039
              ],
              [
                -105.6455508689,
                37.9171006561
              ],
              [
                -105.6477703823,
                37.9164036278
              ],
              [
                -105.6503916672,
                37.9155803993
              ],
              [
                -105.6508190518,
                37.9130482555
              ],
              [
                -105.6503024977,
                37.9110514605
              ],
              [
                -105.65005876,
                37.9101092573
              ],
              [
                -105.6497115758,
                37.908767128
              ],
              [
                -105.6492698888,
                37.9070596494
              ],
              [
                -105.6490462444,
                37.906221116
              ],
              [
                -105.6490391681,
                37.9061945838
              ],
              [
                -105.6488285667,
                37.9054049541
              ],
              [
                -105.6488278315,
                37.905402198
              ],
              [
                -105.6477855282,
                37.9043488813
              ],
              [
                -105.6477781313,
                37.9043414061
              ],
              [
                -105.6477839487,
                37.9043210924
              ],
              [
                -105.647923848,
                37.90383253
              ],
              [
                -105.6477112263,
                37.903042116
              ],
              [
                -105.6477026717,
                37.9030103144
              ],
              [
                -105.6469704637,
                37.9014515371
              ],
              [
                -105.6466858975,
                37.8997981528
              ],
              [
                -105.6469397279,
                37.8992067587
              ],
              [
                -105.6470495948,
                37.8989507787
              ],
              [
                -105.6471301635,
                37.898741744
              ],
              [
                -105.6473134073,
                37.8982663145
              ],
              [
                -105.6482057161,
                37.8983089301
              ],
              [
                -105.6503278933,
                37.8973554684
              ],
              [
                -105.6517264885,
                37.895989205
              ],
              [
                -105.6536255036,
                37.8946924202
              ],
              [
                -105.6537476983,
                37.8946089742
              ],
              [
                -105.6542813017,
                37.8936325658
              ],
              [
                -105.6543791778,
                37.8934534642
              ],
              [
                -105.6534278974,
                37.8919748991
              ],
              [
                -105.6534227289,
                37.8919668657
              ],
              [
                -105.653396945,
                37.8919389458
              ],
              [
                -105.6510706919,
                37.8894198893
              ],
              [
                -105.6489892503,
                37.8868187036
              ],
              [
                -105.6489657379,
                37.886789318
              ],
              [
                -105.6489647996,
                37.8867881457
              ],
              [
                -105.6480024409,
                37.8862665393
              ],
              [
                -105.647185052,
                37.885823503
              ],
              [
                -105.6471759526,
                37.8858185707
              ],
              [
                -105.6462145502,
                37.8846293463
              ],
              [
                -105.6462127587,
                37.8846271303
              ],
              [
                -105.6423649271,
                37.882811365
              ],
              [
                -105.6409134096,
                37.8821264318
              ],
              [
                -105.6386330573,
                37.8810503561
              ],
              [
                -105.635373231,
                37.8808590101
              ],
              [
                -105.6317809571,
                37.8799015839
              ],
              [
                -105.63072046,
                37.8797772017
              ],
              [
                -105.6288115882,
                37.8799857693
              ],
              [
                -105.6276562775,
                37.8798932857
              ],
              [
                -105.6249438328,
                37.8799958624
              ],
              [
                -105.622436238,
                37.8795125113
              ],
              [
                -105.6216221661,
                37.8795572496
              ],
              [
                -105.6208421741,
                37.8792711382
              ],
              [
                -105.6201414649,
                37.8792771132
              ],
              [
                -105.6201381909,
                37.8792771412
              ],
              [
                -105.6188051156,
                37.8780686816
              ],
              [
                -105.6179399795,
                37.8772844123
              ],
              [
                -105.6169543358,
                37.8764615728
              ],
              [
                -105.6169484493,
                37.8764566584
              ],
              [
                -105.6167453127,
                37.8758577821
              ],
              [
                -105.6167441904,
                37.8758544718
              ],
              [
                -105.6167436935,
                37.875853008
              ],
              [
                -105.6156672602,
                37.8753287472
              ],
              [
                -105.6156601873,
                37.875325303
              ],
              [
                -105.6156589565,
                37.8753247033
              ],
              [
                -105.6143318829,
                37.8737483032
              ],
              [
                -105.6140933576,
                37.8734649649
              ],
              [
                -105.6138038387,
                37.872138481
              ],
              [
                -105.6137444745,
                37.8720377132
              ],
              [
                -105.6128696136,
                37.8705526579
              ],
              [
                -105.6125816728,
                37.8701411305
              ],
              [
                -105.6125625277,
                37.8701137686
              ],
              [
                -105.6123225627,
                37.8694687743
              ],
              [
                -105.612322012,
                37.869467295
              ],
              [
                -105.6109863229,
                37.8682369356
              ],
              [
                -105.610984726,
                37.8682354653
              ],
              [
                -105.6108448828,
                37.8681586054
              ],
              [
                -105.6102296843,
                37.8678204765
              ],
              [
                -105.6089369748,
                37.8670598216
              ],
              [
                -105.6086367656,
                37.8668831692
              ],
              [
                -105.6077598882,
                37.8667467799
              ],
              [
                -105.6068870573,
                37.8664097836
              ],
              [
                -105.6068804799,
                37.8664072442
              ],
              [
                -105.6058358644,
                37.8653298927
              ],
              [
                -105.6041004125,
                37.8636911104
              ],
              [
                -105.6031042907,
                37.8630565179
              ],
              [
                -105.6030956814,
                37.8630510329
              ],
              [
                -105.6023197886,
                37.8627107466
              ],
              [
                -105.6019718291,
                37.862558146
              ],
              [
                -105.6007655851,
                37.8623603792
              ],
              [
                -105.6001180905,
                37.8620212401
              ],
              [
                -105.6001134778,
                37.8620188236
              ],
              [
                -105.5990139926,
                37.8612699058
              ],
              [
                -105.5990093117,
                37.8612667171
              ],
              [
                -105.598660613,
                37.860615392
              ],
              [
                -105.5986601905,
                37.860614602
              ],
              [
                -105.5976783644,
                37.8595846765
              ],
              [
                -105.5976722268,
                37.8595782387
              ],
              [
                -105.59735397,
                37.859084429
              ],
              [
                -105.5974893255,
                37.8578969225
              ],
              [
                -105.5973425504,
                37.8573325143
              ],
              [
                -105.5966640803,
                37.856308628
              ],
              [
                -105.5962157453,
                37.8556320405
              ],
              [
                -105.5954843545,
                37.8547668468
              ],
              [
                -105.5954815131,
                37.8547634853
              ],
              [
                -105.5954645954,
                37.8547492597
              ],
              [
                -105.5950310281,
                37.854384658
              ],
              [
                -105.5950268032,
                37.8543811051
              ],
              [
                -105.5936800923,
                37.8527779375
              ],
              [
                -105.5936091508,
                37.8526934835
              ],
              [
                -105.5936040107,
                37.8526873651
              ],
              [
                -105.5908756988,
                37.8526897207
              ],
              [
                -105.5863169685,
                37.8526958724
              ],
              [
                -105.5840376331,
                37.8526989951
              ],
              [
                -105.5819596383,
                37.8527018405
              ],
              [
                -105.5817582978,
                37.8527021139
              ],
              [
                -105.5803210403,
                37.8527054336
              ],
              [
                -105.579468735,
                37.8527074024
              ],
              [
                -105.577178034,
                37.8527126873
              ],
              [
                -105.5725977342,
                37.852723239
              ],
              [
                -105.5724446295,
                37.8527235934
              ],
              [
                -105.5680330186,
                37.8527398574
              ],
              [
                -105.5669332066,
                37.8527439102
              ],
              [
                -105.5674825298,
                37.8520143547
              ],
              [
                -105.5668233309,
                37.8516589118
              ],
              [
                -105.5659664543,
                37.8511925277
              ],
              [
                -105.5650173229,
                37.8524545768
              ],
              [
                -105.5634674391,
                37.8516109172
              ],
              [
                -105.5633808051,
                37.8515637582
              ],
              [
                -105.5633800844,
                37.8515661302
              ],
              [
                -105.5630180428,
                37.8527576012
              ],
              [
                -105.5611316444,
                37.852763175
              ],
              [
                -105.5611215761,
                37.8527632049
              ],
              [
                -105.561140897,
                37.8493199812
              ],
              [
                -105.5611419802,
                37.8491269508
              ],
              [
                -105.5633701846,
                37.849115097
              ],
              [
                -105.5634655679,
                37.8491145886
              ],
              [
                -105.5634627313,
                37.8454732862
              ],
              [
                -105.5634864834,
                37.8418310339
              ],
              [
                -105.5635085876,
                37.8384412308
              ],
              [
                -105.5635102342,
                37.8381887781
              ],
              [
                -105.5635219878,
                37.8345634401
              ],
              [
                -105.5635337443,
                37.8309381036
              ],
              [
                -105.5635136013,
                37.8273145957
              ],
              [
                -105.5634934905,
                37.8236971699
              ],
              [
                -105.5634934568,
                37.8236910844
              ],
              [
                -105.5589253197,
                37.8236784464
              ],
              [
                -105.5543571803,
                37.8236658037
              ],
              [
                -105.5527492031,
                37.8236613541
              ],
              [
                -105.5497890621,
                37.8236531679
              ],
              [
                -105.5452209253,
                37.8236405253
              ],
              [
                -105.5406326571,
                37.8236398522
              ],
              [
                -105.5360443833,
                37.8236391759
              ],
              [
                -105.534436215,
                37.8236436847
              ],
              [
                -105.53148026,
                37.8236520298
              ],
              [
                -105.5269160032,
                37.8236650482
              ],
              [
                -105.5223598023,
                37.823687502
              ],
              [
                -105.5178035971,
                37.8237099527
              ],
              [
                -105.5161954171,
                37.8237096355
              ],
              [
                -105.5159339462,
                37.8237095869
              ],
              [
                -105.5132200298,
                37.8237090489
              ],
              [
                -105.5116168808,
                37.8237087114
              ],
              [
                -105.5086364656,
                37.8237081289
              ],
              [
                -105.507038576,
                37.8237107388
              ],
              [
                -105.5040883255,
                37.8237156034
              ],
              [
                -105.5024600515,
                37.8237182673
              ],
              [
                -105.4995401724,
                37.8237230925
              ],
              [
                -105.4978917269,
                37.8237212399
              ],
              [
                -105.4978829826,
                37.8237212307
              ],
              [
                -105.4978817283,
                37.823721229
              ],
              [
                -105.4978816431,
                37.823689583
              ],
              [
                -105.4978710994,
                37.8197460948
              ],
              [
                -105.4978665897,
                37.8180499809
              ],
              [
                -105.4978630434,
                37.8167158206
              ],
              [
                -105.4978618994,
                37.8162855221
              ],
              [
                -105.497861576,
                37.8161052402
              ],
              [
                -105.497854202,
                37.8125010203
              ],
              [
                -105.4978468306,
                37.8088968039
              ],
              [
                -105.4978516306,
                37.8052567991
              ],
              [
                -105.4978555074,
                37.8023161547
              ],
              [
                -105.4978565397,
                37.8016167919
              ],
              [
                -105.4978678184,
                37.7980175351
              ],
              [
                -105.4978791008,
                37.7944182761
              ],
              [
                -105.4978764768,
                37.7907963834
              ],
              [
                -105.4978738534,
                37.7871744906
              ],
              [
                -105.4978645948,
                37.7835516951
              ],
              [
                -105.4978553313,
                37.7799288964
              ],
              [
                -105.4978582301,
                37.7763077783
              ],
              [
                -105.4978611346,
                37.7726866596
              ],
              [
                -105.4978640347,
                37.769065541
              ],
              [
                -105.4978669381,
                37.765444421
              ],
              [
                -105.497836435,
                37.7618353119
              ],
              [
                -105.4978292845,
                37.7609892822
              ],
              [
                -105.4978066979,
                37.7583168008
              ],
              [
                -105.4978066345,
                37.7582262045
              ],
              [
                -105.4978052408,
                37.7545916397
              ],
              [
                -105.4978038433,
                37.7509570777
              ],
              [
                -105.4978029127,
                37.7508628581
              ],
              [
                -105.4978061507,
                37.747337941
              ],
              [
                -105.4978094523,
                37.7437188161
              ],
              [
                -105.4978203977,
                37.7400988312
              ],
              [
                -105.497831632,
                37.7363846329
              ],
              [
                -105.4979043537,
                37.7363859261
              ],
              [
                -105.5021927508,
                37.7364620885
              ],
              [
                -105.5024101929,
                37.7364663054
              ],
              [
                -105.5065582108,
                37.73654673
              ],
              [
                -105.5067917399,
                37.7336138534
              ],
              [
                -105.5068468721,
                37.7329232373
              ],
              [
                -105.5071109711,
                37.729605105
              ],
              [
                -105.5071339008,
                37.7293198105
              ],
              [
                -105.5074238293,
                37.7256797099
              ],
              [
                -105.5076887452,
                37.7223532949
              ],
              [
                -105.5077137258,
                37.7220396056
              ],
              [
                -105.5082587276,
                37.7220499301
              ],
              [
                -105.5122813119,
                37.7221260442
              ],
              [
                -105.5167552724,
                37.7222107032
              ],
              [
                -105.5168489006,
                37.7222124729
              ],
              [
                -105.5170030702,
                37.7186235754
              ],
              [
                -105.5171572404,
                37.7150346789
              ],
              [
                -105.516670762,
                37.7114354182
              ],
              [
                -105.5161842808,
                37.7078361573
              ],
              [
                -105.5163921326,
                37.7047913341
              ],
              [
                -105.5164331313,
                37.7041907233
              ],
              [
                -105.5166819891,
                37.7005452823
              ],
              [
                -105.5168001687,
                37.6989809055
              ],
              [
                -105.5169430999,
                37.697089186
              ],
              [
                -105.5169512911,
                37.6969806734
              ],
              [
                -105.516954799,
                37.6969806148
              ],
              [
                -105.5169617724,
                37.6969804984
              ],
              [
                -105.5169918853,
                37.6969799931
              ],
              [
                -105.521516824,
                37.6969040365
              ],
              [
                -105.5260823336,
                37.6968272199
              ],
              [
                -105.5305334447,
                37.6968450892
              ],
              [
                -105.5308023819,
                37.6931248038
              ],
              [
                -105.5352323531,
                37.6931524146
              ],
              [
                -105.5352348149,
                37.6931524717
              ],
              [
                -105.5397416715,
                37.6932565911
              ],
              [
                -105.5426575714,
                37.693323974
              ],
              [
                -105.5442509895,
                37.6933607668
              ],
              [
                -105.5475878626,
                37.6934346873
              ],
              [
                -105.5480416524,
                37.6934447331
              ],
              [
                -105.5480830691,
                37.6934456501
              ],
              [
                -105.5484144044,
                37.6934529824
              ],
              [
                -105.5484295094,
                37.6934533166
              ],
              [
                -105.5484581036,
                37.6934539487
              ],
              [
                -105.5487583226,
                37.693460587
              ],
              [
                -105.5532656575,
                37.6935602136
              ],
              [
                -105.5532676905,
                37.6935289507
              ],
              [
                -105.5533105951,
                37.6928690382
              ],
              [
                -105.5535050025,
                37.68987872
              ],
              [
                -105.5536573732,
                37.6875350829
              ],
              [
                -105.553658597,
                37.6875162672
              ],
              [
                -105.5536862233,
                37.6870902682
              ],
              [
                -105.5536896767,
                37.6870370086
              ],
              [
                -105.5536910154,
                37.6870163598
              ],
              [
                -105.5537436725,
                37.686204354
              ],
              [
                -105.5537437202,
                37.6862036283
              ],
              [
                -105.5537441352,
                37.6861972249
              ],
              [
                -105.5543835714,
                37.6862177349
              ],
              [
                -105.5545113554,
                37.6860730944
              ],
              [
                -105.5575730294,
                37.6826073308
              ],
              [
                -105.5585057789,
                37.681551393
              ],
              [
                -105.5599818607,
                37.6798802889
              ],
              [
                -105.5605195928,
                37.67927149
              ],
              [
                -105.5605238663,
                37.6792666519
              ],
              [
                -105.5605253614,
                37.6792649595
              ],
              [
                -105.5607250004,
                37.679269526
              ],
              [
                -105.5607400951,
                37.6792698718
              ],
              [
                -105.5609251514,
                37.6792741093
              ],
              [
                -105.5609391798,
                37.6792744304
              ],
              [
                -105.5635436603,
                37.6793340664
              ],
              [
                -105.5636834427,
                37.6761785873
              ],
              [
                -105.563684265,
                37.6761600316
              ],
              [
                -105.5636950945,
                37.6761477774
              ],
              [
                -105.5640647694,
                37.6757294516
              ],
              [
                -105.5644245281,
                37.6753223436
              ],
              [
                -105.5645500474,
                37.6751858784
              ],
              [
                -105.5646797129,
                37.6750533501
              ],
              [
                -105.564813401,
                37.6749248804
              ],
              [
                -105.5649509864,
                37.674800593
              ],
              [
                -105.5650923384,
                37.6746806068
              ],
              [
                -105.5652373192,
                37.6745650312
              ],
              [
                -105.5653857941,
                37.67445398
              ],
              [
                -105.5655376227,
                37.6743475592
              ],
              [
                -105.5656926576,
                37.6742458666
              ],
              [
                -105.5684194359,
                37.672500267
              ],
              [
                -105.5689102821,
                37.6721860365
              ],
              [
                -105.5731398639,
                37.6694782913
              ],
              [
                -105.5744219902,
                37.6686574939
              ],
              [
                -105.5744232074,
                37.6686567146
              ],
              [
                -105.5744306459,
                37.6686519529
              ],
              [
                -105.5744344039,
                37.6686495466
              ],
              [
                -105.5776292515,
                37.666604217
              ],
              [
                -105.5778915601,
                37.66643628
              ],
              [
                -105.5784300009,
                37.6660915647
              ],
              [
                -105.5786298501,
                37.6661962474
              ],
              [
                -105.5787158824,
                37.6662358686
              ],
              [
                -105.578804645,
                37.6662689223
              ],
              [
                -105.5788956359,
                37.6662952285
              ],
              [
                -105.5789883433,
                37.6663146374
              ],
              [
                -105.5790822456,
                37.6663270384
              ],
              [
                -105.5791768137,
                37.6663323613
              ],
              [
                -105.5792715148,
                37.666330578
              ],
              [
                -105.5793658148,
                37.6663216957
              ],
              [
                -105.5794591835,
                37.6663057679
              ],
              [
                -105.5825238004,
                37.665674262
              ],
              [
                -105.5842690716,
                37.665314624
              ],
              [
                -105.5851225933,
                37.6651386762
              ],
              [
                -105.5871666084,
                37.6647172875
              ],
              [
                -105.5872144003,
                37.6647074327
              ],
              [
                -105.5919324763,
                37.6637345711
              ],
              [
                -105.5919438428,
                37.663732227
              ],
              [
                -105.5919489055,
                37.6637311833
              ],
              [
                -105.5922587265,
                37.6636667044
              ],
              [
                -105.5922859252,
                37.6636610438
              ],
              [
                -105.5922993689,
                37.663658246
              ],
              [
                -105.5923081757,
                37.6636564135
              ],
              [
                -105.595108553,
                37.6630735566
              ],
              [
                -105.5953399269,
                37.6630240544
              ],
              [
                -105.5955724487,
                37.6629802537
              ],
              [
                -105.595805978,
                37.66294218
              ],
              [
                -105.5960403707,
                37.6629098579
              ],
              [
                -105.5962737927,
                37.6628791672
              ],
              [
                -105.5965078843,
                37.6628540714
              ],
              [
                -105.5967425079,
                37.6628345929
              ],
              [
                -105.5969775322,
                37.6628207377
              ],
              [
                -105.5972128202,
                37.6628125139
              ],
              [
                -105.5974482371,
                37.6628099278
              ],
              [
                -105.6017825805,
                37.6628239517
              ],
              [
                -105.6051532799,
                37.6628348422
              ],
              [
                -105.6062750919,
                37.6628384634
              ],
              [
                -105.6067782385,
                37.6628400892
              ],
              [
                -105.6107676705,
                37.6628529685
              ],
              [
                -105.6142694008,
                37.6628642707
              ],
              [
                -105.615275318,
                37.6628675207
              ],
              [
                -105.6197823884,
                37.6628820723
              ],
              [
                -105.623385362,
                37.6628936521
              ],
              [
                -105.6242861654,
                37.6628965236
              ],
              [
                -105.6287896822,
                37.6629108733
              ],
              [
                -105.6325006713,
                37.6629226964
              ],
              [
                -105.6332876708,
                37.6629252216
              ],
              [
                -105.6377854326,
                37.6629396363
              ],
              [
                -105.6416165283,
                37.6629519838
              ],
              [
                -105.6423161994,
                37.6629542421
              ],
              [
                -105.6423404764,
                37.6629543205
              ],
              [
                -105.6468956816,
                37.6629689464
              ],
              [
                -105.6507327375,
                37.6629812671
              ],
              [
                -105.6514510206,
                37.6629835755
              ],
              [
                -105.6560064711,
                37.6629982409
              ],
              [
                -105.6598490015,
                37.663010541
              ],
              [
                -105.6605617041,
                37.6630128261
              ],
              [
                -105.6630579457,
                37.6630208297
              ],
              [
                -105.6651169909,
                37.6630273849
              ],
              [
                -105.6689653274,
                37.6630396391
              ],
              [
                -105.6696723229,
                37.6630418929
              ],
              [
                -105.6742277324,
                37.6630564229
              ],
              [
                -105.6780814361,
                37.6630687136
              ],
              [
                -105.678783541,
                37.6630709707
              ],
              [
                -105.6798316892,
                37.6630743371
              ],
              [
                -105.6833395867,
                37.6630853877
              ],
              [
                -105.6871971051,
                37.663097542
              ],
              [
                -105.6878958623,
                37.6630997688
              ],
              [
                -105.6911943893,
                37.6631102835
              ],
              [
                -105.6924523792,
                37.6631143317
              ],
              [
                -105.6963133994,
                37.6631271292
              ],
              [
                -105.6970086336,
                37.663129384
              ],
              [
                -105.697045036,
                37.6631295024
              ],
              [
                -105.6975462675,
                37.663131139
              ],
              [
                -105.6979981001,
                37.6631326123
              ],
              [
                -105.6982167075,
                37.6631333241
              ],
              [
                -105.7006480146,
                37.6631412189
              ],
              [
                -105.7015668352,
                37.6631441959
              ],
              [
                -105.702215925,
                37.6631463009
              ],
              [
                -105.7037382576,
                37.6631512322
              ],
              [
                -105.7054292321,
                37.6631567133
              ],
              [
                -105.7061252272,
                37.6631589855
              ],
              [
                -105.7110672055,
                37.6631751109
              ],
              [
                -105.7110670583,
                37.6631811555
              ],
              [
                -105.7109812249,
                37.6667048264
              ],
              [
                -105.7108922578,
                37.6703597218
              ],
              [
                -105.710801092,
                37.6740101418
              ],
              [
                -105.7107727136,
                37.675146585
              ],
              [
                -105.710710025,
                37.6776605552
              ],
              [
                -105.7106322572,
                37.6813773663
              ],
              [
                -105.7105549281,
                37.6850944799
              ],
              [
                -105.7104778982,
                37.6888107655
              ],
              [
                -105.7104008661,
                37.6925270464
              ],
              [
                -105.7104054626,
                37.6925269132
              ],
              [
                -105.7104083909,
                37.692526829
              ],
              [
                -105.7104110497,
                37.692526752
              ],
              [
                -105.7105740465,
                37.6925220396
              ],
              [
                -105.7148469633,
                37.692398921
              ],
              [
                -105.7192930585,
                37.6922708145
              ],
              [
                -105.7237403846,
                37.6921388844
              ],
              [
                -105.7237403201,
                37.6921427536
              ],
              [
                -105.7237402774,
                37.6921452685
              ],
              [
                -105.7237401246,
                37.6921543121
              ],
              [
                -105.7236793448,
                37.6957549331
              ],
              [
                -105.7236844504,
                37.6957547838
              ],
              [
                -105.728172745,
                37.6956236861
              ],
              [
                -105.7281726733,
                37.6956387283
              ],
              [
                -105.7281661162,
                37.6970169404
              ],
              [
                -105.728155544,
                37.6992399884
              ],
              [
                -105.7281431341,
                37.7028528192
              ],
              [
                -105.72814058,
                37.7035956913
              ],
              [
                -105.7281308547,
                37.7064656498
              ],
              [
                -105.7281304926,
                37.7064656618
              ],
              [
                -105.7281193215,
                37.706813192
              ],
              [
                -105.7281191238,
                37.7068193591
              ],
              [
                -105.7281189239,
                37.7068255613
              ],
              [
                -105.7276626608,
                37.7210164442
              ],
              [
                -105.7276573123,
                37.721182767
              ],
              [
                -105.7276448386,
                37.7215706331
              ],
              [
                -105.7276425065,
                37.7216431213
              ],
              [
                -105.727642456,
                37.7216474279
              ],
              [
                -105.7275989048,
                37.725325862
              ],
              [
                -105.7275553009,
                37.7290086065
              ],
              [
                -105.7275117006,
                37.7326913473
              ],
              [
                -105.7274680997,
                37.7363740873
              ],
              [
                -105.7274462959,
                37.7400540943
              ],
              [
                -105.7274304391,
                37.7427297356
              ],
              [
                -105.7274302166,
                37.7427673431
              ]
            ],
            [
              [
                -105.7094493821,
                37.7217735829
              ],
              [
                -105.7096030163,
                37.7070314162
              ],
              [
                -105.7096030428,
                37.7070288794
              ],
              [
                -105.7096028426,
                37.7070288801
              ],
              [
                -105.7091657468,
                37.7070291035
              ],
              [
                -105.7051541034,
                37.7070310789
              ],
              [
                -105.705143752,
                37.7070310838
              ],
              [
                -105.7050757618,
                37.707031116
              ],
              [
                -105.7050763981,
                37.7070194734
              ],
              [
                -105.7050764635,
                37.7070182726
              ],
              [
                -105.7052737611,
                37.7034072511
              ],
              [
                -105.7054709108,
                37.6997985289
              ],
              [
                -105.7054712467,
                37.6997923923
              ],
              [
                -105.7054717447,
                37.6997832702
              ],
              [
                -105.7009561733,
                37.6997817688
              ],
              [
                -105.7009458517,
                37.6997817649
              ],
              [
                -105.7009125747,
                37.6997817528
              ],
              [
                -105.7010336298,
                37.6974429077
              ],
              [
                -105.7010708038,
                37.6967246672
              ],
              [
                -105.7011010998,
                37.696139293
              ],
              [
                -105.7012896124,
                37.692496831
              ],
              [
                -105.7012841712,
                37.6924968151
              ],
              [
                -105.6966925216,
                37.6924833229
              ],
              [
                -105.6967742878,
                37.6887989102
              ],
              [
                -105.6968560418,
                37.685114402
              ],
              [
                -105.6969378976,
                37.6814256813
              ],
              [
                -105.697019739,
                37.6777368663
              ],
              [
                -105.6970151305,
                37.6777369005
              ],
              [
                -105.6950371104,
                37.6777518449
              ],
              [
                -105.6924162565,
                37.6777716461
              ],
              [
                -105.6878268536,
                37.6778166238
              ],
              [
                -105.6832374436,
                37.6778616012
              ],
              [
                -105.6809585727,
                37.6778839552
              ],
              [
                -105.6809576292,
                37.677883964
              ],
              [
                -105.6786480363,
                37.6779065746
              ],
              [
                -105.6741321629,
                37.6779508338
              ],
              [
                -105.6740586306,
                37.6779515531
              ],
              [
                -105.6740585984,
                37.6779531334
              ],
              [
                -105.6740584767,
                37.6779592025
              ],
              [
                -105.6740583531,
                37.6779653274
              ],
              [
                -105.6739847849,
                37.6816212769
              ],
              [
                -105.6739109395,
                37.685290995
              ],
              [
                -105.6784971725,
                37.6852486967
              ],
              [
                -105.6811187253,
                37.6852244409
              ],
              [
                -105.6830834024,
                37.685206224
              ],
              [
                -105.6876696256,
                37.6851635682
              ],
              [
                -105.6922558438,
                37.6851207335
              ],
              [
                -105.6921756381,
                37.6887952765
              ],
              [
                -105.6921021686,
                37.692161089
              ],
              [
                -105.6920954296,
                37.6924698203
              ],
              [
                -105.6920420605,
                37.6924702892
              ],
              [
                -105.6920319812,
                37.6924703774
              ],
              [
                -105.6875772959,
                37.6925094092
              ],
              [
                -105.6875123875,
                37.6925099763
              ],
              [
                -105.687511085,
                37.6925454282
              ],
              [
                -105.6874216123,
                37.6949816621
              ],
              [
                -105.687389118,
                37.6958664003
              ],
              [
                -105.6873780205,
                37.6961685581
              ],
              [
                -105.6828685829,
                37.6962123493
              ],
              [
                -105.6828085062,
                37.6962129313
              ],
              [
                -105.6826981259,
                37.6995583556
              ],
              [
                -105.6826876534,
                37.6998757339
              ],
              [
                -105.6781800716,
                37.6999237221
              ],
              [
                -105.6781316646,
                37.6999242369
              ],
              [
                -105.6780243446,
                37.7035909926
              ],
              [
                -105.6779306692,
                37.7067912025
              ],
              [
                -105.6779170142,
                37.7072576598
              ],
              [
                -105.6779108684,
                37.7072577375
              ],
              [
                -105.6746179292,
                37.7072992184
              ],
              [
                -105.6734902735,
                37.7073134031
              ],
              [
                -105.6734133513,
                37.7073143706
              ],
              [
                -105.6733880817,
                37.7073146884
              ],
              [
                -105.673380951,
                37.7073184399
              ],
              [
                -105.6730771192,
                37.7219833214
              ],
              [
                -105.6730769932,
                37.7219894025
              ],
              [
                -105.6730768428,
                37.7219966416
              ],
              [
                -105.6730824723,
                37.7219966206
              ],
              [
                -105.6732367147,
                37.7219960387
              ],
              [
                -105.6732468896,
                37.7219960004
              ],
              [
                -105.6809052424,
                37.7219668721
              ],
              [
                -105.7094443091,
                37.7218540923
              ],
              [
                -105.709448797,
                37.7218539868
              ],
              [
                -105.7094486499,
                37.721843666
              ],
              [
                -105.7094487747,
                37.7218318507
              ],
              [
                -105.7094493821,
                37.7217735829
              ]
            ]
          ]
        ]
      }
    },
    {
      "type": "Feature",
      "properties": {
        "FeatClass": "Fee",
        "Category": "Fee",
        "Own_Type": "FED",
        "Own_Name": "NPS",
        "Loc_Own": "NPS",
        "Mang_Type": "FED",
        "Mang_Name": "NPS",
        "Loc_Mang": "NPS",
        "Des_Tp": "NP",
        "Loc_Ds": "National Park",
        "Unit_Nm": "Mesa Verde National Park",
        "Loc_Nm": "MEVE",
        "State_Nm": "CO",
        "Agg_Src": "NPS_PADUS4_0Fee_NPS_Tracts",
        "GIS_Src": "nps_fee_boundary.shp",
        "Src_Date": "2022/01/01",
        "GIS_Acres": 53445,
        "Source_PAID": "MEVE",
        "WDPA_Cd": 997,
        "Pub_Access": "OA",
        "Access_Src": "GAP - Default",
        "Access_Dt": "2024",
        "GAP_Sts": "1",
        "GAPCdSrc": "GAP - NPS",
        "GAPCdDt": "2010",
        "IUCN_Cat": "II",
        "IUCNCtSrc": "GAP - Default",
        "IUCNCtDt": "2024",
        "Date_Est": "1906",
        "Comments": "Mesa Verde National Park",
        "Term": null,
        "Duration": null,
        "d_FeatClass": "Fee",
        "d_Category": "Fee",
        "d_Own_Type": "Federal",
        "d_Own_Name": "National Park Service",
        "d_Mang_Type": "Federal",
        "d_Mang_Name": "National Park Service",
        "d_Des_Tp": "National Park",
        "d_State_Nm": "Colorado",
        "d_Pub_Access": "Open Access",
        "d_GAP_Sts": "1 - managed for biodiversity - disturbance events proceed or are mimicked",
        "d_IUCN_Cat": "II: National park",
        "Shape_Length": 82900.07568706009,
        "Shape_Area": 216282357.1606104,
        "nationalParkName": "Mesa Verde National Park",
        "source": "USGS PAD-US"
      },
      "geometry": {
        "type": "MultiPolygon",
        "coordinates": [
          [
            [
              [
                -108.421530011,
                37.3505185008
              ],
              [
                -108.4194147163,
                37.3490130126
              ],
              [
                -108.4168958753,
                37.3472201814
              ],
              [
                -108.4168958461,
                37.3472149661
              ],
              [
                -108.4168917558,
                37.3464953307
              ],
              [
                -108.4164373284,
                37.3459976374
              ],
              [
                -108.4158535428,
                37.3453582585
              ],
              [
                -108.4153521947,
                37.3446712913
              ],
              [
                -108.4139888213,
                37.3418838491
              ],
              [
                -108.4137860958,
                37.341636282
              ],
              [
                -108.4129431854,
                37.3406069279
              ],
              [
                -108.4122802409,
                37.3402141422
              ],
              [
                -108.4122510628,
                37.3401944823
              ],
              [
                -108.4116564414,
                37.3397938215
              ],
              [
                -108.4115049479,
                37.3397625608
              ],
              [
                -108.4076024894,
                37.3389572023
              ],
              [
                -108.4076022119,
                37.3389571445
              ],
              [
                -108.4029959276,
                37.338046167
              ],
              [
                -108.4046535638,
                37.3345384844
              ],
              [
                -108.4046537396,
                37.3345384843
              ],
              [
                -108.4076596521,
                37.3345409799
              ],
              [
                -108.4076607213,
                37.3344585886
              ],
              [
                -108.4046924824,
                37.3344561242
              ],
              [
                -108.4031231907,
                37.3344547911
              ],
              [
                -108.3985856303,
                37.3344508279
              ],
              [
                -108.398336038,
                37.3344492774
              ],
              [
                -108.3983378418,
                37.3343775541
              ],
              [
                -108.3983743613,
                37.3329277349
              ],
              [
                -108.3984035783,
                37.3317672476
              ],
              [
                -108.3984282071,
                37.3307852506
              ],
              [
                -108.3984282099,
                37.3307851918
              ],
              [
                -108.398612385,
                37.3307859505
              ],
              [
                -108.3986124667,
                37.3307859511
              ],
              [
                -108.3986395288,
                37.3271211369
              ],
              [
                -108.3986395312,
                37.3271207947
              ],
              [
                -108.398662256,
                37.3235229439
              ],
              [
                -108.3986853992,
                37.3198600653
              ],
              [
                -108.3986999034,
                37.3161846597
              ],
              [
                -108.3987111934,
                37.3133236577
              ],
              [
                -108.3987144058,
                37.3125092816
              ],
              [
                -108.3987110765,
                37.3088579862
              ],
              [
                -108.3987083415,
                37.3058827308
              ],
              [
                -108.39870772,
                37.3052067203
              ],
              [
                -108.3987045285,
                37.3015654804
              ],
              [
                -108.398701337,
                37.2979242681
              ],
              [
                -108.398753785,
                37.2953363865
              ],
              [
                -108.3987754271,
                37.2942684459
              ],
              [
                -108.3988495175,
                37.2906126225
              ],
              [
                -108.3942226495,
                37.2906043269
              ],
              [
                -108.3895957828,
                37.2905958358
              ],
              [
                -108.3895960325,
                37.2905777237
              ],
              [
                -108.3896525118,
                37.2869442622
              ],
              [
                -108.3897092683,
                37.2832927173
              ],
              [
                -108.3850484827,
                37.2833607816
              ],
              [
                -108.3803876726,
                37.2834288456
              ],
              [
                -108.37574564,
                37.2834966364
              ],
              [
                -108.3757268599,
                37.2834969099
              ],
              [
                -108.3710660492,
                37.2835649749
              ],
              [
                -108.371067718,
                37.2798484037
              ],
              [
                -108.3710693897,
                37.2761318596
              ],
              [
                -108.3710693997,
                37.276109234
              ],
              [
                -108.3710710596,
                37.2724153142
              ],
              [
                -108.3710727314,
                37.2686987419
              ],
              [
                -108.3665347621,
                37.2687462131
              ],
              [
                -108.3664886444,
                37.2687466944
              ],
              [
                -108.3664889884,
                37.268709274
              ],
              [
                -108.3665226777,
                37.2650498717
              ],
              [
                -108.36423801,
                37.2650812504
              ],
              [
                -108.362147764,
                37.2651100355
              ],
              [
                -108.361953258,
                37.2651127123
              ],
              [
                -108.3620005127,
                37.261430639
              ],
              [
                -108.3620316894,
                37.26143011
              ],
              [
                -108.3620779871,
                37.2614293253
              ],
              [
                -108.3642785433,
                37.2613919847
              ],
              [
                -108.3643234018,
                37.2613912225
              ],
              [
                -108.3665566824,
                37.2613532437
              ],
              [
                -108.3665570502,
                37.2613199202
              ],
              [
                -108.366557117,
                37.26131387
              ],
              [
                -108.3665594262,
                37.2611048268
              ],
              [
                -108.3665969388,
                37.2577090335
              ],
              [
                -108.3620471604,
                37.2578592611
              ],
              [
                -108.3620930836,
                37.2542895478
              ],
              [
                -108.3578087987,
                37.2542861943
              ],
              [
                -108.3575181433,
                37.254285961
              ],
              [
                -108.3574992716,
                37.2542859484
              ],
              [
                -108.3574853091,
                37.2554797113
              ],
              [
                -108.3574801185,
                37.2559253718
              ],
              [
                -108.3574685314,
                37.2569133471
              ],
              [
                -108.3574683473,
                37.2569290012
              ],
              [
                -108.3574679004,
                37.2569670014
              ],
              [
                -108.3574112039,
                37.2569098344
              ],
              [
                -108.3569338786,
                37.256428344
              ],
              [
                -108.3568737082,
                37.2563676522
              ],
              [
                -108.3572536057,
                37.2552863819
              ],
              [
                -108.3572648815,
                37.2552542992
              ],
              [
                -108.3566370773,
                37.2544436174
              ],
              [
                -108.3565143213,
                37.2542850932
              ],
              [
                -108.3569015317,
                37.2504005471
              ],
              [
                -108.3569038546,
                37.2503772561
              ],
              [
                -108.3569344204,
                37.2500706894
              ],
              [
                -108.3555988428,
                37.2500178111
              ],
              [
                -108.3553519963,
                37.2488009049
              ],
              [
                -108.3548419731,
                37.2475418621
              ],
              [
                -108.355041867,
                37.2465346754
              ],
              [
                -108.3552578429,
                37.245446319
              ],
              [
                -108.3531088403,
                37.2435266534
              ],
              [
                -108.3531246721,
                37.2426908548
              ],
              [
                -108.3531944672,
                37.2390032981
              ],
              [
                -108.3531974674,
                37.2388256881
              ],
              [
                -108.3531892968,
                37.2388194807
              ],
              [
                -108.3531832615,
                37.2388148958
              ],
              [
                -108.3530541167,
                37.2387167935
              ],
              [
                -108.352061857,
                37.2379630429
              ],
              [
                -108.3518382547,
                37.2377931839
              ],
              [
                -108.351697041,
                37.2376859104
              ],
              [
                -108.3516094425,
                37.2376193669
              ],
              [
                -108.3511445973,
                37.2372662442
              ],
              [
                -108.350584391,
                37.2368406688
              ],
              [
                -108.3504674487,
                37.2370163584
              ],
              [
                -108.3502106567,
                37.2374021481
              ],
              [
                -108.3500193177,
                37.2376895992
              ],
              [
                -108.3499172399,
                37.23784295
              ],
              [
                -108.3497722654,
                37.2380607484
              ],
              [
                -108.3496689165,
                37.2382160084
              ],
              [
                -108.3495410802,
                37.2384080522
              ],
              [
                -108.3491346797,
                37.2381352402
              ],
              [
                -108.3490957581,
                37.2381091126
              ],
              [
                -108.3490445925,
                37.2380747676
              ],
              [
                -108.3488528608,
                37.237946059
              ],
              [
                -108.3487726325,
                37.2378922021
              ],
              [
                -108.3485787525,
                37.2377620483
              ],
              [
                -108.3483845768,
                37.2376316925
              ],
              [
                -108.3483149783,
                37.2375849708
              ],
              [
                -108.3482391142,
                37.2375340422
              ],
              [
                -108.3482389271,
                37.2375311977
              ],
              [
                -108.3482059379,
                37.2370286608
              ],
              [
                -108.3481202982,
                37.2357241113
              ],
              [
                -108.3481142171,
                37.2357182628
              ],
              [
                -108.3477260982,
                37.2353449616
              ],
              [
                -108.3475737779,
                37.2351984535
              ],
              [
                -108.3470480608,
                37.2346927942
              ],
              [
                -108.3470476615,
                37.2346916786
              ],
              [
                -108.3470376439,
                37.2346637299
              ],
              [
                -108.3470088056,
                37.2345832681
              ],
              [
                -108.3466127052,
                37.2334781478
              ],
              [
                -108.3464777377,
                37.2331015783
              ],
              [
                -108.3461069623,
                37.232067069
              ],
              [
                -108.3459430382,
                37.2316096886
              ],
              [
                -108.3458832281,
                37.2314428097
              ],
              [
                -108.3458047114,
                37.2312237398
              ],
              [
                -108.3457176381,
                37.2309807914
              ],
              [
                -108.3456920004,
                37.2309092621
              ],
              [
                -108.34565522,
                37.2308066406
              ],
              [
                -108.3456536683,
                37.2308074305
              ],
              [
                -108.3455919901,
                37.2308388278
              ],
              [
                -108.3454383093,
                37.2309170599
              ],
              [
                -108.3448194764,
                37.2312320773
              ],
              [
                -108.3446038505,
                37.2313418403
              ],
              [
                -108.3445148178,
                37.23127543
              ],
              [
                -108.3444563432,
                37.2312318132
              ],
              [
                -108.344451038,
                37.231227856
              ],
              [
                -108.3438580729,
                37.2307855721
              ],
              [
                -108.3444735923,
                37.2302088216
              ],
              [
                -108.3451085851,
                37.2296137652
              ],
              [
                -108.3451063838,
                37.2296107446
              ],
              [
                -108.3448092233,
                37.2292029956
              ],
              [
                -108.3444977547,
                37.2287756089
              ],
              [
                -108.3439063423,
                37.2279641197
              ],
              [
                -108.343476547,
                37.2273743496
              ],
              [
                -108.3445415284,
                37.226179489
              ],
              [
                -108.3445551657,
                37.2261641837
              ],
              [
                -108.3445429149,
                37.2260966276
              ],
              [
                -108.344265678,
                37.2245678369
              ],
              [
                -108.3445707723,
                37.2244448074
              ],
              [
                -108.3448079466,
                37.2243491667
              ],
              [
                -108.3450523718,
                37.2243605265
              ],
              [
                -108.3450517276,
                37.224359697
              ],
              [
                -108.3447761381,
                37.2240046414
              ],
              [
                -108.3445789363,
                37.2236302858
              ],
              [
                -108.3445760478,
                37.2239508949
              ],
              [
                -108.3445758291,
                37.2239505186
              ],
              [
                -108.3430881258,
                37.2213953972
              ],
              [
                -108.3414624578,
                37.2216381592
              ],
              [
                -108.3416015139,
                37.22066811
              ],
              [
                -108.3415444008,
                37.2206681112
              ],
              [
                -108.3416140702,
                37.2205805271
              ],
              [
                -108.3420131027,
                37.2200789587
              ],
              [
                -108.342013137,
                37.2200789165
              ],
              [
                -108.3420418054,
                37.2198479727
              ],
              [
                -108.3420415141,
                37.2198480907
              ],
              [
                -108.3411221901,
                37.2202162293
              ],
              [
                -108.3403958584,
                37.2200465126
              ],
              [
                -108.340395715,
                37.2200459135
              ],
              [
                -108.3403184373,
                37.2197224608
              ],
              [
                -108.3406235841,
                37.2186515767
              ],
              [
                -108.3411080719,
                37.2183555188
              ],
              [
                -108.3413360798,
                37.218080519
              ],
              [
                -108.3412875203,
                37.2178775211
              ],
              [
                -108.341287385,
                37.2178773766
              ],
              [
                -108.341074375,
                37.2176519992
              ],
              [
                -108.3406587768,
                37.217813472
              ],
              [
                -108.3401265827,
                37.217817559
              ],
              [
                -108.3401264807,
                37.2178175595
              ],
              [
                -108.3401264839,
                37.2178171101
              ],
              [
                -108.3401284381,
                37.2175339033
              ],
              [
                -108.3401285001,
                37.2175249099
              ],
              [
                -108.3401285332,
                37.2175201466
              ],
              [
                -108.3401284756,
                37.2175200346
              ],
              [
                -108.340128477,
                37.2175198986
              ],
              [
                -108.3401285186,
                37.2175139186
              ],
              [
                -108.3401289095,
                37.2174587549
              ],
              [
                -108.3401290557,
                37.217438048
              ],
              [
                -108.3401290668,
                37.217436633
              ],
              [
                -108.3401294897,
                37.2173769546
              ],
              [
                -108.3401295895,
                37.2173626611
              ],
              [
                -108.3401303827,
                37.2172507352
              ],
              [
                -108.3401304539,
                37.2172406528
              ],
              [
                -108.3401314786,
                37.2170960651
              ],
              [
                -108.3401317592,
                37.2170535951
              ],
              [
                -108.3401318911,
                37.2170336366
              ],
              [
                -108.340133146,
                37.2168442432
              ],
              [
                -108.3401331918,
                37.2168371855
              ],
              [
                -108.3401344658,
                37.2166450056
              ],
              [
                -108.3401344748,
                37.2166436053
              ],
              [
                -108.3401351989,
                37.2165341244
              ],
              [
                -108.3401730603,
                37.2164429532
              ],
              [
                -108.3401777404,
                37.2164316814
              ],
              [
                -108.3402408587,
                37.2162796871
              ],
              [
                -108.3402571029,
                37.216240572
              ],
              [
                -108.3402811205,
                37.2161827378
              ],
              [
                -108.340275034,
                37.2161004486
              ],
              [
                -108.3402723553,
                37.2160642475
              ],
              [
                -108.3402682995,
                37.2160094016
              ],
              [
                -108.340268297,
                37.2160093731
              ],
              [
                -108.3402682245,
                37.2160084616
              ],
              [
                -108.3409886718,
                37.216024176
              ],
              [
                -108.3412170777,
                37.2160291551
              ],
              [
                -108.341591306,
                37.2160373103
              ],
              [
                -108.3434936309,
                37.2160353728
              ],
              [
                -108.3443327656,
                37.2160345085
              ],
              [
                -108.3455832814,
                37.2160356358
              ],
              [
                -108.3487315889,
                37.2160339432
              ],
              [
                -108.3502685052,
                37.2160355398
              ],
              [
                -108.3506926048,
                37.2160364247
              ],
              [
                -108.3521409301,
                37.2160376803
              ],
              [
                -108.3524084711,
                37.2160379099
              ],
              [
                -108.3531278022,
                37.2160382655
              ],
              [
                -108.354926478,
                37.2160407215
              ],
              [
                -108.3589657386,
                37.216047598
              ],
              [
                -108.3595607554,
                37.2160485982
              ],
              [
                -108.3596944286,
                37.2160487364
              ],
              [
                -108.3638824969,
                37.2160570322
              ],
              [
                -108.3685418014,
                37.2160709094
              ],
              [
                -108.3686438049,
                37.2160708795
              ],
              [
                -108.3710427806,
                37.2160719684
              ],
              [
                -108.3733512799,
                37.2160729766
              ],
              [
                -108.3777500204,
                37.2160775502
              ],
              [
                -108.3780952291,
                37.2160778253
              ],
              [
                -108.3820935375,
                37.2160848174
              ],
              [
                -108.3850543685,
                37.2160903752
              ],
              [
                -108.3866180346,
                37.2160946116
              ],
              [
                -108.3884697405,
                37.2160998172
              ],
              [
                -108.3911508087,
                37.2161082943
              ],
              [
                -108.3955745234,
                37.2161253099
              ],
              [
                -108.3959378696,
                37.2161261122
              ],
              [
                -108.400186523,
                37.2161356584
              ],
              [
                -108.4048047996,
                37.2161551468
              ],
              [
                -108.4061337648,
                37.2161576338
              ],
              [
                -108.4062107678,
                37.2161576891
              ],
              [
                -108.409434883,
                37.2161673279
              ],
              [
                -108.4139269343,
                37.2161848155
              ],
              [
                -108.4140538273,
                37.2161847321
              ],
              [
                -108.4183452308,
                37.2161832778
              ],
              [
                -108.422132644,
                37.2161759662
              ],
              [
                -108.4228979782,
                37.2161752371
              ],
              [
                -108.4251407532,
                37.216172024
              ],
              [
                -108.4269916811,
                37.216169619
              ],
              [
                -108.4274511406,
                37.2161715872
              ],
              [
                -108.4291054233,
                37.2161780163
              ],
              [
                -108.431740046,
                37.2161726874
              ],
              [
                -108.4320042216,
                37.2161723533
              ],
              [
                -108.4365561341,
                37.2161603138
              ],
              [
                -108.4389053859,
                37.2161574595
              ],
              [
                -108.4398297533,
                37.2161563685
              ],
              [
                -108.4410701581,
                37.2161548859
              ],
              [
                -108.44461637,
                37.2161504929
              ],
              [
                -108.4455837937,
                37.2161493443
              ],
              [
                -108.4455837923,
                37.2161490285
              ],
              [
                -108.4455839324,
                37.2159170734
              ],
              [
                -108.4455848649,
                37.2143755755
              ],
              [
                -108.4455960095,
                37.2107521486
              ],
              [
                -108.4456071827,
                37.2071286955
              ],
              [
                -108.4456067502,
                37.2046755128
              ],
              [
                -108.4456103553,
                37.2035045194
              ],
              [
                -108.4456135271,
                37.1998803149
              ],
              [
                -108.4456187821,
                37.1962584445
              ],
              [
                -108.4456226026,
                37.1936105996
              ],
              [
                -108.4456240096,
                37.1926365726
              ],
              [
                -108.4456292653,
                37.1890146746
              ],
              [
                -108.4456345187,
                37.1853927753
              ],
              [
                -108.4456364696,
                37.1817705416
              ],
              [
                -108.4456383907,
                37.1781482833
              ],
              [
                -108.4456403408,
                37.174526023
              ],
              [
                -108.4456422641,
                37.170903763
              ],
              [
                -108.4456365451,
                37.1672830036
              ],
              [
                -108.4456308286,
                37.1636622162
              ],
              [
                -108.4456250848,
                37.1600414283
              ],
              [
                -108.4456193689,
                37.1564219527
              ],
              [
                -108.4456193677,
                37.1564206405
              ],
              [
                -108.4501441869,
                37.1564194852
              ],
              [
                -108.4524396927,
                37.1564189343
              ],
              [
                -108.4546690074,
                37.1564183541
              ],
              [
                -108.4592202199,
                37.1564205317
              ],
              [
                -108.4637714314,
                37.1564227084
              ],
              [
                -108.4683226409,
                37.1564248843
              ],
              [
                -108.472873853,
                37.1564270878
              ],
              [
                -108.477394729,
                37.1564369039
              ],
              [
                -108.4819155783,
                37.1564467196
              ],
              [
                -108.4864364548,
                37.1564565619
              ],
              [
                -108.4909573025,
                37.156466377
              ],
              [
                -108.4954929876,
                37.1564771645
              ],
              [
                -108.4974160522,
                37.1564817296
              ],
              [
                -108.5000286688,
                37.1564863971
              ],
              [
                -108.5045641281,
                37.1564990343
              ],
              [
                -108.5090996156,
                37.1565116463
              ],
              [
                -108.5136284956,
                37.1565270108
              ],
              [
                -108.5181573711,
                37.1565423992
              ],
              [
                -108.5226858058,
                37.1565595394
              ],
              [
                -108.5267613881,
                37.1565751547
              ],
              [
                -108.531293987,
                37.156563821
              ],
              [
                -108.53461985,
                37.1565554971
              ],
              [
                -108.5358265845,
                37.1565524058
              ],
              [
                -108.5403591836,
                37.1565411032
              ],
              [
                -108.5448760249,
                37.1565298663
              ],
              [
                -108.5448917559,
                37.1565298262
              ],
              [
                -108.5448919551,
                37.1570680459
              ],
              [
                -108.5448923458,
                37.1601541753
              ],
              [
                -108.5448927948,
                37.1637785266
              ],
              [
                -108.5448931883,
                37.1674028767
              ],
              [
                -108.5448935838,
                37.1710271988
              ],
              [
                -108.5448947565,
                37.1746577985
              ],
              [
                -108.5448959005,
                37.1782883716
              ],
              [
                -108.544897128,
                37.1819126391
              ],
              [
                -108.5448972709,
                37.1823294425
              ],
              [
                -108.5448984399,
                37.1855369044
              ],
              [
                -108.5448997242,
                37.1891610612
              ],
              [
                -108.5449010078,
                37.1927851886
              ],
              [
                -108.5449015763,
                37.1943907124
              ],
              [
                -108.5449023182,
                37.1964093999
              ],
              [
                -108.544902546,
                37.1970653702
              ],
              [
                -108.544903656,
                37.2000335844
              ],
              [
                -108.54490483,
                37.2036577106
              ],
              [
                -108.5449052586,
                37.205034846
              ],
              [
                -108.5449060571,
                37.2072818126
              ],
              [
                -108.5449071464,
                37.210930302
              ],
              [
                -108.5449082352,
                37.2145787899
              ],
              [
                -108.5449085788,
                37.2156660643
              ],
              [
                -108.5467774502,
                37.2156499992
              ],
              [
                -108.5477856254,
                37.2156487998
              ],
              [
                -108.5499758489,
                37.2156490173
              ],
              [
                -108.5547068285,
                37.2156493478
              ],
              [
                -108.5547322084,
                37.2156493489
              ],
              [
                -108.554731934,
                37.2160380422
              ],
              [
                -108.5547316886,
                37.216426737
              ],
              [
                -108.5547040036,
                37.2205461128
              ],
              [
                -108.554682117,
                37.2238084097
              ],
              [
                -108.5546814321,
                37.2246655169
              ],
              [
                -108.5546645135,
                37.2274993158
              ],
              [
                -108.5546424361,
                37.2311902218
              ],
              [
                -108.5546174703,
                37.2348810183
              ],
              [
                -108.5546034031,
                37.2369604788
              ],
              [
                -108.5545925036,
                37.2385718392
              ],
              [
                -108.5545994576,
                37.2422546068
              ],
              [
                -108.5546059514,
                37.2456816314
              ],
              [
                -108.554606436,
                37.2459373461
              ],
              [
                -108.5546069558,
                37.2462124344
              ],
              [
                -108.5546133874,
                37.2496201138
              ],
              [
                -108.5546203584,
                37.2533028259
              ],
              [
                -108.5546175788,
                37.2550887619
              ],
              [
                -108.5546144968,
                37.2570701147
              ],
              [
                -108.5546086314,
                37.2608374337
              ],
              [
                -108.5546077539,
                37.2622988623
              ],
              [
                -108.5546077419,
                37.2644841981
              ],
              [
                -108.5546077575,
                37.2669938915
              ],
              [
                -108.5546077671,
                37.2681082949
              ],
              [
                -108.5546077672,
                37.2681181117
              ],
              [
                -108.5546077321,
                37.2712358974
              ],
              [
                -108.5546068764,
                37.2718076138
              ],
              [
                -108.554601428,
                37.2755069326
              ],
              [
                -108.5546012624,
                37.2756138201
              ],
              [
                -108.5545972608,
                37.2792098639
              ],
              [
                -108.5545931189,
                37.2829127921
              ],
              [
                -108.5501011768,
                37.2829786481
              ],
              [
                -108.5455457327,
                37.2830454182
              ],
              [
                -108.5409953435,
                37.2831196336
              ],
              [
                -108.5364449283,
                37.2831938492
              ],
              [
                -108.5318858441,
                37.2832137861
              ],
              [
                -108.5273267615,
                37.283233697
              ],
              [
                -108.5227776219,
                37.2832557187
              ],
              [
                -108.5182285121,
                37.2832777689
              ],
              [
                -108.513659065,
                37.2832411805
              ],
              [
                -108.509089649,
                37.2832045908
              ],
              [
                -108.5090894785,
                37.2832142896
              ],
              [
                -108.5090246182,
                37.2868860516
              ],
              [
                -108.5089595851,
                37.2905675116
              ],
              [
                -108.5042799152,
                37.2905171182
              ],
              [
                -108.4996002432,
                37.2904665342
              ],
              [
                -108.4951007706,
                37.2904977375
              ],
              [
                -108.4906012689,
                37.2905287729
              ],
              [
                -108.486050398,
                37.2905592782
              ],
              [
                -108.4860292103,
                37.29055942
              ],
              [
                -108.4814571501,
                37.290589873
              ],
              [
                -108.4768781179,
                37.2905991335
              ],
              [
                -108.4722990586,
                37.2906081967
              ],
              [
                -108.467733639,
                37.2906163444
              ],
              [
                -108.4631681919,
                37.2906243266
              ],
              [
                -108.4586022153,
                37.2905655852
              ],
              [
                -108.4540362392,
                37.2905066797
              ],
              [
                -108.4539734842,
                37.2941801673
              ],
              [
                -108.4539107298,
                37.2978536843
              ],
              [
                -108.4493456161,
                37.29778425
              ],
              [
                -108.4448005135,
                37.2977151474
              ],
              [
                -108.4447805274,
                37.2977148437
              ],
              [
                -108.4447351622,
                37.3013776378
              ],
              [
                -108.4446898258,
                37.3050404604
              ],
              [
                -108.4446114025,
                37.3086911442
              ],
              [
                -108.4445329527,
                37.3123417999
              ],
              [
                -108.4398676677,
                37.3124253104
              ],
              [
                -108.4353089979,
                37.3125069296
              ],
              [
                -108.4307333554,
                37.3125909655
              ],
              [
                -108.4261576867,
                37.3126750014
              ],
              [
                -108.4261563486,
                37.3163215742
              ],
              [
                -108.4261550398,
                37.3199681734
              ],
              [
                -108.4261550376,
                37.3236102187
              ],
              [
                -108.4261550634,
                37.3271834039
              ],
              [
                -108.4261641413,
                37.3308100313
              ],
              [
                -108.4261731323,
                37.3343893044
              ],
              [
                -108.4261732491,
                37.3344366898
              ],
              [
                -108.4261732237,
                37.3344530055
              ],
              [
                -108.4261667484,
                37.3380874269
              ],
              [
                -108.4261602159,
                37.3417381381
              ],
              [
                -108.426152825,
                37.3453911832
              ],
              [
                -108.4261454603,
                37.3490441993
              ],
              [
                -108.4215257298,
                37.349022848
              ],
              [
                -108.421530011,
                37.3505185008
              ]
            ]
          ]
        ]
      }
    },
    {
      "type": "Feature",
      "properties": {
        "FeatClass": "Fee",
        "Category": "Fee",
        "Own_Type": "FED",
        "Own_Name": "NPS",
        "Loc_Own": "NPS",
        "Mang_Type": "FED",
        "Mang_Name": "NPS",
        "Loc_Mang": "NPS",
        "Des_Tp": "NP",
        "Loc_Ds": "National Park",
        "Unit_Nm": "Rocky Mountain National Park",
        "Loc_Nm": "ROMO",
        "State_Nm": "CO",
        "Agg_Src": "NPS_PADUS4_0Fee_NPS_Tracts",
        "GIS_Src": "nps_fee_boundary.shp",
        "Src_Date": "2022/01/01",
        "GIS_Acres": 265475,
        "Source_PAID": "ROMO",
        "WDPA_Cd": 984,
        "Pub_Access": "OA",
        "Access_Src": "GAP - Default",
        "Access_Dt": "2024",
        "GAP_Sts": "1",
        "GAPCdSrc": "GAP - NPS",
        "GAPCdDt": "2010",
        "IUCN_Cat": "II",
        "IUCNCtSrc": "GAP - Default",
        "IUCNCtDt": "2024",
        "Date_Est": "1915",
        "Comments": "Rocky Mountain National Park",
        "Term": null,
        "Duration": null,
        "d_FeatClass": "Fee",
        "d_Category": "Fee",
        "d_Own_Type": "Federal",
        "d_Own_Name": "National Park Service",
        "d_Mang_Type": "Federal",
        "d_Mang_Name": "National Park Service",
        "d_Des_Tp": "National Park",
        "d_State_Nm": "Colorado",
        "d_Pub_Access": "Open Access",
        "d_GAP_Sts": "1 - managed for biodiversity - disturbance events proceed or are mimicked",
        "d_IUCN_Cat": "II: National park",
        "Shape_Length": 253297.20396268516,
        "Shape_Area": 1074339678.6134326,
        "nationalParkName": "Rocky Mountain National Park",
        "source": "USGS PAD-US"
      },
      "geometry": {
        "type": "MultiPolygon",
        "coordinates": [
          [
            [
              [
                -105.533619133,
                40.2999646316
              ],
              [
                -105.5336190307,
                40.299964625
              ],
              [
                -105.5289776912,
                40.2996502746
              ],
              [
                -105.5261538605,
                40.2994849531
              ],
              [
                -105.5261532954,
                40.2994849187
              ],
              [
                -105.5241812475,
                40.2993694401
              ],
              [
                -105.5241812472,
                40.2993694114
              ],
              [
                -105.5241811993,
                40.2993694096
              ],
              [
                -105.5241809752,
                40.2993566263
              ],
              [
                -105.5241348789,
                40.2968262623
              ],
              [
                -105.5241074261,
                40.2966932027
              ],
              [
                -105.5238572981,
                40.2958546085
              ],
              [
                -105.5234647002,
                40.2945383245
              ],
              [
                -105.5229840784,
                40.2929268606
              ],
              [
                -105.5228568891,
                40.2923367385
              ],
              [
                -105.5227729479,
                40.2919472699
              ],
              [
                -105.5227723456,
                40.291944476
              ],
              [
                -105.5227403585,
                40.291796061
              ],
              [
                -105.5227324692,
                40.291759462
              ],
              [
                -105.5220758997,
                40.291348018
              ],
              [
                -105.5220706742,
                40.291344744
              ],
              [
                -105.5219095819,
                40.2906278266
              ],
              [
                -105.5219013608,
                40.2905912393
              ],
              [
                -105.5217929291,
                40.2904291294
              ],
              [
                -105.521617524,
                40.2902342161
              ],
              [
                -105.5214348781,
                40.2900663539
              ],
              [
                -105.5213273915,
                40.289903913
              ],
              [
                -105.5198653688,
                40.2895347499
              ],
              [
                -105.5198606743,
                40.2895335645
              ],
              [
                -105.5195269983,
                40.289449307
              ],
              [
                -105.5193557472,
                40.2891133344
              ],
              [
                -105.5193108142,
                40.2890251754
              ],
              [
                -105.5191835493,
                40.2891452101
              ],
              [
                -105.5190572011,
                40.2892643805
              ],
              [
                -105.5189029069,
                40.2892035207
              ],
              [
                -105.5188804095,
                40.2891946464
              ],
              [
                -105.5186353763,
                40.2890979691
              ],
              [
                -105.5183878408,
                40.2891268323
              ],
              [
                -105.5182239259,
                40.2891459451
              ],
              [
                -105.5182187255,
                40.2891465518
              ],
              [
                -105.518167768,
                40.2891524919
              ],
              [
                -105.5179577293,
                40.2890498519
              ],
              [
                -105.5179366017,
                40.2890395274
              ],
              [
                -105.5177777704,
                40.2889619093
              ],
              [
                -105.5177732084,
                40.2889596804
              ],
              [
                -105.5173673987,
                40.2887613676
              ],
              [
                -105.5172639318,
                40.2887285902
              ],
              [
                -105.5172117676,
                40.2887120658
              ],
              [
                -105.5173456755,
                40.288474966
              ],
              [
                -105.5173485734,
                40.2884698343
              ],
              [
                -105.5173532121,
                40.2884616204
              ],
              [
                -105.5173717485,
                40.2884287985
              ],
              [
                -105.5172915272,
                40.2883568756
              ],
              [
                -105.5172804829,
                40.2883469765
              ],
              [
                -105.5159541891,
                40.2871578648
              ],
              [
                -105.5157940026,
                40.2868335796
              ],
              [
                -105.5157690559,
                40.2867830755
              ],
              [
                -105.5157334996,
                40.2861770284
              ],
              [
                -105.5157334921,
                40.2861768917
              ],
              [
                -105.5157316198,
                40.2861449767
              ],
              [
                -105.515729588,
                40.2861103572
              ],
              [
                -105.5157179064,
                40.2861013602
              ],
              [
                -105.5157071354,
                40.2860930659
              ],
              [
                -105.5152165608,
                40.2857152436
              ],
              [
                -105.5151932779,
                40.2856973126
              ],
              [
                -105.5151667197,
                40.2853703259
              ],
              [
                -105.5152112128,
                40.2852324802
              ],
              [
                -105.5152692343,
                40.2850528042
              ],
              [
                -105.5153299257,
                40.2847472021
              ],
              [
                -105.51488639,
                40.2830089772
              ],
              [
                -105.5148693592,
                40.2829422301
              ],
              [
                -105.5146122417,
                40.2823856934
              ],
              [
                -105.5145758372,
                40.2823068938
              ],
              [
                -105.5146120228,
                40.2817068001
              ],
              [
                -105.514659396,
                40.2809210633
              ],
              [
                -105.5146634942,
                40.2808530953
              ],
              [
                -105.5139590602,
                40.280079957
              ],
              [
                -105.5136700917,
                40.2797628387
              ],
              [
                -105.5131089568,
                40.2787112836
              ],
              [
                -105.5130672529,
                40.2786331294
              ],
              [
                -105.5130664633,
                40.2781931755
              ],
              [
                -105.5130664275,
                40.2781730785
              ],
              [
                -105.5130663221,
                40.278123619
              ],
              [
                -105.512529546,
                40.2773564747
              ],
              [
                -105.5124934084,
                40.2773048274
              ],
              [
                -105.5124433834,
                40.2767966136
              ],
              [
                -105.5124269495,
                40.2764856023
              ],
              [
                -105.5124222452,
                40.2763965746
              ],
              [
                -105.5118663905,
                40.2757062965
              ],
              [
                -105.5118355121,
                40.2756679515
              ],
              [
                -105.5116982298,
                40.2747874997
              ],
              [
                -105.5116918753,
                40.2747467462
              ],
              [
                -105.5116748584,
                40.2746376074
              ],
              [
                -105.5138869538,
                40.274700316
              ],
              [
                -105.5186351739,
                40.2748365211
              ],
              [
                -105.5192137433,
                40.2748532253
              ],
              [
                -105.5233594093,
                40.2749728378
              ],
              [
                -105.5233578143,
                40.2748882025
              ],
              [
                -105.5233369052,
                40.2737789299
              ],
              [
                -105.5233369025,
                40.2737787758
              ],
              [
                -105.5232918872,
                40.2713907236
              ],
              [
                -105.5232205781,
                40.2679181443
              ],
              [
                -105.5232200649,
                40.2678931842
              ],
              [
                -105.5232200657,
                40.2678931455
              ],
              [
                -105.5232246884,
                40.2678933385
              ],
              [
                -105.5279316225,
                40.268089248
              ],
              [
                -105.5279220743,
                40.2712319518
              ],
              [
                -105.5279210678,
                40.2715630405
              ],
              [
                -105.5279783523,
                40.2732972271
              ],
              [
                -105.5279783535,
                40.2732972629
              ],
              [
                -105.52803824,
                40.2751101526
              ],
              [
                -105.5281637754,
                40.2785844454
              ],
              [
                -105.5282236258,
                40.2820951368
              ],
              [
                -105.5282515263,
                40.2833204056
              ],
              [
                -105.5283008492,
                40.2854863782
              ],
              [
                -105.5283010271,
                40.285494219
              ],
              [
                -105.5283025023,
                40.2855589804
              ],
              [
                -105.5237302322,
                40.2854163488
              ],
              [
                -105.5237191921,
                40.2854160043
              ],
              [
                -105.5235121523,
                40.2854095419
              ],
              [
                -105.5235803312,
                40.2888688396
              ],
              [
                -105.5235905452,
                40.2888693696
              ],
              [
                -105.5283433469,
                40.2891160623
              ],
              [
                -105.5330303942,
                40.2894158719
              ],
              [
                -105.5330306513,
                40.289420557
              ],
              [
                -105.533221156,
                40.2928868389
              ],
              [
                -105.5334127323,
                40.2963996451
              ],
              [
                -105.5334389204,
                40.2966587514
              ],
              [
                -105.5335167959,
                40.2974292563
              ],
              [
                -105.5335961738,
                40.2993958543
              ],
              [
                -105.5335961756,
                40.2993959035
              ],
              [
                -105.5336174005,
                40.2999217378
              ],
              [
                -105.5336190183,
                40.2999618044
              ],
              [
                -105.533619133,
                40.2999646316
              ]
            ]
          ],
          [
            [
              [
                -105.5374941182,
                40.3039258189
              ],
              [
                -105.537466937,
                40.3039271393
              ],
              [
                -105.537439905,
                40.3039302957
              ],
              [
                -105.5374131501,
                40.3039352728
              ],
              [
                -105.5373867924,
                40.3039420492
              ],
              [
                -105.537360954,
                40.303950593
              ],
              [
                -105.5364427791,
                40.3040937812
              ],
              [
                -105.5364117752,
                40.3041047248
              ],
              [
                -105.5363794216,
                40.3041105671
              ],
              [
                -105.5363465487,
                40.3041111583
              ],
              [
                -105.5363140052,
                40.3041064843
              ],
              [
                -105.5362826275,
                40.3040966639
              ],
              [
                -105.5362532261,
                40.3040819507
              ],
              [
                -105.5362265566,
                40.3040627243
              ],
              [
                -105.5362033066,
                40.304039478
              ],
              [
                -105.5361840739,
                40.3040128109
              ],
              [
                -105.5361693551,
                40.3039834128
              ],
              [
                -105.5361595291,
                40.3039520374
              ],
              [
                -105.5361548474,
                40.3039194946
              ],
              [
                -105.536155434,
                40.303886622
              ],
              [
                -105.5361612698,
                40.3038542659
              ],
              [
                -105.5361722076,
                40.3038232604
              ],
              [
                -105.5361879643,
                40.3037944037
              ],
              [
                -105.5369117292,
                40.3030191035
              ],
              [
                -105.5369485778,
                40.3029852149
              ],
              [
                -105.5369892131,
                40.3029559748
              ],
              [
                -105.5370107703,
                40.3029432327
              ],
              [
                -105.537033053,
                40.302931803
              ],
              [
                -105.5370559787,
                40.3029217285
              ],
              [
                -105.5370794688,
                40.3029130459
              ],
              [
                -105.5383584337,
                40.3024638749
              ],
              [
                -105.5384092625,
                40.3024452369
              ],
              [
                -105.5384592891,
                40.3024245452
              ],
              [
                -105.5385084321,
                40.3024018336
              ],
              [
                -105.5385566096,
                40.3023771397
              ],
              [
                -105.5386037422,
                40.3023505037
              ],
              [
                -105.5386497514,
                40.302321971
              ],
              [
                -105.5386945587,
                40.3022915888
              ],
              [
                -105.5387380934,
                40.3022594074
              ],
              [
                -105.5390988003,
                40.3019769546
              ],
              [
                -105.5391334726,
                40.3019535016
              ],
              [
                -105.5391699832,
                40.3019330269
              ],
              [
                -105.5392080761,
                40.3019156746
              ],
              [
                -105.5392474873,
                40.3019015679
              ],
              [
                -105.5392879386,
                40.3018908023
              ],
              [
                -105.539329148,
                40.3018834539
              ],
              [
                -105.5393708268,
                40.301879575
              ],
              [
                -105.539412685,
                40.3018791922
              ],
              [
                -105.5397666724,
                40.3018851063
              ],
              [
                -105.5397445816,
                40.3019356412
              ],
              [
                -105.5397245461,
                40.3019870251
              ],
              [
                -105.539706598,
                40.302039175
              ],
              [
                -105.5396907662,
                40.3020920061
              ],
              [
                -105.5396770761,
                40.3021454312
              ],
              [
                -105.5396655498,
                40.3021993652
              ],
              [
                -105.5396562065,
                40.3022537206
              ],
              [
                -105.5396490629,
                40.3023084081
              ],
              [
                -105.5396180751,
                40.3026251615
              ],
              [
                -105.539605337,
                40.3027176829
              ],
              [
                -105.5395906568,
                40.3028099173
              ],
              [
                -105.5395740409,
                40.3029018229
              ],
              [
                -105.5395554954,
                40.302993357
              ],
              [
                -105.5395350308,
                40.3030844811
              ],
              [
                -105.5395126537,
                40.3031751562
              ],
              [
                -105.5394883762,
                40.3032653392
              ],
              [
                -105.5394622063,
                40.3033549918
              ],
              [
                -105.5394341579,
                40.3034440753
              ],
              [
                -105.539404242,
                40.3035325475
              ],
              [
                -105.5393724742,
                40.3036203724
              ],
              [
                -105.5393388655,
                40.3037075086
              ],
              [
                -105.5393034325,
                40.3037939199
              ],
              [
                -105.5392661903,
                40.3038795667
              ],
              [
                -105.5392271552,
                40.3039644109
              ],
              [
                -105.5391863461,
                40.304048416
              ],
              [
                -105.5391437783,
                40.3041315442
              ],
              [
                -105.5390994719,
                40.3042137588
              ],
              [
                -105.5390534482,
                40.3042950234
              ],
              [
                -105.5390057254,
                40.3043753034
              ],
              [
                -105.5389563244,
                40.3044545602
              ],
              [
                -105.5389052695,
                40.3045327617
              ],
              [
                -105.53885258,
                40.3046098732
              ],
              [
                -105.5387982821,
                40.3046858585
              ],
              [
                -105.5387423977,
                40.3047606856
              ],
              [
                -105.5386849521,
                40.304834321
              ],
              [
                -105.5386259709,
                40.3049067325
              ],
              [
                -105.5385654819,
                40.3049778881
              ],
              [
                -105.5385035083,
                40.3050477557
              ],
              [
                -105.5384400805,
                40.3051163043
              ],
              [
                -105.5383752245,
                40.305183505
              ],
              [
                -105.5383089706,
                40.3052493258
              ],
              [
                -105.5379691621,
                40.3055948722
              ],
              [
                -105.5378361947,
                40.3057336508
              ],
              [
                -105.5377075954,
                40.3058764873
              ],
              [
                -105.5375834892,
                40.3060232465
              ],
              [
                -105.5374639963,
                40.3061737849
              ],
              [
                -105.5373492312,
                40.3063279582
              ],
              [
                -105.5372393039,
                40.3064856182
              ],
              [
                -105.5371343206,
                40.3066466134
              ],
              [
                -105.5370828791,
                40.3067311206
              ],
              [
                -105.5370823149,
                40.306732047
              ],
              [
                -105.5370343834,
                40.3068107879
              ],
              [
                -105.5369627101,
                40.3069374779
              ],
              [
                -105.5368943524,
                40.3070659855
              ],
              [
                -105.5368149899,
                40.3069079242
              ],
              [
                -105.5367455052,
                40.3067695364
              ],
              [
                -105.5367370125,
                40.3067495686
              ],
              [
                -105.5367314621,
                40.306728592
              ],
              [
                -105.5367289678,
                40.3067070377
              ],
              [
                -105.5367295805,
                40.3066853477
              ],
              [
                -105.5367851896,
                40.3061522135
              ],
              [
                -105.5367892352,
                40.3061134259
              ],
              [
                -105.5367936938,
                40.3060900459
              ],
              [
                -105.5368015135,
                40.3060675652
              ],
              [
                -105.5368125311,
                40.306046466
              ],
              [
                -105.5368265066,
                40.3060272009
              ],
              [
                -105.5374810623,
                40.30522799
              ],
              [
                -105.537501777,
                40.3052012885
              ],
              [
                -105.5375209066,
                40.3051734294
              ],
              [
                -105.5375383861,
                40.3051445066
              ],
              [
                -105.537554157,
                40.3051146178
              ],
              [
                -105.5378902973,
                40.3044243766
              ],
              [
                -105.5378959348,
                40.304397752
              ],
              [
                -105.5378997595,
                40.3043708081
              ],
              [
                -105.5379017506,
                40.3043436658
              ],
              [
                -105.5379019025,
                40.304316452
              ],
              [
                -105.5379002125,
                40.3042892897
              ],
              [
                -105.537896689,
                40.304262304
              ],
              [
                -105.5378913474,
                40.3042356184
              ],
              [
                -105.5378842124,
                40.3042093549
              ],
              [
                -105.537875318,
                40.3041836346
              ],
              [
                -105.537864704,
                40.3041585756
              ],
              [
                -105.5378524189,
                40.3041342919
              ],
              [
                -105.5378385183,
                40.304110894
              ],
              [
                -105.5378230678,
                40.3040884909
              ],
              [
                -105.537806136,
                40.3040671842
              ],
              [
                -105.5377878017,
                40.3040470719
              ],
              [
                -105.5377681498,
                40.3040282455
              ],
              [
                -105.5377472684,
                40.3040107924
              ],
              [
                -105.5377252538,
                40.3039947915
              ],
              [
                -105.537702208,
                40.3039803167
              ],
              [
                -105.537678235,
                40.3039674345
              ],
              [
                -105.5376534466,
                40.303956203
              ],
              [
                -105.5376279547,
                40.3039466746
              ],
              [
                -105.5376018761,
                40.3039388934
              ],
              [
                -105.537575331,
                40.3039328934
              ],
              [
                -105.5375484412,
                40.3039287021
              ],
              [
                -105.5375213289,
                40.3039263408
              ],
              [
                -105.5374941182,
                40.3039258189
              ]
            ]
          ],
          [
            [
              [
                -105.533619133,
                40.2999646316
              ],
              [
                -105.5336288862,
                40.2999652074
              ],
              [
                -105.5337895405,
                40.2999747003
              ],
              [
                -105.533912015,
                40.2999819379
              ],
              [
                -105.5371708741,
                40.3001744586
              ],
              [
                -105.5373971987,
                40.300187825
              ],
              [
                -105.5379618765,
                40.300221174
              ],
              [
                -105.5382892453,
                40.3002405061
              ],
              [
                -105.538416373,
                40.3002480131
              ],
              [
                -105.541836055,
                40.3004499021
              ],
              [
                -105.5418222323,
                40.3004683579
              ],
              [
                -105.5417776481,
                40.3005188582
              ],
              [
                -105.5417294413,
                40.3005659098
              ],
              [
                -105.5416778757,
                40.300609256
              ],
              [
                -105.5416232352,
                40.3006486562
              ],
              [
                -105.5415658222,
                40.3006838929
              ],
              [
                -105.5415059531,
                40.3007147726
              ],
              [
                -105.541443958,
                40.3007411239
              ],
              [
                -105.5413801767,
                40.3007628037
              ],
              [
                -105.5409910347,
                40.3008877991
              ],
              [
                -105.540905181,
                40.3009147504
              ],
              [
                -105.5408205899,
                40.3009454395
              ],
              [
                -105.5407374265,
                40.3009798072
              ],
              [
                -105.5406558499,
                40.3010177868
              ],
              [
                -105.5405760151,
                40.3010593063
              ],
              [
                -105.5404980772,
                40.3011042859
              ],
              [
                -105.5404221868,
                40.3011526387
              ],
              [
                -105.5403484888,
                40.3012042714
              ],
              [
                -105.5402771239,
                40.3012590861
              ],
              [
                -105.5402082303,
                40.3013169747
              ],
              [
                -105.5401419415,
                40.3013778292
              ],
              [
                -105.5400783823,
                40.3014415307
              ],
              [
                -105.5400176769,
                40.3015079568
              ],
              [
                -105.5399599432,
                40.3015769802
              ],
              [
                -105.5399052886,
                40.301648468
              ],
              [
                -105.5398538211,
                40.3017222828
              ],
              [
                -105.5394150172,
                40.3017151376
              ],
              [
                -105.5393522187,
                40.3017156992
              ],
              [
                -105.5392896877,
                40.3017215095
              ],
              [
                -105.5392278601,
                40.3017325282
              ],
              [
                -105.5391671701,
                40.3017486766
              ],
              [
                -105.5391080429,
                40.3017698428
              ],
              [
                -105.5390508928,
                40.3017958788
              ],
              [
                -105.53899612,
                40.3018266016
              ],
              [
                -105.538944107,
                40.3018617966
              ],
              [
                -105.5385836111,
                40.3021442742
              ],
              [
                -105.5385473443,
                40.3021710982
              ],
              [
                -105.5385100141,
                40.3021964201
              ],
              [
                -105.5384716844,
                40.3022202011
              ],
              [
                -105.5384324165,
                40.3022423997
              ],
              [
                -105.538392277,
                40.3022629795
              ],
              [
                -105.5383513318,
                40.3022819067
              ],
              [
                -105.5383096493,
                40.3022991493
              ],
              [
                -105.5382672974,
                40.3023146789
              ],
              [
                -105.5370376377,
                40.3027465787
              ],
              [
                -105.5365023614,
                40.3028476187
              ],
              [
                -105.5353946631,
                40.3030575017
              ],
              [
                -105.5353816206,
                40.3030623229
              ],
              [
                -105.5353679941,
                40.303065088
              ],
              [
                -105.5353541038,
                40.3030657308
              ],
              [
                -105.5353402793,
                40.303064237
              ],
              [
                -105.5353268476,
                40.3030606428
              ],
              [
                -105.5353141251,
                40.303055031
              ],
              [
                -105.5353024135,
                40.303047535
              ],
              [
                -105.5352919895,
                40.3030383329
              ],
              [
                -105.5352830981,
                40.3030276421
              ],
              [
                -105.535275952,
                40.3030157148
              ],
              [
                -105.5352707176,
                40.3030028325
              ],
              [
                -105.5352675204,
                40.3029892999
              ],
              [
                -105.5352664355,
                40.3029754378
              ],
              [
                -105.5352674888,
                40.3029615725
              ],
              [
                -105.535270654,
                40.3029480336
              ],
              [
                -105.5352758578,
                40.3029351388
              ],
              [
                -105.5358138076,
                40.3022453252
              ],
              [
                -105.5358401391,
                40.3022096909
              ],
              [
                -105.5358645691,
                40.3021727267
              ],
              [
                -105.5358919861,
                40.3021671757
              ],
              [
                -105.5359183147,
                40.3021577266
              ],
              [
                -105.5359430042,
                40.3021445771
              ],
              [
                -105.5359655378,
                40.3021280013
              ],
              [
                -105.5359807523,
                40.3021133364
              ],
              [
                -105.5359929347,
                40.3020960678
              ],
              [
                -105.5360016481,
                40.3020768165
              ],
              [
                -105.5360065824,
                40.3020562688
              ],
              [
                -105.5360075616,
                40.3020351593
              ],
              [
                -105.5360045483,
                40.3020142428
              ],
              [
                -105.5359976513,
                40.3019942681
              ],
              [
                -105.5359871186,
                40.3019759485
              ],
              [
                -105.5359686827,
                40.3019559515
              ],
              [
                -105.5359477404,
                40.301938597
              ],
              [
                -105.5359246674,
                40.3019241967
              ],
              [
                -105.5358998761,
                40.3019130073
              ],
              [
                -105.5358738136,
                40.3019052327
              ],
              [
                -105.5358469455,
                40.301901009
              ],
              [
                -105.5358197542,
                40.3019004126
              ],
              [
                -105.535792727,
                40.3019034562
              ],
              [
                -105.5357749705,
                40.3019063116
              ],
              [
                -105.5357575901,
                40.3019109347
              ],
              [
                -105.5357407608,
                40.3019172781
              ],
              [
                -105.5357246542,
                40.3019252775
              ],
              [
                -105.5357094299,
                40.3019348528
              ],
              [
                -105.5356952434,
                40.3019459078
              ],
              [
                -105.535682238,
                40.3019583286
              ],
              [
                -105.5356705452,
                40.301971993
              ],
              [
                -105.5356615853,
                40.3019865871
              ],
              [
                -105.5356550155,
                40.3020024015
              ],
              [
                -105.5356509987,
                40.3020190489
              ],
              [
                -105.5356496338,
                40.302036119
              ],
              [
                -105.535650953,
                40.3020531931
              ],
              [
                -105.535654924,
                40.3020698511
              ],
              [
                -105.5356614501,
                40.302085683
              ],
              [
                -105.5356703709,
                40.3021003011
              ],
              [
                -105.535650412,
                40.3021305534
              ],
              [
                -105.5356288967,
                40.3021597187
              ],
              [
                -105.5350916706,
                40.30284977
              ],
              [
                -105.535076071,
                40.3028884455
              ],
              [
                -105.5350665829,
                40.3029290554
              ],
              [
                -105.535063432,
                40.3029706387
              ],
              [
                -105.5350666897,
                40.3030122141
              ],
              [
                -105.5350762819,
                40.3030527993
              ],
              [
                -105.5350919799,
                40.3030914348
              ],
              [
                -105.5351134136,
                40.3031272082
              ],
              [
                -105.5351400762,
                40.3031592743
              ],
              [
                -105.5351551762,
                40.3031736757
              ],
              [
                -105.5351713377,
                40.3031868743
              ],
              [
                -105.5351884669,
                40.3031987921
              ],
              [
                -105.5352064602,
                40.3032093589
              ],
              [
                -105.5352252134,
                40.3032185107
              ],
              [
                -105.5352446145,
                40.3032261933
              ],
              [
                -105.5352645478,
                40.3032323634
              ],
              [
                -105.5352848975,
                40.3032369831
              ],
              [
                -105.5353055416,
                40.3032400249
              ],
              [
                -105.5353263587,
                40.303241471
              ],
              [
                -105.5353472246,
                40.3032413129
              ],
              [
                -105.5353680167,
                40.3032395518
              ],
              [
                -105.5353886123,
                40.3032361979
              ],
              [
                -105.53540889,
                40.3032312711
              ],
              [
                -105.5354287286,
                40.3032248005
              ],
              [
                -105.53544801,
                40.3032168235
              ],
              [
                -105.536444868,
                40.3030278965
              ],
              [
                -105.5364559892,
                40.303023523
              ],
              [
                -105.5364676686,
                40.3030209941
              ],
              [
                -105.5364796022,
                40.3030203729
              ],
              [
                -105.5364914811,
                40.3030216775
              ],
              [
                -105.5365029965,
                40.3030248739
              ],
              [
                -105.5365138476,
                40.3030298791
              ],
              [
                -105.5365237544,
                40.3030365616
              ],
              [
                -105.5365324588,
                40.3030447491
              ],
              [
                -105.5365397344,
                40.3030542291
              ],
              [
                -105.5365453931,
                40.3030647546
              ],
              [
                -105.5365492873,
                40.3030760526
              ],
              [
                -105.5365513158,
                40.3030878291
              ],
              [
                -105.5365514257,
                40.3030997788
              ],
              [
                -105.5365496136,
                40.3031115915
              ],
              [
                -105.5365459279,
                40.3031229593
              ],
              [
                -105.5365404649,
                40.3031335871
              ],
              [
                -105.5360135295,
                40.3036985059
              ],
              [
                -105.5359978387,
                40.3037247092
              ],
              [
                -105.5359843004,
                40.3037520863
              ],
              [
                -105.5359730019,
                40.3037804609
              ],
              [
                -105.5359640157,
                40.3038096508
              ],
              [
                -105.5359573996,
                40.3038394669
              ],
              [
                -105.5359531976,
                40.3038697183
              ],
              [
                -105.5359514356,
                40.3039002084
              ],
              [
                -105.5359521246,
                40.3039307425
              ],
              [
                -105.5359552608,
                40.3039611227
              ],
              [
                -105.5359608239,
                40.3039911531
              ],
              [
                -105.5359687775,
                40.304020641
              ],
              [
                -105.5359790732,
                40.3040493952
              ],
              [
                -105.5359916398,
                40.3040772311
              ],
              [
                -105.5360063997,
                40.3041039697
              ],
              [
                -105.5360232556,
                40.304129437
              ],
              [
                -105.5360421024,
                40.3041534707
              ],
              [
                -105.5360628154,
                40.304175915
              ],
              [
                -105.536085261,
                40.3041966267
              ],
              [
                -105.536109298,
                40.3042154694
              ],
              [
                -105.5361347672,
                40.3042323232
              ],
              [
                -105.5361615065,
                40.3042470811
              ],
              [
                -105.5361893442,
                40.3042596457
              ],
              [
                -105.5362181,
                40.3042699365
              ],
              [
                -105.5362475875,
                40.3042778877
              ],
              [
                -105.5362776186,
                40.3042834482
              ],
              [
                -105.5363079998,
                40.3042865813
              ],
              [
                -105.536338533,
                40.3042872673
              ],
              [
                -105.5363690242,
                40.3042855018
              ],
              [
                -105.5363992735,
                40.3042812964
              ],
              [
                -105.53642909,
                40.3042746773
              ],
              [
                -105.5364582792,
                40.3042656888
              ],
              [
                -105.5364866518,
                40.3042543874
              ],
              [
                -105.5374047411,
                40.3041112844
              ],
              [
                -105.5374328488,
                40.3041030388
              ],
              [
                -105.5374618108,
                40.3040986624
              ],
              [
                -105.5374911,
                40.3040982356
              ],
              [
                -105.5375201782,
                40.3041017659
              ],
              [
                -105.5375485133,
                40.3041091887
              ],
              [
                -105.5375755886,
                40.3041203691
              ],
              [
                -105.5376009064,
                40.3041351007
              ],
              [
                -105.5376240029,
                40.3041531154
              ],
              [
                -105.5376444578,
                40.3041740826
              ],
              [
                -105.5376618944,
                40.3041976191
              ],
              [
                -105.5376759949,
                40.3042232941
              ],
              [
                -105.5376865008,
                40.3042506373
              ],
              [
                -105.5376932197,
                40.3042791474
              ],
              [
                -105.5376960297,
                40.3043083053
              ],
              [
                -105.5376948766,
                40.3043375741
              ],
              [
                -105.5376897845,
                40.3043664199
              ],
              [
                -105.5373538145,
                40.305056644
              ],
              [
                -105.5373292459,
                40.3051001126
              ],
              [
                -105.537299803,
                40.3051404399
              ],
              [
                -105.5367997247,
                40.3057511233
              ],
              [
                -105.5366624468,
                40.3059187624
              ],
              [
                -105.536645319,
                40.3059396775
              ],
              [
                -105.5366193671,
                40.3059754554
              ],
              [
                -105.5365989115,
                40.306014637
              ],
              [
                -105.5365843897,
                40.3060563829
              ],
              [
                -105.5365761128,
                40.3060998008
              ],
              [
                -105.5365256017,
                40.3065842527
              ],
              [
                -105.5365164834,
                40.3066717097
              ],
              [
                -105.5365153026,
                40.3067111022
              ],
              [
                -105.5365196503,
                40.3067502715
              ],
              [
                -105.5365294411,
                40.3067884455
              ],
              [
                -105.5365444813,
                40.3068248727
              ],
              [
                -105.5365460561,
                40.3068280379
              ],
              [
                -105.5366178468,
                40.3069710292
              ],
              [
                -105.5366497306,
                40.3070345342
              ],
              [
                -105.5366923201,
                40.3071193636
              ],
              [
                -105.5365654136,
                40.3071912399
              ],
              [
                -105.5361042944,
                40.307452404
              ],
              [
                -105.5359306921,
                40.307550727
              ],
              [
                -105.5357778311,
                40.3076941845
              ],
              [
                -105.535694056,
                40.3077728077
              ],
              [
                -105.5356695749,
                40.3077957811
              ],
              [
                -105.5356468415,
                40.307817116
              ],
              [
                -105.5350227523,
                40.3075103422
              ],
              [
                -105.533943754,
                40.3069799438
              ],
              [
                -105.5339432207,
                40.3069625635
              ],
              [
                -105.5338691857,
                40.304547682
              ],
              [
                -105.5338364515,
                40.3034798871
              ],
              [
                -105.5338253893,
                40.3033009501
              ],
              [
                -105.5336193196,
                40.299967657
              ],
              [
                -105.533619133,
                40.2999646316
              ]
            ]
          ],
          [
            [
              [
                -105.5451218996,
                40.3626394677
              ],
              [
                -105.5451088673,
                40.3626001255
              ],
              [
                -105.5450912827,
                40.3625470415
              ],
              [
                -105.5451189333,
                40.3625544053
              ],
              [
                -105.5453612266,
                40.3625581371
              ],
              [
                -105.5456276104,
                40.3625622409
              ],
              [
                -105.5456507258,
                40.3625625966
              ],
              [
                -105.5456774036,
                40.3625587617
              ],
              [
                -105.5456822206,
                40.3625580693
              ],
              [
                -105.5460367791,
                40.3625071036
              ],
              [
                -105.5462916416,
                40.3624484648
              ],
              [
                -105.5463015008,
                40.3624461963
              ],
              [
                -105.5466226749,
                40.3622893537
              ],
              [
                -105.5466623586,
                40.3622580709
              ],
              [
                -105.546774997,
                40.3621692784
              ],
              [
                -105.5468329022,
                40.3621217739
              ],
              [
                -105.5470589501,
                40.36193632
              ],
              [
                -105.5475543718,
                40.3615298628
              ],
              [
                -105.5477813416,
                40.3614755267
              ],
              [
                -105.5478410458,
                40.3614701894
              ],
              [
                -105.5479883487,
                40.3614570217
              ],
              [
                -105.5484277466,
                40.3615035471
              ],
              [
                -105.5487010786,
                40.3615324883
              ],
              [
                -105.5490103574,
                40.3614537629
              ],
              [
                -105.5492147119,
                40.3614017452
              ],
              [
                -105.5494609437,
                40.361435568
              ],
              [
                -105.5496821756,
                40.3613421977
              ],
              [
                -105.5497088473,
                40.3613079881
              ],
              [
                -105.5497142451,
                40.3613010637
              ],
              [
                -105.5498872076,
                40.3610792177
              ],
              [
                -105.5498572201,
                40.3608032161
              ],
              [
                -105.549781369,
                40.3604219091
              ],
              [
                -105.5498369686,
                40.3602952844
              ],
              [
                -105.5498598909,
                40.3602693797
              ],
              [
                -105.5498744251,
                40.3603067496
              ],
              [
                -105.5498942835,
                40.3603578064
              ],
              [
                -105.5499621836,
                40.3605323841
              ],
              [
                -105.5502577481,
                40.3612922986
              ],
              [
                -105.5508227279,
                40.362744854
              ],
              [
                -105.5508247997,
                40.3627501797
              ],
              [
                -105.5507032411,
                40.3627835725
              ],
              [
                -105.550581302,
                40.362815554
              ],
              [
                -105.550459001,
                40.3628461202
              ],
              [
                -105.5503363528,
                40.3628752645
              ],
              [
                -105.5496488077,
                40.3630365099
              ],
              [
                -105.5496484049,
                40.3630366041
              ],
              [
                -105.5485606158,
                40.3632907811
              ],
              [
                -105.547492884,
                40.3635402616
              ],
              [
                -105.5474075192,
                40.3635603437
              ],
              [
                -105.5462379782,
                40.3638354679
              ],
              [
                -105.5456716663,
                40.3639686812
              ],
              [
                -105.5451587111,
                40.3640893416
              ],
              [
                -105.5445713865,
                40.3642274931
              ],
              [
                -105.5444407251,
                40.364256751
              ],
              [
                -105.5443094698,
                40.3642832187
              ],
              [
                -105.5443015729,
                40.3642847221
              ],
              [
                -105.5442666544,
                40.3641877757
              ],
              [
                -105.5438582592,
                40.3630538964
              ],
              [
                -105.5438394672,
                40.3630017193
              ],
              [
                -105.5438991506,
                40.3629945167
              ],
              [
                -105.5451485496,
                40.362843716
              ],
              [
                -105.5451744839,
                40.3628405853
              ],
              [
                -105.5451879863,
                40.3628389561
              ],
              [
                -105.5451218996,
                40.3626394677
              ]
            ]
          ],
          [
            [
              [
                -105.5379849815,
                40.387071427
              ],
              [
                -105.5379839341,
                40.3870156813
              ],
              [
                -105.5381183086,
                40.3870156813
              ],
              [
                -105.5381285005,
                40.3870156808
              ],
              [
                -105.5381646158,
                40.3870156802
              ],
              [
                -105.5381504287,
                40.386876862
              ],
              [
                -105.5381488072,
                40.3868585905
              ],
              [
                -105.5381519538,
                40.3866640606
              ],
              [
                -105.5381555389,
                40.386545608
              ],
              [
                -105.538130852,
                40.3863807036
              ],
              [
                -105.5381276962,
                40.3862258022
              ],
              [
                -105.5381298861,
                40.3860521453
              ],
              [
                -105.53811498,
                40.3856538544
              ],
              [
                -105.5381119424,
                40.3854198848
              ],
              [
                -105.5381058915,
                40.3851580872
              ],
              [
                -105.5381029101,
                40.3849373029
              ],
              [
                -105.5380966985,
                40.3846741547
              ],
              [
                -105.5380993026,
                40.384543153
              ],
              [
                -105.5380961393,
                40.384332397
              ],
              [
                -105.5380901675,
                40.3840204605
              ],
              [
                -105.5380846762,
                40.3837275297
              ],
              [
                -105.5380831356,
                40.3834500707
              ],
              [
                -105.5380772813,
                40.3832800857
              ],
              [
                -105.5380092404,
                40.3832801452
              ],
              [
                -105.5375243341,
                40.383280568
              ],
              [
                -105.5375176517,
                40.3832805738
              ],
              [
                -105.5378973073,
                40.3827074912
              ],
              [
                -105.5380126682,
                40.3825333552
              ],
              [
                -105.5384279056,
                40.3826226148
              ],
              [
                -105.5391145516,
                40.3828524338
              ],
              [
                -105.5404975358,
                40.3833076855
              ],
              [
                -105.5405660144,
                40.3833302268
              ],
              [
                -105.5405975705,
                40.3833406144
              ],
              [
                -105.5406466984,
                40.3833554536
              ],
              [
                -105.5407487554,
                40.3833845122
              ],
              [
                -105.5408540576,
                40.3834110651
              ],
              [
                -105.5409905538,
                40.3834407962
              ],
              [
                -105.5413346337,
                40.3835072951
              ],
              [
                -105.541475299,
                40.3835344806
              ],
              [
                -105.5419619002,
                40.3836285216
              ],
              [
                -105.5426503698,
                40.3837831511
              ],
              [
                -105.5431189943,
                40.3838525894
              ],
              [
                -105.5435066547,
                40.3839331478
              ],
              [
                -105.5438036614,
                40.3840091598
              ],
              [
                -105.5438053942,
                40.3840492014
              ],
              [
                -105.5438095591,
                40.3841455138
              ],
              [
                -105.5438652714,
                40.3854334586
              ],
              [
                -105.546232525,
                40.3854367619
              ],
              [
                -105.5462411361,
                40.3846973736
              ],
              [
                -105.5473142773,
                40.3846801296
              ],
              [
                -105.5473137559,
                40.3847440298
              ],
              [
                -105.5473134582,
                40.3847804212
              ],
              [
                -105.547308973,
                40.3853287313
              ],
              [
                -105.5473336904,
                40.3853291705
              ],
              [
                -105.5475705746,
                40.3853333818
              ],
              [
                -105.547602746,
                40.385335372
              ],
              [
                -105.5481938484,
                40.385371944
              ],
              [
                -105.5485903977,
                40.3849473145
              ],
              [
                -105.5493439285,
                40.3843910042
              ],
              [
                -105.5502710149,
                40.3840298614
              ],
              [
                -105.551187232,
                40.3837948638
              ],
              [
                -105.5520013799,
                40.3833529572
              ],
              [
                -105.5520013316,
                40.3833723646
              ],
              [
                -105.551999832,
                40.3839743898
              ],
              [
                -105.5519989895,
                40.3840130745
              ],
              [
                -105.5519976184,
                40.384076022
              ],
              [
                -105.5519844662,
                40.3846796904
              ],
              [
                -105.5519841962,
                40.3846921173
              ],
              [
                -105.5519839697,
                40.3847024397
              ],
              [
                -105.5519603631,
                40.3859438745
              ],
              [
                -105.5519508016,
                40.3863267695
              ],
              [
                -105.5519501543,
                40.386352719
              ],
              [
                -105.5519474491,
                40.3863762997
              ],
              [
                -105.5519427087,
                40.3866508054
              ],
              [
                -105.551933382,
                40.3870242864
              ],
              [
                -105.5519698037,
                40.3895114943
              ],
              [
                -105.5519862062,
                40.3906315077
              ],
              [
                -105.5519828263,
                40.3907123992
              ],
              [
                -105.5519238349,
                40.3921241138
              ],
              [
                -105.5519068805,
                40.3925298596
              ],
              [
                -105.5518337571,
                40.3942796415
              ],
              [
                -105.5518334833,
                40.3942861957
              ],
              [
                -105.5473040558,
                40.3943102124
              ],
              [
                -105.5473041323,
                40.3943036893
              ],
              [
                -105.5473472155,
                40.390654427
              ],
              [
                -105.5473368233,
                40.3906544784
              ],
              [
                -105.5427082195,
                40.3906771585
              ],
              [
                -105.5380532018,
                40.3907009506
              ],
              [
                -105.538053079,
                40.390694431
              ],
              [
                -105.5379849815,
                40.387071427
              ]
            ]
          ],
          [
            [
              [
                -105.5114513035,
                40.394949056
              ],
              [
                -105.5114476463,
                40.3940569857
              ],
              [
                -105.5115828682,
                40.394057823
              ],
              [
                -105.5117479927,
                40.3940588425
              ],
              [
                -105.5117479927,
                40.3940583778
              ],
              [
                -105.511746841,
                40.3929727324
              ],
              [
                -105.5123685464,
                40.3929397193
              ],
              [
                -105.5125684016,
                40.3929273206
              ],
              [
                -105.5128970771,
                40.3928436099
              ],
              [
                -105.512907382,
                40.3928409851
              ],
              [
                -105.5129076127,
                40.3940595667
              ],
              [
                -105.5129076145,
                40.3940660029
              ],
              [
                -105.5124983515,
                40.3940634775
              ],
              [
                -105.5124982884,
                40.3940695265
              ],
              [
                -105.5124888681,
                40.3949692567
              ],
              [
                -105.513821463,
                40.3949733793
              ],
              [
                -105.5138213092,
                40.3949835281
              ],
              [
                -105.5138076601,
                40.3958829028
              ],
              [
                -105.5138075643,
                40.3958892332
              ],
              [
                -105.5138004009,
                40.3963613433
              ],
              [
                -105.5137996062,
                40.3964136447
              ],
              [
                -105.5137941499,
                40.3967732087
              ],
              [
                -105.5137872764,
                40.3972261048
              ],
              [
                -105.512556301,
                40.3972163034
              ],
              [
                -105.5124770768,
                40.3972156703
              ],
              [
                -105.5114590377,
                40.3972084304
              ],
              [
                -105.5113831808,
                40.3972078907
              ],
              [
                -105.5113832739,
                40.3972014932
              ],
              [
                -105.5113900547,
                40.3967376581
              ],
              [
                -105.5114513035,
                40.394949056
              ]
            ]
          ],
          [
            [
              [
                -105.6973909796,
                40.5537622575
              ],
              [
                -105.6958940541,
                40.5535235423
              ],
              [
                -105.6947265713,
                40.5532332766
              ],
              [
                -105.6939187547,
                40.5529588583
              ],
              [
                -105.6932306113,
                40.5526566886
              ],
              [
                -105.6925273504,
                40.5524987469
              ],
              [
                -105.691285297,
                40.5520242134
              ],
              [
                -105.6906422028,
                40.5518298638
              ],
              [
                -105.6899538092,
                40.551608757
              ],
              [
                -105.6892504297,
                40.5514372825
              ],
              [
                -105.6885918932,
                40.5513195906
              ],
              [
                -105.6883223893,
                40.5512761523
              ],
              [
                -105.6876483075,
                40.5512621475
              ],
              [
                -105.6869146255,
                40.5511944414
              ],
              [
                -105.6865553489,
                40.5512145954
              ],
              [
                -105.6858963999,
                40.5512004916
              ],
              [
                -105.6852974283,
                40.5510959402
              ],
              [
                -105.6852771369,
                40.551092036
              ],
              [
                -105.6846388083,
                40.5509692167
              ],
              [
                -105.684025355,
                40.5508557357
              ],
              [
                -105.6835314815,
                40.5506694725
              ],
              [
                -105.6831130844,
                40.5504647443
              ],
              [
                -105.6826343977,
                40.5502468573
              ],
              [
                -105.6822307207,
                40.5500375334
              ],
              [
                -105.6817176257,
                40.5497135483
              ],
              [
                -105.6817077196,
                40.5497072933
              ],
              [
                -105.6813833928,
                40.5494797677
              ],
              [
                -105.6813638847,
                40.5494660821
              ],
              [
                -105.6808412669,
                40.549063765
              ],
              [
                -105.6804378529,
                40.5486967803
              ],
              [
                -105.6799300056,
                40.5483304071
              ],
              [
                -105.6795166646,
                40.5480124791
              ],
              [
                -105.6795115576,
                40.5480085503
              ],
              [
                -105.6791009122,
                40.5478031877
              ],
              [
                -105.6790931418,
                40.5477993023
              ],
              [
                -105.6787645179,
                40.5474543931
              ],
              [
                -105.6787203505,
                40.5472834847
              ],
              [
                -105.6785867693,
                40.5469194103
              ],
              [
                -105.6785738962,
                40.5468624595
              ],
              [
                -105.6784983041,
                40.5465280456
              ],
              [
                -105.6782755445,
                40.5459572912
              ],
              [
                -105.6780519585,
                40.5456703205
              ],
              [
                -105.6778286652,
                40.5453022673
              ],
              [
                -105.6776652118,
                40.544866297
              ],
              [
                -105.6771276594,
                40.5444775623
              ],
              [
                -105.6767989968,
                40.54423625
              ],
              [
                -105.6764261925,
                40.5437519557
              ],
              [
                -105.676277934,
                40.5432843629
              ],
              [
                -105.6761145723,
                40.5429294691
              ],
              [
                -105.6757869166,
                40.5423097756
              ],
              [
                -105.6757733763,
                40.5419540044
              ],
              [
                -105.6756995397,
                40.5416571436
              ],
              [
                -105.6755360446,
                40.5413247717
              ],
              [
                -105.6753719715,
                40.5411185273
              ],
              [
                -105.6751780172,
                40.540876421
              ],
              [
                -105.6749247689,
                40.5405355646
              ],
              [
                -105.6747775091,
                40.5403764023
              ],
              [
                -105.6747755427,
                40.5403742771
              ],
              [
                -105.67444648,
                40.5402005255
              ],
              [
                -105.6739975709,
                40.5401085518
              ],
              [
                -105.6739184606,
                40.5401288322
              ],
              [
                -105.6736379612,
                40.5402007379
              ],
              [
                -105.6733831582,
                40.5402562762
              ],
              [
                -105.6730276894,
                40.5401780892
              ],
              [
                -105.6730240521,
                40.5401772891
              ],
              [
                -105.6729059867,
                40.5400756062
              ],
              [
                -105.672904567,
                40.5400743831
              ],
              [
                -105.6726357903,
                40.5399137882
              ],
              [
                -105.6722766511,
                40.5397942588
              ],
              [
                -105.6720369487,
                40.5397731312
              ],
              [
                -105.6717672388,
                40.5398512745
              ],
              [
                -105.6714981808,
                40.5397357235
              ],
              [
                -105.6714190568,
                40.5396940124
              ],
              [
                -105.6713104227,
                40.5396367446
              ],
              [
                -105.6713037939,
                40.5396332516
              ],
              [
                -105.6711095613,
                40.5394722209
              ],
              [
                -105.6708860173,
                40.53922127
              ],
              [
                -105.6707519324,
                40.53905989
              ],
              [
                -105.6706774533,
                40.538844109
              ],
              [
                -105.6705885303,
                40.5386599428
              ],
              [
                -105.6706342,
                40.5384659885
              ],
              [
                -105.6707448493,
                40.5382303084
              ],
              [
                -105.6707635563,
                40.5381904663
              ],
              [
                -105.6707696939,
                40.5381769167
              ],
              [
                -105.6710257289,
                40.5378015632
              ],
              [
                -105.6711763304,
                40.5375844752
              ],
              [
                -105.6711923913,
                40.5371970005
              ],
              [
                -105.670954323,
                40.5367839765
              ],
              [
                -105.6708654749,
                40.5364962082
              ],
              [
                -105.6707468766,
                40.5362221257
              ],
              [
                -105.670627712,
                40.5360021002
              ],
              [
                -105.6705688774,
                40.5357637072
              ],
              [
                -105.6705090982,
                40.5356154076
              ],
              [
                -105.6704049083,
                40.5354538517
              ],
              [
                -105.6702261159,
                40.53521165
              ],
              [
                -105.6700923301,
                40.5350052214
              ],
              [
                -105.6694502665,
                40.5344098534
              ],
              [
                -105.6692351378,
                40.5342683175
              ],
              [
                -105.6692263017,
                40.5342625049
              ],
              [
                -105.668942286,
                40.5341245124
              ],
              [
                -105.6684034979,
                40.5340060104
              ],
              [
                -105.6679844556,
                40.533981407
              ],
              [
                -105.667475735,
                40.5338807453
              ],
              [
                -105.6672101179,
                40.5337666494
              ],
              [
                -105.6672067063,
                40.5337651839
              ],
              [
                -105.6668483933,
                40.5335014899
              ],
              [
                -105.6666544138,
                40.5332143255
              ],
              [
                -105.6664757994,
                40.5329135588
              ],
              [
                -105.6663716797,
                40.5327204682
              ],
              [
                -105.6663430547,
                40.532400819
              ],
              [
                -105.666284927,
                40.5318966559
              ],
              [
                -105.6661811134,
                40.5316224839
              ],
              [
                -105.6662122022,
                40.5313340214
              ],
              [
                -105.6660938465,
                40.5309698447
              ],
              [
                -105.6659302018,
                40.530614937
              ],
              [
                -105.6657369205,
                40.5302106516
              ],
              [
                -105.6653640136,
                40.5298119041
              ],
              [
                -105.6651849622,
                40.5296147388
              ],
              [
                -105.6649464941,
                40.5293413418
              ],
              [
                -105.6646479793,
                40.5290772968
              ],
              [
                -105.6645191042,
                40.5289567924
              ],
              [
                -105.6645139185,
                40.5289519431
              ],
              [
                -105.6642296412,
                40.528858985
              ],
              [
                -105.6636312699,
                40.5287543161
              ],
              [
                -105.6628826841,
                40.5286820375
              ],
              [
                -105.6622840077,
                40.5286584435
              ],
              [
                -105.6618793995,
                40.5286713436
              ],
              [
                -105.6615950143,
                40.5286804095
              ],
              [
                -105.6612804603,
                40.5287722991
              ],
              [
                -105.6608759022,
                40.528828667
              ],
              [
                -105.6605468261,
                40.5287945129
              ],
              [
                -105.6602475038,
                40.5287466745
              ],
              [
                -105.6598601496,
                40.5285874011
              ],
              [
                -105.6598585311,
                40.5285867369
              ],
              [
                -105.6595242814,
                40.5283607613
              ],
              [
                -105.659514971,
                40.5283544675
              ],
              [
                -105.6590664409,
                40.5282534245
              ],
              [
                -105.6583776001,
                40.5282528471
              ],
              [
                -105.6580182329,
                40.5282143537
              ],
              [
                -105.6575994391,
                40.5281356585
              ],
              [
                -105.6570759771,
                40.5280305288
              ],
              [
                -105.6568453156,
                40.5279733896
              ],
              [
                -105.6567915648,
                40.5279600753
              ],
              [
                -105.6564774735,
                40.5279483476
              ],
              [
                -105.6561922993,
                40.5280265425
              ],
              [
                -105.6560954694,
                40.5280707281
              ],
              [
                -105.6558624477,
                40.5281770608
              ],
              [
                -105.6555322967,
                40.5283726263
              ],
              [
                -105.6552472582,
                40.5285409075
              ],
              [
                -105.6548572043,
                40.5287232961
              ],
              [
                -105.6545573795,
                40.5288511194
              ],
              [
                -105.6543025833,
                40.528942652
              ],
              [
                -105.6541528845,
                40.5289525082
              ],
              [
                -105.6538829789,
                40.5290080899
              ],
              [
                -105.6530286294,
                40.5293282313
              ],
              [
                -105.6527582527,
                40.529487415
              ],
              [
                -105.6522333722,
                40.5296930795
              ],
              [
                -105.65172273,
                40.529997757
              ],
              [
                -105.6513927751,
                40.5302158314
              ],
              [
                -105.6511673135,
                40.5303657476
              ],
              [
                -105.6508370731,
                40.5305928322
              ],
              [
                -105.6504772291,
                40.5308110718
              ],
              [
                -105.6499665494,
                40.5311517775
              ],
              [
                -105.6498767239,
                40.5312108414
              ],
              [
                -105.6496663379,
                40.5313561667
              ],
              [
                -105.6491710607,
                40.5316877734
              ],
              [
                -105.6486759511,
                40.5319608211
              ],
              [
                -105.6481962887,
                40.5320761238
              ],
              [
                -105.6476566378,
                40.5322458141
              ],
              [
                -105.6467123678,
                40.5325078566
              ],
              [
                -105.6461875986,
                40.5326909698
              ],
              [
                -105.6456328102,
                40.5328607364
              ],
              [
                -105.6452431629,
                40.532975523
              ],
              [
                -105.6447636226,
                40.5330277502
              ],
              [
                -105.6443891915,
                40.5330748819
              ],
              [
                -105.6443124387,
                40.5330423541
              ],
              [
                -105.6437983211,
                40.5328244657
              ],
              [
                -105.6437912332,
                40.5328214623
              ],
              [
                -105.6434183111,
                40.5324091311
              ],
              [
                -105.642985708,
                40.53200614
              ],
              [
                -105.6424484593,
                40.5316172413
              ],
              [
                -105.642074972,
                40.5313760777
              ],
              [
                -105.6416806894,
                40.5311050174
              ],
              [
                -105.6416719955,
                40.5310990415
              ],
              [
                -105.6414772846,
                40.5310325567
              ],
              [
                -105.6413280396,
                40.5309748265
              ],
              [
                -105.6411783584,
                40.5309486299
              ],
              [
                -105.6406842082,
                40.5309378586
              ],
              [
                -105.640678371,
                40.5309392438
              ],
              [
                -105.6399648689,
                40.5311085097
              ],
              [
                -105.6396052188,
                40.5311960854
              ],
              [
                -105.6391856262,
                40.5312659739
              ],
              [
                -105.6384965029,
                40.5313553685
              ],
              [
                -105.6378228419,
                40.5313635933
              ],
              [
                -105.6372684243,
                40.5314567416
              ],
              [
                -105.6369084421,
                40.5315488143
              ],
              [
                -105.6363239106,
                40.5316961777
              ],
              [
                -105.6359642517,
                40.5317837423
              ],
              [
                -105.6355296667,
                40.5319077533
              ],
              [
                -105.6350647972,
                40.5320679647
              ],
              [
                -105.6346299673,
                40.5322054875
              ],
              [
                -105.6343752159,
                40.5323059843
              ],
              [
                -105.634000154,
                40.5324431756
              ],
              [
                -105.6335500651,
                40.5325672645
              ],
              [
                -105.6330403006,
                40.5327412281
              ],
              [
                -105.6326653188,
                40.532887423
              ],
              [
                -105.6323505783,
                40.5329657224
              ],
              [
                -105.6319156514,
                40.5330942258
              ],
              [
                -105.6314063098,
                40.5331961071
              ],
              [
                -105.6307316506,
                40.5333754654
              ],
              [
                -105.6303418701,
                40.5335577703
              ],
              [
                -105.6298017927,
                40.53372738
              ],
              [
                -105.6292766169,
                40.5339914981
              ],
              [
                -105.6288563091,
                40.5342640532
              ],
              [
                -105.6283762053,
                40.5344558523
              ],
              [
                -105.6278060883,
                40.5347292179
              ],
              [
                -105.627431368,
                40.5348663871
              ],
              [
                -105.6267870133,
                40.5350140259
              ],
              [
                -105.6264121874,
                40.5350611024
              ],
              [
                -105.6257683747,
                40.5350690961
              ],
              [
                -105.6252741198,
                40.5350897895
              ],
              [
                -105.6249445513,
                40.5351231038
              ],
              [
                -105.6243751993,
                40.5352027574
              ],
              [
                -105.6240006156,
                40.5352363119
              ],
              [
                -105.6239858565,
                40.535236392
              ],
              [
                -105.6236409288,
                40.5353643785
              ],
              [
                -105.6233102859,
                40.5356003941
              ],
              [
                -105.623174466,
                40.5358758965
              ],
              [
                -105.6231434695,
                40.5361147993
              ],
              [
                -105.6232020657,
                40.5364252889
              ],
              [
                -105.6232608556,
                40.5366772212
              ],
              [
                -105.6233641969,
                40.5370775596
              ],
              [
                -105.6234469107,
                40.5374419719
              ],
              [
                -105.6234815389,
                40.5375949371
              ],
              [
                -105.6234907179,
                40.5376649405
              ],
              [
                -105.623525217,
                40.5379280293
              ],
              [
                -105.6234938668,
                40.5382480133
              ],
              [
                -105.6233577216,
                40.5385685641
              ],
              [
                -105.6233108566,
                40.5390462868
              ],
              [
                -105.6231899845,
                40.5392631523
              ],
              [
                -105.6229797319,
                40.5394714905
              ],
              [
                -105.6228143225,
                40.5396210288
              ],
              [
                -105.6224090692,
                40.5398123985
              ],
              [
                -105.6223455437,
                40.5398272066
              ],
              [
                -105.6219145465,
                40.5399276727
              ],
              [
                -105.6215241623,
                40.5400513919
              ],
              [
                -105.6209099549,
                40.5401537924
              ],
              [
                -105.6204149802,
                40.5403005929
              ],
              [
                -105.620025443,
                40.5403567382
              ],
              [
                -105.6195460323,
                40.5403908399
              ],
              [
                -105.6190369675,
                40.5403305062
              ],
              [
                -105.6190307714,
                40.5403292408
              ],
              [
                -105.6186931335,
                40.5402602778
              ],
              [
                -105.6179896862,
                40.5401694491
              ],
              [
                -105.6173757048,
                40.5400961563
              ],
              [
                -105.6168073149,
                40.5400045984
              ],
              [
                -105.6165998095,
                40.539977802
              ],
              [
                -105.6161038725,
                40.5399137583
              ],
              [
                -105.6156700469,
                40.5398079643
              ],
              [
                -105.6150273634,
                40.5395411208
              ],
              [
                -105.614653765,
                40.5393223921
              ],
              [
                -105.6142655328,
                40.5391172522
              ],
              [
                -105.6138319178,
                40.5389123522
              ],
              [
                -105.6135927669,
                40.5388280376
              ],
              [
                -105.6133981027,
                40.5388065494
              ],
              [
                -105.6129793755,
                40.5387367015
              ],
              [
                -105.6129631409,
                40.5387367866
              ],
              [
                -105.6129061039,
                40.5387322769
              ],
              [
                -105.6128979347,
                40.5387316316
              ],
              [
                -105.6122157243,
                40.5386776876
              ],
              [
                -105.6114370255,
                40.5387088372
              ],
              [
                -105.610089424,
                40.5386709166
              ],
              [
                -105.6092213542,
                40.5385313548
              ],
              [
                -105.6085180184,
                40.5384494758
              ],
              [
                -105.6081278481,
                40.5384301993
              ],
              [
                -105.6080236944,
                40.538425053
              ],
              [
                -105.6074702566,
                40.5383108491
              ],
              [
                -105.6068270336,
                40.5381835991
              ],
              [
                -105.606662508,
                40.5381484285
              ],
              [
                -105.6058696032,
                40.5379949326
              ],
              [
                -105.6051208476,
                40.5379493089
              ],
              [
                -105.6047914204,
                40.5379600424
              ],
              [
                -105.604294936,
                40.5380190302
              ],
              [
                -105.6041172274,
                40.5380401439
              ],
              [
                -105.6034429446,
                40.5381517748
              ],
              [
                -105.6031142653,
                40.5382028765
              ],
              [
                -105.602933318,
                40.5382310105
              ],
              [
                -105.6021094365,
                40.5382848558
              ],
              [
                -105.6016155312,
                40.5382243663
              ],
              [
                -105.600972453,
                40.538029517
              ],
              [
                -105.6001501788,
                40.5378085685
              ],
              [
                -105.5997241734,
                40.5375627374
              ],
              [
                -105.5997169514,
                40.5375585699
              ],
              [
                -105.5992840704,
                40.537222983
              ],
              [
                -105.5990917871,
                40.5370083255
              ],
              [
                -105.5990511271,
                40.5369629326
              ],
              [
                -105.5989266432,
                40.5368239408
              ],
              [
                -105.5987488415,
                40.5363744183
              ],
              [
                -105.5986157125,
                40.5360102481
              ],
              [
                -105.5985123356,
                40.5357134894
              ],
              [
                -105.5984088714,
                40.5354482634
              ],
              [
                -105.5983201357,
                40.5351379166
              ],
              [
                -105.5982761825,
                40.5349669752
              ],
              [
                -105.5982771225,
                40.5347822877
              ],
              [
                -105.598294274,
                40.5343047276
              ],
              [
                -105.5982649908,
                40.5341652419
              ],
              [
                -105.5981616194,
                40.5338684841
              ],
              [
                -105.5981782588,
                40.5334990324
              ],
              [
                -105.59808926,
                40.5332832801
              ],
              [
                -105.5979560056,
                40.5329866757
              ],
              [
                -105.5977178945,
                40.5326410661
              ],
              [
                -105.5973902967,
                40.5322733946
              ],
              [
                -105.5972412739,
                40.532112006
              ],
              [
                -105.5970627924,
                40.5318741915
              ],
              [
                -105.5968390431,
                40.5316906662
              ],
              [
                -105.5966301814,
                40.5314800364
              ],
              [
                -105.5964362692,
                40.5313323898
              ],
              [
                -105.5962059629,
                40.5311771028
              ],
              [
                -105.5961975961,
                40.5311714617
              ],
              [
                -105.5959286178,
                40.5310467243
              ],
              [
                -105.5955544813,
                40.5309630692
              ],
              [
                -105.5950457981,
                40.5308936189
              ],
              [
                -105.594641647,
                40.5308371413
              ],
              [
                -105.5942981069,
                40.5307082806
              ],
              [
                -105.5941188185,
                40.5306281224
              ],
              [
                -105.5938501771,
                40.5305260919
              ],
              [
                -105.5938496779,
                40.5305259037
              ],
              [
                -105.5935810083,
                40.5303516106
              ],
              [
                -105.5933722012,
                40.5301454787
              ],
              [
                -105.593253928,
                40.5298713138
              ],
              [
                -105.5931055055,
                40.529525233
              ],
              [
                -105.5928537204,
                40.5289634684
              ],
              [
                -105.5928999711,
                40.528643415
              ],
              [
                -105.5928779574,
                40.5285545014
              ],
              [
                -105.5928119799,
                40.5282880163
              ],
              [
                -105.5928139821,
                40.5278871094
              ],
              [
                -105.5928455653,
                40.5275356002
              ],
              [
                -105.592922432,
                40.5270892646
              ],
              [
                -105.5929538568,
                40.5267197385
              ],
              [
                -105.5929106549,
                40.5264226669
              ],
              [
                -105.5928759591,
                40.5263614247
              ],
              [
                -105.5927172723,
                40.5260813203
              ],
              [
                -105.5925235669,
                40.5258706041
              ],
              [
                -105.5922642021,
                40.5256934392
              ],
              [
                -105.5922552111,
                40.5256872971
              ],
              [
                -105.5919111994,
                40.5255854579
              ],
              [
                -105.5912074801,
                40.5256521235
              ],
              [
                -105.5907725349,
                40.5257399317
              ],
              [
                -105.5905330251,
                40.5257321474
              ],
              [
                -105.5903113844,
                40.5256976646
              ],
              [
                -105.5903087725,
                40.5256972581
              ],
              [
                -105.5902192304,
                40.5256256438
              ],
              [
                -105.5902050135,
                40.5254770705
              ],
              [
                -105.5901616268,
                40.5251574743
              ],
              [
                -105.5901334194,
                40.5248017669
              ],
              [
                -105.5900603762,
                40.5244237661
              ],
              [
                -105.5901363481,
                40.5241260835
              ],
              [
                -105.5899733162,
                40.5237935871
              ],
              [
                -105.5899301033,
                40.523451469
              ],
              [
                -105.5897823991,
                40.5230152913
              ],
              [
                -105.58954488,
                40.5226020928
              ],
              [
                -105.5892181461,
                40.5220271895
              ],
              [
                -105.5890995081,
                40.5218341021
              ],
              [
                -105.5890054812,
                40.5216409037
              ],
              [
                -105.5888917612,
                40.5214072377
              ],
              [
                -105.5887352541,
                40.5213077082
              ],
              [
                -105.5887250102,
                40.5213011944
              ],
              [
                -105.5885436401,
                40.5211858521
              ],
              [
                -105.5885333935,
                40.5211793359
              ],
              [
                -105.5880734525,
                40.5208007147
              ],
              [
                -105.5880711388,
                40.5207988104
              ],
              [
                -105.5878232171,
                40.5206547669
              ],
              [
                -105.5878175164,
                40.5206514543
              ],
              [
                -105.5872651782,
                40.5202623745
              ],
              [
                -105.5870714533,
                40.5200876853
              ],
              [
                -105.5867935736,
                40.519894871
              ],
              [
                -105.586787891,
                40.5198909289
              ],
              [
                -105.5863997388,
                40.519672182
              ],
              [
                -105.5860862467,
                40.5195116112
              ],
              [
                -105.5856377415,
                40.5193517247
              ],
              [
                -105.5852789786,
                40.5192454346
              ],
              [
                -105.5847557886,
                40.5191084462
              ],
              [
                -105.5839783772,
                40.5189231899
              ],
              [
                -105.5834397773,
                40.5187952821
              ],
              [
                -105.5830659577,
                40.5187386112
              ],
              [
                -105.5826319151,
                40.5187137731
              ],
              [
                -105.5822425278,
                40.5187337538
              ],
              [
                -105.5815836015,
                40.5187686028
              ],
              [
                -105.5810448158,
                40.5187893316
              ],
              [
                -105.58049106,
                40.5187425662
              ],
              [
                -105.5797872651,
                40.518750603
              ],
              [
                -105.5794581028,
                40.5187387408
              ],
              [
                -105.5789190633,
                40.5187729743
              ],
              [
                -105.5784697214,
                40.51877072
              ],
              [
                -105.5780507261,
                40.5187367812
              ],
              [
                -105.577557728,
                40.5185050146
              ],
              [
                -105.5773338405,
                40.5183800077
              ],
              [
                -105.5768562091,
                40.5180896031
              ],
              [
                -105.5764912129,
                40.5178754349
              ],
              [
                -105.5764832233,
                40.5178707476
              ],
              [
                -105.57618493,
                40.5176289935
              ],
              [
                -105.5757082721,
                40.5171493914
              ],
              [
                -105.5754102372,
                40.516894121
              ],
              [
                -105.5751568162,
                40.5166791693
              ],
              [
                -105.5748008796,
                40.5163807154
              ],
              [
                -105.5747990129,
                40.5163791503
              ],
              [
                -105.5742251831,
                40.5160400811
              ],
              [
                -105.5742169239,
                40.5160352015
              ],
              [
                -105.5735764116,
                40.5155074262
              ],
              [
                -105.5735757214,
                40.5155068585
              ],
              [
                -105.5728147416,
                40.51503316
              ],
              [
                -105.5721132115,
                40.5146087117
              ],
              [
                -105.5717847139,
                40.5144121419
              ],
              [
                -105.5701018756,
                40.5134496401
              ],
              [
                -105.5700981504,
                40.5134475096
              ],
              [
                -105.5693142833,
                40.5129201345
              ],
              [
                -105.5693072124,
                40.5129153773
              ],
              [
                -105.5684032449,
                40.5124145147
              ],
              [
                -105.5683966389,
                40.5124108546
              ],
              [
                -105.567625947,
                40.5118056999
              ],
              [
                -105.5676213104,
                40.5118020592
              ],
              [
                -105.5666848293,
                40.511322112
              ],
              [
                -105.5666810799,
                40.5113201906
              ],
              [
                -105.5661437719,
                40.5109399452
              ],
              [
                -105.5656824302,
                40.5104692348
              ],
              [
                -105.5647748169,
                40.5093430526
              ],
              [
                -105.5646114082,
                40.5090780885
              ],
              [
                -105.5643890726,
                40.5086917897
              ],
              [
                -105.5641364675,
                40.5083461792
              ],
              [
                -105.5637944706,
                40.5078523564
              ],
              [
                -105.5632732968,
                40.5073233704
              ],
              [
                -105.5627221225,
                40.506866599
              ],
              [
                -105.5623646063,
                40.5065440182
              ],
              [
                -105.5620298731,
                40.5063173794
              ],
              [
                -105.5620211238,
                40.5063114559
              ],
              [
                -105.5613790821,
                40.5060578219
              ],
              [
                -105.5609305523,
                40.5059654064
              ],
              [
                -105.5601529927,
                40.5058250344
              ],
              [
                -105.5596596438,
                40.5056652641
              ],
              [
                -105.5593273895,
                40.5056001405
              ],
              [
                -105.5585831237,
                40.505454258
              ],
              [
                -105.557974729,
                40.5054978713
              ],
              [
                -105.5576398496,
                40.5055218766
              ],
              [
                -105.5569210011,
                40.5056109276
              ],
              [
                -105.5555734642,
                40.5056759716
              ],
              [
                -105.5549744009,
                40.5057554261
              ],
              [
                -105.5542099997,
                40.5059122475
              ],
              [
                -105.5537305035,
                40.5060001306
              ],
              [
                -105.5529666487,
                40.5060893732
              ],
              [
                -105.5522029741,
                40.5061560867
              ],
              [
                -105.55161884,
                40.5062129309
              ],
              [
                -105.55092996,
                40.5063153155
              ],
              [
                -105.5504208789,
                40.5063492724
              ],
              [
                -105.5499713594,
                40.5064505109
              ],
              [
                -105.5489964448,
                40.5068019907
              ],
              [
                -105.5485915479,
                40.506903012
              ],
              [
                -105.548141576,
                40.5070853262
              ],
              [
                -105.547362126,
                40.5073457746
              ],
              [
                -105.5466721129,
                40.5075832743
              ],
              [
                -105.5460122586,
                40.5078566632
              ],
              [
                -105.5455620871,
                40.5080614894
              ],
              [
                -105.5450814779,
                40.5083340263
              ],
              [
                -105.5445268166,
                40.5084807841
              ],
              [
                -105.5442270194,
                40.5085812949
              ],
              [
                -105.5438377869,
                40.5086146583
              ],
              [
                -105.5432840614,
                40.5086037496
              ],
              [
                -105.5427444105,
                40.5086918698
              ],
              [
                -105.5423092679,
                40.5089326503
              ],
              [
                -105.541724156,
                40.509147104
              ],
              [
                -105.5411840678,
                40.5094108946
              ],
              [
                -105.5409586883,
                40.5095470847
              ],
              [
                -105.5404633752,
                40.509783634
              ],
              [
                -105.5402236221,
                40.5098298008
              ],
              [
                -105.5397144291,
                40.5098997468
              ],
              [
                -105.5392197533,
                40.5100326844
              ],
              [
                -105.5389349925,
                40.5101241033
              ],
              [
                -105.5387849377,
                40.5101788566
              ],
              [
                -105.538754336,
                40.5103186375
              ],
              [
                -105.5386782401,
                40.5105352071
              ],
              [
                -105.5384515656,
                40.5108335586
              ],
              [
                -105.5380605199,
                40.5111957387
              ],
              [
                -105.5377893185,
                40.5115078091
              ],
              [
                -105.5375333629,
                40.511743232
              ],
              [
                -105.5370974507,
                40.5121236345
              ],
              [
                -105.5368717472,
                40.5123138711
              ],
              [
                -105.5363909187,
                40.5126133987
              ],
              [
                -105.5358950232,
                40.512967048
              ],
              [
                -105.5354293457,
                40.5132710074
              ],
              [
                -105.5350387768,
                40.5135115522
              ],
              [
                -105.5344532474,
                40.5138205665
              ],
              [
                -105.5340180038,
                40.5140568102
              ],
              [
                -105.5336722488,
                40.5142746227
              ],
              [
                -105.5332219852,
                40.5145244468
              ],
              [
                -105.5330115054,
                40.5146830741
              ],
              [
                -105.5328014051,
                40.5147966552
              ],
              [
                -105.5325605918,
                40.5149914565
              ],
              [
                -105.5320798794,
                40.5152639396
              ],
              [
                -105.5315554151,
                40.5154150008
              ],
              [
                -105.5307158464,
                40.5156035422
              ],
              [
                -105.5298314844,
                40.5158193108
              ],
              [
                -105.5288878416,
                40.5159092191
              ],
              [
                -105.5282438086,
                40.5159617147
              ],
              [
                -105.5271815913,
                40.5158899881
              ],
              [
                -105.5265981186,
                40.5157620189
              ],
              [
                -105.5257008072,
                40.5156444843
              ],
              [
                -105.5244436405,
                40.5155961433
              ],
              [
                -105.5235150305,
                40.5156273809
              ],
              [
                -105.5228855927,
                40.5157068062
              ],
              [
                -105.5221960568,
                40.5158855991
              ],
              [
                -105.5221671696,
                40.5158971769
              ],
              [
                -105.5219595937,
                40.5159803747
              ],
              [
                -105.5218209586,
                40.51603594
              ],
              [
                -105.5210705964,
                40.5163636484
              ],
              [
                -105.5207253519,
                40.5165588977
              ],
              [
                -105.5201550329,
                40.5167956968
              ],
              [
                -105.5198542229,
                40.5170132656
              ],
              [
                -105.5194936175,
                40.5172265983
              ],
              [
                -105.5192226602,
                40.5174890752
              ],
              [
                -105.5190265859,
                40.5177512149
              ],
              [
                -105.5188909582,
                40.5179590297
              ],
              [
                -105.5186492688,
                40.5183339849
              ],
              [
                -105.518513292,
                40.5184967558
              ],
              [
                -105.5183777393,
                40.5186189849
              ],
              [
                -105.5181824405,
                40.5187910297
              ],
              [
                -105.5179719448,
                40.5189541353
              ],
              [
                -105.5177314302,
                40.5190993561
              ],
              [
                -105.5175512967,
                40.5191812438
              ],
              [
                -105.5173963332,
                40.5191988838
              ],
              [
                -105.5173843058,
                40.5192002532
              ],
              [
                -105.5173837761,
                40.519061754
              ],
              [
                -105.5173744991,
                40.5189005758
              ],
              [
                -105.517275808,
                40.5171858456
              ],
              [
                -105.5171882253,
                40.5156640714
              ],
              [
                -105.5169925817,
                40.5122663856
              ],
              [
                -105.5168828814,
                40.5103234562
              ],
              [
                -105.5168008686,
                40.5088708446
              ],
              [
                -105.5166867828,
                40.5068487905
              ],
              [
                -105.5166867811,
                40.5068487511
              ],
              [
                -105.5166852004,
                40.5068207248
              ],
              [
                -105.516609294,
                40.5054752981
              ],
              [
                -105.5164173806,
                40.5020788518
              ],
              [
                -105.5163219898,
                40.5003916234
              ],
              [
                -105.5162253591,
                40.498682398
              ],
              [
                -105.5161392038,
                40.4971520485
              ],
              [
                -105.5160341707,
                40.4952862928
              ],
              [
                -105.5159163107,
                40.4931951492
              ],
              [
                -105.5158427697,
                40.4918902759
              ],
              [
                -105.5157688258,
                40.4905786771
              ],
              [
                -105.5156512613,
                40.4884932653
              ],
              [
                -105.5155538797,
                40.4867678081
              ],
              [
                -105.5154595393,
                40.4850961645
              ],
              [
                -105.5153483602,
                40.4831240843
              ],
              [
                -105.5152680817,
                40.4817000518
              ],
              [
                -105.5150765132,
                40.4783039371
              ],
              [
                -105.515013755,
                40.4771929804
              ],
              [
                -105.5148846316,
                40.4749068281
              ],
              [
                -105.5146926334,
                40.4715097094
              ],
              [
                -105.5145007941,
                40.4681135059
              ],
              [
                -105.5144128501,
                40.4665574708
              ],
              [
                -105.5143088513,
                40.4647172927
              ],
              [
                -105.5141163343,
                40.4613201793
              ],
              [
                -105.5139238368,
                40.4579230629
              ],
              [
                -105.5138293439,
                40.4562546692
              ],
              [
                -105.513731485,
                40.4545267542
              ],
              [
                -105.513539037,
                40.4511305338
              ],
              [
                -105.5133477825,
                40.4477334036
              ],
              [
                -105.5131565499,
                40.4443361823
              ],
              [
                -105.5129653434,
                40.4409398584
              ],
              [
                -105.512965179,
                40.4409377005
              ],
              [
                -105.5127117868,
                40.4376024611
              ],
              [
                -105.5127073047,
                40.4375434676
              ],
              [
                -105.5127077848,
                40.437532701
              ],
              [
                -105.5128683348,
                40.4339316491
              ],
              [
                -105.512868336,
                40.4339316131
              ],
              [
                -105.5079539233,
                40.4338596227
              ],
              [
                -105.5079187466,
                40.4338591079
              ],
              [
                -105.5031176046,
                40.4337701503
              ],
              [
                -105.4983986381,
                40.4337177718
              ],
              [
                -105.4936368044,
                40.4336275312
              ],
              [
                -105.4935834468,
                40.4336265191
              ],
              [
                -105.4936743349,
                40.4299336113
              ],
              [
                -105.4936744511,
                40.4299288879
              ],
              [
                -105.4936745495,
                40.429924872
              ],
              [
                -105.4937616142,
                40.4263171015
              ],
              [
                -105.4937616168,
                40.4263170403
              ],
              [
                -105.4937617791,
                40.4263103262
              ],
              [
                -105.4937619405,
                40.4263035063
              ],
              [
                -105.4937626472,
                40.4262742682
              ],
              [
                -105.4938407904,
                40.4262762053
              ],
              [
                -105.4985724711,
                40.426393413
              ],
              [
                -105.4985724799,
                40.4263929512
              ],
              [
                -105.4986076898,
                40.4245715137
              ],
              [
                -105.4986423254,
                40.4227796357
              ],
              [
                -105.4986424305,
                40.4227741963
              ],
              [
                -105.4986424871,
                40.4227712915
              ],
              [
                -105.4986411671,
                40.4227712572
              ],
              [
                -105.4938437858,
                40.4226480139
              ],
              [
                -105.4938341787,
                40.4226477672
              ],
              [
                -105.4938342038,
                40.4226473374
              ],
              [
                -105.4938712384,
                40.4219665541
              ],
              [
                -105.4940275783,
                40.419092546
              ],
              [
                -105.4941666806,
                40.4155254822
              ],
              [
                -105.4943071577,
                40.4119221929
              ],
              [
                -105.4944468105,
                40.4083370143
              ],
              [
                -105.4946115501,
                40.4047382214
              ],
              [
                -105.4946120332,
                40.4047276649
              ],
              [
                -105.4946122807,
                40.4047222616
              ],
              [
                -105.4963678378,
                40.404743107
              ],
              [
                -105.4963712495,
                40.404743147
              ],
              [
                -105.4993426267,
                40.4047783737
              ],
              [
                -105.499357506,
                40.4047785501
              ],
              [
                -105.5016879359,
                40.4048060832
              ],
              [
                -105.5016896526,
                40.4048061037
              ],
              [
                -105.5040340351,
                40.4048337572
              ],
              [
                -105.5041027298,
                40.4048345671
              ],
              [
                -105.5041029352,
                40.4048278794
              ],
              [
                -105.5041031985,
                40.4048193087
              ],
              [
                -105.5041073909,
                40.4046826376
              ],
              [
                -105.5041414664,
                40.4035718367
              ],
              [
                -105.5041414698,
                40.4035717548
              ],
              [
                -105.504213781,
                40.4012144503
              ],
              [
                -105.5089745298,
                40.4012680425
              ],
              [
                -105.5091859467,
                40.4012694773
              ],
              [
                -105.5091861212,
                40.4012694785
              ],
              [
                -105.5122074397,
                40.401289939
              ],
              [
                -105.5122821474,
                40.401290444
              ],
              [
                -105.5136639281,
                40.4012997737
              ],
              [
                -105.5185481379,
                40.4013906252
              ],
              [
                -105.5200214209,
                40.4014117604
              ],
              [
                -105.5201004713,
                40.4014128938
              ],
              [
                -105.5233325931,
                40.4014591949
              ],
              [
                -105.5250699955,
                40.4014840564
              ],
              [
                -105.525147074,
                40.4014851581
              ],
              [
                -105.5252244314,
                40.4014862647
              ],
              [
                -105.5281113868,
                40.4015275124
              ],
              [
                -105.5281157605,
                40.4015275749
              ],
              [
                -105.5327408487,
                40.4015829702
              ],
              [
                -105.5340978239,
                40.4015785937
              ],
              [
                -105.5340981891,
                40.4015785921
              ],
              [
                -105.53742745,
                40.4037443377
              ],
              [
                -105.5395828976,
                40.4051557683
              ],
              [
                -105.5395927797,
                40.4051622395
              ],
              [
                -105.5419647576,
                40.4051618705
              ],
              [
                -105.5467000266,
                40.405109162
              ],
              [
                -105.5477175724,
                40.4051033353
              ],
              [
                -105.5477622659,
                40.4051401801
              ],
              [
                -105.5479321015,
                40.4052835212
              ],
              [
                -105.5479436643,
                40.4053014852
              ],
              [
                -105.5480834072,
                40.4055035268
              ],
              [
                -105.5481400426,
                40.4055843412
              ],
              [
                -105.5483038465,
                40.4056196006
              ],
              [
                -105.5490488367,
                40.4057859972
              ],
              [
                -105.5490937757,
                40.4057960341
              ],
              [
                -105.5491435357,
                40.4056651651
              ],
              [
                -105.5490975046,
                40.405620339
              ],
              [
                -105.5489771969,
                40.4054992873
              ],
              [
                -105.5489077445,
                40.4054275448
              ],
              [
                -105.5484187698,
                40.4053126592
              ],
              [
                -105.5483627526,
                40.405299498
              ],
              [
                -105.5481446669,
                40.4052464779
              ],
              [
                -105.5481124883,
                40.4051385211
              ],
              [
                -105.5480765455,
                40.4050209298
              ],
              [
                -105.5479997498,
                40.4047696821
              ],
              [
                -105.5479762962,
                40.4046932161
              ],
              [
                -105.5473171088,
                40.4045127029
              ],
              [
                -105.5473066343,
                40.4045065669
              ],
              [
                -105.5453317436,
                40.4033495563
              ],
              [
                -105.5422410364,
                40.4015386972
              ],
              [
                -105.542241756,
                40.401538693
              ],
              [
                -105.5469013545,
                40.4015100263
              ],
              [
                -105.5514656817,
                40.4014816741
              ],
              [
                -105.5562305934,
                40.40145442
              ],
              [
                -105.5591366814,
                40.4014663603
              ],
              [
                -105.5607831089,
                40.4014730952
              ],
              [
                -105.5607841408,
                40.4014487059
              ],
              [
                -105.560933535,
                40.3979177181
              ],
              [
                -105.5609339207,
                40.3979086162
              ],
              [
                -105.5609377066,
                40.3978191134
              ],
              [
                -105.5609841712,
                40.3978190235
              ],
              [
                -105.5655959475,
                40.3978099687
              ],
              [
                -105.5654260972,
                40.4014595264
              ],
              [
                -105.5702368712,
                40.4013732315
              ],
              [
                -105.5749249501,
                40.4012861769
              ],
              [
                -105.5775058411,
                40.4012404407
              ],
              [
                -105.5794846905,
                40.4012053385
              ],
              [
                -105.5794846741,
                40.4012145579
              ],
              [
                -105.5794781506,
                40.4047865268
              ],
              [
                -105.5860322954,
                40.4047472381
              ],
              [
                -105.5885919248,
                40.4047318024
              ],
              [
                -105.5888557407,
                40.4047302085
              ],
              [
                -105.5888560165,
                40.4047302072
              ],
              [
                -105.5888618862,
                40.4042032057
              ],
              [
                -105.5888667123,
                40.403769819
              ],
              [
                -105.5888668253,
                40.4037596679
              ],
              [
                -105.5888714735,
                40.403339505
              ],
              [
                -105.5888747857,
                40.4030392792
              ],
              [
                -105.5888968256,
                40.4010236691
              ],
              [
                -105.5888900756,
                40.4007338113
              ],
              [
                -105.5888767305,
                40.4002579215
              ],
              [
                -105.5888738667,
                40.4001550081
              ],
              [
                -105.5888477902,
                40.3992180935
              ],
              [
                -105.5888028742,
                40.3976042017
              ],
              [
                -105.5850313371,
                40.3976090322
              ],
              [
                -105.585029464,
                40.3975326077
              ],
              [
                -105.585006283,
                40.3965865735
              ],
              [
                -105.5843795869,
                40.3964191631
              ],
              [
                -105.5842519835,
                40.3966506182
              ],
              [
                -105.5796043831,
                40.3968916183
              ],
              [
                -105.5797232949,
                40.3941635404
              ],
              [
                -105.5796200211,
                40.3941634438
              ],
              [
                -105.5750948003,
                40.3941591397
              ],
              [
                -105.5736609172,
                40.3941577933
              ],
              [
                -105.570466306,
                40.3941547366
              ],
              [
                -105.5658573225,
                40.3942082645
              ],
              [
                -105.5656941839,
                40.3942101561
              ],
              [
                -105.5656942188,
                40.3942093136
              ],
              [
                -105.565841071,
                40.390680579
              ],
              [
                -105.5658903618,
                40.3894540898
              ],
              [
                -105.5659157293,
                40.3888228405
              ],
              [
                -105.5659918627,
                40.3869282786
              ],
              [
                -105.5660488637,
                40.383649171
              ],
              [
                -105.5661096714,
                40.3801493821
              ],
              [
                -105.5615568636,
                40.380069246
              ],
              [
                -105.561523041,
                40.3800686499
              ],
              [
                -105.5613519244,
                40.383578082
              ],
              [
                -105.5613503553,
                40.3836102637
              ],
              [
                -105.560442268,
                40.3835759926
              ],
              [
                -105.5596781344,
                40.3835471486
              ],
              [
                -105.5596172106,
                40.3835448496
              ],
              [
                -105.559605063,
                40.3829409647
              ],
              [
                -105.5578218431,
                40.3813794115
              ],
              [
                -105.5561217797,
                40.381116563
              ],
              [
                -105.5553830189,
                40.3810023354
              ],
              [
                -105.555294261,
                40.3809886112
              ],
              [
                -105.5553759179,
                40.3801375927
              ],
              [
                -105.5554067171,
                40.3798166004
              ],
              [
                -105.5525571002,
                40.3797678536
              ],
              [
                -105.5519864784,
                40.3797580851
              ],
              [
                -105.5519865276,
                40.37975427
              ],
              [
                -105.5520324796,
                40.3761406552
              ],
              [
                -105.5521190888,
                40.3761409658
              ],
              [
                -105.5568922839,
                40.376158021
              ],
              [
                -105.5615337755,
                40.3762927855
              ],
              [
                -105.5662047272,
                40.3764415127
              ],
              [
                -105.5662075644,
                40.3764416033
              ],
              [
                -105.5662075652,
                40.3764415737
              ],
              [
                -105.5662098033,
                40.3764012043
              ],
              [
                -105.5663123298,
                40.3745498118
              ],
              [
                -105.5664168719,
                40.3726619714
              ],
              [
                -105.5664186068,
                40.3723329006
              ],
              [
                -105.5664265086,
                40.3708344692
              ],
              [
                -105.5664291523,
                40.3703327823
              ],
              [
                -105.5664333267,
                40.3695409869
              ],
              [
                -105.5664342708,
                40.3693620597
              ],
              [
                -105.5659870321,
                40.3692143624
              ],
              [
                -105.5659474301,
                40.369201285
              ],
              [
                -105.5654042765,
                40.3689736729
              ],
              [
                -105.5646107705,
                40.368641145
              ],
              [
                -105.5645151809,
                40.3686010863
              ],
              [
                -105.5638876285,
                40.3683943213
              ],
              [
                -105.5636509427,
                40.3683163382
              ],
              [
                -105.5630154106,
                40.3681354957
              ],
              [
                -105.5628223109,
                40.3680805476
              ],
              [
                -105.5627672617,
                40.368064883
              ],
              [
                -105.5625239518,
                40.3679956468
              ],
              [
                -105.5622954353,
                40.3679249163
              ],
              [
                -105.5616645399,
                40.3677296351
              ],
              [
                -105.560822552,
                40.3674749378
              ],
              [
                -105.5601397069,
                40.3672682109
              ],
              [
                -105.5600757607,
                40.3672488526
              ],
              [
                -105.5600660126,
                40.3672459243
              ],
              [
                -105.5600656961,
                40.3672458254
              ],
              [
                -105.5598825644,
                40.3671907459
              ],
              [
                -105.5598759621,
                40.3671887606
              ],
              [
                -105.5588242635,
                40.3668554937
              ],
              [
                -105.5579885645,
                40.3665920901
              ],
              [
                -105.5577868291,
                40.3665141209
              ],
              [
                -105.5573870874,
                40.3663596188
              ],
              [
                -105.5571698528,
                40.3662752644
              ],
              [
                -105.5570723008,
                40.3662375566
              ],
              [
                -105.5568655875,
                40.3661576534
              ],
              [
                -105.5568653136,
                40.3661190149
              ],
              [
                -105.5568008012,
                40.366117519
              ],
              [
                -105.5567559011,
                40.3661164801
              ],
              [
                -105.5566505129,
                40.3660797826
              ],
              [
                -105.5565443188,
                40.3660454842
              ],
              [
                -105.5564373737,
                40.3660136032
              ],
              [
                -105.5563297349,
                40.3659841568
              ],
              [
                -105.5562055538,
                40.3659533152
              ],
              [
                -105.5560806402,
                40.3659255975
              ],
              [
                -105.5560178519,
                40.3659128884
              ],
              [
                -105.5558565961,
                40.3658812887
              ],
              [
                -105.5558325863,
                40.365876584
              ],
              [
                -105.5549125218,
                40.3656962799
              ],
              [
                -105.5544579214,
                40.365607189
              ],
              [
                -105.5542613946,
                40.3655670897
              ],
              [
                -105.5542161032,
                40.3655578487
              ],
              [
                -105.5539750922,
                40.3655047
              ],
              [
                -105.5538544815,
                40.3654760996
              ],
              [
                -105.5537349511,
                40.3654477563
              ],
              [
                -105.5534957368,
                40.3653870319
              ],
              [
                -105.5532858117,
                40.3653303574
              ],
              [
                -105.5527999525,
                40.3651954738
              ],
              [
                -105.5526594151,
                40.3651564573
              ],
              [
                -105.5526555215,
                40.3651553761
              ],
              [
                -105.5524434882,
                40.3650965103
              ],
              [
                -105.5523543779,
                40.3650739841
              ],
              [
                -105.5522643586,
                40.3650554213
              ],
              [
                -105.5522049612,
                40.3650458879
              ],
              [
                -105.5521736068,
                40.3650408554
              ],
              [
                -105.5520822998,
                40.3650303187
              ],
              [
                -105.5520797364,
                40.365030076
              ],
              [
                -105.5515245539,
                40.3649786109
              ],
              [
                -105.5512203107,
                40.3649515563
              ],
              [
                -105.5505110455,
                40.3648884807
              ],
              [
                -105.5497183496,
                40.3648179795
              ],
              [
                -105.5493471193,
                40.3647872562
              ],
              [
                -105.5481736749,
                40.3646901327
              ],
              [
                -105.5478346641,
                40.3646620716
              ],
              [
                -105.5475418636,
                40.3637010265
              ],
              [
                -105.5476137176,
                40.3636839435
              ],
              [
                -105.5478511754,
                40.3636274897
              ],
              [
                -105.5478285572,
                40.3635523101
              ],
              [
                -105.5478388231,
                40.3635498958
              ],
              [
                -105.5480679351,
                40.3634960244
              ],
              [
                -105.5485480691,
                40.3633831264
              ],
              [
                -105.5489039483,
                40.3632994453
              ],
              [
                -105.5499669621,
                40.36304948
              ],
              [
                -105.550366903,
                40.3629554314
              ],
              [
                -105.5506120235,
                40.3628952162
              ],
              [
                -105.5507451099,
                40.3628596848
              ],
              [
                -105.5508558904,
                40.362830109
              ],
              [
                -105.5508866557,
                40.3629092053
              ],
              [
                -105.5508021834,
                40.3629324592
              ],
              [
                -105.5507913711,
                40.3629375798
              ],
              [
                -105.5507718678,
                40.3629468159
              ],
              [
                -105.550742765,
                40.362963495
              ],
              [
                -105.5507150537,
                40.362982395
              ],
              [
                -105.5506889009,
                40.3630034001
              ],
              [
                -105.5506644685,
                40.3630263824
              ],
              [
                -105.5506419037,
                40.3630512014
              ],
              [
                -105.5506213462,
                40.3630777066
              ],
              [
                -105.5506029185,
                40.3631057353
              ],
              [
                -105.5505867363,
                40.3631351164
              ],
              [
                -105.5505830516,
                40.3631432514
              ],
              [
                -105.5505792959,
                40.3631515426
              ],
              [
                -105.5505728961,
                40.3631656711
              ],
              [
                -105.5505614829,
                40.3631972137
              ],
              [
                -105.5505525672,
                40.3632295502
              ],
              [
                -105.5505462027,
                40.3632624839
              ],
              [
                -105.5505424269,
                40.3632958144
              ],
              [
                -105.5505412663,
                40.3633293379
              ],
              [
                -105.5505427243,
                40.3633628486
              ],
              [
                -105.550546794,
                40.3633961444
              ],
              [
                -105.5505534491,
                40.3634290199
              ],
              [
                -105.5505626522,
                40.3634612762
              ],
              [
                -105.5505743434,
                40.3634927168
              ],
              [
                -105.5505884538,
                40.3635231477
              ],
              [
                -105.5506048953,
                40.3635523837
              ],
              [
                -105.5506235691,
                40.3635802491
              ],
              [
                -105.5506443623,
                40.3636065704
              ],
              [
                -105.5506671451,
                40.3636311889
              ],
              [
                -105.5506917791,
                40.3636539543
              ],
              [
                -105.5507181165,
                40.3636747262
              ],
              [
                -105.5507459938,
                40.3636933798
              ],
              [
                -105.550775244,
                40.3637098003
              ],
              [
                -105.5508056842,
                40.3637238886
              ],
              [
                -105.5508371331,
                40.3637355569
              ],
              [
                -105.5508693963,
                40.3637447348
              ],
              [
                -105.5510280068,
                40.3638176132
              ],
              [
                -105.5511873189,
                40.363888948
              ],
              [
                -105.5513473151,
                40.3639587324
              ],
              [
                -105.5515079825,
                40.3640269594
              ],
              [
                -105.5516693048,
                40.364093624
              ],
              [
                -105.5518312666,
                40.3641587173
              ],
              [
                -105.5519938531,
                40.3642222362
              ],
              [
                -105.5521570489,
                40.3642841735
              ],
              [
                -105.5523664666,
                40.3643632254
              ],
              [
                -105.5525768147,
                40.3644397679
              ],
              [
                -105.5527880652,
                40.3645137888
              ],
              [
                -105.5530001844,
                40.3645852781
              ],
              [
                -105.5530239745,
                40.364585584
              ],
              [
                -105.5533052353,
                40.3645892039
              ],
              [
                -105.5535004828,
                40.3645917158
              ],
              [
                -105.5534962963,
                40.3647435492
              ],
              [
                -105.5537129544,
                40.3648077696
              ],
              [
                -105.5539303158,
                40.3648695687
              ],
              [
                -105.5541483513,
                40.3649289424
              ],
              [
                -105.5543670368,
                40.3649858799
              ],
              [
                -105.5545863441,
                40.3650403771
              ],
              [
                -105.5548062446,
                40.3650924245
              ],
              [
                -105.5550267114,
                40.3651420178
              ],
              [
                -105.5552477185,
                40.3651891501
              ],
              [
                -105.5563232993,
                40.3652030405
              ],
              [
                -105.5568605528,
                40.3652099746
              ],
              [
                -105.5568606664,
                40.3652099758
              ],
              [
                -105.5568608901,
                40.3652071076
              ],
              [
                -105.5569573971,
                40.3639673718
              ],
              [
                -105.5570055429,
                40.363348872
              ],
              [
                -105.5570623679,
                40.3626189205
              ],
              [
                -105.5570716252,
                40.3624995609
              ],
              [
                -105.5570836893,
                40.3623469681
              ],
              [
                -105.5571494327,
                40.361514797
              ],
              [
                -105.5572964273,
                40.3596703854
              ],
              [
                -105.55740138,
                40.3596729566
              ],
              [
                -105.5580967162,
                40.3596899903
              ],
              [
                -105.5581384671,
                40.3596910125
              ],
              [
                -105.5581003803,
                40.3602609728
              ],
              [
                -105.5580914164,
                40.3603987638
              ],
              [
                -105.5580442174,
                40.3611242559
              ],
              [
                -105.5575060965,
                40.361111732
              ],
              [
                -105.5572870392,
                40.3611066329
              ],
              [
                -105.5572540011,
                40.3611058638
              ],
              [
                -105.557221311,
                40.361516577
              ],
              [
                -105.5572543362,
                40.3615173373
              ],
              [
                -105.5584383088,
                40.3615445974
              ],
              [
                -105.5587826776,
                40.361552524
              ],
              [
                -105.5594636224,
                40.361569458
              ],
              [
                -105.5594988107,
                40.3615703335
              ],
              [
                -105.5595353119,
                40.3610236215
              ],
              [
                -105.5595353881,
                40.3610224736
              ],
              [
                -105.5595827006,
                40.360299974
              ],
              [
                -105.5596194501,
                40.3597270768
              ],
              [
                -105.5613924768,
                40.3597644797
              ],
              [
                -105.5614887177,
                40.3597665117
              ],
              [
                -105.5619498239,
                40.3597762426
              ],
              [
                -105.5619474016,
                40.3598186844
              ],
              [
                -105.5624126076,
                40.3598271443
              ],
              [
                -105.5626572206,
                40.3598315922
              ],
              [
                -105.56289312,
                40.3598353049
              ],
              [
                -105.5631290205,
                40.3598390162
              ],
              [
                -105.563657838,
                40.3598481268
              ],
              [
                -105.5644572586,
                40.3598618936
              ],
              [
                -105.5651203446,
                40.3598702474
              ],
              [
                -105.5655442243,
                40.3598761059
              ],
              [
                -105.5655510746,
                40.3598762005
              ],
              [
                -105.5655198393,
                40.3604476483
              ],
              [
                -105.5655197864,
                40.3604487558
              ],
              [
                -105.5655118998,
                40.3605929031
              ],
              [
                -105.5665729949,
                40.3606104314
              ],
              [
                -105.5666974372,
                40.3606148449
              ],
              [
                -105.5667167814,
                40.3606155458
              ],
              [
                -105.566718792,
                40.3606156193
              ],
              [
                -105.5667057854,
                40.3607968143
              ],
              [
                -105.5677460394,
                40.3608116194
              ],
              [
                -105.569172232,
                40.3608331501
              ],
              [
                -105.5696433177,
                40.3608396768
              ],
              [
                -105.5702204881,
                40.3608465278
              ],
              [
                -105.5702521112,
                40.3603853866
              ],
              [
                -105.5702382151,
                40.3603851652
              ],
              [
                -105.5693627278,
                40.3603711934
              ],
              [
                -105.5693640201,
                40.3603523813
              ],
              [
                -105.56939251,
                40.359937797
              ],
              [
                -105.5693945147,
                40.3599086292
              ],
              [
                -105.5695628304,
                40.3599115429
              ],
              [
                -105.5696124873,
                40.3590547042
              ],
              [
                -105.5690336042,
                40.3590430731
              ],
              [
                -105.5688881859,
                40.3590401508
              ],
              [
                -105.5688715307,
                40.3593277213
              ],
              [
                -105.5688384429,
                40.3598989975
              ],
              [
                -105.5678266957,
                40.3598818729
              ],
              [
                -105.5678190466,
                40.3598817144
              ],
              [
                -105.5677861636,
                40.3598810332
              ],
              [
                -105.566967125,
                40.3598666056
              ],
              [
                -105.5667727446,
                40.3598631811
              ],
              [
                -105.5667728108,
                40.3598620393
              ],
              [
                -105.5667938524,
                40.3594998698
              ],
              [
                -105.5667939854,
                40.3594975198
              ],
              [
                -105.5667948712,
                40.3594975378
              ],
              [
                -105.567087814,
                40.3595034758
              ],
              [
                -105.5671525497,
                40.3595047884
              ],
              [
                -105.56726831,
                40.3595071356
              ],
              [
                -105.5672679331,
                40.3595132751
              ],
              [
                -105.5683241905,
                40.3595487947
              ],
              [
                -105.5683416408,
                40.3593172732
              ],
              [
                -105.5683578918,
                40.3590271326
              ],
              [
                -105.5683663443,
                40.358830713
              ],
              [
                -105.5683260967,
                40.3588293567
              ],
              [
                -105.5674273304,
                40.3587990655
              ],
              [
                -105.5673089907,
                40.3587950769
              ],
              [
                -105.5673518753,
                40.3580432359
              ],
              [
                -105.5672588423,
                40.3580413651
              ],
              [
                -105.5668787521,
                40.358033721
              ],
              [
                -105.566965944,
                40.3562587156
              ],
              [
                -105.5670659978,
                40.3544833129
              ],
              [
                -105.567208943,
                40.3544847448
              ],
              [
                -105.5696549439,
                40.3545092377
              ],
              [
                -105.5718064765,
                40.3545307374
              ],
              [
                -105.5719199354,
                40.3545318693
              ],
              [
                -105.5721388362,
                40.3509333447
              ],
              [
                -105.5721396388,
                40.3509201477
              ],
              [
                -105.5721400547,
                40.3509133162
              ],
              [
                -105.5721763028,
                40.3509131159
              ],
              [
                -105.5723888697,
                40.3509119446
              ],
              [
                -105.5723992651,
                40.3501783602
              ],
              [
                -105.5723996913,
                40.3501483478
              ],
              [
                -105.5723999504,
                40.350130079
              ],
              [
                -105.5724009719,
                40.3500578977
              ],
              [
                -105.5723209635,
                40.3499146414
              ],
              [
                -105.572039249,
                40.3494102272
              ],
              [
                -105.5720323448,
                40.3493978643
              ],
              [
                -105.5719889006,
                40.3493336863
              ],
              [
                -105.571851541,
                40.3491423877
              ],
              [
                -105.5717922972,
                40.3490598788
              ],
              [
                -105.5714417961,
                40.348863408
              ],
              [
                -105.5713822931,
                40.3488127289
              ],
              [
                -105.5711893924,
                40.3486484353
              ],
              [
                -105.5712034006,
                40.3486459294
              ],
              [
                -105.571391874,
                40.3486109689
              ],
              [
                -105.5714314493,
                40.3486036281
              ],
              [
                -105.5714534385,
                40.3485995495
              ],
              [
                -105.5714703201,
                40.3485964179
              ],
              [
                -105.5716445632,
                40.3485025028
              ],
              [
                -105.572036081,
                40.3482404062
              ],
              [
                -105.5723565332,
                40.3480402768
              ],
              [
                -105.5732577283,
                40.3477345782
              ],
              [
                -105.5733549406,
                40.3475903226
              ],
              [
                -105.5733438523,
                40.3473370615
              ],
              [
                -105.5734676153,
                40.3471584415
              ],
              [
                -105.5738329715,
                40.346978625
              ],
              [
                -105.5741349021,
                40.3469862608
              ],
              [
                -105.5741702956,
                40.3469871573
              ],
              [
                -105.5743447229,
                40.3469904637
              ],
              [
                -105.5747352317,
                40.3469978633
              ],
              [
                -105.5749605681,
                40.3469935721
              ],
              [
                -105.5752108724,
                40.3469649439
              ],
              [
                -105.5753591765,
                40.3468956685
              ],
              [
                -105.5753898594,
                40.3468671652
              ],
              [
                -105.5755665766,
                40.3467030131
              ],
              [
                -105.5757393968,
                40.3464999259
              ],
              [
                -105.5758766682,
                40.3463386125
              ],
              [
                -105.5759605375,
                40.3462720913
              ],
              [
                -105.5762588611,
                40.3460354701
              ],
              [
                -105.5762985932,
                40.3459864837
              ],
              [
                -105.5764094007,
                40.3458498678
              ],
              [
                -105.5765147948,
                40.3456165644
              ],
              [
                -105.5767005992,
                40.3453691698
              ],
              [
                -105.5770983617,
                40.3452909748
              ],
              [
                -105.5772365797,
                40.3452638023
              ],
              [
                -105.5776743685,
                40.3451863095
              ],
              [
                -105.5779871248,
                40.3451368246
              ],
              [
                -105.5780213686,
                40.3451235104
              ],
              [
                -105.5783260235,
                40.3450050514
              ],
              [
                -105.5786560408,
                40.3449622519
              ],
              [
                -105.578682151,
                40.3449588662
              ],
              [
                -105.5787103585,
                40.344955208
              ],
              [
                -105.5791044572,
                40.3450011631
              ],
              [
                -105.5797574522,
                40.3449773565
              ],
              [
                -105.580034415,
                40.3449280453
              ],
              [
                -105.5803116701,
                40.3449129639
              ],
              [
                -105.5804731375,
                40.3449600796
              ],
              [
                -105.5806202012,
                40.3450020881
              ],
              [
                -105.5806358787,
                40.3450065663
              ],
              [
                -105.5806593918,
                40.3450132828
              ],
              [
                -105.5806594749,
                40.3450133061
              ],
              [
                -105.5806596566,
                40.3450132546
              ],
              [
                -105.5807502561,
                40.3449875048
              ],
              [
                -105.5809025008,
                40.3449442341
              ],
              [
                -105.5809139675,
                40.3449380058
              ],
              [
                -105.5810806296,
                40.3448474915
              ],
              [
                -105.5814646683,
                40.3447634067
              ],
              [
                -105.5814734883,
                40.3447609343
              ],
              [
                -105.5818127972,
                40.3446658096
              ],
              [
                -105.5821018332,
                40.3446643567
              ],
              [
                -105.5821796445,
                40.3446639662
              ],
              [
                -105.5824840959,
                40.3446898201
              ],
              [
                -105.5828752074,
                40.3447667488
              ],
              [
                -105.5829034279,
                40.344772295
              ],
              [
                -105.5829671741,
                40.3447551096
              ],
              [
                -105.5831195998,
                40.3447140098
              ],
              [
                -105.5832562843,
                40.3447132632
              ],
              [
                -105.5833133838,
                40.344712951
              ],
              [
                -105.5833134911,
                40.34471295
              ],
              [
                -105.5834451157,
                40.3448292227
              ],
              [
                -105.5836585038,
                40.3450827943
              ],
              [
                -105.5838707961,
                40.3452090478
              ],
              [
                -105.5841453903,
                40.345379788
              ],
              [
                -105.5844236499,
                40.345481081
              ],
              [
                -105.5846379798,
                40.3454320751
              ],
              [
                -105.5848406304,
                40.345402195
              ],
              [
                -105.5848518872,
                40.3453977605
              ],
              [
                -105.585012951,
                40.3453343309
              ],
              [
                -105.5853358294,
                40.345421704
              ],
              [
                -105.5855115127,
                40.3454517509
              ],
              [
                -105.585562738,
                40.3454605123
              ],
              [
                -105.5855689352,
                40.3454615714
              ],
              [
                -105.5855689703,
                40.3454615751
              ],
              [
                -105.5856589485,
                40.3455364598
              ],
              [
                -105.5857513039,
                40.3455691445
              ],
              [
                -105.5858115296,
                40.3455904584
              ],
              [
                -105.5859632849,
                40.3455486131
              ],
              [
                -105.5860433396,
                40.3454934363
              ],
              [
                -105.586264672,
                40.3453634614
              ],
              [
                -105.5864993644,
                40.3452721846
              ],
              [
                -105.5865001057,
                40.3452719281
              ],
              [
                -105.5873114351,
                40.3449895868
              ],
              [
                -105.587313795,
                40.3449887657
              ],
              [
                -105.5876669949,
                40.3449306517
              ],
              [
                -105.5878656701,
                40.3449152701
              ],
              [
                -105.588050664,
                40.3448995316
              ],
              [
                -105.5881333335,
                40.3448737409
              ],
              [
                -105.5882299751,
                40.344845637
              ],
              [
                -105.5885006316,
                40.3448507335
              ],
              [
                -105.5886501535,
                40.3448532775
              ],
              [
                -105.5887682223,
                40.3448546623
              ],
              [
                -105.588818523,
                40.3448439199
              ],
              [
                -105.588928794,
                40.3448200959
              ],
              [
                -105.5891393099,
                40.3447108273
              ],
              [
                -105.5892539944,
                40.3445821908
              ],
              [
                -105.5892660447,
                40.3444093168
              ],
              [
                -105.5893634653,
                40.3442449464
              ],
              [
                -105.5893728899,
                40.3442290464
              ],
              [
                -105.5897915816,
                40.3440679265
              ],
              [
                -105.5900294435,
                40.3438904453
              ],
              [
                -105.5903089512,
                40.3438268083
              ],
              [
                -105.5905392209,
                40.3438152654
              ],
              [
                -105.5909413461,
                40.3438270392
              ],
              [
                -105.5910994376,
                40.3438262325
              ],
              [
                -105.5913285331,
                40.3436798998
              ],
              [
                -105.5915488354,
                40.3435612621
              ],
              [
                -105.5917368257,
                40.3433632946
              ],
              [
                -105.5917414277,
                40.3433578812
              ],
              [
                -105.5918843733,
                40.3431897265
              ],
              [
                -105.5919177779,
                40.343108945
              ],
              [
                -105.5918212485,
                40.3396050317
              ],
              [
                -105.5917501795,
                40.3363005844
              ],
              [
                -105.5917454035,
                40.336078545
              ],
              [
                -105.5917462425,
                40.3357389451
              ],
              [
                -105.5917508799,
                40.3357360933
              ],
              [
                -105.5921951713,
                40.3354627991
              ],
              [
                -105.5917517424,
                40.3350408913
              ],
              [
                -105.5917479784,
                40.3350373109
              ],
              [
                -105.5917541802,
                40.3325293175
              ],
              [
                -105.591754182,
                40.3325288347
              ],
              [
                -105.5869982733,
                40.3324664537
              ],
              [
                -105.5869962423,
                40.3325346318
              ],
              [
                -105.5868896508,
                40.3361122582
              ],
              [
                -105.5868869574,
                40.3361122317
              ],
              [
                -105.5819497621,
                40.3360630094
              ],
              [
                -105.5819496856,
                40.336063009
              ],
              [
                -105.5818971555,
                40.3324706592
              ],
              [
                -105.5819328486,
                40.3309989487
              ],
              [
                -105.5819841284,
                40.3288845169
              ],
              [
                -105.5819885432,
                40.3287161274
              ],
              [
                -105.5820783733,
                40.3252893274
              ],
              [
                -105.5772493258,
                40.325345023
              ],
              [
                -105.5759195654,
                40.3252953477
              ],
              [
                -105.5749938247,
                40.325260757
              ],
              [
                -105.5749104308,
                40.3252576411
              ],
              [
                -105.5722941008,
                40.325270506
              ],
              [
                -105.567746052,
                40.3252805724
              ],
              [
                -105.5676343488,
                40.3252808179
              ],
              [
                -105.5651459614,
                40.3253173768
              ],
              [
                -105.5648813636,
                40.325321261
              ],
              [
                -105.5648813184,
                40.3253212617
              ],
              [
                -105.5627871364,
                40.3253519864
              ],
              [
                -105.5626717955,
                40.325353678
              ],
              [
                -105.5621218661,
                40.325327168
              ],
              [
                -105.56199271,
                40.3253209414
              ],
              [
                -105.5615601898,
                40.3253000887
              ],
              [
                -105.5580484062,
                40.3251307237
              ],
              [
                -105.5580406186,
                40.3251303493
              ],
              [
                -105.557943933,
                40.3251256847
              ],
              [
                -105.5578326252,
                40.3251203137
              ],
              [
                -105.5580090464,
                40.3217905193
              ],
              [
                -105.5534742835,
                40.3218125767
              ],
              [
                -105.553400482,
                40.3218129334
              ],
              [
                -105.5533955793,
                40.3218129571
              ],
              [
                -105.5533955245,
                40.3218129577
              ],
              [
                -105.5532932214,
                40.3218134531
              ],
              [
                -105.5532397854,
                40.3218137111
              ],
              [
                -105.5532346019,
                40.322531261
              ],
              [
                -105.5532192784,
                40.3246522796
              ],
              [
                -105.5532151603,
                40.3252221266
              ],
              [
                -105.5532144653,
                40.3253183812
              ],
              [
                -105.5532144648,
                40.3253184135
              ],
              [
                -105.5532144348,
                40.3253226459
              ],
              [
                -105.5484897853,
                40.3253637109
              ],
              [
                -105.5484900769,
                40.3253285271
              ],
              [
                -105.5484903426,
                40.325296505
              ],
              [
                -105.5484916989,
                40.325133684
              ],
              [
                -105.5485192641,
                40.3218072091
              ],
              [
                -105.5485553943,
                40.3182409417
              ],
              [
                -105.5485501597,
                40.3182409617
              ],
              [
                -105.5438291332,
                40.3182587183
              ],
              [
                -105.5437140813,
                40.314702251
              ],
              [
                -105.543600918,
                40.3111604257
              ],
              [
                -105.5412225771,
                40.3109582232
              ],
              [
                -105.5387798112,
                40.3107504966
              ],
              [
                -105.5389129587,
                40.3143368937
              ],
              [
                -105.5389135813,
                40.3143536134
              ],
              [
                -105.5351095787,
                40.3140815315
              ],
              [
                -105.5351164524,
                40.3140746799
              ],
              [
                -105.5351548468,
                40.3140378706
              ],
              [
                -105.5351921151,
                40.3139999121
              ],
              [
                -105.5352631247,
                40.3139207032
              ],
              [
                -105.5353292179,
                40.3138373475
              ],
              [
                -105.5353901527,
                40.3137501505
              ],
              [
                -105.5354457044,
                40.3136594288
              ],
              [
                -105.5354956743,
                40.3135655169
              ],
              [
                -105.5355398766,
                40.3134687546
              ],
              [
                -105.5355781492,
                40.3133694995
              ],
              [
                -105.5356103542,
                40.3132681119
              ],
              [
                -105.5356363733,
                40.3131649633
              ],
              [
                -105.53565611,
                40.3130604305
              ],
              [
                -105.5356694941,
                40.3129548958
              ],
              [
                -105.5356764745,
                40.3128487452
              ],
              [
                -105.5356769991,
                40.3127478526
              ],
              [
                -105.5356770281,
                40.3127423662
              ],
              [
                -105.5356711521,
                40.3126361483
              ],
              [
                -105.5356592563,
                40.3125338206
              ],
              [
                -105.5356588675,
                40.3125304795
              ],
              [
                -105.5356546266,
                40.3125077188
              ],
              [
                -105.5356479146,
                40.3124716943
              ],
              [
                -105.5354979695,
                40.311740411
              ],
              [
                -105.5354839509,
                40.3116569935
              ],
              [
                -105.5354762934,
                40.3115727526
              ],
              [
                -105.5354750406,
                40.3114881748
              ],
              [
                -105.5354802025,
                40.3114037437
              ],
              [
                -105.5354917464,
                40.3113199473
              ],
              [
                -105.535509608,
                40.3112372667
              ],
              [
                -105.5355336838,
                40.3111561772
              ],
              [
                -105.5355638358,
                40.311077145
              ],
              [
                -105.5356313718,
                40.3109165576
              ],
              [
                -105.5357369654,
                40.3106654792
              ],
              [
                -105.5357517488,
                40.3106303284
              ],
              [
                -105.5360032556,
                40.3100322842
              ],
              [
                -105.5365946914,
                40.3086258995
              ],
              [
                -105.5370388075,
                40.3075697972
              ],
              [
                -105.537083157,
                40.3074662209
              ],
              [
                -105.5371297308,
                40.3073636244
              ],
              [
                -105.537193601,
                40.3072316239
              ],
              [
                -105.5372468782,
                40.307129233
              ],
              [
                -105.5373021461,
                40.3070279033
              ],
              [
                -105.537359386,
                40.306927673
              ],
              [
                -105.5374185759,
                40.3068285825
              ],
              [
                -105.537479692,
                40.3067306684
              ],
              [
                -105.5375427132,
                40.3066339682
              ],
              [
                -105.5376076111,
                40.3065385201
              ],
              [
                -105.5376743654,
                40.3064443595
              ],
              [
                -105.5377429475,
                40.306351522
              ],
              [
                -105.5378133326,
                40.3062600451
              ],
              [
                -105.537885494,
                40.3061699615
              ],
              [
                -105.5379594033,
                40.3060813074
              ],
              [
                -105.5380350324,
                40.3059941154
              ],
              [
                -105.5381123528,
                40.30590842
              ],
              [
                -105.538191334,
                40.305824253
              ],
              [
                -105.5382719458,
                40.3057416474
              ],
              [
                -105.5385934903,
                40.3054147482
              ],
              [
                -105.5386633477,
                40.3053453573
              ],
              [
                -105.5387317305,
                40.3052745124
              ],
              [
                -105.5387986109,
                40.3052022463
              ],
              [
                -105.5388639562,
                40.305128592
              ],
              [
                -105.5389277394,
                40.3050535792
              ],
              [
                -105.5389899332,
                40.3049772433
              ],
              [
                -105.5390505083,
                40.3048996169
              ],
              [
                -105.5391094386,
                40.3048207344
              ],
              [
                -105.5391667,
                40.3047406317
              ],
              [
                -105.5392222625,
                40.3046593415
              ],
              [
                -105.5392761062,
                40.3045769031
              ],
              [
                -105.5393282058,
                40.3044933507
              ],
              [
                -105.5393785367,
                40.3044087219
              ],
              [
                -105.5394270787,
                40.3043230534
              ],
              [
                -105.5394738096,
                40.3042363845
              ],
              [
                -105.5395187094,
                40.3041487526
              ],
              [
                -105.539561758,
                40.3040601951
              ],
              [
                -105.5396029349,
                40.303970754
              ],
              [
                -105.5396422235,
                40.3038804663
              ],
              [
                -105.5396796067,
                40.3037893729
              ],
              [
                -105.539715066,
                40.3036975146
              ],
              [
                -105.5397485887,
                40.3036049301
              ],
              [
                -105.5397801568,
                40.3035116621
              ],
              [
                -105.5398097589,
                40.3034177507
              ],
              [
                -105.5398373805,
                40.3033232385
              ],
              [
                -105.5398630102,
                40.3032281658
              ],
              [
                -105.5398866359,
                40.3031325756
              ],
              [
                -105.5399082489,
                40.30303651
              ],
              [
                -105.5399278371,
                40.3029400109
              ],
              [
                -105.5399453931,
                40.3028431222
              ],
              [
                -105.5399609104,
                40.3027458846
              ],
              [
                -105.5399743797,
                40.3026483429
              ],
              [
                -105.5400056327,
                40.3023316751
              ],
              [
                -105.5400165049,
                40.3022785765
              ],
              [
                -105.5400292756,
                40.3022259028
              ],
              [
                -105.5400439274,
                40.3021737209
              ],
              [
                -105.540060442,
                40.3021220985
              ],
              [
                -105.5400787984,
                40.3020711018
              ],
              [
                -105.5400989708,
                40.3020207957
              ],
              [
                -105.540120937,
                40.3019712471
              ],
              [
                -105.5401446671,
                40.3019225168
              ],
              [
                -105.5401701281,
                40.3018746709
              ],
              [
                -105.540197291,
                40.3018277682
              ],
              [
                -105.5402261187,
                40.3017818706
              ],
              [
                -105.5402565748,
                40.3017370365
              ],
              [
                -105.5402886196,
                40.3016933246
              ],
              [
                -105.5403222128,
                40.30165079
              ],
              [
                -105.5403573093,
                40.301609489
              ],
              [
                -105.5403938659,
                40.3015694724
              ],
              [
                -105.5404318337,
                40.3015307941
              ],
              [
                -105.5404711646,
                40.3014935036
              ],
              [
                -105.5405118085,
                40.3014576469
              ],
              [
                -105.5405537135,
                40.3014232717
              ],
              [
                -105.5405968236,
                40.3013904228
              ],
              [
                -105.5406410858,
                40.3013591418
              ],
              [
                -105.5406864411,
                40.3013294682
              ],
              [
                -105.5407328314,
                40.3013014414
              ],
              [
                -105.5407801973,
                40.3012750972
              ],
              [
                -105.5408284789,
                40.3012504699
              ],
              [
                -105.5408776123,
                40.3012275902
              ],
              [
                -105.5409275336,
                40.3012064882
              ],
              [
                -105.540978182,
                40.3011871908
              ],
              [
                -105.5410294894,
                40.3011697239
              ],
              [
                -105.5410813904,
                40.3011541077
              ],
              [
                -105.5411338179,
                40.3011403651
              ],
              [
                -105.541523317,
                40.3010153467
              ],
              [
                -105.5415760768,
                40.3009989842
              ],
              [
                -105.5416280199,
                40.3009801833
              ],
              [
                -105.5416790314,
                40.3009589866
              ],
              [
                -105.5417290016,
                40.3009354385
              ],
              [
                -105.5417778219,
                40.300909592
              ],
              [
                -105.5418253861,
                40.3008815009
              ],
              [
                -105.5418715919,
                40.3008512276
              ],
              [
                -105.5419163404,
                40.3008188372
              ],
              [
                -105.5419595312,
                40.3007843991
              ],
              [
                -105.5420010731,
                40.3007479884
              ],
              [
                -105.5420408765,
                40.3007096845
              ],
              [
                -105.5420788548,
                40.3006695713
              ],
              [
                -105.5421149251,
                40.3006277329
              ],
              [
                -105.5421490091,
                40.3005842616
              ],
              [
                -105.5421810347,
                40.3005392515
              ],
              [
                -105.5422109302,
                40.3004927997
              ],
              [
                -105.5422217346,
                40.3004726644
              ],
              [
                -105.5422269123,
                40.3004729691
              ],
              [
                -105.543213617,
                40.3005311989
              ],
              [
                -105.543343946,
                40.3005308318
              ],
              [
                -105.5479933106,
                40.3005176565
              ],
              [
                -105.5527846539,
                40.3004978942
              ],
              [
                -105.5527828654,
                40.3004771907
              ],
              [
                -105.5527825012,
                40.3004729802
              ],
              [
                -105.5527812342,
                40.30045831
              ],
              [
                -105.5524772154,
                40.2969385357
              ],
              [
                -105.5521586861,
                40.2933756477
              ],
              [
                -105.5522457899,
                40.2933754852
              ],
              [
                -105.5523258602,
                40.293375335
              ],
              [
                -105.5569086416,
                40.29336663
              ],
              [
                -105.5569084556,
                40.2933642209
              ],
              [
                -105.5566369142,
                40.2898356604
              ],
              [
                -105.5614097861,
                40.2898437169
              ],
              [
                -105.5613940773,
                40.2890945021
              ],
              [
                -105.5613490476,
                40.2869468711
              ],
              [
                -105.5613350064,
                40.2862771646
              ],
              [
                -105.5613318665,
                40.2862771554
              ],
              [
                -105.5613219557,
                40.2862771277
              ],
              [
                -105.5576252104,
                40.2862667067
              ],
              [
                -105.5570866225,
                40.286265179
              ],
              [
                -105.5565888698,
                40.2862637654
              ],
              [
                -105.5565876545,
                40.2844955518
              ],
              [
                -105.5565876485,
                40.2844890873
              ],
              [
                -105.561282529,
                40.284509587
              ],
              [
                -105.5613035343,
                40.2845096782
              ],
              [
                -105.5612753022,
                40.2827310472
              ],
              [
                -105.5612589939,
                40.2791490952
              ],
              [
                -105.5610974211,
                40.2762112257
              ],
              [
                -105.5610798285,
                40.2758913293
              ],
              [
                -105.5610665164,
                40.2756492768
              ],
              [
                -105.5610664381,
                40.2756478132
              ],
              [
                -105.5567060868,
                40.2756395374
              ],
              [
                -105.5563730719,
                40.2756389005
              ],
              [
                -105.556303508,
                40.27325567
              ],
              [
                -105.5562787491,
                40.2724074023
              ],
              [
                -105.5562698358,
                40.2721019997
              ],
              [
                -105.5561663787,
                40.2685675072
              ],
              [
                -105.5566304145,
                40.2685639579
              ],
              [
                -105.5609279774,
                40.2685310446
              ],
              [
                -105.5609254415,
                40.268378599
              ],
              [
                -105.560925274,
                40.268368552
              ],
              [
                -105.5608873254,
                40.2660871043
              ],
              [
                -105.5608873232,
                40.2660869807
              ],
              [
                -105.5608737678,
                40.2652720399
              ],
              [
                -105.560873604,
                40.2652621981
              ],
              [
                -105.5608683879,
                40.2649485678
              ],
              [
                -105.5608406074,
                40.2638371617
              ],
              [
                -105.5607817576,
                40.2614827284
              ],
              [
                -105.5607816241,
                40.2614773781
              ],
              [
                -105.5562441289,
                40.2614045568
              ],
              [
                -105.5516617924,
                40.2614065589
              ],
              [
                -105.5515247054,
                40.2614068716
              ],
              [
                -105.5515129875,
                40.2614068979
              ],
              [
                -105.550598437,
                40.2614089791
              ],
              [
                -105.5487263255,
                40.261413218
              ],
              [
                -105.5487146578,
                40.2614132447
              ],
              [
                -105.546785531,
                40.2614175841
              ],
              [
                -105.5462144667,
                40.2614179819
              ],
              [
                -105.54580105,
                40.2614182678
              ],
              [
                -105.5423135199,
                40.2614206285
              ],
              [
                -105.5420796277,
                40.2614207837
              ],
              [
                -105.5420726679,
                40.2611229933
              ],
              [
                -105.541994323,
                40.2577707292
              ],
              [
                -105.5419277389,
                40.2561691112
              ],
              [
                -105.5418964466,
                40.2554163954
              ],
              [
                -105.5418915131,
                40.2552977283
              ],
              [
                -105.5418767902,
                40.2549435604
              ],
              [
                -105.5418397958,
                40.2540536391
              ],
              [
                -105.5418389764,
                40.2530478902
              ],
              [
                -105.5418385417,
                40.2525141291
              ],
              [
                -105.5418368949,
                40.250492199
              ],
              [
                -105.5417597976,
                40.2468536396
              ],
              [
                -105.5417734398,
                40.2443639898
              ],
              [
                -105.5417763237,
                40.243837615
              ],
              [
                -105.5417797972,
                40.2432035603
              ],
              [
                -105.5417798562,
                40.2431816761
              ],
              [
                -105.5417798702,
                40.2431765982
              ],
              [
                -105.5417897982,
                40.2394935613
              ],
              [
                -105.5418670879,
                40.23796497
              ],
              [
                -105.5419697973,
                40.2359335616
              ],
              [
                -105.5419763505,
                40.2341121088
              ],
              [
                -105.5419815314,
                40.232671936
              ],
              [
                -105.5419828214,
                40.232313179
              ],
              [
                -105.5420185782,
                40.2286867066
              ],
              [
                -105.5420187911,
                40.2286756085
              ],
              [
                -105.542019025,
                40.2286634295
              ],
              [
                -105.5420578041,
                40.2266448165
              ],
              [
                -105.5420871061,
                40.2251194532
              ],
              [
                -105.5420872578,
                40.2251110053
              ],
              [
                -105.5420873658,
                40.2251051255
              ],
              [
                -105.5420861432,
                40.2251051151
              ],
              [
                -105.5420663196,
                40.2251049422
              ],
              [
                -105.5373625168,
                40.2250637308
              ],
              [
                -105.5346310008,
                40.2250687203
              ],
              [
                -105.5337598727,
                40.2250702984
              ],
              [
                -105.5337597976,
                40.2250702987
              ],
              [
                -105.5326476515,
                40.2250723063
              ],
              [
                -105.5326476803,
                40.2250648026
              ],
              [
                -105.5326477028,
                40.2250589634
              ],
              [
                -105.5326514592,
                40.2240940089
              ],
              [
                -105.5326514601,
                40.2240938016
              ],
              [
                -105.5326570677,
                40.2226531499
              ],
              [
                -105.532661678,
                40.2214684559
              ],
              [
                -105.5326714565,
                40.2211667375
              ],
              [
                -105.5326744061,
                40.2210757483
              ],
              [
                -105.5326896148,
                40.2206064785
              ],
              [
                -105.5327098021,
                40.2199835633
              ],
              [
                -105.5333396513,
                40.2200235031
              ],
              [
                -105.5333380943,
                40.2199694121
              ],
              [
                -105.5333228771,
                40.2194408419
              ],
              [
                -105.5336186661,
                40.2194584312
              ],
              [
                -105.5336262926,
                40.219396968
              ],
              [
                -105.5336307841,
                40.219360767
              ],
              [
                -105.533636619,
                40.2193137348
              ],
              [
                -105.5337336378,
                40.219322571
              ],
              [
                -105.5338310484,
                40.2193254529
              ],
              [
                -105.533928484,
                40.2193223717
              ],
              [
                -105.5340255725,
                40.2193133348
              ],
              [
                -105.5341221012,
                40.2192985684
              ],
              [
                -105.5342175816,
                40.219277974
              ],
              [
                -105.5343084176,
                40.219252305
              ],
              [
                -105.5343971153,
                40.2192200339
              ],
              [
                -105.534460106,
                40.2191917334
              ],
              [
                -105.5344831737,
                40.2191813691
              ],
              [
                -105.5345661111,
                40.2191365499
              ],
              [
                -105.5346454859,
                40.2190858188
              ],
              [
                -105.5347208889,
                40.2190294482
              ],
              [
                -105.5347919013,
                40.2189677541
              ],
              [
                -105.5347919184,
                40.2189677932
              ],
              [
                -105.5348800903,
                40.219163143
              ],
              [
                -105.5350410835,
                40.2195233898
              ],
              [
                -105.5350727552,
                40.2195942603
              ],
              [
                -105.5351031758,
                40.2196623307
              ],
              [
                -105.5351200821,
                40.2197013261
              ],
              [
                -105.5351710532,
                40.2198188962
              ],
              [
                -105.5352245715,
                40.2198140917
              ],
              [
                -105.5360728466,
                40.2197379347
              ],
              [
                -105.5362267818,
                40.219724222
              ],
              [
                -105.5394900786,
                40.219433475
              ],
              [
                -105.5398409191,
                40.2194022112
              ],
              [
                -105.5399028656,
                40.2193462281
              ],
              [
                -105.5411042772,
                40.2182604456
              ],
              [
                -105.5418890224,
                40.2180233357
              ],
              [
                -105.5421548239,
                40.2179430223
              ],
              [
                -105.5421549145,
                40.217918232
              ],
              [
                -105.542154957,
                40.2179066624
              ],
              [
                -105.5421551722,
                40.2178476848
              ],
              [
                -105.5421941346,
                40.2178482311
              ],
              [
                -105.542506329,
                40.2178526087
              ],
              [
                -105.5429732793,
                40.2177441606
              ],
              [
                -105.544007328,
                40.2175039952
              ],
              [
                -105.5447948776,
                40.2168899022
              ],
              [
                -105.5455849933,
                40.2158378194
              ],
              [
                -105.5447930169,
                40.2158960795
              ],
              [
                -105.5446003026,
                40.2151917274
              ],
              [
                -105.5449904307,
                40.2149832392
              ],
              [
                -105.5450560034,
                40.2149481953
              ],
              [
                -105.5456031066,
                40.2149229536
              ],
              [
                -105.5459645813,
                40.2149062753
              ],
              [
                -105.5469444413,
                40.2146631368
              ],
              [
                -105.5469471525,
                40.2142464451
              ],
              [
                -105.5473046809,
                40.2142483588
              ],
              [
                -105.5478586088,
                40.2138062711
              ],
              [
                -105.5459510598,
                40.2128100185
              ],
              [
                -105.5447540792,
                40.2121808101
              ],
              [
                -105.5444240536,
                40.2120073245
              ],
              [
                -105.5444203549,
                40.212009586
              ],
              [
                -105.544139979,
                40.2121810182
              ],
              [
                -105.542255095,
                40.2133334708
              ],
              [
                -105.5422311711,
                40.214192922
              ],
              [
                -105.5422294831,
                40.2142535436
              ],
              [
                -105.5417935591,
                40.2142509183
              ],
              [
                -105.5402751553,
                40.2142417627
              ],
              [
                -105.5402097015,
                40.2142413675
              ],
              [
                -105.540148655,
                40.2142717773
              ],
              [
                -105.5383250705,
                40.2151801754
              ],
              [
                -105.5379648399,
                40.2153596147
              ],
              [
                -105.5365035106,
                40.215484471
              ],
              [
                -105.5364597385,
                40.215506646
              ],
              [
                -105.5354259458,
                40.2160303602
              ],
              [
                -105.5349064654,
                40.2162604779
              ],
              [
                -105.5333362749,
                40.2169560153
              ],
              [
                -105.5331086542,
                40.2169026002
              ],
              [
                -105.5326691548,
                40.2167994631
              ],
              [
                -105.5326589009,
                40.2167970618
              ],
              [
                -105.5326592558,
                40.2167649377
              ],
              [
                -105.532671058,
                40.2156872032
              ],
              [
                -105.5326723022,
                40.2155735528
              ],
              [
                -105.5326880152,
                40.2141386036
              ],
              [
                -105.5326880123,
                40.2141346243
              ],
              [
                -105.5328093839,
                40.2105858437
              ],
              [
                -105.5328114386,
                40.2105257595
              ],
              [
                -105.5328209511,
                40.210525748
              ],
              [
                -105.5358526854,
                40.210522493
              ],
              [
                -105.5362190205,
                40.2105220949
              ],
              [
                -105.5373632722,
                40.2105208443
              ],
              [
                -105.5422669516,
                40.2105810184
              ],
              [
                -105.5422676903,
                40.2105526418
              ],
              [
                -105.5422934549,
                40.2095627405
              ],
              [
                -105.5423188613,
                40.208586623
              ],
              [
                -105.5423327364,
                40.2080534998
              ],
              [
                -105.5423598019,
                40.2070135648
              ],
              [
                -105.544636542,
                40.2069974258
              ],
              [
                -105.5470553655,
                40.2069802349
              ],
              [
                -105.5470563236,
                40.206909395
              ],
              [
                -105.5470915442,
                40.2043048089
              ],
              [
                -105.547103673,
                40.2034078033
              ],
              [
                -105.5471038202,
                40.2033969327
              ],
              [
                -105.5469246971,
                40.2033999047
              ],
              [
                -105.5464260565,
                40.2034081756
              ],
              [
                -105.5424798027,
                40.2034735664
              ],
              [
                -105.5424797757,
                40.2034714414
              ],
              [
                -105.5424789933,
                40.2034102711
              ],
              [
                -105.5424340897,
                40.1998977591
              ],
              [
                -105.5423898029,
                40.1963235671
              ],
              [
                -105.5423860479,
                40.1938176501
              ],
              [
                -105.5423840556,
                40.1924028512
              ],
              [
                -105.5423818425,
                40.1907395156
              ],
              [
                -105.5423818277,
                40.190728818
              ],
              [
                -105.5423815563,
                40.1905247807
              ],
              [
                -105.5426024853,
                40.1904602758
              ],
              [
                -105.5427434228,
                40.1903821659
              ],
              [
                -105.5429211216,
                40.1903003417
              ],
              [
                -105.5431630481,
                40.190222857
              ],
              [
                -105.5434612092,
                40.1900640458
              ],
              [
                -105.5437529673,
                40.1899773671
              ],
              [
                -105.544280486,
                40.1898222377
              ],
              [
                -105.5446722021,
                40.1897081572
              ],
              [
                -105.5452619866,
                40.1894446239
              ],
              [
                -105.5456026795,
                40.1892811373
              ],
              [
                -105.5456380966,
                40.1892589751
              ],
              [
                -105.5458992392,
                40.1890955652
              ],
              [
                -105.5459214424,
                40.1890816708
              ],
              [
                -105.5459243871,
                40.1890785353
              ],
              [
                -105.5459590039,
                40.1890416882
              ],
              [
                -105.5461041093,
                40.188887228
              ],
              [
                -105.5463219735,
                40.1886431082
              ],
              [
                -105.5466532231,
                40.1883535328
              ],
              [
                -105.5470501401,
                40.1881087811
              ],
              [
                -105.5474609667,
                40.1878594721
              ],
              [
                -105.5478069643,
                40.1875788512
              ],
              [
                -105.5483657672,
                40.1872028107
              ],
              [
                -105.5486545276,
                40.1869223824
              ],
              [
                -105.5489202952,
                40.1865654405
              ],
              [
                -105.5492948483,
                40.1862756629
              ],
              [
                -105.5497068483,
                40.1860803513
              ],
              [
                -105.5501054103,
                40.1859481614
              ],
              [
                -105.550433109,
                40.1858567877
              ],
              [
                -105.5507177681,
                40.1857520596
              ],
              [
                -105.5510664285,
                40.1856200429
              ],
              [
                -105.5515786144,
                40.1854243026
              ],
              [
                -105.5519043535,
                40.1852247751
              ],
              [
                -105.5521868736,
                40.1849893641
              ],
              [
                -105.5526333475,
                40.1847442916
              ],
              [
                -105.5529123619,
                40.1845900535
              ],
              [
                -105.553009183,
                40.1845365307
              ],
              [
                -105.5530520417,
                40.184512839
              ],
              [
                -105.5535506491,
                40.1843621647
              ],
              [
                -105.5540350528,
                40.1842250563
              ],
              [
                -105.554519171,
                40.1840518924
              ],
              [
                -105.5550599487,
                40.1838514571
              ],
              [
                -105.5557935714,
                40.1836276997
              ],
              [
                -105.5562051465,
                40.1834232608
              ],
              [
                -105.5564469287,
                40.1832450989
              ],
              [
                -105.5564941833,
                40.1832102777
              ],
              [
                -105.5566294292,
                40.1831106176
              ],
              [
                -105.5569488887,
                40.1829516012
              ],
              [
                -105.5571329344,
                40.1828381992
              ],
              [
                -105.5572807622,
                40.1826934003
              ],
              [
                -105.5577131823,
                40.1824347812
              ],
              [
                -105.5579925498,
                40.1822601332
              ],
              [
                -105.5580034878,
                40.1822532955
              ],
              [
                -105.5584061616,
                40.1819405927
              ],
              [
                -105.5584471427,
                40.1819021785
              ],
              [
                -105.5586669753,
                40.1816961129
              ],
              [
                -105.558928118,
                40.1814921808
              ],
              [
                -105.5591897713,
                40.181306266
              ],
              [
                -105.5594587643,
                40.1811203173
              ],
              [
                -105.55984146,
                40.1808797843
              ],
              [
                -105.5602086626,
                40.1805852545
              ],
              [
                -105.5604959701,
                40.1804044988
              ],
              [
                -105.560548602,
                40.1803713841
              ],
              [
                -105.5605909873,
                40.1803447184
              ],
              [
                -105.5606667269,
                40.1802748
              ],
              [
                -105.5607567761,
                40.1801916724
              ],
              [
                -105.5608656614,
                40.1800911572
              ],
              [
                -105.5610264481,
                40.1798696564
              ],
              [
                -105.5613431785,
                40.1795528261
              ],
              [
                -105.561704093,
                40.1792988656
              ],
              [
                -105.5620018125,
                40.1791262903
              ],
              [
                -105.5624206391,
                40.1789081019
              ],
              [
                -105.562962894,
                40.1787929629
              ],
              [
                -105.5631223865,
                40.1787700178
              ],
              [
                -105.5631944193,
                40.178759655
              ],
              [
                -105.5634479855,
                40.1787231761
              ],
              [
                -105.5635776754,
                40.178704518
              ],
              [
                -105.5636084805,
                40.1786969093
              ],
              [
                -105.5639298352,
                40.1786175327
              ],
              [
                -105.564098163,
                40.1785759558
              ],
              [
                -105.564181421,
                40.1785432831
              ],
              [
                -105.5645744966,
                40.1783890254
              ],
              [
                -105.5649447651,
                40.1782476366
              ],
              [
                -105.5653501155,
                40.1780880634
              ],
              [
                -105.5657714513,
                40.1779876361
              ],
              [
                -105.5658431435,
                40.1779705469
              ],
              [
                -105.5658706367,
                40.1779639943
              ],
              [
                -105.5664134369,
                40.1778713532
              ],
              [
                -105.5666839507,
                40.177784488
              ],
              [
                -105.566882936,
                40.1777024612
              ],
              [
                -105.5673814635,
                40.1775379337
              ],
              [
                -105.5677859561,
                40.1773197805
              ],
              [
                -105.5680904761,
                40.1771291261
              ],
              [
                -105.5683234665,
                40.1769433117
              ],
              [
                -105.5684026622,
                40.1768678561
              ],
              [
                -105.5684545604,
                40.1768184088
              ],
              [
                -105.5685135523,
                40.1767622026
              ],
              [
                -105.5688681951,
                40.1764445709
              ],
              [
                -105.5688827698,
                40.1764315173
              ],
              [
                -105.5689787859,
                40.1763455209
              ],
              [
                -105.5691912604,
                40.1762093605
              ],
              [
                -105.5693896097,
                40.1760957905
              ],
              [
                -105.5697364701,
                40.1758778979
              ],
              [
                -105.5699550989,
                40.1756876418
              ],
              [
                -105.5702159263,
                40.1754521303
              ],
              [
                -105.5704181302,
                40.1751403075
              ],
              [
                -105.5706053903,
                40.1747970147
              ],
              [
                -105.5706151253,
                40.1747708458
              ],
              [
                -105.5706386621,
                40.1747075756
              ],
              [
                -105.5706535979,
                40.1746674249
              ],
              [
                -105.5706699813,
                40.1746233844
              ],
              [
                -105.570714522,
                40.1745036521
              ],
              [
                -105.5707742965,
                40.17423305
              ],
              [
                -105.570769817,
                40.1740033001
              ],
              [
                -105.5707697396,
                40.1740009385
              ],
              [
                -105.5707687736,
                40.1739713903
              ],
              [
                -105.57076538,
                40.1738676691
              ],
              [
                -105.5707630372,
                40.1737435878
              ],
              [
                -105.5707935424,
                40.173617305
              ],
              [
                -105.5708390965,
                40.1734909484
              ],
              [
                -105.570869094,
                40.1733916966
              ],
              [
                -105.5708555007,
                40.1731710322
              ],
              [
                -105.5708859306,
                40.1730357401
              ],
              [
                -105.5708865858,
                40.1728510433
              ],
              [
                -105.5709027584,
                40.172634736
              ],
              [
                -105.5708882447,
                40.1725672373
              ],
              [
                -105.5708742849,
                40.172346574
              ],
              [
                -105.5708915801,
                40.1719140342
              ],
              [
                -105.5708924234,
                40.1717518604
              ],
              [
                -105.5708185121,
                40.1716035685
              ],
              [
                -105.5708188025,
                40.1715945573
              ],
              [
                -105.5709396786,
                40.1712155638
              ],
              [
                -105.5709705402,
                40.1710442324
              ],
              [
                -105.5710900459,
                40.1709400345
              ],
              [
                -105.571150023,
                40.1708271208
              ],
              [
                -105.5713150156,
                40.1706326025
              ],
              [
                -105.5714057501,
                40.1703798896
              ],
              [
                -105.5715261989,
                40.1700819827
              ],
              [
                -105.5715862995,
                40.1700276298
              ],
              [
                -105.57167632,
                40.1698650148
              ],
              [
                -105.5717671541,
                40.1695807678
              ],
              [
                -105.571737659,
                40.1694773048
              ],
              [
                -105.5718144118,
                40.169089519
              ],
              [
                -105.5718898533,
                40.1688954427
              ],
              [
                -105.5718168588,
                40.1685939865
              ],
              [
                -105.5717878232,
                40.168413941
              ],
              [
                -105.5716555463,
                40.1680452065
              ],
              [
                -105.5715537106,
                40.1675862256
              ],
              [
                -105.5715698663,
                40.1673248724
              ],
              [
                -105.5714072794,
                40.1671049423
              ],
              [
                -105.5713491206,
                40.166821431
              ],
              [
                -105.5712604963,
                40.1666687082
              ],
              [
                -105.5710681122,
                40.1664399158
              ],
              [
                -105.5710261419,
                40.1661744039
              ],
              [
                -105.5710251769,
                40.1661682999
              ],
              [
                -105.5710247086,
                40.1661653401
              ],
              [
                -105.571040701,
                40.1659715582
              ],
              [
                -105.5710563343,
                40.1658228241
              ],
              [
                -105.5712958644,
                40.1655468543
              ],
              [
                -105.5715350841,
                40.1653654851
              ],
              [
                -105.5716992091,
                40.1652880937
              ],
              [
                -105.5719383893,
                40.1651022178
              ],
              [
                -105.5719978937,
                40.1650749999
              ],
              [
                -105.5722370639,
                40.1649656008
              ],
              [
                -105.5723026383,
                40.1649221394
              ],
              [
                -105.5727301075,
                40.164638822
              ],
              [
                -105.5731631395,
                40.1644204515
              ],
              [
                -105.5735661264,
                40.1642517802
              ],
              [
                -105.5737603526,
                40.1640886483
              ],
              [
                -105.5738948118,
                40.163975363
              ],
              [
                -105.5739847044,
                40.1639298706
              ],
              [
                -105.5743727185,
                40.16377028
              ],
              [
                -105.5745666224,
                40.1636566997
              ],
              [
                -105.5755524116,
                40.1631472735
              ],
              [
                -105.5757759363,
                40.163065076
              ],
              [
                -105.5761492629,
                40.162905555
              ],
              [
                -105.5766566125,
                40.1626687821
              ],
              [
                -105.5773440028,
                40.1621563215
              ],
              [
                -105.5775832713,
                40.1619839487
              ],
              [
                -105.5776280242,
                40.1619386772
              ],
              [
                -105.5777779464,
                40.1617892734
              ],
              [
                -105.5779571619,
                40.1616757605
              ],
              [
                -105.5781066395,
                40.1615173482
              ],
              [
                -105.5782862825,
                40.1613677948
              ],
              [
                -105.5784955704,
                40.161209083
              ],
              [
                -105.5787491738,
                40.1611267321
              ],
              [
                -105.5788833828,
                40.1610720035
              ],
              [
                -105.5791664548,
                40.1610030163
              ],
              [
                -105.5794349651,
                40.1609476163
              ],
              [
                -105.5798818066,
                40.1608913226
              ],
              [
                -105.580328956,
                40.1608710633
              ],
              [
                -105.5809393917,
                40.1608499836
              ],
              [
                -105.5813263575,
                40.1609156125
              ],
              [
                -105.5817580344,
                40.1609314632
              ],
              [
                -105.5819664587,
                40.160930416
              ],
              [
                -105.5823389427,
                40.1609330472
              ],
              [
                -105.5827553796,
                40.1610120373
              ],
              [
                -105.5831417876,
                40.1611407294
              ],
              [
                -105.5833653722,
                40.1611531183
              ],
              [
                -105.5833754731,
                40.1611538642
              ],
              [
                -105.5834559098,
                40.1611598119
              ],
              [
                -105.5837075941,
                40.1611784212
              ],
              [
                -105.5839755778,
                40.1611905847
              ],
              [
                -105.5843927151,
                40.1611794699
              ],
              [
                -105.5849584643,
                40.1611676037
              ],
              [
                -105.5854203667,
                40.1611562597
              ],
              [
                -105.5854846964,
                40.1611457848
              ],
              [
                -105.5855264157,
                40.1611389919
              ],
              [
                -105.5857629941,
                40.1611004706
              ],
              [
                -105.5861356514,
                40.161080566
              ],
              [
                -105.5866716198,
                40.1611048793
              ],
              [
                -105.587103378,
                40.161129719
              ],
              [
                -105.5873651538,
                40.1611891543
              ],
              [
                -105.5873987989,
                40.1611967933
              ],
              [
                -105.5875497395,
                40.1612310639
              ],
              [
                -105.5877432345,
                40.1612435955
              ],
              [
                -105.5878827442,
                40.1612218271
              ],
              [
                -105.5879111525,
                40.1612173946
              ],
              [
                -105.5879521208,
                40.1612110027
              ],
              [
                -105.5882051779,
                40.1612367462
              ],
              [
                -105.5885175624,
                40.1612486723
              ],
              [
                -105.5888603804,
                40.1612153967
              ],
              [
                -105.5892179559,
                40.1611910527
              ],
              [
                -105.5896199688,
                40.1611709872
              ],
              [
                -105.5899776369,
                40.16111511
              ],
              [
                -105.5903398158,
                40.1610351127
              ],
              [
                -105.5903778105,
                40.1610267203
              ],
              [
                -105.5904995544,
                40.16099983
              ],
              [
                -105.5907532351,
                40.1608859177
              ],
              [
                -105.5908873172,
                40.160817662
              ],
              [
                -105.5910814982,
                40.16074009
              ],
              [
                -105.5913205557,
                40.1605902142
              ],
              [
                -105.5915890827,
                40.1604537006
              ],
              [
                -105.5918281368,
                40.1603038222
              ],
              [
                -105.5920672043,
                40.1601134021
              ],
              [
                -105.5922466404,
                40.1599863511
              ],
              [
                -105.5924707947,
                40.1597689768
              ],
              [
                -105.5925458485,
                40.1596649841
              ],
              [
                -105.5927105572,
                40.159447914
              ],
              [
                -105.5928900305,
                40.1593253672
              ],
              [
                -105.5931437551,
                40.1591754112
              ],
              [
                -105.593562325,
                40.1588669443
              ],
              [
                -105.5938753564,
                40.1587437115
              ],
              [
                -105.5942336524,
                40.1585932169
              ],
              [
                -105.5947555549,
                40.1584373758
              ],
              [
                -105.5950838777,
                40.1583005471
              ],
              [
                -105.5955456139,
                40.1582306028
              ],
              [
                -105.5961566494,
                40.1581553811
              ],
              [
                -105.5966483931,
                40.1580762675
              ],
              [
                -105.5971098576,
                40.1581009178
              ],
              [
                -105.5976016277,
                40.1580668477
              ],
              [
                -105.5979884834,
                40.1580783656
              ],
              [
                -105.5985543225,
                40.1580799466
              ],
              [
                -105.5988967826,
                40.1580916903
              ],
              [
                -105.59931343,
                40.1581525998
              ],
              [
                -105.5994772782,
                40.1581742756
              ],
              [
                -105.5996706479,
                40.1581732728
              ],
              [
                -105.599745422,
                40.1581638773
              ],
              [
                -105.6001027273,
                40.1581530163
              ],
              [
                -105.6010259031,
                40.1581887704
              ],
              [
                -105.6013534882,
                40.1581780601
              ],
              [
                -105.6013735888,
                40.158176676
              ],
              [
                -105.6013857598,
                40.1581758386
              ],
              [
                -105.6016365952,
                40.1581585705
              ],
              [
                -105.6026341073,
                40.1581353642
              ],
              [
                -105.6028428567,
                40.1580892299
              ],
              [
                -105.6029482595,
                40.1581082727
              ],
              [
                -105.6029662114,
                40.1581115158
              ],
              [
                -105.6036911145,
                40.1582424768
              ],
              [
                -105.6040330266,
                40.1583578174
              ],
              [
                -105.6044046931,
                40.1585180474
              ],
              [
                -105.6050295491,
                40.1586364125
              ],
              [
                -105.6054903036,
                40.1587871643
              ],
              [
                -105.6057433184,
                40.1588083649
              ],
              [
                -105.6064718735,
                40.1590748351
              ],
              [
                -105.6068288396,
                40.1591900875
              ],
              [
                -105.6068520948,
                40.1591953523
              ],
              [
                -105.6068541761,
                40.1591958239
              ],
              [
                -105.6073344122,
                40.15930456
              ],
              [
                -105.6076765017,
                40.1593973644
              ],
              [
                -105.6080334703,
                40.1595126143
              ],
              [
                -105.6082415102,
                40.1595926058
              ],
              [
                -105.6084007198,
                40.1597155353
              ],
              [
                -105.6084077118,
                40.1597209344
              ],
              [
                -105.6084790972,
                40.1597760523
              ],
              [
                -105.6087018914,
                40.1599055182
              ],
              [
                -105.6089843765,
                40.1600211569
              ],
              [
                -105.6094591904,
                40.1603880453
              ],
              [
                -105.6098451832,
                40.1606292695
              ],
              [
                -105.6100529356,
                40.1607993543
              ],
              [
                -105.6104387228,
                40.1610991385
              ],
              [
                -105.6107501896,
                40.1613767885
              ],
              [
                -105.6111513168,
                40.1616269369
              ],
              [
                -105.6114934656,
                40.1616836931
              ],
              [
                -105.6115372164,
                40.1616930981
              ],
              [
                -105.6115904244,
                40.1617045368
              ],
              [
                -105.61165708,
                40.1617188675
              ],
              [
                -105.6118056492,
                40.1617541195
              ],
              [
                -105.6120886841,
                40.1617661375
              ],
              [
                -105.6123565099,
                40.1618007591
              ],
              [
                -105.6124759713,
                40.1617821076
              ],
              [
                -105.6127587652,
                40.1617670973
              ],
              [
                -105.6129077843,
                40.1617708148
              ],
              [
                -105.6131909844,
                40.1617603047
              ],
              [
                -105.613280029,
                40.1617463199
              ],
              [
                -105.6137120854,
                40.1617620492
              ],
              [
                -105.6141290173,
                40.1617283045
              ],
              [
                -105.6143973784,
                40.1616593097
              ],
              [
                -105.6145913713,
                40.1616042235
              ],
              [
                -105.6149047029,
                40.1614764278
              ],
              [
                -105.6151729796,
                40.1613984222
              ],
              [
                -105.615575601,
                40.1612836641
              ],
              [
                -105.6158287498,
                40.1612372709
              ],
              [
                -105.6160376623,
                40.1611685874
              ],
              [
                -105.6162612934,
                40.1611043316
              ],
              [
                -105.6166039737,
                40.1610574602
              ],
              [
                -105.6169325777,
                40.1610598463
              ],
              [
                -105.616961781,
                40.1610600581
              ],
              [
                -105.6169653002,
                40.1610602275
              ],
              [
                -105.617215093,
                40.1610722244
              ],
              [
                -105.6175569589,
                40.1611379708
              ],
              [
                -105.617705856,
                40.1612092527
              ],
              [
                -105.6180182059,
                40.1612571391
              ],
              [
                -105.6183308808,
                40.1613005169
              ],
              [
                -105.6183415916,
                40.1613034239
              ],
              [
                -105.6186726285,
                40.1613932908
              ],
              [
                -105.6189409844,
                40.1614053708
              ],
              [
                -105.6190931188,
                40.1614252829
              ],
              [
                -105.6191036764,
                40.1614266647
              ],
              [
                -105.619238576,
                40.1614443206
              ],
              [
                -105.6194917277,
                40.1614790052
              ],
              [
                -105.6197446725,
                40.1614911659
              ],
              [
                -105.6201020751,
                40.1614892519
              ],
              [
                -105.6203848654,
                40.1615147659
              ],
              [
                -105.6207422307,
                40.1615488889
              ],
              [
                -105.6211297181,
                40.1615062672
              ],
              [
                -105.6214270645,
                40.161518186
              ],
              [
                -105.6216949761,
                40.161561796
              ],
              [
                -105.6219627687,
                40.1616324333
              ],
              [
                -105.6221559915,
                40.1617350032
              ],
              [
                -105.6225279972,
                40.1618050789
              ],
              [
                -105.6226471709,
                40.1617954291
              ],
              [
                -105.6227362595,
                40.1618264838
              ],
              [
                -105.6229892145,
                40.1619197214
              ],
              [
                -105.6231971967,
                40.161990679
              ],
              [
                -105.6232797391,
                40.1620179874
              ],
              [
                -105.6232960103,
                40.1620233705
              ],
              [
                -105.6233311769,
                40.1620350044
              ],
              [
                -105.6238980258,
                40.1621396675
              ],
              [
                -105.6243120642,
                40.16239878
              ],
              [
                -105.6239084196,
                40.1621461538
              ],
              [
                -105.6238980661,
                40.1621396752
              ],
              [
                -105.6254172791,
                40.1624201696
              ],
              [
                -105.6254787073,
                40.1624315104
              ],
              [
                -105.6258492087,
                40.1624999139
              ],
              [
                -105.6258914958,
                40.1625077207
              ],
              [
                -105.626547986,
                40.1626289197
              ],
              [
                -105.6280809452,
                40.1629119158
              ],
              [
                -105.6280984092,
                40.1629151399
              ],
              [
                -105.6281671699,
                40.1629278332
              ],
              [
                -105.6285396656,
                40.1629303162
              ],
              [
                -105.6292242414,
                40.1629896647
              ],
              [
                -105.6292769323,
                40.1630005446
              ],
              [
                -105.6292815308,
                40.1630014941
              ],
              [
                -105.6296705911,
                40.163081837
              ],
              [
                -105.6298043025,
                40.163175709
              ],
              [
                -105.6298934874,
                40.163256309
              ],
              [
                -105.6302798427,
                40.1634479101
              ],
              [
                -105.6317056125,
                40.1643681136
              ],
              [
                -105.6317604691,
                40.1644135899
              ],
              [
                -105.6317669277,
                40.1644189444
              ],
              [
                -105.632121289,
                40.1647127092
              ],
              [
                -105.6323589378,
                40.1648150204
              ],
              [
                -105.6326416407,
                40.1649080743
              ],
              [
                -105.6327606289,
                40.1649569767
              ],
              [
                -105.6331769073,
                40.1650493004
              ],
              [
                -105.6335640691,
                40.1651282682
              ],
              [
                -105.6339358952,
                40.1651757841
              ],
              [
                -105.6344867673,
                40.1652583568
              ],
              [
                -105.6346606841,
                40.1652808024
              ],
              [
                -105.634728185,
                40.165289515
              ],
              [
                -105.6347546176,
                40.1652929263
              ],
              [
                -105.6350524029,
                40.1653498545
              ],
              [
                -105.6353347741,
                40.1654068675
              ],
              [
                -105.6357662826,
                40.1655576592
              ],
              [
                -105.6360336276,
                40.1657013122
              ],
              [
                -105.6360466006,
                40.1657082827
              ],
              [
                -105.6360484389,
                40.1657092703
              ],
              [
                -105.63650979,
                40.1658328672
              ],
              [
                -105.6366168165,
                40.1658355139
              ],
              [
                -105.6366347646,
                40.1658359572
              ],
              [
                -105.6366588194,
                40.1658365522
              ],
              [
                -105.6367324313,
                40.1658429541
              ],
              [
                -105.637194684,
                40.1658831557
              ],
              [
                -105.6374179553,
                40.1658594039
              ],
              [
                -105.6376414367,
                40.1658581734
              ],
              [
                -105.6378646763,
                40.1658704571
              ],
              [
                -105.6381477336,
                40.1658824121
              ],
              [
                -105.6385048857,
                40.1659299942
              ],
              [
                -105.6386536896,
                40.1659877353
              ],
              [
                -105.6388770584,
                40.1660135314
              ],
              [
                -105.6391746931,
                40.1660929737
              ],
              [
                -105.6393825778,
                40.1661503877
              ],
              [
                -105.6397547795,
                40.1661978844
              ],
              [
                -105.6400376815,
                40.1662323572
              ],
              [
                -105.6405139758,
                40.1662657621
              ],
              [
                -105.6406778971,
                40.1662918832
              ],
              [
                -105.6408115296,
                40.1663361905
              ],
              [
                -105.641064836,
                40.1663843398
              ],
              [
                -105.6411985392,
                40.1663971136
              ],
              [
                -105.6413474005,
                40.1663827764
              ],
              [
                -105.6415265233,
                40.1663862878
              ],
              [
                -105.6421365514,
                40.1665135426
              ],
              [
                -105.6423595442,
                40.166615915
              ],
              [
                -105.6426270675,
                40.1667315534
              ],
              [
                -105.6428201239,
                40.1668115674
              ],
              [
                -105.6430877336,
                40.1669362132
              ],
              [
                -105.643170294,
                40.1669732445
              ],
              [
                -105.6431858755,
                40.166980233
              ],
              [
                -105.6433258171,
                40.167043004
              ],
              [
                -105.6434893907,
                40.1671096657
              ],
              [
                -105.6436296583,
                40.1670642602
              ],
              [
                -105.6436363599,
                40.1670620907
              ],
              [
                -105.6437725745,
                40.1670179972
              ],
              [
                -105.6440400756,
                40.1671696689
              ],
              [
                -105.644188604,
                40.167236414
              ],
              [
                -105.6445159221,
                40.1673877536
              ],
              [
                -105.6451104922,
                40.1676637342
              ],
              [
                -105.6457199005,
                40.1679171068
              ],
              [
                -105.6462113821,
                40.1679639165
              ],
              [
                -105.6464816201,
                40.1680278915
              ],
              [
                -105.6465107164,
                40.168034779
              ],
              [
                -105.6466575486,
                40.1680695389
              ],
              [
                -105.6471792418,
                40.1680125666
              ],
              [
                -105.6476711488,
                40.1679107128
              ],
              [
                -105.6479420416,
                40.1678430035
              ],
              [
                -105.6479845509,
                40.1678323788
              ],
              [
                -105.648194865,
                40.1677676398
              ],
              [
                -105.6482081301,
                40.1677635567
              ],
              [
                -105.6482113894,
                40.167762892
              ],
              [
                -105.6483918448,
                40.1677260861
              ],
              [
                -105.6491619268,
                40.1675690147
              ],
              [
                -105.650442398,
                40.1676879601
              ],
              [
                -105.6509480825,
                40.1678382781
              ],
              [
                -105.6514686859,
                40.1679749964
              ],
              [
                -105.6517068083,
                40.1680457324
              ],
              [
                -105.6517289449,
                40.1680491778
              ],
              [
                -105.6518143324,
                40.168062467
              ],
              [
                -105.6519302729,
                40.168080512
              ],
              [
                -105.652391669,
                40.1681274643
              ],
              [
                -105.6528085318,
                40.1681611529
              ],
              [
                -105.653091385,
                40.1681505482
              ],
              [
                -105.6533597945,
                40.1681265106
              ],
              [
                -105.653657626,
                40.1680707721
              ],
              [
                -105.6538069851,
                40.1679933492
              ],
              [
                -105.6538806395,
                40.1679374052
              ],
              [
                -105.6538927784,
                40.1679281846
              ],
              [
                -105.6538966123,
                40.1679252721
              ],
              [
                -105.6540607774,
                40.1677846988
              ],
              [
                -105.6542102205,
                40.1677162838
              ],
              [
                -105.6544932213,
                40.1676831504
              ],
              [
                -105.6546421262,
                40.1676732998
              ],
              [
                -105.6548801203,
                40.1677305156
              ],
              [
                -105.6550437487,
                40.1678016657
              ],
              [
                -105.6551757656,
                40.1678809511
              ],
              [
                -105.6551867978,
                40.1678875763
              ],
              [
                -105.6553855607,
                40.1680069477
              ],
              [
                -105.6559053621,
                40.168364382
              ],
              [
                -105.6561878974,
                40.1685114365
              ],
              [
                -105.6564554522,
                40.1686270428
              ],
              [
                -105.6571004336,
                40.168790277
              ],
              [
                -105.657106222,
                40.1687917423
              ],
              [
                -105.6573781347,
                40.1688605573
              ],
              [
                -105.6579935294,
                40.1690613463
              ],
              [
                -105.6580177399,
                40.1690692455
              ],
              [
                -105.6581516379,
                40.169112933
              ],
              [
                -105.6585089729,
                40.1691379282
              ],
              [
                -105.6587586509,
                40.1690566558
              ],
              [
                -105.6587625055,
                40.1690554013
              ],
              [
                -105.6587922518,
                40.1690488052
              ],
              [
                -105.6590752532,
                40.1689860507
              ],
              [
                -105.6593583866,
                40.1689664189
              ],
              [
                -105.6595495744,
                40.16896533
              ],
              [
                -105.6596031315,
                40.168965025
              ],
              [
                -105.6597158255,
                40.1689643836
              ],
              [
                -105.6600731404,
                40.1690254135
              ],
              [
                -105.6604746495,
                40.169140246
              ],
              [
                -105.6605704151,
                40.1691780759
              ],
              [
                -105.6605822509,
                40.1691827512
              ],
              [
                -105.6606925634,
                40.1692263281
              ],
              [
                -105.6607120161,
                40.1692340129
              ],
              [
                -105.6609355347,
                40.1693223087
              ],
              [
                -105.6613822311,
                40.1694413856
              ],
              [
                -105.6615972314,
                40.1695209953
              ],
              [
                -105.6615985778,
                40.1695214947
              ],
              [
                -105.6618135422,
                40.1696010908
              ],
              [
                -105.6620663964,
                40.1697033841
              ],
              [
                -105.6620895678,
                40.1697127576
              ],
              [
                -105.6625272339,
                40.1698898164
              ],
              [
                -105.6630179858,
                40.1700852152
              ],
              [
                -105.6633455395,
                40.1701418988
              ],
              [
                -105.6638220789,
                40.170121149
              ],
              [
                -105.6641646229,
                40.1700966612
              ],
              [
                -105.6643736463,
                40.1700414053
              ],
              [
                -105.6645820206,
                40.169995162
              ],
              [
                -105.6647461221,
                40.1699626881
              ],
              [
                -105.6649782978,
                40.1699303812
              ],
              [
                -105.6650000102,
                40.1699273603
              ],
              [
                -105.6652526348,
                40.1698922081
              ],
              [
                -105.6656548057,
                40.1698853913
              ],
              [
                -105.6660718463,
                40.1698604688
              ],
              [
                -105.6663549087,
                40.1699083923
              ],
              [
                -105.6664165607,
                40.1699226506
              ],
              [
                -105.666444189,
                40.1699290402
              ],
              [
                -105.6666969977,
                40.1699875081
              ],
              [
                -105.6668607909,
                40.1700361164
              ],
              [
                -105.6669442839,
                40.1700067701
              ],
              [
                -105.6669329319,
                40.170002269
              ],
              [
                -105.6669073007,
                40.1699700499
              ],
              [
                -105.6669028893,
                40.1699645036
              ],
              [
                -105.6668552212,
                40.1699045799
              ],
              [
                -105.6670722977,
                40.1698640744
              ],
              [
                -105.6673403829,
                40.1698956622
              ],
              [
                -105.6674693265,
                40.169910854
              ],
              [
                -105.6679293519,
                40.1698591338
              ],
              [
                -105.6683502308,
                40.1697291251
              ],
              [
                -105.6686807008,
                40.1695113156
              ],
              [
                -105.6688735764,
                40.1694079417
              ],
              [
                -105.6688843084,
                40.1694021895
              ],
              [
                -105.6688911336,
                40.1693986408
              ],
              [
                -105.6690752204,
                40.1693029489
              ],
              [
                -105.6691716395,
                40.1692336313
              ],
              [
                -105.669284522,
                40.1691524788
              ],
              [
                -105.6693191201,
                40.1690783709
              ],
              [
                -105.6693662517,
                40.1689774136
              ],
              [
                -105.6694631878,
                40.1688735243
              ],
              [
                -105.6694675242,
                40.168868876
              ],
              [
                -105.6695351608,
                40.1688337165
              ],
              [
                -105.6695820691,
                40.1688093309
              ],
              [
                -105.6696450641,
                40.1687108306
              ],
              [
                -105.669642896,
                40.1686884417
              ],
              [
                -105.6696321655,
                40.168577553
              ],
              [
                -105.669552533,
                40.1684071389
              ],
              [
                -105.6695373308,
                40.1681618845
              ],
              [
                -105.6695857006,
                40.1678770057
              ],
              [
                -105.6696274375,
                40.1678211539
              ],
              [
                -105.669761984,
                40.1675913883
              ],
              [
                -105.6698115034,
                40.1674889093
              ],
              [
                -105.6698172751,
                40.167476964
              ],
              [
                -105.6698486393,
                40.1674567037
              ],
              [
                -105.6699982402,
                40.1672936672
              ],
              [
                -105.6701526441,
                40.1671892261
              ],
              [
                -105.6701695801,
                40.1671832019
              ],
              [
                -105.6703840336,
                40.1671069157
              ],
              [
                -105.6706300405,
                40.1670076956
              ],
              [
                -105.6707790187,
                40.166947609
              ],
              [
                -105.6708130133,
                40.1669227855
              ],
              [
                -105.6709822302,
                40.1667992252
              ],
              [
                -105.6712997881,
                40.1665716679
              ],
              [
                -105.671407055,
                40.1664545977
              ],
              [
                -105.6715116781,
                40.1664585116
              ],
              [
                -105.6715349549,
                40.1664593823
              ],
              [
                -105.671728612,
                40.1664852876
              ],
              [
                -105.6719963409,
                40.1665422955
              ],
              [
                -105.6723981567,
                40.1665759998
              ],
              [
                -105.6725919031,
                40.1666109121
              ],
              [
                -105.6726812091,
                40.1666239082
              ],
              [
                -105.6730091108,
                40.1665679453
              ],
              [
                -105.6738716514,
                40.1669142968
              ],
              [
                -105.6740497874,
                40.1670033527
              ],
              [
                -105.674525584,
                40.1672438369
              ],
              [
                -105.6749121849,
                40.1674082599
              ],
              [
                -105.6752843534,
                40.1675232118
              ],
              [
                -105.6757007911,
                40.167624391
              ],
              [
                -105.6761177941,
                40.1676715079
              ],
              [
                -105.6765938717,
                40.1677543177
              ],
              [
                -105.6766981019,
                40.1677176697
              ],
              [
                -105.6769513577,
                40.1677206943
              ],
              [
                -105.6771152419,
                40.1677782975
              ],
              [
                -105.6774129263,
                40.1678576416
              ],
              [
                -105.6776659783,
                40.1679507595
              ],
              [
                -105.6779334227,
                40.1680888396
              ],
              [
                -105.6781468806,
                40.1682170038
              ],
              [
                -105.67815791,
                40.1682236256
              ],
              [
                -105.678349512,
                40.1683386668
              ],
              [
                -105.6786770624,
                40.1684313458
              ],
              [
                -105.6787259134,
                40.1684347543
              ],
              [
                -105.67872982,
                40.1684350267
              ],
              [
                -105.6790343995,
                40.1684562793
              ],
              [
                -105.6795404433,
                40.1685253861
              ],
              [
                -105.6799570809,
                40.1686085297
              ],
              [
                -105.6805078389,
                40.1687449395
              ],
              [
                -105.6808202564,
                40.1688286916
              ],
              [
                -105.6812518911,
                40.1689432754
              ],
              [
                -105.6816239947,
                40.1690131615
              ],
              [
                -105.6819065605,
                40.1690475346
              ],
              [
                -105.68217459,
                40.1690594706
              ],
              [
                -105.6824130491,
                40.1689769804
              ],
              [
                -105.6826517766,
                40.1689215166
              ],
              [
                -105.6828901372,
                40.1688660545
              ],
              [
                -105.6832777728,
                40.1687646637
              ],
              [
                -105.6833669486,
                40.1687641371
              ],
              [
                -105.6835756718,
                40.1687178577
              ],
              [
                -105.683784533,
                40.1686850918
              ],
              [
                -105.6840826287,
                40.1685481888
              ],
              [
                -105.6842914088,
                40.168434337
              ],
              [
                -105.6844557821,
                40.1683207475
              ],
              [
                -105.6846497463,
                40.1681934694
              ],
              [
                -105.6850376651,
                40.1679749488
              ],
              [
                -105.6852613459,
                40.1678835311
              ],
              [
                -105.6853806615,
                40.1678512911
              ],
              [
                -105.6854851633,
                40.1678056244
              ],
              [
                -105.6857982924,
                40.1677046673
              ],
              [
                -105.6859474239,
                40.1676812597
              ],
              [
                -105.6862453165,
                40.1676344465
              ],
              [
                -105.6865878894,
                40.1675783596
              ],
              [
                -105.6867221124,
                40.1675325158
              ],
              [
                -105.6868712913,
                40.167477576
              ],
              [
                -105.6870798742,
                40.1674177765
              ],
              [
                -105.6872590094,
                40.1673491433
              ],
              [
                -105.6874975031,
                40.167235109
              ],
              [
                -105.6876318643,
                40.1671667405
              ],
              [
                -105.6879152678,
                40.1670299157
              ],
              [
                -105.6881238969,
                40.1669385805
              ],
              [
                -105.6882730707,
                40.1669196744
              ],
              [
                -105.6886455916,
                40.1668498898
              ],
              [
                -105.6889882494,
                40.1668028039
              ],
              [
                -105.6891371492,
                40.1667568711
              ],
              [
                -105.6895100847,
                40.1666555468
              ],
              [
                -105.6897337527,
                40.1666001575
              ],
              [
                -105.6901654895,
                40.1665435281
              ],
              [
                -105.6904488346,
                40.1664742678
              ],
              [
                -105.6906424119,
                40.1664190571
              ],
              [
                -105.6908514001,
                40.1663637541
              ],
              [
                -105.6912387327,
                40.1662713471
              ],
              [
                -105.6914626294,
                40.1661664021
              ],
              [
                -105.6916118033,
                40.166075417
              ],
              [
                -105.6917757917,
                40.1659618186
              ],
              [
                -105.6919701485,
                40.1658029935
              ],
              [
                -105.692328032,
                40.165629674
              ],
              [
                -105.6926558198,
                40.1655286096
              ],
              [
                -105.6928348498,
                40.1654509579
              ],
              [
                -105.693058329,
                40.1654135832
              ],
              [
                -105.6931774969,
                40.1654038598
              ],
              [
                -105.6933118514,
                40.1652994472
              ],
              [
                -105.6934312974,
                40.1652086379
              ],
              [
                -105.6935508791,
                40.165095303
              ],
              [
                -105.6937152767,
                40.1649141298
              ],
              [
                -105.6937900435,
                40.1647965604
              ],
              [
                -105.693909671,
                40.1646516922
              ],
              [
                -105.6939996667,
                40.1644799731
              ],
              [
                -105.6941789675,
                40.1642491573
              ],
              [
                -105.6942431636,
                40.1641843084
              ],
              [
                -105.6942798061,
                40.1641472948
              ],
              [
                -105.6943584069,
                40.1640678932
              ],
              [
                -105.6944931675,
                40.1638598677
              ],
              [
                -105.6945574203,
                40.1637407312
              ],
              [
                -105.6945773299,
                40.1637038159
              ],
              [
                -105.6945979757,
                40.1636655366
              ],
              [
                -105.6946878758,
                40.163484808
              ],
              [
                -105.6947181929,
                40.1632909234
              ],
              [
                -105.6948230466,
                40.1631731712
              ],
              [
                -105.6951064633,
                40.1629687571
              ],
              [
                -105.6952854843,
                40.162855065
              ],
              [
                -105.6955543126,
                40.1626597471
              ],
              [
                -105.6958224976,
                40.1625455183
              ],
              [
                -105.6962550251,
                40.1623537195
              ],
              [
                -105.6964641327,
                40.162239844
              ],
              [
                -105.6969560538,
                40.1620431807
              ],
              [
                -105.6973436273,
                40.1619417439
              ],
              [
                -105.697820504,
                40.1618172444
              ],
              [
                -105.6980887815,
                40.1617840927
              ],
              [
                -105.6985505704,
                40.1617632899
              ],
              [
                -105.6988480214,
                40.1617840166
              ],
              [
                -105.6992795456,
                40.1618534886
              ],
              [
                -105.6995772337,
                40.1619688117
              ],
              [
                -105.6998891944,
                40.1621516212
              ],
              [
                -105.7000381801,
                40.1622588337
              ],
              [
                -105.7002457924,
                40.1624287565
              ],
              [
                -105.7003346947,
                40.1625453413
              ],
              [
                -105.7006769239,
                40.1626378698
              ],
              [
                -105.700885575,
                40.162623093
              ],
              [
                -105.7011838414,
                40.162508669
              ],
              [
                -105.7014520223,
                40.1624304651
              ],
              [
                -105.7015035522,
                40.1624240958
              ],
              [
                -105.7015424326,
                40.1624192899
              ],
              [
                -105.7017202979,
                40.162397305
              ],
              [
                -105.7019068212,
                40.1623398073
              ],
              [
                -105.7019210445,
                40.1623354227
              ],
              [
                -105.7020184274,
                40.1623054045
              ],
              [
                -105.7022863396,
                40.1623082843
              ],
              [
                -105.7024649052,
                40.1623297249
              ],
              [
                -105.7027777751,
                40.1623863877
              ],
              [
                -105.7029414785,
                40.1623898991
              ],
              [
                -105.7032390705,
                40.1624241289
              ],
              [
                -105.7034622701,
                40.1624678203
              ],
              [
                -105.703745192,
                40.1625381773
              ],
              [
                -105.7038939007,
                40.1625823201
              ],
              [
                -105.704146606,
                40.1627114204
              ],
              [
                -105.7043396869,
                40.1628589017
              ],
              [
                -105.7045182238,
                40.1629839472
              ],
              [
                -105.7047558863,
                40.1631131377
              ],
              [
                -105.7049790998,
                40.1632289014
              ],
              [
                -105.7053059846,
                40.1633980885
              ],
              [
                -105.7055582589,
                40.1636623299
              ],
              [
                -105.7056172816,
                40.163869188
              ],
              [
                -105.7055121024,
                40.1641311031
              ],
              [
                -105.7053920242,
                40.1644426599
              ],
              [
                -105.7053702433,
                40.1645500005
              ],
              [
                -105.7053643886,
                40.1645788546
              ],
              [
                -105.7053316196,
                40.1647403387
              ],
              [
                -105.7053162425,
                40.1649566591
              ],
              [
                -105.7052706439,
                40.1651956862
              ],
              [
                -105.70534435,
                40.1654384916
              ],
              [
                -105.7053692456,
                40.1654609945
              ],
              [
                -105.7053793917,
                40.1654701648
              ],
              [
                -105.7055077169,
                40.165586152
              ],
              [
                -105.7057751736,
                40.1657917391
              ],
              [
                -105.7061322041,
                40.1659292081
              ],
              [
                -105.7064595164,
                40.1661028952
              ],
              [
                -105.7066229216,
                40.1661829833
              ],
              [
                -105.7068314763,
                40.1663348702
              ],
              [
                -105.7069202232,
                40.166505508
              ],
              [
                -105.7069195688,
                40.1666902039
              ],
              [
                -105.707008189,
                40.1669194035
              ],
              [
                -105.7070821303,
                40.1671486935
              ],
              [
                -105.7073201255,
                40.1672373332
              ],
              [
                -105.707736789,
                40.1673203759
              ],
              [
                -105.708094089,
                40.167376754
              ],
              [
                -105.7084658102,
                40.1675141252
              ],
              [
                -105.7087933646,
                40.1676742897
              ],
              [
                -105.7090606437,
                40.1678258138
              ],
              [
                -105.7093431745,
                40.1680673377
              ],
              [
                -105.7096104255,
                40.1682864307
              ],
              [
                -105.7099376112,
                40.1684105574
              ],
              [
                -105.7102797507,
                40.1685255812
              ],
              [
                -105.7107110336,
                40.1687076285
              ],
              [
                -105.7110382421,
                40.1689038256
              ],
              [
                -105.7114847765,
                40.1689641483
              ],
              [
                -105.711917139,
                40.1688623865
              ],
              [
                -105.7122003391,
                40.1688155984
              ],
              [
                -105.7126028333,
                40.1687005033
              ],
              [
                -105.7129008809,
                40.168599565
              ],
              [
                -105.7131389142,
                40.168620623
              ],
              [
                -105.7132285044,
                40.1686245753
              ],
              [
                -105.7134074721,
                40.1685423884
              ],
              [
                -105.7135712734,
                40.1685188545
              ],
              [
                -105.7138247936,
                40.1684767505
              ],
              [
                -105.7141970252,
                40.1684158929
              ],
              [
                -105.7143907273,
                40.1683741574
              ],
              [
                -105.7147186849,
                40.1682910475
              ],
              [
                -105.7150016926,
                40.168226234
              ],
              [
                -105.7152401292,
                40.1682157518
              ],
              [
                -105.7154931979,
                40.1682006737
              ],
              [
                -105.7156570194,
                40.1682492131
              ],
              [
                -105.7159696902,
                40.1682833182
              ],
              [
                -105.7161780112,
                40.1683405915
              ],
              [
                -105.7165797174,
                40.1685002751
              ],
              [
                -105.7168472424,
                40.1686382644
              ],
              [
                -105.7170107835,
                40.1687994224
              ],
              [
                -105.7172184702,
                40.1690053511
              ],
              [
                -105.7174263127,
                40.1692608324
              ],
              [
                -105.7175597302,
                40.1694537077
              ],
              [
                -105.7177083237,
                40.169623966
              ],
              [
                -105.717797114,
                40.1698306326
              ],
              [
                -105.7177998015,
                40.1698366221
              ],
              [
                -105.7178858091,
                40.1700282892
              ],
              [
                -105.7179150067,
                40.1702218107
              ],
              [
                -105.7179148771,
                40.1702443355
              ],
              [
                -105.717944464,
                40.1703702837
              ],
              [
                -105.7180182206,
                40.1706130813
              ],
              [
                -105.7180770074,
                40.170932551
              ],
              [
                -105.7182103214,
                40.1710803786
              ],
              [
                -105.7183734845,
                40.1713091073
              ],
              [
                -105.7185065231,
                40.1717092005
              ],
              [
                -105.718580039,
                40.1720330827
              ],
              [
                -105.7186389669,
                40.1722264185
              ],
              [
                -105.7186236645,
                40.1724112074
              ],
              [
                -105.7186825941,
                40.1726045441
              ],
              [
                -105.7187563216,
                40.1728788737
              ],
              [
                -105.7186963419,
                40.1730729469
              ],
              [
                -105.7186512063,
                40.1732128742
              ],
              [
                -105.718576166,
                40.1733710042
              ],
              [
                -105.7185460644,
                40.1734747995
              ],
              [
                -105.7185162218,
                40.173533546
              ],
              [
                -105.7184262547,
                40.1737728534
              ],
              [
                -105.7184109398,
                40.1739216043
              ],
              [
                -105.7183951087,
                40.1741604515
              ],
              [
                -105.7184545326,
                40.1743312606
              ],
              [
                -105.7186476027,
                40.1744021387
              ],
              [
                -105.7188114209,
                40.1745182443
              ],
              [
                -105.719019261,
                40.1747016457
              ],
              [
                -105.7191677479,
                40.1747908183
              ],
              [
                -105.7194060908,
                40.1748388892
              ],
              [
                -105.7196444007,
                40.1749184926
              ],
              [
                -105.7198674261,
                40.1749756673
              ],
              [
                -105.7201800288,
                40.1751043601
              ],
              [
                -105.720566735,
                40.1752641231
              ],
              [
                -105.7207152411,
                40.1753893301
              ],
              [
                -105.7209528296,
                40.1756085822
              ],
              [
                -105.7211457547,
                40.1758731571
              ],
              [
                -105.7212643713,
                40.1760526068
              ],
              [
                -105.7212791968,
                40.176066028
              ],
              [
                -105.7213982144,
                40.1762139431
              ],
              [
                -105.7215462236,
                40.176465283
              ],
              [
                -105.7217839466,
                40.1766620079
              ],
              [
                -105.7219918163,
                40.1768814426
              ],
              [
                -105.7221549722,
                40.1771416976
              ],
              [
                -105.7223781322,
                40.1772799515
              ],
              [
                -105.7224821242,
                40.177360387
              ],
              [
                -105.7228243596,
                40.177547448
              ],
              [
                -105.723151517,
                40.1776625273
              ],
              [
                -105.7234786603,
                40.1778451759
              ],
              [
                -105.7237764263,
                40.1779919702
              ],
              [
                -105.7241778704,
                40.178120096
              ],
              [
                -105.7245949549,
                40.1782346086
              ],
              [
                -105.7248626752,
                40.1782824837
              ],
              [
                -105.7252048876,
                40.1783974629
              ],
              [
                -105.7255769444,
                40.1785573021
              ],
              [
                -105.7257702741,
                40.1786506882
              ],
              [
                -105.7260675582,
                40.1789236118
              ],
              [
                -105.7263352684,
                40.1790390541
              ],
              [
                -105.7264543003,
                40.1790833542
              ],
              [
                -105.7269156954,
                40.1792561412
              ],
              [
                -105.727273121,
                40.179316962
              ],
              [
                -105.727719815,
                40.179350193
              ],
              [
                -105.7282113347,
                40.1793876445
              ],
              [
                -105.7285985528,
                40.1793852082
              ],
              [
                -105.7288814358,
                40.1793744184
              ],
              [
                -105.7292538746,
                40.1793630639
              ],
              [
                -105.7293881115,
                40.1793532089
              ],
              [
                -105.7297307062,
                40.1792969929
              ],
              [
                -105.7299991597,
                40.1792412437
              ],
              [
                -105.7301481534,
                40.1792042679
              ],
              [
                -105.730431268,
                40.1791123868
              ],
              [
                -105.7306402713,
                40.178989441
              ],
              [
                -105.7309083553,
                40.1789336924
              ],
              [
                -105.7309992481,
                40.1788965047
              ],
              [
                -105.7310511041,
                40.1788752885
              ],
              [
                -105.7311320098,
                40.1788421867
              ],
              [
                -105.7314600238,
                40.178727497
              ],
              [
                -105.7317434809,
                40.1785995743
              ],
              [
                -105.7318627734,
                40.1785312493
              ],
              [
                -105.732175986,
                40.1783716056
              ],
              [
                -105.7323251597,
                40.1782490352
              ],
              [
                -105.7326086133,
                40.1781211097
              ],
              [
                -105.7328325107,
                40.1779845515
              ],
              [
                -105.7331305477,
                40.1778475232
              ],
              [
                -105.7334291987,
                40.177665444
              ],
              [
                -105.7336973787,
                40.1775511275
              ],
              [
                -105.7339955088,
                40.1774231064
              ],
              [
                -105.7343238831,
                40.177240836
              ],
              [
                -105.7346063267,
                40.1771312476
              ],
              [
                -105.7346071569,
                40.1771309258
              ],
              [
                -105.7346668226,
                40.1771134863
              ],
              [
                -105.7351585518,
                40.1769697606
              ],
              [
                -105.7356503836,
                40.1768675327
              ],
              [
                -105.7360530316,
                40.176765871
              ],
              [
                -105.7363808021,
                40.1767322547
              ],
              [
                -105.7369319422,
                40.1766161288
              ],
              [
                -105.7373344599,
                40.1766045572
              ],
              [
                -105.737988907,
                40.1765330239
              ],
              [
                -105.7380346767,
                40.1765280206
              ],
              [
                -105.7380358776,
                40.1765276925
              ],
              [
                -105.7385415263,
                40.176389647
              ],
              [
                -105.7389889422,
                40.1762876893
              ],
              [
                -105.7392195786,
                40.17621652
              ],
              [
                -105.7392900092,
                40.1761947868
              ],
              [
                -105.7394659629,
                40.1761404924
              ],
              [
                -105.7398235792,
                40.1760165798
              ],
              [
                -105.7401662452,
                40.1759017729
              ],
              [
                -105.7404645992,
                40.1757962564
              ],
              [
                -105.7406583808,
                40.175727446
              ],
              [
                -105.74083726,
                40.1756722463
              ],
              [
                -105.7409265407,
                40.1756131135
              ],
              [
                -105.7410311621,
                40.1755133403
              ],
              [
                -105.7410614494,
                40.1753960242
              ],
              [
                -105.7411662645,
                40.1751791279
              ],
              [
                -105.7412259873,
                40.1751021661
              ],
              [
                -105.7413158511,
                40.1748943739
              ],
              [
                -105.7415251348,
                40.17456419
              ],
              [
                -105.7415407393,
                40.174379398
              ],
              [
                -105.7416905172,
                40.1739775198
              ],
              [
                -105.7417954481,
                40.1737380986
              ],
              [
                -105.7419749735,
                40.1733720672
              ],
              [
                -105.7421843473,
                40.1730508917
              ],
              [
                -105.7424836011,
                40.1724903899
              ],
              [
                -105.7427681929,
                40.1718984492
              ],
              [
                -105.742948116,
                40.1713342059
              ],
              [
                -105.7430234357,
                40.1710724487
              ],
              [
                -105.7431285454,
                40.1706483332
              ],
              [
                -105.7431445062,
                40.1704653501
              ],
              [
                -105.7431469669,
                40.170437132
              ],
              [
                -105.7431592099,
                40.1702967688
              ],
              [
                -105.743205208,
                40.169836994
              ],
              [
                -105.7432805641,
                40.1693770304
              ],
              [
                -105.7432962434,
                40.1693003495
              ],
              [
                -105.7433144834,
                40.1692102434
              ],
              [
                -105.7433322064,
                40.1691226906
              ],
              [
                -105.7433711127,
                40.1689304839
              ],
              [
                -105.7434759327,
                40.168682051
              ],
              [
                -105.7438203836,
                40.1679951243
              ],
              [
                -105.7438542354,
                40.1679530053
              ],
              [
                -105.7438700504,
                40.1679333284
              ],
              [
                -105.7441042506,
                40.1676419317
              ],
              [
                -105.7443878486,
                40.1673653227
              ],
              [
                -105.7446711358,
                40.1672283593
              ],
              [
                -105.7451779303,
                40.1671259952
              ],
              [
                -105.7454908469,
                40.1670474006
              ],
              [
                -105.7459972435,
                40.1669089978
              ],
              [
                -105.7464892551,
                40.1667977134
              ],
              [
                -105.7468915587,
                40.166705025
              ],
              [
                -105.7473831526,
                40.1665892353
              ],
              [
                -105.7479941655,
                40.1663870819
              ],
              [
                -105.7484861134,
                40.1662037149
              ],
              [
                -105.74893326,
                40.1659845976
              ],
              [
                -105.749559608,
                40.1656426921
              ],
              [
                -105.7498374821,
                40.1655438549
              ],
              [
                -105.7498546047,
                40.1655377646
              ],
              [
                -105.7502303911,
                40.165404101
              ],
              [
                -105.7507969264,
                40.1651301468
              ],
              [
                -105.7512592519,
                40.1649244368
              ],
              [
                -105.7520344295,
                40.1645365035
              ],
              [
                -105.7521033712,
                40.164510585
              ],
              [
                -105.7521395878,
                40.1644969695
              ],
              [
                -105.7522437348,
                40.1644578162
              ],
              [
                -105.7522968269,
                40.1644378563
              ],
              [
                -105.7523026763,
                40.1644356572
              ],
              [
                -105.7525119859,
                40.1641820333
              ],
              [
                -105.7527497549,
                40.1643786949
              ],
              [
                -105.7528388492,
                40.164504247
              ],
              [
                -105.7529130149,
                40.1646073735
              ],
              [
                -105.7531358294,
                40.1647455699
              ],
              [
                -105.7532845007,
                40.1649157821
              ],
              [
                -105.7534926074,
                40.1650180357
              ],
              [
                -105.7537308205,
                40.1650885609
              ],
              [
                -105.7540433953,
                40.1651135535
              ],
              [
                -105.7542520416,
                40.1650986812
              ],
              [
                -105.7546692155,
                40.1650914577
              ],
              [
                -105.7550412186,
                40.1651475934
              ],
              [
                -105.7552795202,
                40.1651595531
              ],
              [
                -105.7555178218,
                40.1651715124
              ],
              [
                -105.7558005248,
                40.1651831809
              ],
              [
                -105.7562473884,
                40.1651397218
              ],
              [
                -105.7566498009,
                40.1650920449
              ],
              [
                -105.7569922993,
                40.1650357503
              ],
              [
                -105.7574691021,
                40.1649785748
              ],
              [
                -105.7578116331,
                40.1649583149
              ],
              [
                -105.7581247063,
                40.1648301332
              ],
              [
                -105.7584224514,
                40.1648416973
              ],
              [
                -105.7587646321,
                40.164889008
              ],
              [
                -105.7589882371,
                40.1648334854
              ],
              [
                -105.7593158088,
                40.1648538611
              ],
              [
                -105.7595244003,
                40.1648344744
              ],
              [
                -105.7599858431,
                40.1648809972
              ],
              [
                -105.7602835734,
                40.1649240907
              ],
              [
                -105.7606558476,
                40.1649711973
              ],
              [
                -105.7607899352,
                40.1649838294
              ],
              [
                -105.7610428999,
                40.1650272145
              ],
              [
                -105.761325789,
                40.1650884198
              ],
              [
                -105.7616832352,
                40.1651221069
              ],
              [
                -105.761965823,
                40.1651562854
              ],
              [
                -105.762456971,
                40.1653647725
              ],
              [
                -105.7626653991,
                40.1653634003
              ],
              [
                -105.7629187833,
                40.1654112833
              ],
              [
                -105.7631420271,
                40.1654548585
              ],
              [
                -105.7634993746,
                40.1654795314
              ],
              [
                -105.7637675033,
                40.1655002861
              ],
              [
                -105.7639610383,
                40.1655125233
              ],
              [
                -105.7641845631,
                40.1655155531
              ],
              [
                -105.7644376465,
                40.165536405
              ],
              [
                -105.76461639,
                40.1655712627
              ],
              [
                -105.764958694,
                40.16559603
              ],
              [
                -105.7651522307,
                40.1656082653
              ],
              [
                -105.7653605821,
                40.1656654493
              ],
              [
                -105.7654947736,
                40.1656870863
              ],
              [
                -105.765613742,
                40.1657583744
              ],
              [
                -105.7656880064,
                40.1658029299
              ],
              [
                -105.7658664864,
                40.1658467973
              ],
              [
                -105.7660300345,
                40.165998874
              ],
              [
                -105.7662383498,
                40.1660200197
              ],
              [
                -105.7665656528,
                40.1663421918
              ],
              [
                -105.7667587379,
                40.1664445224
              ],
              [
                -105.7668477458,
                40.1665925867
              ],
              [
                -105.7669967963,
                40.1666952086
              ],
              [
                -105.7671452271,
                40.1667753089
              ],
              [
                -105.7672642997,
                40.1668556055
              ],
              [
                -105.7674279288,
                40.1669491206
              ],
              [
                -105.7675766883,
                40.1669931801
              ],
              [
                -105.7676959887,
                40.1670284268
              ],
              [
                -105.7679787785,
                40.1671121411
              ],
              [
                -105.7682916279,
                40.1669974469
              ],
              [
                -105.7689614392,
                40.1671326458
              ],
              [
                -105.7691699232,
                40.167135766
              ],
              [
                -105.769408346,
                40.1671251734
              ],
              [
                -105.7698401876,
                40.1671808633
              ],
              [
                -105.7699441892,
                40.1671936859
              ],
              [
                -105.7701078945,
                40.1672286341
              ],
              [
                -105.7702718145,
                40.1672500683
              ],
              [
                -105.7703760316,
                40.1672493739
              ],
              [
                -105.770628837,
                40.1673422906
              ],
              [
                -105.7708971258,
                40.1673765426
              ],
              [
                -105.7710608333,
                40.1674114904
              ],
              [
                -105.7710901482,
                40.1675374264
              ],
              [
                -105.7711497396,
                40.1675820764
              ],
              [
                -105.7711839503,
                40.1676547843
              ],
              [
                -105.7711859353,
                40.1676590025
              ],
              [
                -105.7711941114,
                40.1676763792
              ],
              [
                -105.7712980239,
                40.1678108279
              ],
              [
                -105.7713723346,
                40.1678914179
              ],
              [
                -105.7714022533,
                40.1679407708
              ],
              [
                -105.7715208854,
                40.1681111577
              ],
              [
                -105.7715356371,
                40.1682146674
              ],
              [
                -105.7717139848,
                40.168375649
              ],
              [
                -105.7718030054,
                40.16852371
              ],
              [
                -105.7718328326,
                40.1685325209
              ],
              [
                -105.7720408664,
                40.1688194345
              ],
              [
                -105.77209992,
                40.1689136392
              ],
              [
                -105.7721993224,
                40.1690833532
              ],
              [
                -105.7722155604,
                40.1691110761
              ],
              [
                -105.7722352921,
                40.1691449538
              ],
              [
                -105.772367146,
                40.1693713367
              ],
              [
                -105.7724711132,
                40.1695102887
              ],
              [
                -105.7724790704,
                40.1695136818
              ],
              [
                -105.7725751097,
                40.169554642
              ],
              [
                -105.7725768265,
                40.1695574561
              ],
              [
                -105.7726790699,
                40.1697251266
              ],
              [
                -105.7727638219,
                40.1697822679
              ],
              [
                -105.7727746247,
                40.169789552
              ],
              [
                -105.7727981547,
                40.1698054171
              ],
              [
                -105.7728874055,
                40.1699084295
              ],
              [
                -105.7730361146,
                40.1699795114
              ],
              [
                -105.7731401548,
                40.1700599011
              ],
              [
                -105.7733036361,
                40.1701714258
              ],
              [
                -105.7733783277,
                40.1702204793
              ],
              [
                -105.7735565305,
                40.1703679445
              ],
              [
                -105.773735,
                40.1705063969
              ],
              [
                -105.7738981936,
                40.1707215318
              ],
              [
                -105.7740322577,
                40.1708602815
              ],
              [
                -105.7741806362,
                40.1709989354
              ],
              [
                -105.7742848263,
                40.1711243701
              ],
              [
                -105.7744930236,
                40.1712626219
              ],
              [
                -105.7746268366,
                40.1713788486
              ],
              [
                -105.7748649314,
                40.1714673502
              ],
              [
                -105.7748647616,
                40.1715169037
              ],
              [
                -105.775072911,
                40.1716506504
              ],
              [
                -105.7753108814,
                40.1718247407
              ],
              [
                -105.7756531121,
                40.1720657017
              ],
              [
                -105.77595042,
                40.1722934503
              ],
              [
                -105.7761738473,
                40.1723505131
              ],
              [
                -105.7763077079,
                40.1725027742
              ],
              [
                -105.7765007154,
                40.1726276121
              ],
              [
                -105.7766346347,
                40.1727528451
              ],
              [
                -105.7767535849,
                40.1727880848
              ],
              [
                -105.7768877706,
                40.1729043058
              ],
              [
                -105.7770212825,
                40.1729935038
              ],
              [
                -105.7771256327,
                40.1731324496
              ],
              [
                -105.7773485154,
                40.1733021321
              ],
              [
                -105.7774672233,
                40.1734770178
              ],
              [
                -105.7777200254,
                40.1737275834
              ],
              [
                -105.7778388381,
                40.1739114779
              ],
              [
                -105.7779725462,
                40.174081757
              ],
              [
                -105.7781211323,
                40.1743014886
              ],
              [
                -105.7783440006,
                40.1745657674
              ],
              [
                -105.7786407599,
                40.1750007273
              ],
              [
                -105.7789381733,
                40.1753320753
              ],
              [
                -105.7796521624,
                40.1758227845
              ],
              [
                -105.7801432272,
                40.1760447104
              ],
              [
                -105.7805450374,
                40.1761005628
              ],
              [
                -105.7810006961,
                40.1760521988
              ],
              [
                -105.7810308815,
                40.1760489946
              ],
              [
                -105.7816327112,
                40.1759851134
              ],
              [
                -105.7824866858,
                40.1759580765
              ],
              [
                -105.7824894735,
                40.1759579878
              ],
              [
                -105.7828988917,
                40.1759450249
              ],
              [
                -105.7830773661,
                40.1759212945
              ],
              [
                -105.7833605444,
                40.1758743324
              ],
              [
                -105.78383751,
                40.1757629902
              ],
              [
                -105.7843142502,
                40.1757597616
              ],
              [
                -105.7847160668,
                40.1757840677
              ],
              [
                -105.7852228026,
                40.175740089
              ],
              [
                -105.785639894,
                40.1755931089
              ],
              [
                -105.7863553211,
                40.175281933
              ],
              [
                -105.7867428821,
                40.1752162341
              ],
              [
                -105.787294287,
                40.1750998693
              ],
              [
                -105.7877563547,
                40.1749390609
              ],
              [
                -105.7881290292,
                40.1747923742
              ],
              [
                -105.7886063018,
                40.1745503766
              ],
              [
                -105.7889191995,
                40.1744716643
              ],
              [
                -105.7897837095,
                40.1740738625
              ],
              [
                -105.7902756521,
                40.1738002233
              ],
              [
                -105.7907381302,
                40.173454709
              ],
              [
                -105.7910361835,
                40.1733310447
              ],
              [
                -105.7917367802,
                40.1729163302
              ],
              [
                -105.7921393191,
                40.1726883409
              ],
              [
                -105.7926164577,
                40.1724373177
              ],
              [
                -105.793183138,
                40.1720595473
              ],
              [
                -105.7934512458,
                40.171981131
              ],
              [
                -105.794002978,
                40.1717070658
              ],
              [
                -105.7944650579,
                40.1714561386
              ],
              [
                -105.7950015257,
                40.1712272209
              ],
              [
                -105.7955682365,
                40.1709170091
              ],
              [
                -105.7960451416,
                40.1706794871
              ],
              [
                -105.7966265235,
                40.170369169
              ],
              [
                -105.7980121938,
                40.1699496992
              ],
              [
                -105.7987425592,
                40.1697329414
              ],
              [
                -105.7992040489,
                40.1696847099
              ],
              [
                -105.7997847532,
                40.1696626814
              ],
              [
                -105.8002315729,
                40.1697091457
              ],
              [
                -105.8010210246,
                40.1696180973
              ],
              [
                -105.8020339278,
                40.1696786556
              ],
              [
                -105.802495268,
                40.1697114948
              ],
              [
                -105.8028634959,
                40.1697599856
              ],
              [
                -105.8028937125,
                40.1697639647
              ],
              [
                -105.8032101974,
                40.1698056411
              ],
              [
                -105.8041483332,
                40.1697811097
              ],
              [
                -105.8049501583,
                40.169757902
              ],
              [
                -105.8049586914,
                40.1697576553
              ],
              [
                -105.8049675697,
                40.1697573987
              ],
              [
                -105.8056976596,
                40.1696126737
              ],
              [
                -105.8064869016,
                40.169566637
              ],
              [
                -105.8073507976,
                40.1695335882
              ],
              [
                -105.8090189447,
                40.1695444671
              ],
              [
                -105.8102700467,
                40.1695131952
              ],
              [
                -105.8105804866,
                40.1694479549
              ],
              [
                -105.8106508926,
                40.1694331728
              ],
              [
                -105.8113573202,
                40.1692848493
              ],
              [
                -105.8145495748,
                40.1682631664
              ],
              [
                -105.8169601755,
                40.1674915796
              ],
              [
                -105.8170184818,
                40.1674729158
              ],
              [
                -105.8172430486,
                40.1674010336
              ],
              [
                -105.8172432739,
                40.1674106947
              ],
              [
                -105.8172919559,
                40.1695012184
              ],
              [
                -105.8173019223,
                40.1695012448
              ],
              [
                -105.8193322516,
                40.1695068087
              ],
              [
                -105.8199854524,
                40.1695086435
              ],
              [
                -105.8200165406,
                40.1698229661
              ],
              [
                -105.8200306111,
                40.170138195
              ],
              [
                -105.8200374472,
                40.1702163709
              ],
              [
                -105.8200374818,
                40.1702167604
              ],
              [
                -105.8200446181,
                40.1702983811
              ],
              [
                -105.8200446411,
                40.1702986261
              ],
              [
                -105.8200463575,
                40.1703182714
              ],
              [
                -105.8200517741,
                40.1704939163
              ],
              [
                -105.8200767115,
                40.170583833
              ],
              [
                -105.820102354,
                40.1707323059
              ],
              [
                -105.8201546111,
                40.1708355438
              ],
              [
                -105.8201756626,
                40.1709074689
              ],
              [
                -105.8202040659,
                40.1710108766
              ],
              [
                -105.8202122852,
                40.1711144257
              ],
              [
                -105.8202132628,
                40.171195503
              ],
              [
                -105.820187515,
                40.1713128075
              ],
              [
                -105.8201512214,
                40.1714076632
              ],
              [
                -105.8201016757,
                40.1715296405
              ],
              [
                -105.820038226,
                40.1716246889
              ],
              [
                -105.8200019862,
                40.1717240487
              ],
              [
                -105.8199687248,
                40.1717963593
              ],
              [
                -105.8199628787,
                40.1718594673
              ],
              [
                -105.8198861197,
                40.1719771324
              ],
              [
                -105.8197757736,
                40.1721400828
              ],
              [
                -105.8196887946,
                40.1722623241
              ],
              [
                -105.8195750377,
                40.1724162891
              ],
              [
                -105.8194164402,
                40.1725345344
              ],
              [
                -105.8193017055,
                40.1726074209
              ],
              [
                -105.8191768054,
                40.1726893886
              ],
              [
                -105.8189841738,
                40.1727853496
              ],
              [
                -105.8188282689,
                40.1728224902
              ],
              [
                -105.8186451116,
                40.1728823459
              ],
              [
                -105.8184685913,
                40.1728835946
              ],
              [
                -105.8183761528,
                40.1728572205
              ],
              [
                -105.8182532967,
                40.172804032
              ],
              [
                -105.8181473336,
                40.1727822571
              ],
              [
                -105.8180312471,
                40.1727425355
              ],
              [
                -105.8178849686,
                40.1727255513
              ],
              [
                -105.8177586062,
                40.1726859008
              ],
              [
                -105.8176497084,
                40.1726641467
              ],
              [
                -105.8176462821,
                40.1726800291
              ],
              [
                -105.8176399731,
                40.1727092613
              ],
              [
                -105.8176746556,
                40.1727855967
              ],
              [
                -105.8177198713,
                40.1728528483
              ],
              [
                -105.8178062018,
                40.1729513407
              ],
              [
                -105.8178604917,
                40.1730079227
              ],
              [
                -105.8178920582,
                40.1730408293
              ],
              [
                -105.8180604561,
                40.173188293
              ],
              [
                -105.8181366727,
                40.1733003716
              ],
              [
                -105.8181316905,
                40.1734355473
              ],
              [
                -105.8181022703,
                40.1735528769
              ],
              [
                -105.8180299985,
                40.1737696128
              ],
              [
                -105.8179509079,
                40.1739683789
              ],
              [
                -105.8178242663,
                40.1741809942
              ],
              [
                -105.8177141283,
                40.1743619593
              ],
              [
                -105.8176381213,
                40.1745426835
              ],
              [
                -105.817551458,
                40.1746919507
              ],
              [
                -105.8174614384,
                40.1748367349
              ],
              [
                -105.8173477254,
                40.1749952023
              ],
              [
                -105.8171465925,
                40.175239875
              ],
              [
                -105.8170486805,
                40.1753081364
              ],
              [
                -105.8169609343,
                40.1753673176
              ],
              [
                -105.8168767633,
                40.175448996
              ],
              [
                -105.8168302842,
                40.1755213984
              ],
              [
                -105.8168035145,
                40.1755846536
              ],
              [
                -105.8167293691,
                40.1756578693
              ],
              [
                -105.8166794578,
                40.1757071548
              ],
              [
                -105.8165989117,
                40.1758158337
              ],
              [
                -105.8164945535,
                40.1758976555
              ],
              [
                -105.8163356203,
                40.1759888699
              ],
              [
                -105.8161771058,
                40.1760845857
              ],
              [
                -105.8160315341,
                40.1761576877
              ],
              [
                -105.8159036977,
                40.1762712055
              ],
              [
                -105.8158293668,
                40.1763167759
              ],
              [
                -105.8157627107,
                40.1764208526
              ],
              [
                -105.8156651737,
                40.1765206442
              ],
              [
                -105.8155945668,
                40.1765706922
              ],
              [
                -105.8155641162,
                40.1766024406
              ],
              [
                -105.8155613411,
                40.1766215806
              ],
              [
                -105.8155549627,
                40.1766655705
              ],
              [
                -105.8155351636,
                40.1767287746
              ],
              [
                -105.8155357043,
                40.1767738178
              ],
              [
                -105.8155155828,
                40.1768099973
              ],
              [
                -105.8155127654,
                40.1768505595
              ],
              [
                -105.8155170934,
                40.1769361175
              ],
              [
                -105.8155418116,
                40.1770080191
              ],
              [
                -105.8155156236,
                40.1770892877
              ],
              [
                -105.8154957704,
                40.1771479877
              ],
              [
                -105.8154292777,
                40.1772655798
              ],
              [
                -105.8154033038,
                40.1773648639
              ],
              [
                -105.8153807423,
                40.1774731367
              ],
              [
                -105.8153789484,
                40.1775992798
              ],
              [
                -105.8153731087,
                40.1776939198
              ],
              [
                -105.8153404748,
                40.1777887473
              ],
              [
                -105.8152942723,
                40.1779152044
              ],
              [
                -105.8152213965,
                40.1780823907
              ],
              [
                -105.8152054282,
                40.1781590832
              ],
              [
                -105.8151458082,
                40.1782991474
              ],
              [
                -105.8150327316,
                40.1785116645
              ],
              [
                -105.8149940948,
                40.1786876189
              ],
              [
                -105.8150234102,
                40.1788676001
              ],
              [
                -105.8150317945,
                40.179016196
              ],
              [
                -105.8150642416,
                40.1791511083
              ],
              [
                -105.8151472301,
                40.1792766545
              ],
              [
                -105.8152269699,
                40.1794067295
              ],
              [
                -105.8153166606,
                40.1795097044
              ],
              [
                -105.8154305889,
                40.1796440431
              ],
              [
                -105.8154961548,
                40.1797246663
              ],
              [
                -105.8155547382,
                40.1797738049
              ],
              [
                -105.815667598,
                40.1798495895
              ],
              [
                -105.8158043578,
                40.1798981763
              ],
              [
                -105.8159443131,
                40.1799377328
              ],
              [
                -105.8161797599,
                40.180012652
              ],
              [
                -105.8162890376,
                40.1800344065
              ],
              [
                -105.8163475241,
                40.1801060686
              ],
              [
                -105.8164167093,
                40.1801821599
              ],
              [
                -105.8165469826,
                40.1802713355
              ],
              [
                -105.8166021651,
                40.1803430205
              ],
              [
                -105.8166612912,
                40.1804372018
              ],
              [
                -105.8167095552,
                40.1805134401
              ],
              [
                -105.8167241515,
                40.1805673939
              ],
              [
                -105.8167249078,
                40.1806304536
              ],
              [
                -105.8167325394,
                40.180715989
              ],
              [
                -105.8167402698,
                40.1807790003
              ],
              [
                -105.8167952933,
                40.1808371728
              ],
              [
                -105.8168643823,
                40.1809357887
              ],
              [
                -105.8169472032,
                40.1810162877
              ],
              [
                -105.8170573027,
                40.1811371377
              ],
              [
                -105.8170988533,
                40.1812044152
              ],
              [
                -105.8171400465,
                40.1812509434
              ],
              [
                -105.8171781133,
                40.1812939495
              ],
              [
                -105.817254068,
                40.1813835069
              ],
              [
                -105.8173504702,
                40.1814639097
              ],
              [
                -105.8175081228,
                40.1815709085
              ],
              [
                -105.8176967712,
                40.1816912033
              ],
              [
                -105.8178680618,
                40.1818026104
              ],
              [
                -105.8179844346,
                40.1818648536
              ],
              [
                -105.8180086711,
                40.1818962146
              ],
              [
                -105.8180807844,
                40.1819407526
              ],
              [
                -105.8181793121,
                40.1819535706
              ],
              [
                -105.8182749044,
                40.1819664088
              ],
              [
                -105.8183973441,
                40.1819835622
              ],
              [
                -105.818474789,
                40.1820116909
              ],
              [
                -105.8185068406,
                40.1820233303
              ],
              [
                -105.8185314712,
                40.1820388939
              ],
              [
                -105.8186337082,
                40.1821035168
              ],
              [
                -105.8188156036,
                40.1822418765
              ],
              [
                -105.8189595181,
                40.1823354558
              ],
              [
                -105.8191241505,
                40.1824424049
              ],
              [
                -105.8192814839,
                40.1825223753
              ],
              [
                -105.819456015,
                40.1825977194
              ],
              [
                -105.8195518912,
                40.182664611
              ],
              [
                -105.8196403491,
                40.1826639853
              ],
              [
                -105.8196983401,
                40.1826635745
              ],
              [
                -105.8197732703,
                40.1826675483
              ],
              [
                -105.8198514508,
                40.1826669949
              ],
              [
                -105.8198991798,
                40.1826981893
              ],
              [
                -105.819923362,
                40.1827250459
              ],
              [
                -105.819978321,
                40.1827471801
              ],
              [
                -105.8200358925,
                40.1827422676
              ],
              [
                -105.8200971892,
                40.1827418334
              ],
              [
                -105.8201755311,
                40.1827547913
              ],
              [
                -105.8201945362,
                40.1827649937
              ],
              [
                -105.8201945967,
                40.1827650266
              ],
              [
                -105.8202749153,
                40.1828081445
              ],
              [
                -105.8203472611,
                40.1829022306
              ],
              [
                -105.8204334457,
                40.1829872085
              ],
              [
                -105.8205198478,
                40.1830902045
              ],
              [
                -105.8206157265,
                40.1831570934
              ],
              [
                -105.8207325925,
                40.1832598735
              ],
              [
                -105.8208319244,
                40.1833087203
              ],
              [
                -105.8209518239,
                40.1833889549
              ],
              [
                -105.8211234368,
                40.1834958491
              ],
              [
                -105.8212431741,
                40.1835625712
              ],
              [
                -105.8213702093,
                40.1836562683
              ],
              [
                -105.8215314498,
                40.1837857586
              ],
              [
                -105.8216518805,
                40.1838795031
              ],
              [
                -105.8217446756,
                40.1839644332
              ],
              [
                -105.8218309175,
                40.1840539152
              ],
              [
                -105.8218420787,
                40.1841574435
              ],
              [
                -105.8218466735,
                40.1842339899
              ],
              [
                -105.8217490797,
                40.1843292807
              ],
              [
                -105.8216790256,
                40.1844559089
              ],
              [
                -105.8215886219,
                40.1845691682
              ],
              [
                -105.8214845835,
                40.184678018
              ],
              [
                -105.8213466248,
                40.1848051286
              ],
              [
                -105.8212664434,
                40.1849138101
              ],
              [
                -105.8211996923,
                40.1850404141
              ],
              [
                -105.8211162069,
                40.1851491176
              ],
              [
                -105.8210291037,
                40.1852623536
              ],
              [
                -105.8210202388,
                40.1853795377
              ],
              [
                -105.8209704664,
                40.1854834982
              ],
              [
                -105.8209608946,
                40.1855421275
              ],
              [
                -105.8209346563,
                40.1856188925
              ],
              [
                -105.8208912733,
                40.1857047897
              ],
              [
                -105.8208109827,
                40.1858044609
              ],
              [
                -105.8207645131,
                40.1859083975
              ],
              [
                -105.8207217689,
                40.1860168142
              ],
              [
                -105.8206753003,
                40.1861207515
              ],
              [
                -105.8205989069,
                40.1862699466
              ],
              [
                -105.8205496161,
                40.1863469135
              ],
              [
                -105.820549567,
                40.1863469891
              ],
              [
                -105.8205322497,
                40.1863740263
              ],
              [
                -105.820474743,
                40.186414977
              ],
              [
                -105.820420689,
                40.1864378831
              ],
              [
                -105.8203596072,
                40.1864563337
              ],
              [
                -105.8203225465,
                40.1864881295
              ],
              [
                -105.8203166451,
                40.1865467331
              ],
              [
                -105.8203609649,
                40.1865689412
              ],
              [
                -105.8204288718,
                40.186568461
              ],
              [
                -105.8204901162,
                40.1865635217
              ],
              [
                -105.8205447358,
                40.18657037
              ],
              [
                -105.8205581303,
                40.1865720488
              ],
              [
                -105.8205724038,
                40.186598976
              ],
              [
                -105.820582858,
                40.1866439488
              ],
              [
                -105.8206713738,
                40.1866478257
              ],
              [
                -105.8207298046,
                40.1866834487
              ],
              [
                -105.820733704,
                40.1867329735
              ],
              [
                -105.8207310531,
                40.1867870481
              ],
              [
                -105.8207144521,
                40.1868412229
              ],
              [
                -105.820692263,
                40.1869494919
              ],
              [
                -105.8206522377,
                40.1870398692
              ],
              [
                -105.8206496862,
                40.1870919063
              ],
              [
                -105.8206496793,
                40.1870920378
              ],
              [
                -105.8206495856,
                40.187093944
              ],
              [
                -105.8206507608,
                40.1870974102
              ],
              [
                -105.8206508413,
                40.1870976489
              ],
              [
                -105.8206678548,
                40.1871478702
              ],
              [
                -105.8206956281,
                40.1872287571
              ],
              [
                -105.8207416857,
                40.1873951041
              ],
              [
                -105.8207426342,
                40.187473863
              ],
              [
                -105.8207426614,
                40.1874761806
              ],
              [
                -105.8207432599,
                40.1875257291
              ],
              [
                -105.8207441838,
                40.1876023012
              ],
              [
                -105.8207762245,
                40.1877327094
              ],
              [
                -105.8208389356,
                40.1878493858
              ],
              [
                -105.8209083505,
                40.1879434931
              ],
              [
                -105.8209807034,
                40.1880375781
              ],
              [
                -105.8210973075,
                40.1881178357
              ],
              [
                -105.8211216005,
                40.1881537004
              ],
              [
                -105.8211208935,
                40.1882167709
              ],
              [
                -105.8211951217,
                40.1884054409
              ],
              [
                -105.8212409352,
                40.1884907037
              ],
              [
                -105.8213132755,
                40.1885532563
              ],
              [
                -105.82145321,
                40.1886198341
              ],
              [
                -105.8215703209,
                40.1886505355
              ],
              [
                -105.8217042201,
                40.188582015
              ],
              [
                -105.8218604029,
                40.1885043265
              ],
              [
                -105.8221159242,
                40.1884754839
              ],
              [
                -105.8221723995,
                40.1884705792
              ],
              [
                -105.822245813,
                40.1884700573
              ],
              [
                -105.8223940153,
                40.1884915282
              ],
              [
                -105.8225609521,
                40.1885443983
              ],
              [
                -105.8226502183,
                40.1885922192
              ],
              [
                -105.8226504832,
                40.1885923609
              ],
              [
                -105.8228680025,
                40.1887088878
              ],
              [
                -105.8229019407,
                40.1887631024
              ],
              [
                -105.8229020003,
                40.1887631974
              ],
              [
                -105.8229353825,
                40.1888165222
              ],
              [
                -105.8231246442,
                40.1889548212
              ],
              [
                -105.8231775976,
                40.1889971665
              ],
              [
                -105.8231780274,
                40.1889975107
              ],
              [
                -105.8233033163,
                40.1890977004
              ],
              [
                -105.8234889375,
                40.1892990908
              ],
              [
                -105.8234900384,
                40.1892990837
              ],
              [
                -105.823706835,
                40.1894371847
              ],
              [
                -105.8238439489,
                40.1896344151
              ],
              [
                -105.8239090105,
                40.1898231483
              ],
              [
                -105.8239733594,
                40.1899533259
              ],
              [
                -105.8239795548,
                40.1901081996
              ],
              [
                -105.8239802044,
                40.1901244557
              ],
              [
                -105.8239733707,
                40.1903182047
              ],
              [
                -105.8240294574,
                40.1904934871
              ],
              [
                -105.8240345974,
                40.1904934515
              ],
              [
                -105.82414422,
                40.1905422222
              ],
              [
                -105.8242534763,
                40.1905909954
              ],
              [
                -105.8243735959,
                40.1906577103
              ],
              [
                -105.8245781849,
                40.1906967953
              ],
              [
                -105.8247626546,
                40.1907720612
              ],
              [
                -105.8249406264,
                40.1908563812
              ],
              [
                -105.8251288749,
                40.1909406282
              ],
              [
                -105.8252861802,
                40.1910160864
              ],
              [
                -105.8253010508,
                40.1910243061
              ],
              [
                -105.825422931,
                40.191091691
              ],
              [
                -105.8255498248,
                40.1911718708
              ],
              [
                -105.8256537792,
                40.1912071661
              ],
              [
                -105.8257845474,
                40.1912738031
              ],
              [
                -105.8259067242,
                40.1913585204
              ],
              [
                -105.8259979719,
                40.1914659815
              ],
              [
                -105.8260482547,
                40.1915557173
              ],
              [
                -105.8261032003,
                40.1916364083
              ],
              [
                -105.8261354953,
                40.1917262713
              ],
              [
                -105.8261325657,
                40.1918479194
              ],
              [
                -105.8261207334,
                40.1919921519
              ],
              [
                -105.8261575835,
                40.1920639638
              ],
              [
                -105.8261768256,
                40.1921674345
              ],
              [
                -105.826267912,
                40.1922613822
              ],
              [
                -105.8263004806,
                40.1923737666
              ],
              [
                -105.8262571181,
                40.192491198
              ],
              [
                -105.8262744559,
                40.1925586439
              ],
              [
                -105.8262753623,
                40.192905497
              ],
              [
                -105.8262562274,
                40.1930227549
              ],
              [
                -105.8262485485,
                40.1930858756
              ],
              [
                -105.8262375271,
                40.1931760476
              ],
              [
                -105.8261944601,
                40.1932574392
              ],
              [
                -105.8261444179,
                40.1933388815
              ],
              [
                -105.8260670449,
                40.1934070021
              ],
              [
                -105.8260578062,
                40.1934926574
              ],
              [
                -105.8260687394,
                40.1935466355
              ],
              [
                -105.8260867204,
                40.1936366
              ],
              [
                -105.8260773702,
                40.1937132472
              ],
              [
                -105.8260787913,
                40.1938303574
              ],
              [
                -105.8260753036,
                40.1938553094
              ],
              [
                -105.8260693328,
                40.1938979955
              ],
              [
                -105.8260643639,
                40.1940331712
              ],
              [
                -105.8261308869,
                40.1941903599
              ],
              [
                -105.8261763592,
                40.1943071569
              ],
              [
                -105.826195035,
                40.1944241452
              ],
              [
                -105.8262168119,
                40.1945546244
              ],
              [
                -105.8262662304,
                40.194693916
              ],
              [
                -105.8262912409,
                40.1947883357
              ],
              [
                -105.8263674943,
                40.1949004087
              ],
              [
                -105.826495163,
                40.195043646
              ],
              [
                -105.8265572604,
                40.1950694568
              ],
              [
                -105.8265804031,
                40.1950790767
              ],
              [
                -105.8266359759,
                40.1951507542
              ],
              [
                -105.8266876051,
                40.195199936
              ],
              [
                -105.8267729545,
                40.195244373
              ],
              [
                -105.8268894686,
                40.1953156165
              ],
              [
                -105.8269192196,
                40.195335743
              ],
              [
                -105.8269193103,
                40.1953358041
              ],
              [
                -105.8270542004,
                40.1954270563
              ],
              [
                -105.8271944676,
                40.1954891183
              ],
              [
                -105.8273276341,
                40.1955106897
              ],
              [
                -105.8274086527,
                40.1955402016
              ],
              [
                -105.8274089625,
                40.1955403147
              ],
              [
                -105.8274159649,
                40.195542865
              ],
              [
                -105.8274163576,
                40.1955430084
              ],
              [
                -105.8274367919,
                40.1955504519
              ],
              [
                -105.8275632567,
                40.1955945944
              ],
              [
                -105.827700057,
                40.1956431685
              ],
              [
                -105.8278160799,
                40.1956738715
              ],
              [
                -105.8279652733,
                40.1956547848
              ],
              [
                -105.8281180849,
                40.1956311697
              ],
              [
                -105.8282609287,
                40.195603119
              ],
              [
                -105.8283266041,
                40.1955760967
              ],
              [
                -105.828326639,
                40.1955760823
              ],
              [
                -105.8283723493,
                40.1955572748
              ],
              [
                -105.8285016101,
                40.1955293229
              ],
              [
                -105.8286034461,
                40.1955105737
              ],
              [
                -105.8287359179,
                40.1955051216
              ],
              [
                -105.8288211413,
                40.1955090168
              ],
              [
                -105.828878558,
                40.1954905861
              ],
              [
                -105.8289295314,
                40.1954857159
              ],
              [
                -105.8290348918,
                40.1954849622
              ],
              [
                -105.8291579452,
                40.195520118
              ],
              [
                -105.8292910758,
                40.1955687153
              ],
              [
                -105.8294177613,
                40.1956308742
              ],
              [
                -105.8294968879,
                40.1957068865
              ],
              [
                -105.829610322,
                40.195796167
              ],
              [
                -105.8296190014,
                40.1958017995
              ],
              [
                -105.8297268944,
                40.1958719102
              ],
              [
                -105.8298743598,
                40.1959519374
              ],
              [
                -105.8300107408,
                40.1959960067
              ],
              [
                -105.8301610167,
                40.1960354716
              ],
              [
                -105.8303010134,
                40.1960750088
              ],
              [
                -105.8304063354,
                40.1961099024
              ],
              [
                -105.8304340898,
                40.1961191009
              ],
              [
                -105.830454408,
                40.1961361317
              ],
              [
                -105.8305513058,
                40.1962173621
              ],
              [
                -105.8306272031,
                40.1963294342
              ],
              [
                -105.8306933562,
                40.1964550909
              ],
              [
                -105.8308533023,
                40.1967152133
              ],
              [
                -105.8309809879,
                40.196887955
              ],
              [
                -105.8309810743,
                40.1968880721
              ],
              [
                -105.8310089726,
                40.1969258154
              ],
              [
                -105.8311692623,
                40.1971296131
              ],
              [
                -105.8311693519,
                40.1971297272
              ],
              [
                -105.8311745577,
                40.1971363457
              ],
              [
                -105.8313500732,
                40.1972882445
              ],
              [
                -105.8315083368,
                40.1974402666
              ],
              [
                -105.8316289704,
                40.1975475127
              ],
              [
                -105.8317700177,
                40.1976726289
              ],
              [
                -105.8319446754,
                40.1977839899
              ],
              [
                -105.8320237521,
                40.1978554966
              ],
              [
                -105.83215061,
                40.1979311641
              ],
              [
                -105.8322015316,
                40.1979609516
              ],
              [
                -105.8322016484,
                40.1979610385
              ],
              [
                -105.8323255254,
                40.1980335137
              ],
              [
                -105.8324209975,
                40.1980643602
              ],
              [
                -105.8324526836,
                40.1980917448
              ],
              [
                -105.8324933558,
                40.1981269051
              ],
              [
                -105.832571663,
                40.1981353512
              ],
              [
                -105.8326738345,
                40.1981436258
              ],
              [
                -105.8327730849,
                40.1981834536
              ],
              [
                -105.8328650308,
                40.1981963059
              ],
              [
                -105.8328829879,
                40.198188207
              ],
              [
                -105.8329157869,
                40.1981734175
              ],
              [
                -105.8329907339,
                40.1981773827
              ],
              [
                -105.8330694818,
                40.1982218632
              ],
              [
                -105.8330803683,
                40.1982713365
              ],
              [
                -105.8332588652,
                40.1983961821
              ],
              [
                -105.8334229719,
                40.1984850941
              ],
              [
                -105.8336426064,
                40.1986411754
              ],
              [
                -105.8338034461,
                40.198703082
              ],
              [
                -105.8339986677,
                40.198814293
              ],
              [
                -105.8341425283,
                40.1988988446
              ],
              [
                -105.8341876126,
                40.198952576
              ],
              [
                -105.8342436036,
                40.1990873121
              ],
              [
                -105.8342804884,
                40.199152886
              ],
              [
                -105.8342890202,
                40.1991680698
              ],
              [
                -105.834293042,
                40.1992266008
              ],
              [
                -105.8342935405,
                40.1992671386
              ],
              [
                -105.8343552911,
                40.1993027305
              ],
              [
                -105.8343863705,
                40.1993520592
              ],
              [
                -105.8344382849,
                40.1994237593
              ],
              [
                -105.8345380369,
                40.1995041243
              ],
              [
                -105.8346791484,
                40.1996337424
              ],
              [
                -105.8348330153,
                40.1996956972
              ],
              [
                -105.8349627419,
                40.199735303
              ],
              [
                -105.835157361,
                40.1997969653
              ],
              [
                -105.8353312352,
                40.1998137291
              ],
              [
                -105.8353955137,
                40.1998349272
              ],
              [
                -105.8354916009,
                40.1998666281
              ],
              [
                -105.8356570324,
                40.199950931
              ],
              [
                -105.8358957313,
                40.2000664198
              ],
              [
                -105.8360502635,
                40.2001824261
              ],
              [
                -105.8362184914,
                40.2003073404
              ],
              [
                -105.8362671259,
                40.2004105973
              ],
              [
                -105.8363504905,
                40.2005316195
              ],
              [
                -105.8363996024,
                40.2006438819
              ],
              [
                -105.8364179297,
                40.2007608699
              ],
              [
                -105.8364214316,
                40.2007697959
              ],
              [
                -105.8364214756,
                40.2007699082
              ],
              [
                -105.8364531815,
                40.200850709
              ],
              [
                -105.8365208789,
                40.2009538069
              ],
              [
                -105.8365209361,
                40.200953894
              ],
              [
                -105.83660921,
                40.2010883293
              ],
              [
                -105.8366387895,
                40.2011356976
              ],
              [
                -105.8366680137,
                40.2011825022
              ],
              [
                -105.8367856563,
                40.2013438189
              ],
              [
                -105.8368932407,
                40.2015232276
              ],
              [
                -105.8369488311,
                40.2015949006
              ],
              [
                -105.8370209974,
                40.2016709579
              ],
              [
                -105.8370713659,
                40.2016892351
              ],
              [
                -105.8371305377,
                40.2017107083
              ],
              [
                -105.8372338766,
                40.2018135685
              ],
              [
                -105.8372553449,
                40.2019170197
              ],
              [
                -105.8372565079,
                40.2020116097
              ],
              [
                -105.8372618972,
                40.2021512147
              ],
              [
                -105.8372708881,
                40.2023448511
              ],
              [
                -105.8373366697,
                40.2024389733
              ],
              [
                -105.8374027847,
                40.202560121
              ],
              [
                -105.8374035381,
                40.2025616701
              ],
              [
                -105.837507511,
                40.2027755866
              ],
              [
                -105.8376296061,
                40.2029999358
              ],
              [
                -105.8377173564,
                40.203238048
              ],
              [
                -105.8377737805,
                40.2033772842
              ],
              [
                -105.8377750562,
                40.2034808825
              ],
              [
                -105.837765996,
                40.2035800506
              ],
              [
                -105.8377190457,
                40.2036977163
              ],
              [
                -105.8377065106,
                40.2037291337
              ],
              [
                -105.8377011213,
                40.2038282766
              ],
              [
                -105.8377068172,
                40.2038466885
              ],
              [
                -105.8377470095,
                40.2039765978
              ],
              [
                -105.837765063,
                40.2040710643
              ],
              [
                -105.8377564814,
                40.2041792388
              ],
              [
                -105.8377605618,
                40.2042422748
              ],
              [
                -105.8377005212,
                40.2043463159
              ],
              [
                -105.8375524411,
                40.2044870318
              ],
              [
                -105.8374241999,
                40.2045690443
              ],
              [
                -105.8373500205,
                40.2046281414
              ],
              [
                -105.8372485044,
                40.2046739225
              ],
              [
                -105.8371959259,
                40.2046922968
              ],
              [
                -105.8371300451,
                40.2047153219
              ],
              [
                -105.8370288615,
                40.2047881267
              ],
              [
                -105.8370026335,
                40.2048648959
              ],
              [
                -105.8369832362,
                40.2049596338
              ],
              [
                -105.8370018217,
                40.205067612
              ],
              [
                -105.8370397362,
                40.205134908
              ],
              [
                -105.8370750449,
                40.2052292504
              ],
              [
                -105.8370962711,
                40.2052831529
              ],
              [
                -105.8371136038,
                40.2053190642
              ],
              [
                -105.8371621105,
                40.2053817795
              ],
              [
                -105.8372029215,
                40.205385988
              ],
              [
                -105.8372401507,
                40.2053677011
              ],
              [
                -105.8372948221,
                40.205394333
              ],
              [
                -105.8373775857,
                40.2054658094
              ],
              [
                -105.83742973,
                40.205555525
              ],
              [
                -105.83753291,
                40.2056448718
              ],
              [
                -105.8375849428,
                40.2057255791
              ],
              [
                -105.8376744829,
                40.20581052
              ],
              [
                -105.8377465446,
                40.2058775678
              ],
              [
                -105.8378016607,
                40.2059402342
              ],
              [
                -105.8378251942,
                40.2059130363
              ],
              [
                -105.8378766185,
                40.2059441963
              ],
              [
                -105.8379493795,
                40.2060382679
              ],
              [
                -105.8379705732,
                40.2061191977
              ],
              [
                -105.8379748544,
                40.2061687178
              ],
              [
                -105.8380540028,
                40.2062447242
              ],
              [
                -105.8380754172,
                40.2063436724
              ],
              [
                -105.8381000051,
                40.2064020536
              ],
              [
                -105.838126429,
                40.2064108031
              ],
              [
                -105.8382198328,
                40.2064417292
              ],
              [
                -105.8383226814,
                40.206504049
              ],
              [
                -105.8384050264,
                40.2065710224
              ],
              [
                -105.8385485199,
                40.2066240395
              ],
              [
                -105.8386415893,
                40.2067269718
              ],
              [
                -105.838641889,
                40.2067513411
              ],
              [
                -105.8386422543,
                40.2067810232
              ],
              [
                -105.8386498968,
                40.206835023
              ],
              [
                -105.8387048493,
                40.2068841756
              ],
              [
                -105.8387969736,
                40.2069105361
              ],
              [
                -105.8388792971,
                40.2069459777
              ],
              [
                -105.8389461093,
                40.2070040546
              ],
              [
                -105.8391229025,
                40.2071183153
              ],
              [
                -105.8395610417,
                40.207278381
              ],
              [
                -105.8399499265,
                40.207302069
              ],
              [
                -105.8399666722,
                40.2072995389
              ],
              [
                -105.8399710696,
                40.2091592515
              ],
              [
                -105.8399712805,
                40.2092485036
              ],
              [
                -105.8404433463,
                40.2092469885
              ],
              [
                -105.8407484694,
                40.2092460085
              ],
              [
                -105.8408165378,
                40.2092457898
              ],
              [
                -105.840773336,
                40.209324209
              ],
              [
                -105.840764278,
                40.2094233768
              ],
              [
                -105.8407323143,
                40.20955704
              ],
              [
                -105.8407286643,
                40.2095722879
              ],
              [
                -105.8407279302,
                40.2096414461
              ],
              [
                -105.8407271398,
                40.209716449
              ],
              [
                -105.8407220182,
                40.2097553227
              ],
              [
                -105.8407116963,
                40.209833683
              ],
              [
                -105.8407089705,
                40.2099102812
              ],
              [
                -105.8407066682,
                40.2099913818
              ],
              [
                -105.8407079665,
                40.2100258934
              ],
              [
                -105.840711587,
                40.2101219816
              ],
              [
                -105.8407010277,
                40.210159496
              ],
              [
                -105.8406887208,
                40.2102032306
              ],
              [
                -105.8406625514,
                40.2102845048
              ],
              [
                -105.8406436907,
                40.2103927533
              ],
              [
                -105.8405879581,
                40.2105778494
              ],
              [
                -105.8405866566,
                40.2107400271
              ],
              [
                -105.8405982188,
                40.2108435497
              ],
              [
                -105.8406131942,
                40.2109560563
              ],
              [
                -105.8406387868,
                40.2110955153
              ],
              [
                -105.8407019672,
                40.2112752418
              ],
              [
                -105.8407589057,
                40.2114550153
              ],
              [
                -105.8408384541,
                40.211562549
              ],
              [
                -105.840862934,
                40.2116119234
              ],
              [
                -105.8409004998,
                40.2116206593
              ],
              [
                -105.8409338365,
                40.2115843792
              ],
              [
                -105.8409658101,
                40.211571432
              ],
              [
                -105.8409678177,
                40.2115706189
              ],
              [
                -105.8410221629,
                40.2115702234
              ],
              [
                -105.8410668725,
                40.2115924218
              ],
              [
                -105.8411010982,
                40.2116282106
              ],
              [
                -105.8411190814,
                40.2116866403
              ],
              [
                -105.841123053,
                40.2117406683
              ],
              [
                -105.8411258638,
                40.2117499929
              ],
              [
                -105.8411406684,
                40.2117991007
              ],
              [
                -105.8411277514,
                40.2118532498
              ],
              [
                -105.8410948036,
                40.2119210589
              ],
              [
                -105.8410954716,
                40.2119751095
              ],
              [
                -105.8411138674,
                40.2120966015
              ],
              [
                -105.8410538262,
                40.2122006446
              ],
              [
                -105.8410629184,
                40.2123717565
              ],
              [
                -105.8410611956,
                40.2125294319
              ],
              [
                -105.8410628662,
                40.2126645596
              ],
              [
                -105.8410984627,
                40.212781421
              ],
              [
                -105.8411031046,
                40.2128894994
              ],
              [
                -105.8411042183,
                40.2129795839
              ],
              [
                -105.8410645733,
                40.2130699662
              ],
              [
                -105.8410142561,
                40.2131288919
              ],
              [
                -105.8410087037,
                40.2132145203
              ],
              [
                -105.841005646,
                40.2132640938
              ],
              [
                -105.8410580227,
                40.2133718248
              ],
              [
                -105.8410718869,
                40.2133942469
              ],
              [
                -105.841179312,
                40.2135286062
              ],
              [
                -105.841234606,
                40.2136047836
              ],
              [
                -105.8413243836,
                40.2137077379
              ],
              [
                -105.8414067397,
                40.2137747096
              ],
              [
                -105.8414583935,
                40.2138238848
              ],
              [
                -105.8415231891,
                40.2138369273
              ],
              [
                -105.8416522775,
                40.2138224741
              ],
              [
                -105.8417748694,
                40.2138170796
              ],
              [
                -105.8419319684,
                40.2138699915
              ],
              [
                -105.8420688698,
                40.2139230519
              ],
              [
                -105.8421404075,
                40.2139708779
              ],
              [
                -105.8421821834,
                40.2139988059
              ],
              [
                -105.84224479,
                40.2141019579
              ],
              [
                -105.8423006988,
                40.2142276813
              ],
              [
                -105.8423431326,
                40.2143625118
              ],
              [
                -105.8423473276,
                40.2144345555
              ],
              [
                -105.8422711208,
                40.2145972781
              ],
              [
                -105.8422011651,
                40.2147013943
              ],
              [
                -105.8421485141,
                40.2148684497
              ],
              [
                -105.8420911398,
                40.2148913909
              ],
              [
                -105.8420583627,
                40.214935713
              ],
              [
                -105.8420542988,
                40.21494121
              ],
              [
                -105.8420548535,
                40.2149525249
              ],
              [
                -105.8420587183,
                40.2150312702
              ],
              [
                -105.8420299126,
                40.2151666191
              ],
              [
                -105.8419838862,
                40.215292557
              ],
              [
                -105.8419737881,
                40.2153201866
              ],
              [
                -105.8418942167,
                40.2154784277
              ],
              [
                -105.8419316535,
                40.2155428191
              ],
              [
                -105.8419463763,
                40.2155681417
              ],
              [
                -105.8420292914,
                40.2156801555
              ],
              [
                -105.8420642791,
                40.2157474702
              ],
              [
                -105.8420279371,
                40.2158378277
              ],
              [
                -105.8419782874,
                40.2159508045
              ],
              [
                -105.8419015207,
                40.2160684838
              ],
              [
                -105.8418177194,
                40.2161817088
              ],
              [
                -105.841794946,
                40.2161978253
              ],
              [
                -105.8416826515,
                40.2162772894
              ],
              [
                -105.8415379468,
                40.216395463
              ],
              [
                -105.8415241366,
                40.2164082172
              ],
              [
                -105.8414101333,
                40.2165135125
              ],
              [
                -105.8412649486,
                40.2166226794
              ],
              [
                -105.8411401943,
                40.216691155
              ],
              [
                -105.8410009295,
                40.2167146911
              ],
              [
                -105.8408575475,
                40.2167022192
              ],
              [
                -105.8407002183,
                40.2166312876
              ],
              [
                -105.8406365018,
                40.2165886906
              ],
              [
                -105.840580238,
                40.2165510751
              ],
              [
                -105.8404324364,
                40.2164485426
              ],
              [
                -105.8403567432,
                40.2163860264
              ],
              [
                -105.8402299863,
                40.2162923481
              ],
              [
                -105.8402083969,
                40.216280915
              ],
              [
                -105.8402074121,
                40.2162803935
              ],
              [
                -105.8400621569,
                40.216203474
              ],
              [
                -105.8399698178,
                40.2161906306
              ],
              [
                -105.8398273029,
                40.2162186923
              ],
              [
                -105.8397254945,
                40.2162419541
              ],
              [
                -105.8396921767,
                40.2163097657
              ],
              [
                -105.8396732573,
                40.2164135093
              ],
              [
                -105.8395856482,
                40.2164862198
              ],
              [
                -105.8395073744,
                40.2164822823
              ],
              [
                -105.8394291007,
                40.2164783455
              ],
              [
                -105.839357715,
                40.2164968816
              ],
              [
                -105.8393622979,
                40.2166004562
              ],
              [
                -105.839370276,
                40.216681482
              ],
              [
                -105.8393747478,
                40.2167760465
              ],
              [
                -105.8393528787,
                40.2169383729
              ],
              [
                -105.839341182,
                40.2170916159
              ],
              [
                -105.8393320112,
                40.2171817747
              ],
              [
                -105.8393286184,
                40.2171995223
              ],
              [
                -105.8393130371,
                40.2172810159
              ],
              [
                -105.8392221746,
                40.2173582531
              ],
              [
                -105.8391276973,
                40.2174400223
              ],
              [
                -105.838900872,
                40.217540768
              ],
              [
                -105.8387417935,
                40.2175959771
              ],
              [
                -105.8385822949,
                40.2176466835
              ],
              [
                -105.8384566133,
                40.2176701177
              ],
              [
                -105.8383409358,
                40.2176709562
              ],
              [
                -105.8382761939,
                40.2176624161
              ],
              [
                -105.8382143666,
                40.2176223209
              ],
              [
                -105.8381396536,
                40.217609348
              ],
              [
                -105.8380408129,
                40.2176055593
              ],
              [
                -105.8379322471,
                40.2176468877
              ],
              [
                -105.8378109033,
                40.2177243439
              ],
              [
                -105.8377882541,
                40.2178236102
              ],
              [
                -105.8378159835,
                40.2178684569
              ],
              [
                -105.837861605,
                40.2179942565
              ],
              [
                -105.8377842168,
                40.218062387
              ],
              [
                -105.8375944562,
                40.2181313308
              ],
              [
                -105.8375843341,
                40.2181365926
              ],
              [
                -105.8373747713,
                40.2182455357
              ],
              [
                -105.8370942556,
                40.2184007228
              ],
              [
                -105.8369083537,
                40.2185146836
              ],
              [
                -105.8366951093,
                40.2186153281
              ],
              [
                -105.8365911526,
                40.2187332
              ],
              [
                -105.8365616704,
                40.2188144971
              ],
              [
                -105.8365592511,
                40.218886588
              ],
              [
                -105.8365902862,
                40.2189314106
              ],
              [
                -105.836665867,
                40.21898492
              ],
              [
                -105.8366802299,
                40.2190478827
              ],
              [
                -105.8366574115,
                40.2191336355
              ],
              [
                -105.8366237737,
                40.2192183619
              ],
              [
                -105.8365551738,
                40.2193911397
              ],
              [
                -105.8364473365,
                40.2194969076
              ],
              [
                -105.8364071142,
                40.2195363578
              ],
              [
                -105.8362966765,
                40.2196948183
              ],
              [
                -105.8362102227,
                40.2198621148
              ],
              [
                -105.8361647301,
                40.2200156019
              ],
              [
                -105.8361711726,
                40.2200740467
              ],
              [
                -105.8361721724,
                40.2200831174
              ],
              [
                -105.8360725709,
                40.2202865453
              ],
              [
                -105.8359802232,
                40.2205124464
              ],
              [
                -105.8359144073,
                40.2207156303
              ],
              [
                -105.8358181998,
                40.2208965113
              ],
              [
                -105.83571592,
                40.2211810428
              ],
              [
                -105.8357126612,
                40.2211931513
              ],
              [
                -105.835686766,
                40.2212893649
              ],
              [
                -105.8356544961,
                40.2214427563
              ],
              [
                -105.8356460381,
                40.2215914702
              ],
              [
                -105.8356376729,
                40.2217176605
              ],
              [
                -105.8356594198,
                40.221843634
              ],
              [
                -105.8356590883,
                40.2218658713
              ],
              [
                -105.8356576095,
                40.2219652724
              ],
              [
                -105.8356622437,
                40.2220733507
              ],
              [
                -105.8356303941,
                40.2222312438
              ],
              [
                -105.8356228159,
                40.2223052619
              ],
              [
                -105.8356179328,
                40.2223529587
              ],
              [
                -105.8355820024,
                40.2224478161
              ],
              [
                -105.8355764638,
                40.2225649765
              ],
              [
                -105.8356013866,
                40.2226503847
              ],
              [
                -105.8356264742,
                40.2227493063
              ],
              [
                -105.8356346906,
                40.2228798812
              ],
              [
                -105.8356743089,
                40.2230552764
              ],
              [
                -105.8356454325,
                40.2231861193
              ],
              [
                -105.8356470918,
                40.2233212471
              ],
              [
                -105.8356355517,
                40.2234880019
              ],
              [
                -105.8356415126,
                40.2237041822
              ],
              [
                -105.835674266,
                40.223888636
              ],
              [
                -105.8357041354,
                40.2240776167
              ],
              [
                -105.8357719843,
                40.2243383949
              ],
              [
                -105.8358210209,
                40.2244731808
              ],
              [
                -105.8359014085,
                40.2246482817
              ],
              [
                -105.8359582347,
                40.2248190477
              ],
              [
                -105.8360283385,
                40.2249942233
              ],
              [
                -105.8361262661,
                40.2251917189
              ],
              [
                -105.8362271847,
                40.225393699
              ],
              [
                -105.8362977127,
                40.225573375
              ],
              [
                -105.8363596766,
                40.2256540116
              ],
              [
                -105.8364026959,
                40.2258068579
              ],
              [
                -105.8364691082,
                40.2259505267
              ],
              [
                -105.8365689218,
                40.2260624213
              ],
              [
                -105.8366893378,
                40.2261471386
              ],
              [
                -105.8367348532,
                40.2262639307
              ],
              [
                -105.8367393221,
                40.2263584959
              ],
              [
                -105.8367381231,
                40.2265296814
              ],
              [
                -105.836805092,
                40.2267183917
              ],
              [
                -105.8368173151,
                40.2268759676
              ],
              [
                -105.8368134202,
                40.2270967216
              ],
              [
                -105.8368639588,
                40.2273531226
              ],
              [
                -105.8368086236,
                40.2275427169
              ],
              [
                -105.8367562279,
                40.2277322903
              ],
              [
                -105.8367347172,
                40.2278946127
              ],
              [
                -105.8367025558,
                40.2280570126
              ],
              [
                -105.8366570263,
                40.2282375273
              ],
              [
                -105.8366289237,
                40.2284314304
              ],
              [
                -105.836589263,
                40.2285218103
              ],
              [
                -105.8365283697,
                40.2285582878
              ],
              [
                -105.8364754522,
                40.22867579
              ],
              [
                -105.8364467047,
                40.2288471748
              ],
              [
                -105.8364686594,
                40.2289596315
              ],
              [
                -105.8364426429,
                40.2290544175
              ],
              [
                -105.8364470586,
                40.2291444784
              ],
              [
                -105.8364723718,
                40.229261416
              ],
              [
                -105.8365555728,
                40.2293959541
              ],
              [
                -105.8366016791,
                40.2295307605
              ],
              [
                -105.8366095775,
                40.22954319
              ],
              [
                -105.8366814621,
                40.229656312
              ],
              [
                -105.8367063913,
                40.229741721
              ],
              [
                -105.8367277552,
                40.2298361639
              ],
              [
                -105.8367126346,
                40.2299804219
              ],
              [
                -105.8366630207,
                40.2300979009
              ],
              [
                -105.8365543221,
                40.2301302193
              ],
              [
                -105.8365528337,
                40.2301318801
              ],
              [
                -105.8364771405,
                40.2302163653
              ],
              [
                -105.8364305009,
                40.2303067947
              ],
              [
                -105.8363911165,
                40.2304196956
              ],
              [
                -105.8363754952,
                40.2305234151
              ],
              [
                -105.8363060329,
                40.2306995988
              ],
              [
                -105.8362394134,
                40.2308081916
              ],
              [
                -105.836125376,
                40.2309441545
              ],
              [
                -105.8360590322,
                40.2310752682
              ],
              [
                -105.8359920439,
                40.2311838628
              ],
              [
                -105.8359091912,
                40.2313466292
              ],
              [
                -105.8357889492,
                40.2315457016
              ],
              [
                -105.8357698204,
                40.2316629607
              ],
              [
                -105.835737634,
                40.2317938278
              ],
              [
                -105.8356468585,
                40.2318800716
              ],
              [
                -105.8356071051,
                40.231992974
              ],
              [
                -105.8355948994,
                40.2321056776
              ],
              [
                -105.8356068444,
                40.2322407313
              ],
              [
                -105.835645417,
                40.2323305459
              ],
              [
                -105.8357215647,
                40.2324290982
              ],
              [
                -105.8357645514,
                40.2326089732
              ],
              [
                -105.8357532309,
                40.2327937448
              ],
              [
                -105.8356910765,
                40.232996903
              ],
              [
                -105.8355846975,
                40.2332183993
              ],
              [
                -105.8355546545,
                40.2332546523
              ],
              [
                -105.8355201613,
                40.2332278728
              ],
              [
                -105.8354830289,
                40.2332551687
              ],
              [
                -105.835454202,
                40.2333905158
              ],
              [
                -105.8354532218,
                40.2335797187
              ],
              [
                -105.8354955422,
                40.2337055428
              ],
              [
                -105.8354764134,
                40.233822801
              ],
              [
                -105.8354578169,
                40.2339535701
              ],
              [
                -105.835448915,
                40.2340662496
              ],
              [
                -105.8353689757,
                40.2341974622
              ],
              [
                -105.8353244342,
                40.2342915249
              ],
              [
                -105.8352726589,
                40.2344008659
              ],
              [
                -105.8352532189,
                40.2345128233
              ],
              [
                -105.8350670921,
                40.2345051005
              ],
              [
                -105.8299219875,
                40.2342915034
              ],
              [
                -105.8253097333,
                40.234083742
              ],
              [
                -105.8208336744,
                40.2340972377
              ],
              [
                -105.8208254193,
                40.2340972137
              ],
              [
                -105.8162897346,
                40.2340837416
              ],
              [
                -105.8115615623,
                40.2340541287
              ],
              [
                -105.8114997359,
                40.2340537405
              ],
              [
                -105.8110095472,
                40.2340518047
              ],
              [
                -105.8067952005,
                40.2340350788
              ],
              [
                -105.8064597369,
                40.2340337413
              ],
              [
                -105.8020148994,
                40.2339133258
              ],
              [
                -105.8020086112,
                40.2339131554
              ],
              [
                -105.8008397381,
                40.2339337411
              ],
              [
                -105.8009329789,
                40.238023317
              ],
              [
                -105.7970690479,
                40.2380773437
              ],
              [
                -105.7969304426,
                40.2380792804
              ],
              [
                -105.7968789813,
                40.2424604431
              ],
              [
                -105.7968668481,
                40.2427915136
              ],
              [
                -105.7967597376,
                40.2457138989
              ],
              [
                -105.8013986886,
                40.2453620501
              ],
              [
                -105.8017697374,
                40.2453338999
              ],
              [
                -105.8017679066,
                40.2453543886
              ],
              [
                -105.8014443058,
                40.2489765055
              ],
              [
                -105.8061408803,
                40.2488853483
              ],
              [
                -105.8061331155,
                40.249163405
              ],
              [
                -105.8060374416,
                40.2525889156
              ],
              [
                -105.8015035586,
                40.2526063945
              ],
              [
                -105.8013678784,
                40.2527002464
              ],
              [
                -105.8012245815,
                40.2527993659
              ],
              [
                -105.8012497611,
                40.2530251332
              ],
              [
                -105.8014659122,
                40.2531876187
              ],
              [
                -105.8013761014,
                40.2533174972
              ],
              [
                -105.8013363265,
                40.2533750179
              ],
              [
                -105.8008978601,
                40.2535965426
              ],
              [
                -105.8005627849,
                40.2537242669
              ],
              [
                -105.800453034,
                40.2537661024
              ],
              [
                -105.8004270819,
                40.2538064786
              ],
              [
                -105.8003621033,
                40.2539075716
              ],
              [
                -105.8002157585,
                40.2539390544
              ],
              [
                -105.799983993,
                40.2539889141
              ],
              [
                -105.7997648307,
                40.2541355737
              ],
              [
                -105.800098401,
                40.2548572816
              ],
              [
                -105.8001194273,
                40.2549027755
              ],
              [
                -105.7999967858,
                40.2551089634
              ],
              [
                -105.7998573001,
                40.2551049039
              ],
              [
                -105.7995263705,
                40.2550952714
              ],
              [
                -105.7992480784,
                40.2554528152
              ],
              [
                -105.799202226,
                40.2558406043
              ],
              [
                -105.79911223,
                40.2562165565
              ],
              [
                -105.8031462061,
                40.2562601457
              ],
              [
                -105.8031884574,
                40.2562416655
              ],
              [
                -105.803644787,
                40.2560420687
              ],
              [
                -105.8036400939,
                40.2562464574
              ],
              [
                -105.8036396222,
                40.2562669777
              ],
              [
                -105.8059260804,
                40.2562925616
              ],
              [
                -105.8075018512,
                40.2563061233
              ],
              [
                -105.8106739303,
                40.2563333588
              ],
              [
                -105.8153324914,
                40.2564036486
              ],
              [
                -105.8153635582,
                40.2564041164
              ],
              [
                -105.815911113,
                40.2564087787
              ],
              [
                -105.8159114317,
                40.2564087816
              ],
              [
                -105.8163141367,
                40.257512186
              ],
              [
                -105.8163175453,
                40.2575215248
              ],
              [
                -105.8164115144,
                40.2575076002
              ],
              [
                -105.8171628245,
                40.2573962618
              ],
              [
                -105.8172021005,
                40.2573904422
              ],
              [
                -105.8168884196,
                40.2568923207
              ],
              [
                -105.8167141857,
                40.2566156375
              ],
              [
                -105.8164889188,
                40.256413696
              ],
              [
                -105.8165233798,
                40.2564139884
              ],
              [
                -105.8200094684,
                40.2564435899
              ],
              [
                -105.8220606193,
                40.2564988588
              ],
              [
                -105.8222597303,
                40.2565042221
              ],
              [
                -105.8221971883,
                40.2584250833
              ],
              [
                -105.8221897305,
                40.2586541398
              ],
              [
                -105.8245597364,
                40.2586991158
              ],
              [
                -105.8281297293,
                40.2587141413
              ],
              [
                -105.8281197291,
                40.258384141
              ],
              [
                -105.8293397292,
                40.2583841412
              ],
              [
                -105.829279728,
                40.2579442213
              ],
              [
                -105.8331597271,
                40.2579942216
              ],
              [
                -105.8331697287,
                40.2565841409
              ],
              [
                -105.8340925857,
                40.2566020375
              ],
              [
                -105.8386998365,
                40.256591378
              ],
              [
                -105.8434359155,
                40.2565841602
              ],
              [
                -105.8433987417,
                40.2602736679
              ],
              [
                -105.8433615671,
                40.2639631787
              ],
              [
                -105.8433378585,
                40.2649031269
              ],
              [
                -105.8432697242,
                40.267604222
              ],
              [
                -105.8432655651,
                40.269532019
              ],
              [
                -105.8432616052,
                40.2713695504
              ],
              [
                -105.8434165771,
                40.2713701052
              ],
              [
                -105.847831622,
                40.2713857346
              ],
              [
                -105.8483914542,
                40.2713924364
              ],
              [
                -105.8511373058,
                40.2714252698
              ],
              [
                -105.8512260509,
                40.2714987906
              ],
              [
                -105.8513493886,
                40.2715803921
              ],
              [
                -105.8513540643,
                40.271583054
              ],
              [
                -105.851508518,
                40.271670999
              ],
              [
                -105.8516474545,
                40.2717009309
              ],
              [
                -105.8518578024,
                40.2717276375
              ],
              [
                -105.8520884906,
                40.2718665816
              ],
              [
                -105.8521139056,
                40.2719418338
              ],
              [
                -105.8521489317,
                40.2720455405
              ],
              [
                -105.8521496867,
                40.2721912603
              ],
              [
                -105.8521467749,
                40.2723916794
              ],
              [
                -105.8519908156,
                40.2726969838
              ],
              [
                -105.8519470577,
                40.2728233479
              ],
              [
                -105.8518996556,
                40.2728782602
              ],
              [
                -105.8518588173,
                40.2729255707
              ],
              [
                -105.8516688289,
                40.27296983
              ],
              [
                -105.8514532511,
                40.2729704838
              ],
              [
                -105.8511670973,
                40.2728160014
              ],
              [
                -105.8510146734,
                40.2727679079
              ],
              [
                -105.8508627036,
                40.2728072065
              ],
              [
                -105.8508314474,
                40.272899539
              ],
              [
                -105.850590984,
                40.2729925046
              ],
              [
                -105.8502614531,
                40.2730274952
              ],
              [
                -105.8501555652,
                40.2730139312
              ],
              [
                -105.850039355,
                40.2729990463
              ],
              [
                -105.8499636191,
                40.2730672346
              ],
              [
                -105.8498626221,
                40.2731549053
              ],
              [
                -105.84985039,
                40.2732423338
              ],
              [
                -105.8498698333,
                40.2733296692
              ],
              [
                -105.8499840616,
                40.2733487281
              ],
              [
                -105.8501869689,
                40.2733383982
              ],
              [
                -105.8503517463,
                40.2733233391
              ],
              [
                -105.8504531955,
                40.2732896857
              ],
              [
                -105.8504846439,
                40.273279254
              ],
              [
                -105.8506315376,
                40.2733098836
              ],
              [
                -105.8507830047,
                40.2733414661
              ],
              [
                -105.8510056306,
                40.2734718657
              ],
              [
                -105.8510191392,
                40.2736320228
              ],
              [
                -105.8510385834,
                40.2737193276
              ],
              [
                -105.8511341236,
                40.2737967152
              ],
              [
                -105.8513462406,
                40.2737960718
              ],
              [
                -105.8513497025,
                40.2737960611
              ],
              [
                -105.8514828841,
                40.2737956567
              ],
              [
                -105.8516287881,
                40.2738146476
              ],
              [
                -105.8517243791,
                40.2739017213
              ],
              [
                -105.8518012972,
                40.2740616843
              ],
              [
                -105.8518335731,
                40.2741781015
              ],
              [
                -105.8518107971,
                40.2742671465
              ],
              [
                -105.8518087144,
                40.2742752868
              ],
              [
                -105.8518000061,
                40.2743035574
              ],
              [
                -105.8517712989,
                40.2743967597
              ],
              [
                -105.8515244966,
                40.2744848725
              ],
              [
                -105.8512583809,
                40.2745342351
              ],
              [
                -105.850979927,
                40.27463861
              ],
              [
                -105.8507452021,
                40.2746102
              ],
              [
                -105.8504709445,
                40.2743051984
              ],
              [
                -105.8504634989,
                40.2740964688
              ],
              [
                -105.8504627217,
                40.2739459908
              ],
              [
                -105.8502023111,
                40.2738545412
              ],
              [
                -105.8499930676,
                40.2738600183
              ],
              [
                -105.849967823,
                40.2738681632
              ],
              [
                -105.8499171054,
                40.2738845265
              ],
              [
                -105.8498970105,
                40.2739953293
              ],
              [
                -105.8498924424,
                40.2740205196
              ],
              [
                -105.8498923445,
                40.2740213556
              ],
              [
                -105.8498741914,
                40.2741759276
              ],
              [
                -105.8500019052,
                40.2743502986
              ],
              [
                -105.8501485444,
                40.2745003638
              ],
              [
                -105.8501966943,
                40.2745405933
              ],
              [
                -105.8502759087,
                40.274606777
              ],
              [
                -105.8503653028,
                40.2747278648
              ],
              [
                -105.8503472128,
                40.2749026781
              ],
              [
                -105.8501829303,
                40.275014846
              ],
              [
                -105.8500736737,
                40.2751059911
              ],
              [
                -105.8499187506,
                40.2751655069
              ],
              [
                -105.8498589988,
                40.2751884608
              ],
              [
                -105.8498062344,
                40.2753078003
              ],
              [
                -105.8498292063,
                40.2754507589
              ],
              [
                -105.8498742781,
                40.2754883981
              ],
              [
                -105.8499632653,
                40.2755627126
              ],
              [
                -105.8503549392,
                40.2756228378
              ],
              [
                -105.8507156918,
                40.2757034629
              ],
              [
                -105.8507162557,
                40.2757041089
              ],
              [
                -105.8509222395,
                40.2759398514
              ],
              [
                -105.8508389121,
                40.276171671
              ],
              [
                -105.8506931263,
                40.276359395
              ],
              [
                -105.8505205668,
                40.276536969
              ],
              [
                -105.8504418892,
                40.2768130294
              ],
              [
                -105.8504539745,
                40.2770404622
              ],
              [
                -105.8504689768,
                40.2771928459
              ],
              [
                -105.8504944519,
                40.2772945683
              ],
              [
                -105.8505125805,
                40.2773669542
              ],
              [
                -105.8503428613,
                40.2775580192
              ],
              [
                -105.8502345201,
                40.2775867524
              ],
              [
                -105.8500729537,
                40.2776296041
              ],
              [
                -105.8498526661,
                40.2776575
              ],
              [
                -105.8497107851,
                40.2777341728
              ],
              [
                -105.84970418,
                40.2778376369
              ],
              [
                -105.8497973982,
                40.2779789201
              ],
              [
                -105.8499833297,
                40.2781743554
              ],
              [
                -105.8501617585,
                40.2782990443
              ],
              [
                -105.8501751664,
                40.2783134128
              ],
              [
                -105.8502833538,
                40.2784293499
              ],
              [
                -105.8502628439,
                40.2785927329
              ],
              [
                -105.8501743382,
                40.278698894
              ],
              [
                -105.8500847908,
                40.2787587418
              ],
              [
                -105.8499357737,
                40.2788245149
              ],
              [
                -105.8497653462,
                40.27887949
              ],
              [
                -105.8496230993,
                40.2788853658
              ],
              [
                -105.8494095768,
                40.2788533346
              ],
              [
                -105.8492890206,
                40.2789135742
              ],
              [
                -105.8491617727,
                40.2790718622
              ],
              [
                -105.8490524095,
                40.2791985375
              ],
              [
                -105.8490467385,
                40.2792051063
              ],
              [
                -105.8490062627,
                40.2792519897
              ],
              [
                -105.8489718501,
                40.2793681452
              ],
              [
                -105.8489642842,
                40.2793936823
              ],
              [
                -105.8488797407,
                40.2795518409
              ],
              [
                -105.8488785986,
                40.2795593942
              ],
              [
                -105.8488591456,
                40.2796880227
              ],
              [
                -105.8490582872,
                40.2796874235
              ],
              [
                -105.8493855715,
                40.279713636
              ],
              [
                -105.8495424552,
                40.2797894069
              ],
              [
                -105.8495932505,
                40.2799852497
              ],
              [
                -105.8494522041,
                40.2802252389
              ],
              [
                -105.8489269259,
                40.2804463236
              ],
              [
                -105.8488133063,
                40.2804793417
              ],
              [
                -105.8485004026,
                40.2804857303
              ],
              [
                -105.8484462968,
                40.2805158005
              ],
              [
                -105.8483247325,
                40.2805833637
              ],
              [
                -105.8483231164,
                40.280584262
              ],
              [
                -105.848324053,
                40.280586758
              ],
              [
                -105.8484259512,
                40.2808583938
              ],
              [
                -105.8484312474,
                40.2808725133
              ],
              [
                -105.8484283645,
                40.2809064591
              ],
              [
                -105.8484269069,
                40.2809236297
              ],
              [
                -105.8484178395,
                40.2810304285
              ],
              [
                -105.8482991196,
                40.2814609297
              ],
              [
                -105.8482863517,
                40.2815179376
              ],
              [
                -105.8482295708,
                40.2817714723
              ],
              [
                -105.8482236921,
                40.282005607
              ],
              [
                -105.8483952454,
                40.2821684406
              ],
              [
                -105.8485522724,
                40.2822823043
              ],
              [
                -105.8486799411,
                40.2822913592
              ],
              [
                -105.8487728587,
                40.2822979499
              ],
              [
                -105.8490432604,
                40.2823189187
              ],
              [
                -105.8493710892,
                40.2824486024
              ],
              [
                -105.8494217942,
                40.2826038599
              ],
              [
                -105.8494087547,
                40.2828325713
              ],
              [
                -105.8493388454,
                40.2830723464
              ],
              [
                -105.8491696103,
                40.283361434
              ],
              [
                -105.8491287241,
                40.2837045659
              ],
              [
                -105.8491558983,
                40.2839143588
              ],
              [
                -105.8491583326,
                40.2839331491
              ],
              [
                -105.8493232029,
                40.2841830789
              ],
              [
                -105.8494646716,
                40.2843377411
              ],
              [
                -105.8495020121,
                40.2843785635
              ],
              [
                -105.8496242544,
                40.2846099345
              ],
              [
                -105.8495970511,
                40.284860471
              ],
              [
                -105.8494914585,
                40.285067679
              ],
              [
                -105.8493860303,
                40.2853184526
              ],
              [
                -105.849367903,
                40.2853377544
              ],
              [
                -105.8491846514,
                40.2855328716
              ],
              [
                -105.8491809133,
                40.2855368517
              ],
              [
                -105.8491804788,
                40.2855410426
              ],
              [
                -105.8491605656,
                40.2857329085
              ],
              [
                -105.8491946437,
                40.2858101639
              ],
              [
                -105.8492253287,
                40.2858797263
              ],
              [
                -105.8493679846,
                40.2859500635
              ],
              [
                -105.8494372883,
                40.2859339257
              ],
              [
                -105.8495811077,
                40.285900436
              ],
              [
                -105.8495990517,
                40.2858516031
              ],
              [
                -105.8496170588,
                40.2858025966
              ],
              [
                -105.8496337078,
                40.285757287
              ],
              [
                -105.849651214,
                40.2857096451
              ],
              [
                -105.84974304,
                40.2855786935
              ],
              [
                -105.8499060374,
                40.2854638657
              ],
              [
                -105.8502264675,
                40.2855282477
              ],
              [
                -105.8505542002,
                40.2856361477
              ],
              [
                -105.8507753328,
                40.2857552592
              ],
              [
                -105.850904022,
                40.2858855437
              ],
              [
                -105.8509046408,
                40.2860053231
              ],
              [
                -105.8508129023,
                40.2861417199
              ],
              [
                -105.8505930615,
                40.2862730315
              ],
              [
                -105.8502305942,
                40.286328588
              ],
              [
                -105.8498254435,
                40.2863896897
              ],
              [
                -105.8491499609,
                40.286435295
              ],
              [
                -105.8486736644,
                40.2864857444
              ],
              [
                -105.8481620997,
                40.2866070652
              ],
              [
                -105.847714851,
                40.2867771761
              ],
              [
                -105.8475066475,
                40.2868496392
              ],
              [
                -105.847430827,
                40.2868760274
              ],
              [
                -105.8473179193,
                40.2870506075
              ],
              [
                -105.8473035842,
                40.2871940667
              ],
              [
                -105.847300016,
                40.287229774
              ],
              [
                -105.8472452109,
                40.2874375722
              ],
              [
                -105.8471995287,
                40.2875537466
              ],
              [
                -105.8471772926,
                40.2876102917
              ],
              [
                -105.8471142864,
                40.2877788612
              ],
              [
                -105.8470850595,
                40.2880105663
              ],
              [
                -105.8470708501,
                40.2882810765
              ],
              [
                -105.8471350173,
                40.288634879
              ],
              [
                -105.8472821013,
                40.2889446819
              ],
              [
                -105.8473873148,
                40.2891949489
              ],
              [
                -105.8475577634,
                40.2894911557
              ],
              [
                -105.8476285767,
                40.2896142154
              ],
              [
                -105.8477589406,
                40.2897925254
              ],
              [
                -105.8479216403,
                40.290015061
              ],
              [
                -105.848042547,
                40.2902851674
              ],
              [
                -105.8482198395,
                40.290403957
              ],
              [
                -105.8484027006,
                40.2905943283
              ],
              [
                -105.8485033763,
                40.2907434885
              ],
              [
                -105.8486083943,
                40.2908990828
              ],
              [
                -105.8486331057,
                40.2909356942
              ],
              [
                -105.8487803052,
                40.2911165193
              ],
              [
                -105.8489211666,
                40.2912234884
              ],
              [
                -105.849059619,
                40.2913261792
              ],
              [
                -105.8491454829,
                40.2913898656
              ],
              [
                -105.8493022179,
                40.2915524711
              ],
              [
                -105.849308196,
                40.2917035952
              ],
              [
                -105.8493087478,
                40.2918109854
              ],
              [
                -105.8492645378,
                40.2918212814
              ],
              [
                -105.8492568407,
                40.2918230746
              ],
              [
                -105.8491425391,
                40.2918273984
              ],
              [
                -105.8490440211,
                40.2918714453
              ],
              [
                -105.8490550289,
                40.2919907359
              ],
              [
                -105.8491650376,
                40.2921614383
              ],
              [
                -105.8492233618,
                40.2922265276
              ],
              [
                -105.8492538987,
                40.2922606075
              ],
              [
                -105.8493838782,
                40.2922721468
              ],
              [
                -105.8494874796,
                40.2922081942
              ],
              [
                -105.8498301768,
                40.2921514752
              ],
              [
                -105.8501109237,
                40.29217449
              ],
              [
                -105.8503762985,
                40.2922413051
              ],
              [
                -105.8506369769,
                40.2924035927
              ],
              [
                -105.8508092702,
                40.2925581919
              ],
              [
                -105.8508826838,
                40.2926852482
              ],
              [
                -105.850862596,
                40.2928205453
              ],
              [
                -105.8505801876,
                40.2930555104
              ],
              [
                -105.8503679668,
                40.2932192311
              ],
              [
                -105.850171305,
                40.2933789239
              ],
              [
                -105.8501212751,
                40.2934184171
              ],
              [
                -105.8499487504,
                40.293554605
              ],
              [
                -105.8499388893,
                40.2936580493
              ],
              [
                -105.8500328988,
                40.2937492481
              ],
              [
                -105.8503139166,
                40.2938239721
              ],
              [
                -105.8505018494,
                40.293986477
              ],
              [
                -105.8506216635,
                40.2940417992
              ],
              [
                -105.8507460969,
                40.2939857381
              ],
              [
                -105.8508179708,
                40.2938144905
              ],
              [
                -105.8509315359,
                40.2936669796
              ],
              [
                -105.8510300491,
                40.2936229298
              ],
              [
                -105.8511496365,
                40.2936344983
              ],
              [
                -105.8512384003,
                40.2937137787
              ],
              [
                -105.8513475943,
                40.2937253787
              ],
              [
                -105.8514565821,
                40.2936972049
              ],
              [
                -105.8515234405,
                40.2935617677
              ],
              [
                -105.8516754265,
                40.2934407345
              ],
              [
                -105.8516838807,
                40.2934340034
              ],
              [
                -105.8518860223,
                40.2933299728
              ],
              [
                -105.8521199352,
                40.2933411943
              ],
              [
                -105.8522607025,
                40.2934282715
              ],
              [
                -105.8523552578,
                40.2936228807
              ],
              [
                -105.8523926566,
                40.2937132077
              ],
              [
                -105.8524078889,
                40.293749998
              ],
              [
                -105.8522687105,
                40.2939691846
              ],
              [
                -105.8521705001,
                40.2940728953
              ],
              [
                -105.8521918438,
                40.2941802237
              ],
              [
                -105.8523740251,
                40.294235353
              ],
              [
                -105.8527325043,
                40.2942143751
              ],
              [
                -105.8529401482,
                40.2941699897
              ],
              [
                -105.8530433654,
                40.2940304653
              ],
              [
                -105.8531881915,
                40.2938987671
              ],
              [
                -105.8533804535,
                40.2938942039
              ],
              [
                -105.8536770305,
                40.2939609154
              ],
              [
                -105.8537711291,
                40.2940680175
              ],
              [
                -105.8537927464,
                40.2941508215
              ],
              [
                -105.8538188574,
                40.2942508368
              ],
              [
                -105.8536270697,
                40.2943468831
              ],
              [
                -105.8533995888,
                40.2945742921
              ],
              [
                -105.8533454634,
                40.294615885
              ],
              [
                -105.8531843044,
                40.2947397294
              ],
              [
                -105.8531275957,
                40.2948274028
              ],
              [
                -105.8531068528,
                40.2948810989
              ],
              [
                -105.853096828,
                40.2949070506
              ],
              [
                -105.8531073181,
                40.2949181081
              ],
              [
                -105.8531908837,
                40.2950061989
              ],
              [
                -105.8534611658,
                40.2950133277
              ],
              [
                -105.8537351443,
                40.2950622002
              ],
              [
                -105.8537680774,
                40.2950680752
              ],
              [
                -105.8538780823,
                40.2952347925
              ],
              [
                -105.8538008901,
                40.2953821973
              ],
              [
                -105.8534741054,
                40.2955025202
              ],
              [
                -105.8532567047,
                40.2956702367
              ],
              [
                -105.8531885819,
                40.2957631032
              ],
              [
                -105.8531689788,
                40.2957898262
              ],
              [
                -105.8531437407,
                40.2959330929
              ],
              [
                -105.8532070714,
                40.2961198408
              ],
              [
                -105.8533064757,
                40.2962468186
              ],
              [
                -105.8534423264,
                40.296385614
              ],
              [
                -105.8536143266,
                40.2964805483
              ],
              [
                -105.8538224556,
                40.2965276429
              ],
              [
                -105.8540979976,
                40.2965466881
              ],
              [
                -105.8544203404,
                40.2965695663
              ],
              [
                -105.8545660406,
                40.2966049172
              ],
              [
                -105.8547221628,
                40.2966442147
              ],
              [
                -105.8548736072,
                40.2967829638
              ],
              [
                -105.8550868473,
                40.2968141268
              ],
              [
                -105.8552425755,
                40.2967778527
              ],
              [
                -105.8554500803,
                40.2967056241
              ],
              [
                -105.8556469416,
                40.2965856943
              ],
              [
                -105.8558386305,
                40.2964697572
              ],
              [
                -105.8559454666,
                40.296423372
              ],
              [
                -105.8560700651,
                40.2963991252
              ],
              [
                -105.8563091078,
                40.2963944131
              ],
              [
                -105.8565794574,
                40.2964134665
              ],
              [
                -105.8568032859,
                40.2964803937
              ],
              [
                -105.8570011898,
                40.2965593356
              ],
              [
                -105.8572355615,
                40.2966540706
              ],
              [
                -105.857397103,
                40.2967371006
              ],
              [
                -105.8575634344,
                40.2967405633
              ],
              [
                -105.8576462057,
                40.2966687149
              ],
              [
                -105.8577603959,
                40.2966405178
              ],
              [
                -105.85803592,
                40.2966555785
              ],
              [
                -105.8582345804,
                40.2966822322
              ],
              [
                -105.8582387536,
                40.296682792
              ],
              [
                -105.8583228314,
                40.2968575411
              ],
              [
                -105.8583286549,
                40.2969768481
              ],
              [
                -105.858137671,
                40.297224041
              ],
              [
                -105.8580505519,
                40.2974589803
              ],
              [
                -105.85804641,
                40.297471379
              ],
              [
                -105.8579840402,
                40.29765806
              ],
              [
                -105.8579174605,
                40.2978472038
              ],
              [
                -105.8579595837,
                40.2979504874
              ],
              [
                -105.8580645498,
                40.2981450599
              ],
              [
                -105.8580748772,
                40.2981789143
              ],
              [
                -105.8581227308,
                40.2983357981
              ],
              [
                -105.8581287214,
                40.2984869247
              ],
              [
                -105.8579268484,
                40.2986426706
              ],
              [
                -105.857812513,
                40.2986430229
              ],
              [
                -105.8576104075,
                40.2987550168
              ],
              [
                -105.8575332052,
                40.2988984442
              ],
              [
                -105.8573416397,
                40.2990382444
              ],
              [
                -105.8571442306,
                40.299054765
              ],
              [
                -105.8570297636,
                40.2990312547
              ],
              [
                -105.8569158251,
                40.2991071747
              ],
              [
                -105.8567970849,
                40.2992586858
              ],
              [
                -105.8567034141,
                40.2992958111
              ],
              [
                -105.8566705777,
                40.2993088258
              ],
              [
                -105.8566208333,
                40.2993285419
              ],
              [
                -105.8565972076,
                40.2993594225
              ],
              [
                -105.85655373,
                40.2994162529
              ],
              [
                -105.856621961,
                40.2995433204
              ],
              [
                -105.8567681789,
                40.2996741275
              ],
              [
                -105.8570180648,
                40.2997529057
              ],
              [
                -105.857158538,
                40.2997803173
              ],
              [
                -105.8573559695,
                40.2997677717
              ],
              [
                -105.857454068,
                40.2996441681
              ],
              [
                -105.8575881958,
                40.2994528357
              ],
              [
                -105.8576203147,
                40.2993742131
              ],
              [
                -105.8576548993,
                40.2992895532
              ],
              [
                -105.8577634948,
                40.2991858055
              ],
              [
                -105.857825742,
                40.299194268
              ],
              [
                -105.8579923413,
                40.2992169179
              ],
              [
                -105.8581591315,
                40.2993078837
              ],
              [
                -105.8582796144,
                40.2994864961
              ],
              [
                -105.8582911209,
                40.2996972655
              ],
              [
                -105.8582917291,
                40.2998126123
              ],
              [
                -105.8583646821,
                40.2998481829
              ],
              [
                -105.8585984156,
                40.2998196188
              ],
              [
                -105.8587494105,
                40.2998708568
              ],
              [
                -105.8587516428,
                40.2998929756
              ],
              [
                -105.8587658606,
                40.3000338832
              ],
              [
                -105.8587353907,
                40.300169211
              ],
              [
                -105.8586007675,
                40.3002650883
              ],
              [
                -105.8585182611,
                40.300326384
              ],
              [
                -105.8584609866,
                40.3003689339
              ],
              [
                -105.8584564784,
                40.3005002056
              ],
              [
                -105.858566252,
                40.30061919
              ],
              [
                -105.8586028688,
                40.3006628285
              ],
              [
                -105.858655321,
                40.3007541479
              ],
              [
                -105.8587442704,
                40.300865241
              ],
              [
                -105.8588845347,
                40.300852875
              ],
              [
                -105.8590971807,
                40.3007686871
              ],
              [
                -105.8591387314,
                40.3007044428
              ],
              [
                -105.8591951297,
                40.3006172411
              ],
              [
                -105.8592154009,
                40.3004317948
              ],
              [
                -105.8592199204,
                40.300390447
              ],
              [
                -105.8592356709,
                40.3003565326
              ],
              [
                -105.8592661685,
                40.3002908664
              ],
              [
                -105.8593747999,
                40.300268499
              ],
              [
                -105.8594426851,
                40.3002545218
              ],
              [
                -105.8597441935,
                40.3002655184
              ],
              [
                -105.8597715322,
                40.3002746465
              ],
              [
                -105.8599212171,
                40.3003246288
              ],
              [
                -105.8599334339,
                40.3003644011
              ],
              [
                -105.8599688203,
                40.3004796026
              ],
              [
                -105.8599657529,
                40.3004996506
              ],
              [
                -105.8599487252,
                40.3006109225
              ],
              [
                -105.8598615004,
                40.3007154395
              ],
              [
                -105.8596799781,
                40.3007876001
              ],
              [
                -105.8595400923,
                40.3008715586
              ],
              [
                -105.8595149852,
                40.3010386908
              ],
              [
                -105.859474227,
                40.3011939387
              ],
              [
                -105.8593199194,
                40.3013166011
              ],
              [
                -105.8593034357,
                40.3013297052
              ],
              [
                -105.8592463374,
                40.3013298819
              ],
              [
                -105.859137113,
                40.3013302207
              ],
              [
                -105.8590080051,
                40.301315232
              ],
              [
                -105.8587366619,
                40.3012837299
              ],
              [
                -105.8585497257,
                40.3013161291
              ],
              [
                -105.8584320991,
                40.3013923661
              ],
              [
                -105.8584293652,
                40.3013941382
              ],
              [
                -105.8584202317,
                40.3014000587
              ],
              [
                -105.858311861,
                40.3015264052
              ],
              [
                -105.8582918475,
                40.3016736309
              ],
              [
                -105.8583650544,
                40.3017569336
              ],
              [
                -105.8584487131,
                40.3018521319
              ],
              [
                -105.8586674511,
                40.301934983
              ],
              [
                -105.858901543,
                40.3019740301
              ],
              [
                -105.859197697,
                40.3019532247
              ],
              [
                -105.8592684682,
                40.3019354157
              ],
              [
                -105.859389744,
                40.3019048993
              ],
              [
                -105.8595714239,
                40.301860584
              ],
              [
                -105.8596539536,
                40.3017410032
              ],
              [
                -105.8596575202,
                40.3015823958
              ],
              [
                -105.8596581579,
                40.3015540517
              ],
              [
                -105.859678315,
                40.3014346641
              ],
              [
                -105.8597819069,
                40.3013667254
              ],
              [
                -105.8600004962,
                40.3013489694
              ],
              [
                -105.8600364708,
                40.3013460467
              ],
              [
                -105.8601874923,
                40.3014012615
              ],
              [
                -105.8602937236,
                40.3015566969
              ],
              [
                -105.8603393988,
                40.3016235265
              ],
              [
                -105.8604083777,
                40.3018898023
              ],
              [
                -105.8604116379,
                40.3019463954
              ],
              [
                -105.8604255595,
                40.3021880587
              ],
              [
                -105.8604319564,
                40.302414754
              ],
              [
                -105.8602826436,
                40.3026817116
              ],
              [
                -105.8601118828,
                40.3028254283
              ],
              [
                -105.8598884371,
                40.3028340783
              ],
              [
                -105.8597164333,
                40.3027431326
              ],
              [
                -105.859601854,
                40.3026997363
              ],
              [
                -105.8594980981,
                40.302735854
              ],
              [
                -105.8594504319,
                40.3028095555
              ],
              [
                -105.8594310788,
                40.3028394792
              ],
              [
                -105.8594733063,
                40.3029626486
              ],
              [
                -105.8596143766,
                40.3031014206
              ],
              [
                -105.8596566955,
                40.3032405028
              ],
              [
                -105.859655052,
                40.3033006255
              ],
              [
                -105.8596523443,
                40.3033996134
              ],
              [
                -105.859575736,
                40.303541401
              ],
              [
                -105.8594937096,
                40.3037564378
              ],
              [
                -105.8593955673,
                40.3038720888
              ],
              [
                -105.8592293733,
                40.3038964698
              ],
              [
                -105.8589795952,
                40.3038415601
              ],
              [
                -105.8588279604,
                40.3036709967
              ],
              [
                -105.858795975,
                40.3035199542
              ],
              [
                -105.8586292361,
                40.3034409185
              ],
              [
                -105.8585473446,
                40.3034443079
              ],
              [
                -105.8585253022,
                40.3034452201
              ],
              [
                -105.8584525345,
                40.3034454449
              ],
              [
                -105.8584466021,
                40.3034619174
              ],
              [
                -105.8584166795,
                40.3035449929
              ],
              [
                -105.8583028954,
                40.3036527345
              ],
              [
                -105.8581131875,
                40.3037479363
              ],
              [
                -105.85809554,
                40.3037567923
              ],
              [
                -105.8579565046,
                40.3037705271
              ],
              [
                -105.857929304,
                40.3037732144
              ],
              [
                -105.857914368,
                40.303792438
              ],
              [
                -105.8578878765,
                40.3038265336
              ],
              [
                -105.857882835,
                40.3038330221
              ],
              [
                -105.8578883299,
                40.303888689
              ],
              [
                -105.8579770867,
                40.3039639843
              ],
              [
                -105.8580198972,
                40.3039812861
              ],
              [
                -105.8581333537,
                40.3040271411
              ],
              [
                -105.8583049111,
                40.3040345666
              ],
              [
                -105.8585075776,
                40.3040259834
              ],
              [
                -105.8585518117,
                40.3040180277
              ],
              [
                -105.858642593,
                40.3040017009
              ],
              [
                -105.8587827746,
                40.3039734265
              ],
              [
                -105.8589858604,
                40.3040443907
              ],
              [
                -105.8590848464,
                40.3040878359
              ],
              [
                -105.8591216141,
                40.3042075319
              ],
              [
                -105.8591324501,
                40.3042428095
              ],
              [
                -105.8591001177,
                40.3043486235
              ],
              [
                -105.8590813562,
                40.3044100203
              ],
              [
                -105.8589836123,
                40.3046012415
              ],
              [
                -105.8589168143,
                40.304748617
              ],
              [
                -105.8587196633,
                40.3048168444
              ],
              [
                -105.8585221964,
                40.3048254082
              ],
              [
                -105.858225889,
                40.3048183733
              ],
              [
                -105.8581637881,
                40.3048702691
              ],
              [
                -105.8579615598,
                40.3049623801
              ],
              [
                -105.8578491502,
                40.3049820988
              ],
              [
                -105.8577538436,
                40.3049988178
              ],
              [
                -105.8576604922,
                40.3050388791
              ],
              [
                -105.8576296358,
                40.3050730032
              ],
              [
                -105.8576146877,
                40.3051963513
              ],
              [
                -105.857765924,
                40.3052913442
              ],
              [
                -105.8579427903,
                40.3053186389
              ],
              [
                -105.8581562354,
                40.3053816184
              ],
              [
                -105.8583478485,
                40.3053934991
              ],
              [
                -105.858400614,
                40.3053967712
              ],
              [
                -105.8585455072,
                40.3054879674
              ],
              [
                -105.8586144283,
                40.3055313471
              ],
              [
                -105.8587239589,
                40.3056025995
              ],
              [
                -105.8587203389,
                40.3056564063
              ],
              [
                -105.8587143202,
                40.3057458191
              ],
              [
                -105.8586939269,
                40.305784683
              ],
              [
                -105.8586474232,
                40.3058733029
              ],
              [
                -105.8585753108,
                40.3059968317
              ],
              [
                -105.858388217,
                40.3060873847
              ],
              [
                -105.8582279378,
                40.3061649597
              ],
              [
                -105.8579532141,
                40.3063089976
              ],
              [
                -105.8578083286,
                40.3064327451
              ],
              [
                -105.8577310686,
                40.3065682176
              ],
              [
                -105.8577835296,
                40.3066595354
              ],
              [
                -105.857794514,
                40.3067708708
              ],
              [
                -105.8578883711,
                40.3068262664
              ],
              [
                -105.8579518931,
                40.3068566927
              ],
              [
                -105.8580863888,
                40.3069211142
              ],
              [
                -105.8583336694,
                40.3073612552
              ],
              [
                -105.8584484028,
                40.3074324929
              ],
              [
                -105.8584854777,
                40.3075636357
              ],
              [
                -105.8585593635,
                40.3077742126
              ],
              [
                -105.8585916862,
                40.3079888931
              ],
              [
                -105.8586601404,
                40.308155735
              ],
              [
                -105.8587494075,
                40.3083264917
              ],
              [
                -105.8588546436,
                40.3085687906
              ],
              [
                -105.8589650279,
                40.3087991415
              ],
              [
                -105.8590547379,
                40.3090534222
              ],
              [
                -105.8591913982,
                40.3093393727
              ],
              [
                -105.8592571501,
                40.3094799943
              ],
              [
                -105.8592695807,
                40.309506581
              ],
              [
                -105.8593024035,
                40.3095767784
              ],
              [
                -105.8593074115,
                40.3096897882
              ],
              [
                -105.8593109081,
                40.3097686765
              ],
              [
                -105.8593142117,
                40.3098432309
              ],
              [
                -105.8592268337,
                40.3100304429
              ],
              [
                -105.859194219,
                40.3100420845
              ],
              [
                -105.8590919336,
                40.310078594
              ],
              [
                -105.8588476701,
                40.3100873028
              ],
              [
                -105.8585722122,
                40.3100961123
              ],
              [
                -105.8583586756,
                40.3100172247
              ],
              [
                -105.8581917873,
                40.3099143272
              ],
              [
                -105.858123584,
                40.3097952144
              ],
              [
                -105.8581020584,
                40.3096560672
              ],
              [
                -105.8581895833,
                40.3094967
              ],
              [
                -105.8582669931,
                40.3093890672
              ],
              [
                -105.85826602,
                40.309386985
              ],
              [
                -105.8582354469,
                40.3093215491
              ],
              [
                -105.8580795027,
                40.3093220317
              ],
              [
                -105.857856224,
                40.3093664729
              ],
              [
                -105.8577578595,
                40.30944235
              ],
              [
                -105.8576909724,
                40.3095738126
              ],
              [
                -105.8576863227,
                40.3096772407
              ],
              [
                -105.8576931526,
                40.3099874613
              ],
              [
                -105.8577611087,
                40.3100588435
              ],
              [
                -105.857824047,
                40.3101660422
              ],
              [
                -105.8577779381,
                40.3102934656
              ],
              [
                -105.8577109719,
                40.3104090171
              ],
              [
                -105.8577323943,
                40.3105282759
              ],
              [
                -105.8579206354,
                40.3107384994
              ],
              [
                -105.8581239923,
                40.3108571956
              ],
              [
                -105.8584052594,
                40.3109637154
              ],
              [
                -105.8585125435,
                40.3109666668
              ],
              [
                -105.8586652076,
                40.3109708662
              ],
              [
                -105.858951102,
                40.3109699799
              ],
              [
                -105.8592110087,
                40.3109691751
              ],
              [
                -105.8593824221,
                40.3109447788
              ],
              [
                -105.8595544883,
                40.3110436816
              ],
              [
                -105.8595904216,
                40.3111231521
              ],
              [
                -105.859611074,
                40.3111688283
              ],
              [
                -105.8596281213,
                40.3112065292
              ],
              [
                -105.8596287529,
                40.3113258482
              ],
              [
                -105.859520266,
                40.3114534672
              ],
              [
                -105.8594306998,
                40.31149087
              ],
              [
                -105.8593283537,
                40.3115336099
              ],
              [
                -105.8588919825,
                40.3115866711
              ],
              [
                -105.8586685494,
                40.3116032719
              ],
              [
                -105.8584864851,
                40.3115799709
              ],
              [
                -105.8584026405,
                40.3114529529
              ],
              [
                -105.8582153196,
                40.311417733
              ],
              [
                -105.8580803732,
                40.311457926
              ],
              [
                -105.8580602298,
                40.3115812892
              ],
              [
                -105.8580455614,
                40.3117563437
              ],
              [
                -105.85814952,
                40.3119457499
              ],
              [
                -105.8582333665,
                40.3120727716
              ],
              [
                -105.8583115265,
                40.3121083262
              ],
              [
                -105.8584881164,
                40.3120799352
              ],
              [
                -105.8585123896,
                40.3120863514
              ],
              [
                -105.8586963389,
                40.3121349747
              ],
              [
                -105.858800748,
                40.3122181794
              ],
              [
                -105.8587992392,
                40.3122396912
              ],
              [
                -105.8587862429,
                40.3124250542
              ],
              [
                -105.858770923,
                40.3124768059
              ],
              [
                -105.8585319934,
                40.3125133461
              ],
              [
                -105.8584179865,
                40.3125813149
              ],
              [
                -105.8583041515,
                40.3126811039
              ],
              [
                -105.8582629237,
                40.3127488485
              ],
              [
                -105.8582786859,
                40.3128721629
              ],
              [
                -105.8582791858,
                40.3128760753
              ],
              [
                -105.8582852629,
                40.3128848827
              ],
              [
                -105.8583996699,
                40.3130507114
              ],
              [
                -105.8585039967,
                40.3131180056
              ],
              [
                -105.8586289054,
                40.3131454617
              ],
              [
                -105.8587378202,
                40.3131033713
              ],
              [
                -105.8587741609,
                40.3130893272
              ],
              [
                -105.8587839484,
                40.3129739489
              ],
              [
                -105.8588351325,
                40.3128226491
              ],
              [
                -105.8588551074,
                40.3126674659
              ],
              [
                -105.8589220941,
                40.3125558869
              ],
              [
                -105.8591609188,
                40.312499462
              ],
              [
                -105.8593792007,
                40.3124908322
              ],
              [
                -105.8597849568,
                40.3125452572
              ],
              [
                -105.860097655,
                40.3126954269
              ],
              [
                -105.8602426549,
                40.312790286
              ],
              [
                -105.8602489336,
                40.3127943938
              ],
              [
                -105.860364461,
                40.3130127954
              ],
              [
                -105.8603701614,
                40.3131082373
              ],
              [
                -105.8603032191,
                40.3132277698
              ],
              [
                -105.8602050637,
                40.3133434204
              ],
              [
                -105.8601897817,
                40.3134031281
              ],
              [
                -105.8602368456,
                40.3134546901
              ],
              [
                -105.8603668886,
                40.313470195
              ],
              [
                -105.8605641688,
                40.3134218521
              ],
              [
                -105.8605952863,
                40.3134208394
              ],
              [
                -105.860699301,
                40.3134174552
              ],
              [
                -105.8608556129,
                40.3134845849
              ],
              [
                -105.8609495597,
                40.3135558852
              ],
              [
                -105.860950073,
                40.3136522361
              ],
              [
                -105.8609501314,
                40.3136632757
              ],
              [
                -105.8609455487,
                40.3137786345
              ],
              [
                -105.8609047667,
                40.3139041392
              ],
              [
                -105.8607753566,
                40.314007955
              ],
              [
                -105.8606507048,
                40.314028231
              ],
              [
                -105.8604583835,
                40.3140328085
              ],
              [
                -105.8602764129,
                40.3140068745
              ],
              [
                -105.8602398853,
                40.3140016696
              ],
              [
                -105.8600836978,
                40.3139584019
              ],
              [
                -105.8600417155,
                40.3138829615
              ],
              [
                -105.8600098086,
                40.3137478273
              ],
              [
                -105.8600079227,
                40.3137346369
              ],
              [
                -105.8599990097,
                40.3136722873
              ],
              [
                -105.8599418096,
                40.3136684903
              ],
              [
                -105.8598690521,
                40.313672691
              ],
              [
                -105.8597602455,
                40.3137406468
              ],
              [
                -105.8596154034,
                40.3138763288
              ],
              [
                -105.8595223221,
                40.3139681012
              ],
              [
                -105.8593050042,
                40.3141596935
              ],
              [
                -105.8592325674,
                40.3141937362
              ],
              [
                -105.8591857288,
                40.3142157479
              ],
              [
                -105.8588888979,
                40.3141172312
              ],
              [
                -105.8588207322,
                40.3140060738
              ],
              [
                -105.8586999292,
                40.3137717789
              ],
              [
                -105.8586525761,
                40.3137430327
              ],
              [
                -105.8584652454,
                40.3136293162
              ],
              [
                -105.8583506966,
                40.3135938708
              ],
              [
                -105.8583054438,
                40.3136521115
              ],
              [
                -105.8582887343,
                40.3136736144
              ],
              [
                -105.8582630818,
                40.3137373305
              ],
              [
                -105.8582762483,
                40.313769773
              ],
              [
                -105.8583420839,
                40.3139319829
              ],
              [
                -105.8584543617,
                40.3141665256
              ],
              [
                -105.8585168383,
                40.3142970354
              ],
              [
                -105.8585208003,
                40.3143053121
              ],
              [
                -105.8585941055,
                40.3144045223
              ],
              [
                -105.858636387,
                40.3145356468
              ],
              [
                -105.8586679568,
                40.3146071428
              ],
              [
                -105.8587512522,
                40.3146307485
              ],
              [
                -105.8589274975,
                40.3145645771
              ],
              [
                -105.8589328403,
                40.3145625702
              ],
              [
                -105.8591301893,
                40.3145261616
              ],
              [
                -105.8592965438,
                40.314525646
              ],
              [
                -105.8593545891,
                40.3145331474
              ],
              [
                -105.8595670509,
                40.3145606037
              ],
              [
                -105.8597581177,
                40.3145970331
              ],
              [
                -105.8598038657,
                40.3145965523
              ],
              [
                -105.8619634799,
                40.3145732204
              ],
              [
                -105.8667293902,
                40.3145880523
              ],
              [
                -105.8702519413,
                40.3145990477
              ],
              [
                -105.8714953085,
                40.3146029034
              ],
              [
                -105.8714054498,
                40.3182273637
              ],
              [
                -105.8713155746,
                40.3218518817
              ],
              [
                -105.8712251651,
                40.3254979646
              ],
              [
                -105.8711347241,
                40.3291440239
              ],
              [
                -105.8711310752,
                40.3293705513
              ],
              [
                -105.8711223857,
                40.3299095191
              ],
              [
                -105.8711081304,
                40.3307934897
              ],
              [
                -105.8710762797,
                40.33276752
              ],
              [
                -105.8710467568,
                40.3346008456
              ],
              [
                -105.8710179297,
                40.3363909119
              ],
              [
                -105.8709594672,
                40.3400169182
              ],
              [
                -105.8708842475,
                40.3446818475
              ],
              [
                -105.8708837331,
                40.3447137729
              ],
              [
                -105.8701664761,
                40.344712923
              ],
              [
                -105.8686855292,
                40.3447111305
              ],
              [
                -105.8683844335,
                40.3447107646
              ],
              [
                -105.8683844337,
                40.3447108005
              ],
              [
                -105.8683933771,
                40.3483325666
              ],
              [
                -105.8684023545,
                40.3519543559
              ],
              [
                -105.8684027931,
                40.352723986
              ],
              [
                -105.868408275,
                40.3551664299
              ],
              [
                -105.8684082844,
                40.3551708296
              ],
              [
                -105.868409193,
                40.3555760748
              ],
              [
                -105.8684091957,
                40.3555761195
              ],
              [
                -105.8684173482,
                40.3591978708
              ],
              [
                -105.8684175087,
                40.3607016605
              ],
              [
                -105.8684175568,
                40.3611835891
              ],
              [
                -105.8684177171,
                40.3628198206
              ],
              [
                -105.8684181124,
                40.3664417538
              ],
              [
                -105.8684182586,
                40.3669216696
              ],
              [
                -105.8684204775,
                40.3684884505
              ],
              [
                -105.8684212293,
                40.3690150702
              ],
              [
                -105.8684227244,
                40.370062039
              ],
              [
                -105.8684241279,
                40.3710373082
              ],
              [
                -105.8684880051,
                40.3712837133
              ],
              [
                -105.8685972152,
                40.3717422285
              ],
              [
                -105.8686271716,
                40.3718680007
              ],
              [
                -105.8689334304,
                40.371801638
              ],
              [
                -105.8690569401,
                40.3716554752
              ],
              [
                -105.8692106266,
                40.3711104747
              ],
              [
                -105.8692223941,
                40.3710687454
              ],
              [
                -105.8693171043,
                40.3707328822
              ],
              [
                -105.8695119171,
                40.3700420166
              ],
              [
                -105.8695206682,
                40.3700251608
              ],
              [
                -105.8696985018,
                40.3696825656
              ],
              [
                -105.8697570498,
                40.3696355088
              ],
              [
                -105.8698955027,
                40.3695242351
              ],
              [
                -105.8699700984,
                40.3695021965
              ],
              [
                -105.8698908998,
                40.3696065429
              ],
              [
                -105.8698290954,
                40.3697594341
              ],
              [
                -105.8698119925,
                40.37004506
              ],
              [
                -105.8697949228,
                40.3703300829
              ],
              [
                -105.8698208628,
                40.3703521535
              ],
              [
                -105.8700868811,
                40.3705784826
              ],
              [
                -105.8703055514,
                40.3705652936
              ],
              [
                -105.8705371157,
                40.3703821896
              ],
              [
                -105.8706042499,
                40.3701619895
              ],
              [
                -105.8706370713,
                40.3700543326
              ],
              [
                -105.8706630368,
                40.3699691692
              ],
              [
                -105.8707805683,
                40.369893406
              ],
              [
                -105.8708925368,
                40.3698617087
              ],
              [
                -105.8710072241,
                40.369829241
              ],
              [
                -105.871174383,
                40.3698509544
              ],
              [
                -105.871339293,
                40.3698260121
              ],
              [
                -105.8714805352,
                40.3697718612
              ],
              [
                -105.871654312,
                40.3696354459
              ],
              [
                -105.8718274064,
                40.3694995648
              ],
              [
                -105.8719591633,
                40.3693961332
              ],
              [
                -105.872128331,
                40.3691925017
              ],
              [
                -105.8723774836,
                40.3690702046
              ],
              [
                -105.8727117787,
                40.3690836552
              ],
              [
                -105.8730547482,
                40.368921481
              ],
              [
                -105.8733481721,
                40.3686396162
              ],
              [
                -105.8734654571,
                40.3683445222
              ],
              [
                -105.8736271639,
                40.3681319836
              ],
              [
                -105.8739123847,
                40.3678510284
              ],
              [
                -105.8741676725,
                40.3675981855
              ],
              [
                -105.8744761424,
                40.3672926685
              ],
              [
                -105.8745104806,
                40.3671554308
              ],
              [
                -105.8745358141,
                40.3670541849
              ],
              [
                -105.87464735,
                40.3669950542
              ],
              [
                -105.8746480828,
                40.366995266
              ],
              [
                -105.8745903838,
                40.3681527638
              ],
              [
                -105.8745898495,
                40.3681634582
              ],
              [
                -105.8745904764,
                40.368171212
              ],
              [
                -105.8746685224,
                40.3691383287
              ],
              [
                -105.8747754217,
                40.3692593543
              ],
              [
                -105.8747958811,
                40.3692825166
              ],
              [
                -105.8748165489,
                40.3692761895
              ],
              [
                -105.874953492,
                40.3692342588
              ],
              [
                -105.8750423819,
                40.3692070409
              ],
              [
                -105.8751389771,
                40.3690400267
              ],
              [
                -105.8752434041,
                40.3688594682
              ],
              [
                -105.875312087,
                40.3688055417
              ],
              [
                -105.8756097316,
                40.3685718459
              ],
              [
                -105.8760491427,
                40.3685434164
              ],
              [
                -105.8763443545,
                40.3684715261
              ],
              [
                -105.8767925663,
                40.3684743877
              ],
              [
                -105.8771581731,
                40.3685595446
              ],
              [
                -105.877681959,
                40.3687243927
              ],
              [
                -105.877517825,
                40.3687430775
              ],
              [
                -105.8771430772,
                40.3687861093
              ],
              [
                -105.8769675474,
                40.3688840327
              ],
              [
                -105.8769273144,
                40.3689064776
              ],
              [
                -105.8769285444,
                40.3689177921
              ],
              [
                -105.8769553483,
                40.3691643679
              ],
              [
                -105.876888125,
                40.3697576299
              ],
              [
                -105.8768191129,
                40.3710386306
              ],
              [
                -105.8768716259,
                40.3711234853
              ],
              [
                -105.8768970774,
                40.3711646129
              ],
              [
                -105.877100733,
                40.3711204681
              ],
              [
                -105.8772003543,
                40.3710010646
              ],
              [
                -105.8773233724,
                40.3708536177
              ],
              [
                -105.877552846,
                40.3706696124
              ],
              [
                -105.8776948602,
                40.370612056
              ],
              [
                -105.877771282,
                40.3706352942
              ],
              [
                -105.8777758714,
                40.3706406354
              ],
              [
                -105.8775320325,
                40.3709868451
              ],
              [
                -105.8773071946,
                40.3715603812
              ],
              [
                -105.8774385815,
                40.3733445548
              ],
              [
                -105.877446031,
                40.3734457072
              ],
              [
                -105.8776130588,
                40.373583457
              ],
              [
                -105.8778131615,
                40.3734535125
              ],
              [
                -105.8782520568,
                40.3727510439
              ],
              [
                -105.8783067467,
                40.3726785115
              ],
              [
                -105.8786444988,
                40.3722305714
              ],
              [
                -105.8786510365,
                40.3722266564
              ],
              [
                -105.8790379865,
                40.371994917
              ],
              [
                -105.8791237334,
                40.3719435646
              ],
              [
                -105.8792843005,
                40.3718875136
              ],
              [
                -105.8794729594,
                40.3718708729
              ],
              [
                -105.879526736,
                40.3719226846
              ],
              [
                -105.879580026,
                40.3720108182
              ],
              [
                -105.8792031908,
                40.3728494466
              ],
              [
                -105.8791117325,
                40.3733177481
              ],
              [
                -105.8791350332,
                40.3733535629
              ],
              [
                -105.8792273959,
                40.3734955249
              ],
              [
                -105.8795365817,
                40.3735391178
              ],
              [
                -105.8798666026,
                40.3734841862
              ],
              [
                -105.8808459907,
                40.3730273374
              ],
              [
                -105.8812303969,
                40.3732395052
              ],
              [
                -105.8823632835,
                40.3726730933
              ],
              [
                -105.8826208325,
                40.372527898
              ],
              [
                -105.882777088,
                40.3724838743
              ],
              [
                -105.8829052479,
                40.3724646005
              ],
              [
                -105.8848085299,
                40.3725999456
              ],
              [
                -105.8848220767,
                40.3726025116
              ],
              [
                -105.8849722549,
                40.3726558058
              ],
              [
                -105.8850095231,
                40.3726764142
              ],
              [
                -105.8851969988,
                40.372755124
              ],
              [
                -105.8854472407,
                40.372762801
              ],
              [
                -105.8858752346,
                40.3727448615
              ],
              [
                -105.8860428253,
                40.3727508579
              ],
              [
                -105.8865532754,
                40.3728091576
              ],
              [
                -105.8867209917,
                40.3728184022
              ],
              [
                -105.8870336932,
                40.3728173581
              ],
              [
                -105.887164337,
                40.3728301428
              ],
              [
                -105.8873301281,
                40.372852864
              ],
              [
                -105.8874352667,
                40.3728714669
              ],
              [
                -105.8876674417,
                40.3729593272
              ],
              [
                -105.8878270281,
                40.3729823884
              ],
              [
                -105.8879491718,
                40.3729743356
              ],
              [
                -105.8881169932,
                40.37287907
              ],
              [
                -105.8881770034,
                40.3727607391
              ],
              [
                -105.8882443214,
                40.3726425967
              ],
              [
                -105.8882651184,
                40.3726098332
              ],
              [
                -105.8883486239,
                40.37253234
              ],
              [
                -105.8884279123,
                40.3724587597
              ],
              [
                -105.8885277747,
                40.3723550595
              ],
              [
                -105.8886132504,
                40.3722553513
              ],
              [
                -105.8887202812,
                40.3721567338
              ],
              [
                -105.8887439015,
                40.3721393727
              ],
              [
                -105.8888919851,
                40.3720636609
              ],
              [
                -105.8890735161,
                40.3719959362
              ],
              [
                -105.8892676744,
                40.3719235008
              ],
              [
                -105.8898185354,
                40.3716004787
              ],
              [
                -105.8900243226,
                40.371448808
              ],
              [
                -105.8908103335,
                40.3712383603
              ],
              [
                -105.8911616852,
                40.3712605079
              ],
              [
                -105.8915687561,
                40.3713044281
              ],
              [
                -105.8923688886,
                40.3712097624
              ],
              [
                -105.892605668,
                40.37106265
              ],
              [
                -105.89284167,
                40.3707629139
              ],
              [
                -105.8929999442,
                40.3707069267
              ],
              [
                -105.8932255841,
                40.3707130253
              ],
              [
                -105.8942075092,
                40.3709981949
              ],
              [
                -105.8944381279,
                40.371045175
              ],
              [
                -105.8947508947,
                40.3712274816
              ],
              [
                -105.8950745855,
                40.3713619845
              ],
              [
                -105.8961319641,
                40.3717198996
              ],
              [
                -105.8967105943,
                40.371971565
              ],
              [
                -105.8971754885,
                40.3722167538
              ],
              [
                -105.8975625093,
                40.3723633316
              ],
              [
                -105.8976895575,
                40.3724430251
              ],
              [
                -105.8977798058,
                40.3725325605
              ],
              [
                -105.8979975016,
                40.3726819672
              ],
              [
                -105.8982452971,
                40.3727501485
              ],
              [
                -105.8983967369,
                40.3728054242
              ],
              [
                -105.8985748741,
                40.3728880595
              ],
              [
                -105.8989326071,
                40.3729436522
              ],
              [
                -105.8992266995,
                40.3729555409
              ],
              [
                -105.8995655374,
                40.372904689
              ],
              [
                -105.8997030276,
                40.3728789602
              ],
              [
                -105.9010977061,
                40.3727049824
              ],
              [
                -105.9012488035,
                40.3726861329
              ],
              [
                -105.9015413422,
                40.3727449635
              ],
              [
                -105.9019594959,
                40.3730318371
              ],
              [
                -105.9019888226,
                40.3730519565
              ],
              [
                -105.9020244649,
                40.3730642808
              ],
              [
                -105.9020998362,
                40.3730903432
              ],
              [
                -105.9022316951,
                40.373165779
              ],
              [
                -105.9022349261,
                40.3731686476
              ],
              [
                -105.9024393076,
                40.3733501541
              ],
              [
                -105.902783594,
                40.3734433883
              ],
              [
                -105.9034668368,
                40.3735173261
              ],
              [
                -105.9038770729,
                40.3734140561
              ],
              [
                -105.9042551931,
                40.3732513952
              ],
              [
                -105.9044129759,
                40.3732179556
              ],
              [
                -105.9046918264,
                40.3732119231
              ],
              [
                -105.9049299655,
                40.3731817198
              ],
              [
                -105.9051664143,
                40.3731328544
              ],
              [
                -105.9052179746,
                40.3731109869
              ],
              [
                -105.9053669306,
                40.3731088658
              ],
              [
                -105.9054706914,
                40.3731490845
              ],
              [
                -105.9057603802,
                40.3731807379
              ],
              [
                -105.9061028611,
                40.3731334214
              ],
              [
                -105.9063730977,
                40.3731603567
              ],
              [
                -105.9065407893,
                40.3731735946
              ],
              [
                -105.9069940154,
                40.3732000221
              ],
              [
                -105.9073568571,
                40.3732322372
              ],
              [
                -105.9077701529,
                40.3731734127
              ],
              [
                -105.9081399746,
                40.3730949745
              ],
              [
                -105.908406067,
                40.3729331787
              ],
              [
                -105.9085192059,
                40.3728130254
              ],
              [
                -105.9086329916,
                40.3726921847
              ],
              [
                -105.9087812888,
                40.3726496636
              ],
              [
                -105.9088137909,
                40.3726507338
              ],
              [
                -105.909022167,
                40.372657597
              ],
              [
                -105.9094180917,
                40.3727720417
              ],
              [
                -105.9100412998,
                40.3727824665
              ],
              [
                -105.9102959907,
                40.3728131337
              ],
              [
                -105.9103855522,
                40.3727879054
              ],
              [
                -105.9105290767,
                40.3727234356
              ],
              [
                -105.9107073941,
                40.3726085426
              ],
              [
                -105.9110216752,
                40.3724871967
              ],
              [
                -105.9119025851,
                40.3724133837
              ],
              [
                -105.9119817507,
                40.3724152377
              ],
              [
                -105.9120695043,
                40.3724172929
              ],
              [
                -105.9123744455,
                40.3724574122
              ],
              [
                -105.9127117665,
                40.372487217
              ],
              [
                -105.9128689256,
                40.3725263712
              ],
              [
                -105.9135922637,
                40.3728393038
              ],
              [
                -105.9137139135,
                40.3729261695
              ],
              [
                -105.9133118396,
                40.3732691431
              ],
              [
                -105.9133048216,
                40.3732764233
              ],
              [
                -105.9129809425,
                40.3736123883
              ],
              [
                -105.9126606829,
                40.3739953521
              ],
              [
                -105.9121497782,
                40.3745459082
              ],
              [
                -105.9121227925,
                40.3745749879
              ],
              [
                -105.9119280534,
                40.3747927426
              ],
              [
                -105.9117487716,
                40.3750103716
              ],
              [
                -105.9115248229,
                40.3752733986
              ],
              [
                -105.9113903877,
                40.3754591441
              ],
              [
                -105.9112558145,
                40.3757439894
              ],
              [
                -105.9111213175,
                40.3759252293
              ],
              [
                -105.9108525754,
                40.3762246443
              ],
              [
                -105.9106432894,
                40.3764289951
              ],
              [
                -105.9104791557,
                40.3766239828
              ],
              [
                -105.9102848396,
                40.3768192069
              ],
              [
                -105.9101712558,
                40.3769009199
              ],
              [
                -105.9100759282,
                40.3769694994
              ],
              [
                -105.9098816796,
                40.377115173
              ],
              [
                -105.9098554993,
                40.3771365758
              ],
              [
                -105.9096424505,
                40.3773107489
              ],
              [
                -105.9094115841,
                40.3774563187
              ],
              [
                -105.9094037222,
                40.3774612757
              ],
              [
                -105.9091197209,
                40.3775851302
              ],
              [
                -105.9089103856,
                40.3776768666
              ],
              [
                -105.9086265764,
                40.377760178
              ],
              [
                -105.9083430718,
                40.3778389823
              ],
              [
                -105.9079395051,
                40.3779412502
              ],
              [
                -105.9076407211,
                40.3780336862
              ],
              [
                -105.9074315696,
                40.3781119055
              ],
              [
                -105.9071328878,
                40.3782944283
              ],
              [
                -105.9069236632,
                40.378422196
              ],
              [
                -105.9066539327,
                40.3786225095
              ],
              [
                -105.9065354483,
                40.3787090245
              ],
              [
                -105.9064013743,
                40.3787787405
              ],
              [
                -105.906385923,
                40.3787867729
              ],
              [
                -105.9062214723,
                40.3789592335
              ],
              [
                -105.9061618717,
                40.3790993409
              ],
              [
                -105.9060869291,
                40.3792485768
              ],
              [
                -105.9060871466,
                40.3793747012
              ],
              [
                -105.9060270873,
                40.3796454423
              ],
              [
                -105.9060422273,
                40.379703884
              ],
              [
                -105.9060421603,
                40.3800011822
              ],
              [
                -105.9060274483,
                40.3802220186
              ],
              [
                -105.9060124949,
                40.3804248377
              ],
              [
                -105.9060721936,
                40.380676624
              ],
              [
                -105.9061616068,
                40.3808380857
              ],
              [
                -105.9061916775,
                40.3810765892
              ],
              [
                -105.9062813759,
                40.3813416526
              ],
              [
                -105.9062922999,
                40.381607332
              ],
              [
                -105.9062987252,
                40.3816748499
              ],
              [
                -105.9064917685,
                40.3818219847
              ],
              [
                -105.9064994421,
                40.3818264544
              ],
              [
                -105.9066179217,
                40.3818954611
              ],
              [
                -105.9067207035,
                40.3819553262
              ],
              [
                -105.90706442,
                40.3821373146
              ],
              [
                -105.9070657579,
                40.3821390396
              ],
              [
                -105.9072206424,
                40.3823387924
              ],
              [
                -105.9072258778,
                40.38253695
              ],
              [
                -105.9072271057,
                40.3826366291
              ],
              [
                -105.9072299811,
                40.3828702522
              ],
              [
                -105.9072345473,
                40.3830095602
              ],
              [
                -105.9072355905,
                40.3830413797
              ],
              [
                -105.9070745521,
                40.3832768768
              ],
              [
                -105.9070099866,
                40.3833404932
              ],
              [
                -105.9068856062,
                40.3834630432
              ],
              [
                -105.9067836691,
                40.3836034832
              ],
              [
                -105.9067158779,
                40.3838742855
              ],
              [
                -105.9067575672,
                40.3840181034
              ],
              [
                -105.9067850835,
                40.3841755455
              ],
              [
                -105.9067973058,
                40.3844006737
              ],
              [
                -105.9068738855,
                40.3846478217
              ],
              [
                -105.9070984268,
                40.3851961349
              ],
              [
                -105.9071129236,
                40.3852315335
              ],
              [
                -105.9070994663,
                40.3852736515
              ],
              [
                -105.9070609831,
                40.3853941027
              ],
              [
                -105.9070077955,
                40.3856557819
              ],
              [
                -105.9070261138,
                40.3857661304
              ],
              [
                -105.907095915,
                40.3861866225
              ],
              [
                -105.9070912597,
                40.3864194765
              ],
              [
                -105.9070854034,
                40.3867124367
              ],
              [
                -105.9070815944,
                40.3869029515
              ],
              [
                -105.9070496197,
                40.3872365361
              ],
              [
                -105.9069101593,
                40.3875169095
              ],
              [
                -105.9067283841,
                40.3876895061
              ],
              [
                -105.9064376145,
                40.3879710658
              ],
              [
                -105.9059957207,
                40.3882402946
              ],
              [
                -105.9057279301,
                40.3884305608
              ],
              [
                -105.9056623723,
                40.3884771398
              ],
              [
                -105.9053218474,
                40.3887005274
              ],
              [
                -105.9051315064,
                40.3890038193
              ],
              [
                -105.9051065352,
                40.3890336893
              ],
              [
                -105.904941978,
                40.3892305276
              ],
              [
                -105.904906664,
                40.3892618862
              ],
              [
                -105.9046297805,
                40.3895077465
              ],
              [
                -105.9044122293,
                40.3896490888
              ],
              [
                -105.9042344959,
                40.3897704528
              ],
              [
                -105.9041586527,
                40.3898222416
              ],
              [
                -105.9039490849,
                40.3899274837
              ],
              [
                -105.9035652305,
                40.3901331874
              ],
              [
                -105.9034815816,
                40.3901670314
              ],
              [
                -105.903406294,
                40.3901974934
              ],
              [
                -105.9033618392,
                40.3903149569
              ],
              [
                -105.9035193232,
                40.3904173298
              ],
              [
                -105.9036833594,
                40.3905692016
              ],
              [
                -105.9037756122,
                40.390694607
              ],
              [
                -105.9038817747,
                40.390896479
              ],
              [
                -105.9040091706,
                40.3910891772
              ],
              [
                -105.9042219476,
                40.3914163419
              ],
              [
                -105.9044702448,
                40.3917837695
              ],
              [
                -105.9046545044,
                40.3920706168
              ],
              [
                -105.904730766,
                40.3922446198
              ],
              [
                -105.9047745214,
                40.3923444522
              ],
              [
                -105.9048863741,
                40.3926408742
              ],
              [
                -105.9049411673,
                40.3929107145
              ],
              [
                -105.9049436622,
                40.392943734
              ],
              [
                -105.904966676,
                40.3932483539
              ],
              [
                -105.904992619,
                40.3935634649
              ],
              [
                -105.9049978366,
                40.3936595916
              ],
              [
                -105.9050107038,
                40.3938966571
              ],
              [
                -105.9049641827,
                40.3941898139
              ],
              [
                -105.9049107517,
                40.3944655151
              ],
              [
                -105.9048959871,
                40.3945416998
              ],
              [
                -105.9048573908,
                40.3947942525
              ],
              [
                -105.9047826452,
                40.3950696137
              ],
              [
                -105.9046791224,
                40.3953406931
              ],
              [
                -105.9045757181,
                40.3956207808
              ],
              [
                -105.9045010971,
                40.3958781219
              ],
              [
                -105.9043691733,
                40.3960908643
              ],
              [
                -105.9042375494,
                40.3963261295
              ],
              [
                -105.9040342092,
                40.396485376
              ],
              [
                -105.903932381,
                40.3965807662
              ],
              [
                -105.9039099004,
                40.3966620232
              ],
              [
                -105.90396614,
                40.3967922141
              ],
              [
                -105.9040088897,
                40.3968774657
              ],
              [
                -105.9041364192,
                40.3970791707
              ],
              [
                -105.9042280523,
                40.3972676436
              ],
              [
                -105.9043763627,
                40.3975637804
              ],
              [
                -105.9044822987,
                40.397747637
              ],
              [
                -105.9046169389,
                40.3979853206
              ],
              [
                -105.9046293306,
                40.398008535
              ],
              [
                -105.9047438501,
                40.3982230667
              ],
              [
                -105.9048356004,
                40.3984475733
              ],
              [
                -105.9048987116,
                40.3985957282
              ],
              [
                -105.9049327612,
                40.3986849915
              ],
              [
                -105.9049758032,
                40.3987978269
              ],
              [
                -105.9050043535,
                40.3988445933
              ],
              [
                -105.9050469617,
                40.3989143875
              ],
              [
                -105.9050447497,
                40.3989346512
              ],
              [
                -105.9050416605,
                40.3989629613
              ],
              [
                -105.905040967,
                40.3989693157
              ],
              [
                -105.9050179145,
                40.3989694963
              ],
              [
                -105.9050111825,
                40.3989709947
              ],
              [
                -105.9048475987,
                40.3990073974
              ],
              [
                -105.9047117226,
                40.3990659229
              ],
              [
                -105.9046240914,
                40.3991554159
              ],
              [
                -105.9045231466,
                40.3992711339
              ],
              [
                -105.9044700136,
                40.3993404335
              ],
              [
                -105.9044224096,
                40.3994025221
              ],
              [
                -105.9043914464,
                40.3994710085
              ],
              [
                -105.9043440425,
                40.3995224965
              ],
              [
                -105.9043323376,
                40.3995528945
              ],
              [
                -105.9042892583,
                40.3996647629
              ],
              [
                -105.9042225419,
                40.3997854356
              ],
              [
                -105.9041146936,
                40.3998959828
              ],
              [
                -105.9041122457,
                40.3998972208
              ],
              [
                -105.904081299,
                40.3999128751
              ],
              [
                -105.9039900205,
                40.3999590493
              ],
              [
                -105.9038839296,
                40.400012714
              ],
              [
                -105.9038501752,
                40.4000240876
              ],
              [
                -105.9038292179,
                40.4000311492
              ],
              [
                -105.903776396,
                40.4000548337
              ],
              [
                -105.9034644517,
                40.4003005165
              ],
              [
                -105.9033400041,
                40.4004951823
              ],
              [
                -105.9032772317,
                40.4007371914
              ],
              [
                -105.9032731257,
                40.4007990887
              ],
              [
                -105.9032556522,
                40.4010624208
              ],
              [
                -105.9032530091,
                40.4013758802
              ],
              [
                -105.9032640309,
                40.4016892327
              ],
              [
                -105.9032547405,
                40.4018053509
              ],
              [
                -105.9032510021,
                40.4018520723
              ],
              [
                -105.9032542626,
                40.4018787427
              ],
              [
                -105.9032414061,
                40.4024329005
              ],
              [
                -105.9032217575,
                40.4029195424
              ],
              [
                -105.9031189441,
                40.4032324688
              ],
              [
                -105.9030140245,
                40.4035517986
              ],
              [
                -105.9027642177,
                40.4040672644
              ],
              [
                -105.9027492353,
                40.4040992355
              ],
              [
                -105.9024845583,
                40.4046640458
              ],
              [
                -105.9022123168,
                40.4052652709
              ],
              [
                -105.9019907849,
                40.4058030385
              ],
              [
                -105.9018658797,
                40.4060472563
              ],
              [
                -105.9017590599,
                40.4063120992
              ],
              [
                -105.9017577872,
                40.4063474353
              ],
              [
                -105.9017554248,
                40.4064130363
              ],
              [
                -105.9017999775,
                40.4066791123
              ],
              [
                -105.9018151705,
                40.406729723
              ],
              [
                -105.9019001029,
                40.4070126652
              ],
              [
                -105.9019141668,
                40.4071861589
              ],
              [
                -105.901924648,
                40.4073154647
              ],
              [
                -105.9020193353,
                40.4077535396
              ],
              [
                -105.9020213469,
                40.407822627
              ],
              [
                -105.9020226119,
                40.4078660706
              ],
              [
                -105.9020319568,
                40.4081870325
              ],
              [
                -105.902034813,
                40.4082336829
              ],
              [
                -105.9020495812,
                40.4084748527
              ],
              [
                -105.9020271816,
                40.4085595228
              ],
              [
                -105.9019838943,
                40.4087777462
              ],
              [
                -105.9019743815,
                40.408825702
              ],
              [
                -105.9019966271,
                40.4089078931
              ],
              [
                -105.9020437264,
                40.4090819184
              ],
              [
                -105.9020451736,
                40.4091119159
              ],
              [
                -105.9020486827,
                40.4091846437
              ],
              [
                -105.9020603953,
                40.4092189635
              ],
              [
                -105.9021233729,
                40.4094035041
              ],
              [
                -105.9022373791,
                40.4097526216
              ],
              [
                -105.9022596795,
                40.4099024392
              ],
              [
                -105.9022824267,
                40.4100552599
              ],
              [
                -105.902267451,
                40.4100963703
              ],
              [
                -105.9022552144,
                40.4101299638
              ],
              [
                -105.9022421002,
                40.4101659654
              ],
              [
                -105.9022325388,
                40.4103146856
              ],
              [
                -105.9022055078,
                40.4105727171
              ],
              [
                -105.9022012328,
                40.4107192045
              ],
              [
                -105.9021926921,
                40.4110119472
              ],
              [
                -105.9021966473,
                40.4111441292
              ],
              [
                -105.9022050359,
                40.4114245444
              ],
              [
                -105.9022179019,
                40.411592848
              ],
              [
                -105.902238161,
                40.4118578758
              ],
              [
                -105.9022465042,
                40.4121160084
              ],
              [
                -105.902247627,
                40.4121507562
              ],
              [
                -105.9022498085,
                40.4122182381
              ],
              [
                -105.9022186395,
                40.4124431134
              ],
              [
                -105.9021820338,
                40.412772508
              ],
              [
                -105.9021293179,
                40.4129811873
              ],
              [
                -105.902120807,
                40.4130148769
              ],
              [
                -105.9020019793,
                40.4131588363
              ],
              [
                -105.9019697964,
                40.4131810025
              ],
              [
                -105.9016455232,
                40.4133390008
              ],
              [
                -105.9016089111,
                40.4133568394
              ],
              [
                -105.901271317,
                40.4135477424
              ],
              [
                -105.9012549677,
                40.4135569877
              ],
              [
                -105.9012154846,
                40.4135793142
              ],
              [
                -105.9008498061,
                40.4138329142
              ],
              [
                -105.9007006237,
                40.4139492919
              ],
              [
                -105.9006635897,
                40.4139781818
              ],
              [
                -105.9006265913,
                40.4140070446
              ],
              [
                -105.9003349663,
                40.4141764833
              ],
              [
                -105.9000777884,
                40.4143665482
              ],
              [
                -105.9000592843,
                40.4143779497
              ],
              [
                -105.8999657897,
                40.4144355581
              ],
              [
                -105.8998201911,
                40.4145252713
              ],
              [
                -105.8995622439,
                40.4146578792
              ],
              [
                -105.8993998317,
                40.4147792926
              ],
              [
                -105.8993594333,
                40.4148171247
              ],
              [
                -105.899264824,
                40.4149057192
              ],
              [
                -105.8992578504,
                40.4149141984
              ],
              [
                -105.899212731,
                40.4149373213
              ],
              [
                -105.8990092991,
                40.4151506163
              ],
              [
                -105.898759808,
                40.4156120157
              ],
              [
                -105.8985314154,
                40.4161092884
              ],
              [
                -105.8982306946,
                40.4166521676
              ],
              [
                -105.8980535002,
                40.4171220133
              ],
              [
                -105.8980013517,
                40.4172099281
              ],
              [
                -105.8978629126,
                40.4174433137
              ],
              [
                -105.8978028627,
                40.4176645011
              ],
              [
                -105.8977776837,
                40.4180430758
              ],
              [
                -105.8979092439,
                40.4185465616
              ],
              [
                -105.8980426511,
                40.4188563365
              ],
              [
                -105.8981740788,
                40.4191247485
              ],
              [
                -105.8981766852,
                40.4191300711
              ],
              [
                -105.8981766261,
                40.4191315351
              ],
              [
                -105.8981572461,
                40.4196077015
              ],
              [
                -105.898044879,
                40.4200500165
              ],
              [
                -105.897954697,
                40.420415582
              ],
              [
                -105.897820982,
                40.4208040086
              ],
              [
                -105.8977077257,
                40.4213184034
              ],
              [
                -105.8978474821,
                40.4217452466
              ],
              [
                -105.8979431688,
                40.4220069531
              ],
              [
                -105.8979805084,
                40.4221090792
              ],
              [
                -105.8979784685,
                40.4221830025
              ],
              [
                -105.8979693185,
                40.4225145732
              ],
              [
                -105.8979140382,
                40.4229564444
              ],
              [
                -105.8978533289,
                40.4232947543
              ],
              [
                -105.8978797838,
                40.4234837391
              ],
              [
                -105.8980207564,
                40.4237799413
              ],
              [
                -105.8981418376,
                40.4239096317
              ],
              [
                -105.8983693142,
                40.4242006588
              ],
              [
                -105.8985372459,
                40.4246678237
              ],
              [
                -105.8986319753,
                40.4249821849
              ],
              [
                -105.8986347495,
                40.4249913897
              ],
              [
                -105.8987196649,
                40.4251438843
              ],
              [
                -105.8988035086,
                40.4253819709
              ],
              [
                -105.8988516323,
                40.4255933086
              ],
              [
                -105.8988630827,
                40.4258724998
              ],
              [
                -105.8988598371,
                40.4262103641
              ],
              [
                -105.898784466,
                40.4265262653
              ],
              [
                -105.898691855,
                40.4266978214
              ],
              [
                -105.8986930158,
                40.4267211593
              ],
              [
                -105.89869926,
                40.4268468752
              ],
              [
                -105.8988934233,
                40.4270543224
              ],
              [
                -105.8992450748,
                40.4272814426
              ],
              [
                -105.8995546738,
                40.427430529
              ],
              [
                -105.8997315403,
                40.4275192241
              ],
              [
                -105.8999233273,
                40.427615401
              ],
              [
                -105.9000983393,
                40.427703166
              ],
              [
                -105.9001543932,
                40.4277680319
              ],
              [
                -105.9002456007,
                40.4278735815
              ],
              [
                -105.9002895863,
                40.427897441
              ],
              [
                -105.9002907164,
                40.4278988871
              ],
              [
                -105.9004946527,
                40.4281600447
              ],
              [
                -105.9005127003,
                40.4281763976
              ],
              [
                -105.9010191224,
                40.4286352653
              ],
              [
                -105.9010545589,
                40.4286673739
              ],
              [
                -105.901394578,
                40.4290460726
              ],
              [
                -105.9017676604,
                40.4293409277
              ],
              [
                -105.9020994562,
                40.429615209
              ],
              [
                -105.90232077,
                40.4298067682
              ],
              [
                -105.9024186047,
                40.4299214094
              ],
              [
                -105.9025770068,
                40.4301070211
              ],
              [
                -105.9026263452,
                40.4301648346
              ],
              [
                -105.9027309724,
                40.4303207375
              ],
              [
                -105.9028498296,
                40.4305183188
              ],
              [
                -105.9028605302,
                40.4305388568
              ],
              [
                -105.9029305564,
                40.430673256
              ],
              [
                -105.9029382521,
                40.430688027
              ],
              [
                -105.9029531022,
                40.4307055033
              ],
              [
                -105.9030270842,
                40.430836076
              ],
              [
                -105.9030477319,
                40.4308607542
              ],
              [
                -105.9030522766,
                40.4308661866
              ],
              [
                -105.9031569468,
                40.4309913003
              ],
              [
                -105.9033042668,
                40.4312722419
              ],
              [
                -105.903317464,
                40.4313423952
              ],
              [
                -105.9033484253,
                40.4315069751
              ],
              [
                -105.9034270419,
                40.4317623354
              ],
              [
                -105.9034496461,
                40.431918877
              ],
              [
                -105.903438662,
                40.4320310678
              ],
              [
                -105.9034330278,
                40.4320886225
              ],
              [
                -105.9034382292,
                40.4321599926
              ],
              [
                -105.903387373,
                40.4323738471
              ],
              [
                -105.9033647776,
                40.4325303427
              ],
              [
                -105.9033435765,
                40.4326771787
              ],
              [
                -105.9032104284,
                40.4329446405
              ],
              [
                -105.9030495168,
                40.4331809762
              ],
              [
                -105.9030085664,
                40.4332195841
              ],
              [
                -105.902725453,
                40.4334864963
              ],
              [
                -105.9024417752,
                40.4337446838
              ],
              [
                -105.9022866802,
                40.433960501
              ],
              [
                -105.9022582238,
                40.4339853641
              ],
              [
                -105.9022441578,
                40.4340130536
              ],
              [
                -105.9021670928,
                40.4341647435
              ],
              [
                -105.9020003166,
                40.4344742592
              ],
              [
                -105.9019284458,
                40.4347427662
              ],
              [
                -105.9018896203,
                40.4348878137
              ],
              [
                -105.9019528681,
                40.4350097386
              ],
              [
                -105.9019623053,
                40.435027931
              ],
              [
                -105.9019948803,
                40.435090727
              ],
              [
                -105.9020823935,
                40.4352594254
              ],
              [
                -105.9021352292,
                40.4353612779
              ],
              [
                -105.9022094542,
                40.4357995106
              ],
              [
                -105.9021807521,
                40.4358424421
              ],
              [
                -105.9021731086,
                40.4358538742
              ],
              [
                -105.9021733914,
                40.4358557333
              ],
              [
                -105.9019951764,
                40.4363886546
              ],
              [
                -105.9018323358,
                40.4368313664
              ],
              [
                -105.9016051551,
                40.4372295352
              ],
              [
                -105.9015594602,
                40.4374776389
              ],
              [
                -105.9013617132,
                40.4377899908
              ],
              [
                -105.901194651,
                40.4379444454
              ],
              [
                -105.9008759768,
                40.4381135958
              ],
              [
                -105.9008168537,
                40.4382942363
              ],
              [
                -105.9008180877,
                40.438329519
              ],
              [
                -105.9008222112,
                40.4384473477
              ],
              [
                -105.9008639829,
                40.4385956715
              ],
              [
                -105.9008177205,
                40.4388843196
              ],
              [
                -105.9008067076,
                40.4389023277
              ],
              [
                -105.9007153099,
                40.4390517839
              ],
              [
                -105.9005022933,
                40.4394633529
              ],
              [
                -105.9002908612,
                40.439717252
              ],
              [
                -105.9001595807,
                40.439902958
              ],
              [
                -105.9000770802,
                40.4402099065
              ],
              [
                -105.8998942441,
                40.4405086268
              ],
              [
                -105.8997978178,
                40.4407661341
              ],
              [
                -105.8997526196,
                40.4409691884
              ],
              [
                -105.8997366744,
                40.4410999424
              ],
              [
                -105.8997556977,
                40.4413385339
              ],
              [
                -105.8997636604,
                40.4414987616
              ],
              [
                -105.8997677799,
                40.4415816825
              ],
              [
                -105.8997702776,
                40.4416675186
              ],
              [
                -105.8997786547,
                40.4419554713
              ],
              [
                -105.8997609955,
                40.4422619139
              ],
              [
                -105.899646587,
                40.4425555669
              ],
              [
                -105.8996131297,
                40.4426414418
              ],
              [
                -105.8994952006,
                40.4431061841
              ],
              [
                -105.899477986,
                40.4431740255
              ],
              [
                -105.8994083229,
                40.4436430351
              ],
              [
                -105.8993039389,
                40.4439951971
              ],
              [
                -105.899227538,
                40.4444011964
              ],
              [
                -105.8992233268,
                40.4444162955
              ],
              [
                -105.8991079575,
                40.4448300538
              ],
              [
                -105.8989894324,
                40.4452240008
              ],
              [
                -105.898981624,
                40.4452499548
              ],
              [
                -105.8989209206,
                40.4455342103
              ],
              [
                -105.8988973378,
                40.4457280868
              ],
              [
                -105.8988432483,
                40.4460663436
              ],
              [
                -105.8987543584,
                40.4463373057
              ],
              [
                -105.8985481823,
                40.4467668355
              ],
              [
                -105.8984379366,
                40.4469839073
              ],
              [
                -105.8982050508,
                40.4472064377
              ],
              [
                -105.8980141219,
                40.4475637755
              ],
              [
                -105.8977522934,
                40.4478270695
              ],
              [
                -105.8974860903,
                40.4480901199
              ],
              [
                -105.8974031052,
                40.4481721219
              ],
              [
                -105.8973776152,
                40.4481896438
              ],
              [
                -105.8970916048,
                40.4483862511
              ],
              [
                -105.8969812931,
                40.4485988189
              ],
              [
                -105.8971019778,
                40.4487510343
              ],
              [
                -105.8972665226,
                40.4488758842
              ],
              [
                -105.897276163,
                40.448881698
              ],
              [
                -105.8975098536,
                40.4490226431
              ],
              [
                -105.8975120892,
                40.4490240842
              ],
              [
                -105.8979101832,
                40.4492807952
              ],
              [
                -105.8982247882,
                40.4495215942
              ],
              [
                -105.8985598227,
                40.4498298002
              ],
              [
                -105.8988515342,
                40.4500756448
              ],
              [
                -105.8988881771,
                40.450106526
              ],
              [
                -105.89892877,
                40.4502207808
              ],
              [
                -105.8990493687,
                40.4505602269
              ],
              [
                -105.8991596403,
                40.4510368459
              ],
              [
                -105.8991293314,
                40.4511014795
              ],
              [
                -105.8991850048,
                40.4511884987
              ],
              [
                -105.8991963329,
                40.4512062047
              ],
              [
                -105.8992008094,
                40.451213201
              ],
              [
                -105.8992187566,
                40.4514685897
              ],
              [
                -105.8992265621,
                40.4515796705
              ],
              [
                -105.8992329373,
                40.4520578868
              ],
              [
                -105.8992332095,
                40.4520783347
              ],
              [
                -105.8992393126,
                40.4525361033
              ],
              [
                -105.899370677,
                40.4529974048
              ],
              [
                -105.8995425033,
                40.4533627377
              ],
              [
                -105.8996915498,
                40.4535847686
              ],
              [
                -105.8996888139,
                40.4536406403
              ],
              [
                -105.8996845597,
                40.4537275069
              ],
              [
                -105.899772199,
                40.4538068456
              ],
              [
                -105.8999054905,
                40.4541571578
              ],
              [
                -105.8998811448,
                40.4544321225
              ],
              [
                -105.8998324104,
                40.4544838644
              ],
              [
                -105.8996845413,
                40.4546408581
              ],
              [
                -105.8996767287,
                40.4546547168
              ],
              [
                -105.8995009197,
                40.4549666105
              ],
              [
                -105.8993889501,
                40.4553593724
              ],
              [
                -105.8992624224,
                40.4557657611
              ],
              [
                -105.8990999626,
                40.4561589153
              ],
              [
                -105.8989018242,
                40.456529823
              ],
              [
                -105.8987989369,
                40.4567468395
              ],
              [
                -105.8986163168,
                40.4569824918
              ],
              [
                -105.8985626491,
                40.4570817969
              ],
              [
                -105.8984843061,
                40.4572267611
              ],
              [
                -105.8983240617,
                40.4573991757
              ],
              [
                -105.898344801,
                40.4574620779
              ],
              [
                -105.8983731005,
                40.457511408
              ],
              [
                -105.8984438748,
                40.4576504966
              ],
              [
                -105.8985119686,
                40.4577927458
              ],
              [
                -105.898521212,
                40.4578120563
              ],
              [
                -105.8985698562,
                40.4580053727
              ],
              [
                -105.898589446,
                40.4582034157
              ],
              [
                -105.8985950492,
                40.4583475158
              ],
              [
                -105.8986090364,
                40.4584014623
              ],
              [
                -105.8985707573,
                40.4586269839
              ],
              [
                -105.8985420567,
                40.4587576292
              ],
              [
                -105.8985102899,
                40.4589022274
              ],
              [
                -105.8984992311,
                40.4592896996
              ],
              [
                -105.8984821293,
                40.4595555958
              ],
              [
                -105.8983786782,
                40.4597861297
              ],
              [
                -105.8982465986,
                40.4600258947
              ],
              [
                -105.8982368167,
                40.4602602025
              ],
              [
                -105.898316765,
                40.4604676271
              ],
              [
                -105.8983631795,
                40.4605880487
              ],
              [
                -105.8983827027,
                40.4608086159
              ],
              [
                -105.8983764327,
                40.460900188
              ],
              [
                -105.8983657288,
                40.461056495
              ],
              [
                -105.8984630305,
                40.4614160982
              ],
              [
                -105.8984818677,
                40.4616682019
              ],
              [
                -105.8983427317,
                40.4618764888
              ],
              [
                -105.8983556385,
                40.4620430562
              ],
              [
                -105.8984250353,
                40.4622722442
              ],
              [
                -105.8985023612,
                40.4624878589
              ],
              [
                -105.8985720764,
                40.4626855142
              ],
              [
                -105.8985484878,
                40.4628793899
              ],
              [
                -105.8984967852,
                40.4630104221
              ],
              [
                -105.898474008,
                40.4630604758
              ],
              [
                -105.8984083293,
                40.4632048017
              ],
              [
                -105.8983549488,
                40.4633109444
              ],
              [
                -105.89831281,
                40.4633947332
              ],
              [
                -105.8983274938,
                40.4634216314
              ],
              [
                -105.8984401321,
                40.4636279773
              ],
              [
                -105.8986610121,
                40.4638559891
              ],
              [
                -105.8988389573,
                40.4640708198
              ],
              [
                -105.8988779059,
                40.4641409822
              ],
              [
                -105.8989734059,
                40.4643130162
              ],
              [
                -105.8990568645,
                40.4645736277
              ],
              [
                -105.8990560328,
                40.4646772373
              ],
              [
                -105.8991328076,
                40.4649063682
              ],
              [
                -105.8991735135,
                40.4651673123
              ],
              [
                -105.8992214197,
                40.4653876593
              ],
              [
                -105.8992350846,
                40.4654530675
              ],
              [
                -105.899262759,
                40.4655855345
              ],
              [
                -105.8992380702,
                40.4656770981
              ],
              [
                -105.8992284066,
                40.4657129384
              ],
              [
                -105.8992104238,
                40.4657796334
              ],
              [
                -105.8990787219,
                40.4659653425
              ],
              [
                -105.8988881157,
                40.4663226785
              ],
              [
                -105.8987990914,
                40.4665576039
              ],
              [
                -105.8985862384,
                40.4669331295
              ],
              [
                -105.8983668958,
                40.4672366363
              ],
              [
                -105.8982115284,
                40.4676387424
              ],
              [
                -105.8979629771,
                40.4680190501
              ],
              [
                -105.8977502337,
                40.4684035825
              ],
              [
                -105.8976334396,
                40.4685885969
              ],
              [
                -105.8975816378,
                40.4686706562
              ],
              [
                -105.8973925565,
                40.4688387902
              ],
              [
                -105.8973337837,
                40.4689653716
              ],
              [
                -105.8972888872,
                40.4691098635
              ],
              [
                -105.8973072159,
                40.4691561009
              ],
              [
                -105.8973102488,
                40.4691637518
              ],
              [
                -105.8972224864,
                40.46927254
              ],
              [
                -105.8971234501,
                40.4692798205
              ],
              [
                -105.8970854888,
                40.4692826126
              ],
              [
                -105.8968996596,
                40.4693235319
              ],
              [
                -105.8967462353,
                40.4693573161
              ],
              [
                -105.8963204789,
                40.4694417003
              ],
              [
                -105.8960309051,
                40.4695655657
              ],
              [
                -105.8959079626,
                40.4696070593
              ],
              [
                -105.8955054163,
                40.4695516205
              ],
              [
                -105.8953614847,
                40.469539221
              ],
              [
                -105.8952058902,
                40.46950432
              ],
              [
                -105.8951534202,
                40.4694925506
              ],
              [
                -105.8949732648,
                40.4694521391
              ],
              [
                -105.8946920172,
                40.4694813427
              ],
              [
                -105.8945705467,
                40.469518422
              ],
              [
                -105.8945680791,
                40.4695191756
              ],
              [
                -105.89449291,
                40.4695421211
              ],
              [
                -105.8944733924,
                40.4695480786
              ],
              [
                -105.8943740675,
                40.469578398
              ],
              [
                -105.8941854817,
                40.4697014776
              ],
              [
                -105.8941263254,
                40.4698550882
              ],
              [
                -105.8941388437,
                40.4700486832
              ],
              [
                -105.8940497966,
                40.4702836051
              ],
              [
                -105.8939034977,
                40.4705099603
              ],
              [
                -105.8937203035,
                40.4708176813
              ],
              [
                -105.8936986701,
                40.4711054431
              ],
              [
                -105.8936978621,
                40.4711161931
              ],
              [
                -105.8936952295,
                40.4711512068
              ],
              [
                -105.8936354906,
                40.4713723878
              ],
              [
                -105.8936188894,
                40.4714077932
              ],
              [
                -105.8936148041,
                40.4714165059
              ],
              [
                -105.8934659106,
                40.4717340571
              ],
              [
                -105.8933826172,
                40.4719543949
              ],
              [
                -105.8933469173,
                40.4720488328
              ],
              [
                -105.893266098,
                40.4722626261
              ],
              [
                -105.8930902211,
                40.4725387581
              ],
              [
                -105.8928702553,
                40.4729098254
              ],
              [
                -105.8926948143,
                40.4731634309
              ],
              [
                -105.892482827,
                40.473414209
              ],
              [
                -105.8924738045,
                40.4734248822
              ],
              [
                -105.8924686821,
                40.4734309413
              ],
              [
                -105.8923003722,
                40.4736664734
              ],
              [
                -105.8921251875,
                40.4738840406
              ],
              [
                -105.8922290293,
                40.4742931465
              ],
              [
                -105.8923203468,
                40.4745356827
              ],
              [
                -105.8924045534,
                40.4747422396
              ],
              [
                -105.8924459392,
                40.4749446211
              ],
              [
                -105.8924060426,
                40.4753007816
              ],
              [
                -105.8922001188,
                40.4757032705
              ],
              [
                -105.8920887775,
                40.476037461
              ],
              [
                -105.8919707716,
                40.4762861172
              ],
              [
                -105.8919219049,
                40.4763673934
              ],
              [
                -105.8918968017,
                40.476409144
              ],
              [
                -105.8918755377,
                40.4764445089
              ],
              [
                -105.8918466899,
                40.4764780225
              ],
              [
                -105.891842166,
                40.4764832788
              ],
              [
                -105.8917662456,
                40.4765714778
              ],
              [
                -105.8915847007,
                40.4766990034
              ],
              [
                -105.8915291856,
                40.4766957744
              ],
              [
                -105.8915226788,
                40.4766953959
              ],
              [
                -105.8911744224,
                40.4766751401
              ],
              [
                -105.8908655415,
                40.4765964422
              ],
              [
                -105.8907790599,
                40.4765891489
              ],
              [
                -105.8907654307,
                40.4765879993
              ],
              [
                -105.8903761373,
                40.4765551688
              ],
              [
                -105.8899270122,
                40.476469595
              ],
              [
                -105.8899251901,
                40.4764692477
              ],
              [
                -105.8898080614,
                40.4764469311
              ],
              [
                -105.8895929759,
                40.4764800028
              ],
              [
                -105.8895843853,
                40.4764813242
              ],
              [
                -105.8894688346,
                40.4764990925
              ],
              [
                -105.8891300473,
                40.4765287252
              ],
              [
                -105.8887694508,
                40.4765540209
              ],
              [
                -105.8885246769,
                40.4765559028
              ],
              [
                -105.8883009035,
                40.47658465
              ],
              [
                -105.8881348739,
                40.4766309702
              ],
              [
                -105.8877006611,
                40.4768054755
              ],
              [
                -105.8873751491,
                40.4769476148
              ],
              [
                -105.88722248,
                40.4770568949
              ],
              [
                -105.8870630582,
                40.4771572155
              ],
              [
                -105.8868530585,
                40.4772804495
              ],
              [
                -105.8866214532,
                40.4773588015
              ],
              [
                -105.8863534432,
                40.4773608569
              ],
              [
                -105.8863201328,
                40.4773611124
              ],
              [
                -105.8861602875,
                40.4773623383
              ],
              [
                -105.8858445352,
                40.4772656604
              ],
              [
                -105.8854764813,
                40.4771616055
              ],
              [
                -105.8854567247,
                40.4771560203
              ],
              [
                -105.8854469055,
                40.4771527065
              ],
              [
                -105.8850260487,
                40.477010671
              ],
              [
                -105.8847993995,
                40.4769140591
              ],
              [
                -105.8847792122,
                40.476905454
              ],
              [
                -105.8846315745,
                40.4768425207
              ],
              [
                -105.8841278698,
                40.4767788082
              ],
              [
                -105.8839437604,
                40.4767114608
              ],
              [
                -105.8839262764,
                40.4767050654
              ],
              [
                -105.8835247796,
                40.476558196
              ],
              [
                -105.8830160064,
                40.4763323554
              ],
              [
                -105.8827790208,
                40.4762530859
              ],
              [
                -105.8824341582,
                40.4761566203
              ],
              [
                -105.8821614306,
                40.4760505938
              ],
              [
                -105.881795189,
                40.4759542913
              ],
              [
                -105.8814345927,
                40.4759795643
              ],
              [
                -105.8812752221,
                40.4760843817
              ],
              [
                -105.8810892056,
                40.476154633
              ],
              [
                -105.881081785,
                40.4761574356
              ],
              [
                -105.8810074152,
                40.4761855228
              ],
              [
                -105.8808535656,
                40.4763184742
              ],
              [
                -105.8808500054,
                40.4763215489
              ],
              [
                -105.8807602449,
                40.476399117
              ],
              [
                -105.8803476312,
                40.4765914482
              ],
              [
                -105.8802520634,
                40.4766269042
              ],
              [
                -105.8802211284,
                40.4766383812
              ],
              [
                -105.8800005473,
                40.4767202169
              ],
              [
                -105.879682466,
                40.4768397549
              ],
              [
                -105.879606393,
                40.4768658374
              ],
              [
                -105.8795856902,
                40.4768729353
              ],
              [
                -105.8793062573,
                40.4769687428
              ],
              [
                -105.8789733358,
                40.4771379418
              ],
              [
                -105.8787859512,
                40.4771303579
              ],
              [
                -105.8786414264,
                40.4771584832
              ],
              [
                -105.8783455537,
                40.4772282992
              ],
              [
                -105.878091267,
                40.4774059054
              ],
              [
                -105.8778010273,
                40.4775972974
              ],
              [
                -105.8774392286,
                40.4777577025
              ],
              [
                -105.8769995386,
                40.4777970754
              ],
              [
                -105.8765586891,
                40.4779175358
              ],
              [
                -105.8762123808,
                40.4779652072
              ],
              [
                -105.8760104641,
                40.478002774
              ],
              [
                -105.875592152,
                40.4780419792
              ],
              [
                -105.8755677234,
                40.4780449592
              ],
              [
                -105.8754382829,
                40.4780607559
              ],
              [
                -105.8751592699,
                40.4780948075
              ],
              [
                -105.8747046184,
                40.4781748252
              ],
              [
                -105.8743794764,
                40.4782628707
              ],
              [
                -105.8740005093,
                40.4782911092
              ],
              [
                -105.8737739489,
                40.4783079901
              ],
              [
                -105.8731180508,
                40.4783354684
              ],
              [
                -105.8728418578,
                40.4783300491
              ],
              [
                -105.872786523,
                40.4783289644
              ],
              [
                -105.8727494326,
                40.4783494218
              ],
              [
                -105.8724387562,
                40.4785207777
              ],
              [
                -105.8724100562,
                40.4785537351
              ],
              [
                -105.8721978955,
                40.4787973691
              ],
              [
                -105.8721094139,
                40.4789240104
              ],
              [
                -105.8720531927,
                40.4790044756
              ],
              [
                -105.8718688464,
                40.4792683173
              ],
              [
                -105.8716864036,
                40.4794723953
              ],
              [
                -105.8714519192,
                40.4798435302
              ],
              [
                -105.871239455,
                40.4801784647
              ],
              [
                -105.8709348063,
                40.4803699482
              ],
              [
                -105.8705872796,
                40.4805347892
              ],
              [
                -105.8704137142,
                40.4806171153
              ],
              [
                -105.8700451122,
                40.4807099795
              ],
              [
                -105.8699979494,
                40.4807217465
              ],
              [
                -105.8695610976,
                40.4808307397
              ],
              [
                -105.8689622549,
                40.4809388454
              ],
              [
                -105.8682048467,
                40.4810166098
              ],
              [
                -105.8676930882,
                40.4810159496
              ],
              [
                -105.8671523931,
                40.481087574
              ],
              [
                -105.8665969731,
                40.4811322816
              ],
              [
                -105.8660340184,
                40.4812220866
              ],
              [
                -105.865709264,
                40.4812560492
              ],
              [
                -105.865527459,
                40.4812447721
              ],
              [
                -105.8653852884,
                40.4812359538
              ],
              [
                -105.8649335218,
                40.4810546519
              ],
              [
                -105.8645247751,
                40.4808640186
              ],
              [
                -105.8643138925,
                40.4807547942
              ],
              [
                -105.8640018138,
                40.4805931551
              ],
              [
                -105.8636860206,
                40.4804919123
              ],
              [
                -105.8634855046,
                40.4803807985
              ],
              [
                -105.8631192303,
                40.4802529044
              ],
              [
                -105.8629190839,
                40.480141787
              ],
              [
                -105.8627612293,
                40.4800799032
              ],
              [
                -105.8626461751,
                40.48004923
              ],
              [
                -105.8625952528,
                40.4801036642
              ],
              [
                -105.8625163244,
                40.4801966428
              ],
              [
                -105.8623104868,
                40.4804391207
              ],
              [
                -105.8621005321,
                40.4806326055
              ],
              [
                -105.8619901774,
                40.4807343011
              ],
              [
                -105.8617644279,
                40.4809567038
              ],
              [
                -105.8613788699,
                40.4813109282
              ],
              [
                -105.8609642985,
                40.4816743754
              ],
              [
                -105.8605718335,
                40.4819790988
              ],
              [
                -105.8601592656,
                40.4821533397
              ],
              [
                -105.859776017,
                40.4823138491
              ],
              [
                -105.8591617256,
                40.4824850832
              ],
              [
                -105.8584894674,
                40.4826792658
              ],
              [
                -105.8579904242,
                40.4828676558
              ],
              [
                -105.8577292536,
                40.4830317557
              ],
              [
                -105.8573502739,
                40.483412944
              ],
              [
                -105.8570659191,
                40.4837258626
              ],
              [
                -105.8567747796,
                40.4839982894
              ],
              [
                -105.8564111534,
                40.4843117944
              ],
              [
                -105.8562267404,
                40.4847140594
              ],
              [
                -105.8559999464,
                40.4850310529
              ],
              [
                -105.8556998989,
                40.4853775527
              ],
              [
                -105.855604073,
                40.4855966073
              ],
              [
                -105.8552949581,
                40.4859177385
              ],
              [
                -105.8550285569,
                40.4861528175
              ],
              [
                -105.8549852338,
                40.4861910462
              ],
              [
                -105.8548895842,
                40.4862039475
              ],
              [
                -105.854819258,
                40.4862134315
              ],
              [
                -105.8547351075,
                40.4862247804
              ],
              [
                -105.8543370182,
                40.4861161305
              ],
              [
                -105.8539589979,
                40.4859435606
              ],
              [
                -105.8538259629,
                40.4858677106
              ],
              [
                -105.8537918265,
                40.4858482478
              ],
              [
                -105.8535173383,
                40.4856917477
              ],
              [
                -105.8531161414,
                40.4855929184
              ],
              [
                -105.8530146665,
                40.4855679217
              ],
              [
                -105.8528690665,
                40.4855136731
              ],
              [
                -105.8523433604,
                40.4853178017
              ],
              [
                -105.8519248062,
                40.4852411768
              ],
              [
                -105.8515054457,
                40.485100788
              ],
              [
                -105.8509393422,
                40.4849136521
              ],
              [
                -105.8503517624,
                40.484678845
              ],
              [
                -105.8499825802,
                40.4845979879
              ],
              [
                -105.8495866782,
                40.4844342348
              ],
              [
                -105.8488905527,
                40.4842006117
              ],
              [
                -105.8484163192,
                40.4840779692
              ],
              [
                -105.8480080529,
                40.4840298477
              ],
              [
                -105.8479126475,
                40.4840186024
              ],
              [
                -105.8478637782,
                40.4840013219
              ],
              [
                -105.8476301937,
                40.4839187231
              ],
              [
                -105.8476256191,
                40.4839171055
              ],
              [
                -105.8472094837,
                40.4835971591
              ],
              [
                -105.847161351,
                40.4835601512
              ],
              [
                -105.847159785,
                40.4834829366
              ],
              [
                -105.8471565097,
                40.4833214488
              ],
              [
                -105.8471168804,
                40.4830111982
              ],
              [
                -105.8471168456,
                40.4830109299
              ],
              [
                -105.8468160709,
                40.4828419644
              ],
              [
                -105.8465753694,
                40.4828006553
              ],
              [
                -105.8465126084,
                40.482789884
              ],
              [
                -105.8464133122,
                40.4827728424
              ],
              [
                -105.846399273,
                40.4827715208
              ],
              [
                -105.8458806407,
                40.4827226889
              ],
              [
                -105.8457031332,
                40.4826983342
              ],
              [
                -105.8453196111,
                40.4826457128
              ],
              [
                -105.8447069038,
                40.4826817235
              ],
              [
                -105.8446321951,
                40.4826903331
              ],
              [
                -105.8441226104,
                40.4827490567
              ],
              [
                -105.8440080025,
                40.4827599301
              ],
              [
                -105.8433510864,
                40.4828222556
              ],
              [
                -105.8425778724,
                40.4830260925
              ],
              [
                -105.8423173826,
                40.4831000638
              ],
              [
                -105.8420712962,
                40.4832054595
              ],
              [
                -105.8418455858,
                40.4833385441
              ],
              [
                -105.841649724,
                40.483371521
              ],
              [
                -105.8414411547,
                40.483388982
              ],
              [
                -105.8410870447,
                40.4834553282
              ],
              [
                -105.8406685144,
                40.4833786634
              ],
              [
                -105.840352975,
                40.4831896522
              ],
              [
                -105.8401004666,
                40.4830320659
              ],
              [
                -105.8397022198,
                40.482907423
              ],
              [
                -105.8391170778,
                40.4828638473
              ],
              [
                -105.838657791,
                40.4828671811
              ],
              [
                -105.838136072,
                40.4828869066
              ],
              [
                -105.8376553148,
                40.4828425669
              ],
              [
                -105.8375293621,
                40.4828142915
              ],
              [
                -105.8368113394,
                40.4821312841
              ],
              [
                -105.8363043697,
                40.4816566881
              ],
              [
                -105.8360272416,
                40.4811963714
              ],
              [
                -105.8355823203,
                40.4806734988
              ],
              [
                -105.8350753702,
                40.4801988973
              ],
              [
                -105.8348218971,
                40.4799615963
              ],
              [
                -105.8343602599,
                40.4797736242
              ],
              [
                -105.8337966157,
                40.4797776925
              ],
              [
                -105.8333059674,
                40.4798520539
              ],
              [
                -105.8327278443,
                40.479890288
              ],
              [
                -105.8321678214,
                40.4798704359
              ],
              [
                -105.83200209,
                40.4798543936
              ],
              [
                -105.8312480048,
                40.4796525707
              ],
              [
                -105.8307034683,
                40.4795130075
              ],
              [
                -105.8302422398,
                40.4793568992
              ],
              [
                -105.8296329218,
                40.4790424311
              ],
              [
                -105.8289820541,
                40.4787442011
              ],
              [
                -105.8283290785,
                40.4784936588
              ],
              [
                -105.8282478874,
                40.4784625064
              ],
              [
                -105.8276182987,
                40.4781959998
              ],
              [
                -105.8273121447,
                40.4781178288
              ],
              [
                -105.8270109593,
                40.4780409252
              ],
              [
                -105.8265708185,
                40.4779005945
              ],
              [
                -105.8256903507,
                40.4776039865
              ],
              [
                -105.8249164099,
                40.4774819758
              ],
              [
                -105.8244543499,
                40.4773972606
              ],
              [
                -105.8243667385,
                40.4773811977
              ],
              [
                -105.824320927,
                40.4773660278
              ],
              [
                -105.8242322896,
                40.4773366779
              ],
              [
                -105.8240881923,
                40.4772889627
              ],
              [
                -105.8240318532,
                40.4772788944
              ],
              [
                -105.8237860406,
                40.4772349628
              ],
              [
                -105.8236947969,
                40.4771875348
              ],
              [
                -105.8235419516,
                40.4771080864
              ],
              [
                -105.8230296711,
                40.4768417972
              ],
              [
                -105.8228067552,
                40.4767824761
              ],
              [
                -105.8227699786,
                40.4768652303
              ],
              [
                -105.8227160059,
                40.4769325754
              ],
              [
                -105.82263026,
                40.4770114452
              ],
              [
                -105.8225501107,
                40.4770860111
              ],
              [
                -105.8224661683,
                40.4771505803
              ],
              [
                -105.8223598684,
                40.4772380854
              ],
              [
                -105.8222572792,
                40.4773184321
              ],
              [
                -105.8221546486,
                40.4773902007
              ],
              [
                -105.8219512877,
                40.4775394514
              ],
              [
                -105.8217293043,
                40.477710198
              ],
              [
                -105.8216604892,
                40.4777915485
              ],
              [
                -105.8215944536,
                40.4778696112
              ],
              [
                -105.8214896417,
                40.4780024238
              ],
              [
                -105.8213233072,
                40.4781631015
              ],
              [
                -105.8212619544,
                40.4782189918
              ],
              [
                -105.8212524692,
                40.4782276317
              ],
              [
                -105.8211852392,
                40.47826356
              ],
              [
                -105.8211473926,
                40.4782920246
              ],
              [
                -105.8211012869,
                40.4783266992
              ],
              [
                -105.8210304473,
                40.4783912294
              ],
              [
                -105.8209802088,
                40.4784571333
              ],
              [
                -105.8209337483,
                40.4785301755
              ],
              [
                -105.8208710153,
                40.4787247859
              ],
              [
                -105.8207966885,
                40.4788436536
              ],
              [
                -105.8207276525,
                40.4788938841
              ],
              [
                -105.8206341825,
                40.4789241652
              ],
              [
                -105.8205285834,
                40.4789461125
              ],
              [
                -105.8204624756,
                40.4789598518
              ],
              [
                -105.8204041215,
                40.4789719797
              ],
              [
                -105.820356327,
                40.478989204
              ],
              [
                -105.8203218416,
                40.4790016311
              ],
              [
                -105.8202602024,
                40.4790238451
              ],
              [
                -105.8202190877,
                40.4790396843
              ],
              [
                -105.8201688616,
                40.4791084472
              ],
              [
                -105.8201560255,
                40.47916567
              ],
              [
                -105.8201643061,
                40.4792612893
              ],
              [
                -105.8201679091,
                40.4793028869
              ],
              [
                -105.8201493126,
                40.4793526131
              ],
              [
                -105.8201475711,
                40.4793572694
              ],
              [
                -105.8201048735,
                40.4794345894
              ],
              [
                -105.8201016241,
                40.4795389665
              ],
              [
                -105.8200774537,
                40.4795747743
              ],
              [
                -105.8199129442,
                40.4796281257
              ],
              [
                -105.8198325591,
                40.4796540815
              ],
              [
                -105.819728682,
                40.4797073752
              ],
              [
                -105.8197208326,
                40.4797114019
              ],
              [
                -105.8197148898,
                40.479714451
              ],
              [
                -105.8197032263,
                40.4797242772
              ],
              [
                -105.8196757286,
                40.4797474421
              ],
              [
                -105.8196478317,
                40.479812691
              ],
              [
                -105.8196764578,
                40.4799018456
              ],
              [
                -105.8196918602,
                40.4799918731
              ],
              [
                -105.8196922833,
                40.4799926237
              ],
              [
                -105.8196951333,
                40.4799976856
              ],
              [
                -105.8197455567,
                40.4800872577
              ],
              [
                -105.8197732103,
                40.480139575
              ],
              [
                -105.819774705,
                40.4801424025
              ],
              [
                -105.8198614375,
                40.4802187255
              ],
              [
                -105.8199066499,
                40.4802772174
              ],
              [
                -105.8199183966,
                40.4802955154
              ],
              [
                -105.8199387153,
                40.4803271666
              ],
              [
                -105.8199307555,
                40.4803608423
              ],
              [
                -105.8199270974,
                40.4803763219
              ],
              [
                -105.8199258664,
                40.4803815299
              ],
              [
                -105.8199183389,
                40.4803850479
              ],
              [
                -105.8198735566,
                40.4804059785
              ],
              [
                -105.8198136845,
                40.4804147221
              ],
              [
                -105.8197633693,
                40.4804648989
              ],
              [
                -105.8197409955,
                40.4804827951
              ],
              [
                -105.819716737,
                40.4805021996
              ],
              [
                -105.8197062909,
                40.480502228
              ],
              [
                -105.8196849086,
                40.4805022862
              ],
              [
                -105.8196625089,
                40.4805166456
              ],
              [
                -105.8196616087,
                40.4805168646
              ],
              [
                -105.8196269755,
                40.4805253207
              ],
              [
                -105.8195819733,
                40.4805111487
              ],
              [
                -105.8195257443,
                40.4804984354
              ],
              [
                -105.8194825105,
                40.4804930443
              ],
              [
                -105.8194652966,
                40.4804908969
              ],
              [
                -105.8194209377,
                40.4805073024
              ],
              [
                -105.8193142242,
                40.4805090254
              ],
              [
                -105.8192711695,
                40.4805105742
              ],
              [
                -105.81926124,
                40.4805138554
              ],
              [
                -105.8192319124,
                40.4805235482
              ],
              [
                -105.8191813536,
                40.4805222577
              ],
              [
                -105.8191579933,
                40.4805216081
              ],
              [
                -105.8191345394,
                40.480520956
              ],
              [
                -105.8190278666,
                40.4805312576
              ],
              [
                -105.8189736384,
                40.4805457033
              ],
              [
                -105.8189194571,
                40.4805701571
              ],
              [
                -105.8188316206,
                40.4806047093
              ],
              [
                -105.8187342884,
                40.4806106966
              ],
              [
                -105.8186463063,
                40.4806137959
              ],
              [
                -105.8185771117,
                40.4806311417
              ],
              [
                -105.8185209557,
                40.4806341557
              ],
              [
                -105.8184535879,
                40.4806414902
              ],
              [
                -105.8184124311,
                40.48064875
              ],
              [
                -105.8183808221,
                40.4806565702
              ],
              [
                -105.8183785309,
                40.4806571362
              ],
              [
                -105.8183656785,
                40.4806603162
              ],
              [
                -105.8183207502,
                40.4806618696
              ],
              [
                -105.8182758488,
                40.4806691398
              ],
              [
                -105.8182479522,
                40.4807092472
              ],
              [
                -105.8182425382,
                40.4807521522
              ],
              [
                -105.8182416113,
                40.4807610334
              ],
              [
                -105.8182389536,
                40.4807864746
              ],
              [
                -105.8181904762,
                40.4808294981
              ],
              [
                -105.8181059448,
                40.4809033577
              ],
              [
                -105.8180263823,
                40.4809722004
              ],
              [
                -105.8180031274,
                40.480988745
              ],
              [
                -105.8179268591,
                40.4810430044
              ],
              [
                -105.8178847157,
                40.4811060251
              ],
              [
                -105.8178507902,
                40.4811321578
              ],
              [
                -105.8178064257,
                40.4811663347
              ],
              [
                -105.8178023995,
                40.4811673283
              ],
              [
                -105.8177402818,
                40.481182669
              ],
              [
                -105.8176807613,
                40.4812667061
              ],
              [
                -105.8176335279,
                40.4813087736
              ],
              [
                -105.8175539458,
                40.4813738022
              ],
              [
                -105.8175418393,
                40.4814538974
              ],
              [
                -105.8175122932,
                40.4815416652
              ],
              [
                -105.8174778707,
                40.4816542274
              ],
              [
                -105.8175108516,
                40.4817666051
              ],
              [
                -105.8175585608,
                40.4818255677
              ],
              [
                -105.8176262505,
                40.481886382
              ],
              [
                -105.8176215795,
                40.4819550201
              ],
              [
                -105.8176061229,
                40.4819684583
              ],
              [
                -105.8175643938,
                40.4820047377
              ],
              [
                -105.8174745943,
                40.4820202339
              ],
              [
                -105.8174173999,
                40.4819996292
              ],
              [
                -105.8173695667,
                40.4819823962
              ],
              [
                -105.8172897236,
                40.4819921455
              ],
              [
                -105.8172113479,
                40.4820473087
              ],
              [
                -105.817139652,
                40.4820977698
              ],
              [
                -105.8171258084,
                40.4821736849
              ],
              [
                -105.8170985445,
                40.4822156967
              ],
              [
                -105.8170412236,
                40.4822368226
              ],
              [
                -105.8168954962,
                40.482466853
              ],
              [
                -105.8168679108,
                40.4825441996
              ],
              [
                -105.8167961927,
                40.4826016044
              ],
              [
                -105.8167460381,
                40.4826417493
              ],
              [
                -105.8166786896,
                40.482638995
              ],
              [
                -105.8166586458,
                40.4826381748
              ],
              [
                -105.8165862838,
                40.4826557262
              ],
              [
                -105.8165314689,
                40.4826690218
              ],
              [
                -105.8163123997,
                40.4827038178
              ],
              [
                -105.816299468,
                40.4827058729
              ],
              [
                -105.8162942098,
                40.48271059
              ],
              [
                -105.8162696347,
                40.4827326408
              ],
              [
                -105.8161895646,
                40.4827495494
              ],
              [
                -105.816132464,
                40.4827616081
              ],
              [
                -105.8160605471,
                40.4828647409
              ],
              [
                -105.8160210308,
                40.4829563479
              ],
              [
                -105.8160088772,
                40.4830269123
              ],
              [
                -105.816016616,
                40.4830802652
              ],
              [
                -105.8160137817,
                40.4830836799
              ],
              [
                -105.8159851429,
                40.4831181784
              ],
              [
                -105.816068118,
                40.4832439862
              ],
              [
                -105.8161260768,
                40.4832607266
              ],
              [
                -105.8161760824,
                40.4832751696
              ],
              [
                -105.8162041444,
                40.4832716908
              ],
              [
                -105.8162603282,
                40.483264725
              ],
              [
                -105.8162621333,
                40.4832645012
              ],
              [
                -105.8162961152,
                40.4832973285
              ],
              [
                -105.8163458247,
                40.4833453506
              ],
              [
                -105.8163977888,
                40.4834452244
              ],
              [
                -105.8164056614,
                40.4835271706
              ],
              [
                -105.8163834251,
                40.4835767933
              ],
              [
                -105.8164087099,
                40.4836453485
              ],
              [
                -105.8164166192,
                40.4837349199
              ],
              [
                -105.8164243942,
                40.4837958997
              ],
              [
                -105.8164720132,
                40.4838357995
              ],
              [
                -105.8164897004,
                40.4838485371
              ],
              [
                -105.816522113,
                40.4838718813
              ],
              [
                -105.8165074643,
                40.4839424523
              ],
              [
                -105.8164250931,
                40.4839713118
              ],
              [
                -105.8163977961,
                40.4839808754
              ],
              [
                -105.8163904103,
                40.4840066862
              ],
              [
                -105.8163830567,
                40.4840323841
              ],
              [
                -105.8163334121,
                40.4840935195
              ],
              [
                -105.8163081853,
                40.4841218255
              ],
              [
                -105.8162738081,
                40.4841604
              ],
              [
                -105.816240793,
                40.4841902713
              ],
              [
                -105.8162315452,
                40.4841986392
              ],
              [
                -105.8161717453,
                40.4842235834
              ],
              [
                -105.8161458318,
                40.484223015
              ],
              [
                -105.8160943435,
                40.4842218879
              ],
              [
                -105.8160122175,
                40.4842773922
              ],
              [
                -105.8159515169,
                40.4843681491
              ],
              [
                -105.8159877562,
                40.4845064516
              ],
              [
                -105.8159713169,
                40.4846297911
              ],
              [
                -105.8159550427,
                40.4847668201
              ],
              [
                -105.8159316333,
                40.4848080596
              ],
              [
                -105.8158784493,
                40.4848586381
              ],
              [
                -105.8158080219,
                40.4849241612
              ],
              [
                -105.8157059737,
                40.4849911574
              ],
              [
                -105.8156437213,
                40.4850256378
              ],
              [
                -105.8156080094,
                40.4850286577
              ],
              [
                -105.8155738439,
                40.4850315466
              ],
              [
                -105.8154190496,
                40.4850300613
              ],
              [
                -105.815333857,
                40.484963574
              ],
              [
                -105.815249428,
                40.484846685
              ],
              [
                -105.8152459096,
                40.4848418141
              ],
              [
                -105.8151783617,
                40.4848114974
              ],
              [
                -105.8150835381,
                40.4848212855
              ],
              [
                -105.8149967291,
                40.4848810161
              ],
              [
                -105.8149889705,
                40.4848863548
              ],
              [
                -105.8149016049,
                40.484912156
              ],
              [
                -105.8147870264,
                40.4849459953
              ],
              [
                -105.8146248314,
                40.4849635913
              ],
              [
                -105.8144572708,
                40.4849011389
              ],
              [
                -105.8143571437,
                40.4848442231
              ],
              [
                -105.8142569375,
                40.4847701502
              ],
              [
                -105.8141844188,
                40.484734419
              ],
              [
                -105.8140837882,
                40.4847343788
              ],
              [
                -105.8139599532,
                40.4847826825
              ],
              [
                -105.813865754,
                40.4848441466
              ],
              [
                -105.8137811213,
                40.4849814144
              ],
              [
                -105.8137090129,
                40.4850445145
              ],
              [
                -105.8136318408,
                40.4850923781
              ],
              [
                -105.8135446301,
                40.4851288323
              ],
              [
                -105.8134622355,
                40.4851271491
              ],
              [
                -105.813292647,
                40.4851657313
              ],
              [
                -105.8131283155,
                40.4852614859
              ],
              [
                -105.8130286737,
                40.4853094117
              ],
              [
                -105.8129437747,
                40.4853058263
              ],
              [
                -105.8128361626,
                40.4853638404
              ],
              [
                -105.8128122677,
                40.4854815552
              ],
              [
                -105.8127306737,
                40.4856533348
              ],
              [
                -105.8126144338,
                40.4858126555
              ],
              [
                -105.8125721238,
                40.4859206353
              ],
              [
                -105.8124961799,
                40.4860027395
              ],
              [
                -105.8124802097,
                40.4860200063
              ],
              [
                -105.812395431,
                40.4860431094
              ],
              [
                -105.8123271401,
                40.4860405487
              ],
              [
                -105.8122531006,
                40.4860377727
              ],
              [
                -105.8121432408,
                40.4860361615
              ],
              [
                -105.8119960574,
                40.4860613384
              ],
              [
                -105.8119064615,
                40.4861225784
              ],
              [
                -105.8118644066,
                40.4862065664
              ],
              [
                -105.8118147119,
                40.4862581685
              ],
              [
                -105.8116701112,
                40.4863023993
              ],
              [
                -105.8114479666,
                40.4863144327
              ],
              [
                -105.8112933273,
                40.4863472526
              ],
              [
                -105.8111838648,
                40.4864314214
              ],
              [
                -105.8111493227,
                40.4865211068
              ],
              [
                -105.8110497845,
                40.4865919029
              ],
              [
                -105.8107904867,
                40.4866688474
              ],
              [
                -105.8105363772,
                40.4867877127
              ],
              [
                -105.8104042484,
                40.4868300032
              ],
              [
                -105.8103272728,
                40.4869217078
              ],
              [
                -105.8102181289,
                40.4870764049
              ],
              [
                -105.810175819,
                40.4871051112
              ],
              [
                -105.8099717148,
                40.4872409993
              ],
              [
                -105.8099286573,
                40.4872775907
              ],
              [
                -105.809924463,
                40.4872811558
              ],
              [
                -105.8098323671,
                40.4873424009
              ],
              [
                -105.8098142613,
                40.487350956
              ],
              [
                -105.8096903653,
                40.4874094977
              ],
              [
                -105.8094968296,
                40.4875185859
              ],
              [
                -105.8094262024,
                40.4876103583
              ],
              [
                -105.8093067853,
                40.4879613347
              ],
              [
                -105.8092984998,
                40.4879856837
              ],
              [
                -105.8092339108,
                40.4880512084
              ],
              [
                -105.8090969243,
                40.4881240095
              ],
              [
                -105.809019546,
                40.4881280283
              ],
              [
                -105.8090108525,
                40.4881303177
              ],
              [
                -105.8088215339,
                40.4881801817
              ],
              [
                -105.8088002758,
                40.4881857811
              ],
              [
                -105.8086976255,
                40.4881612907
              ],
              [
                -105.8084375127,
                40.4880609502
              ],
              [
                -105.8083625535,
                40.4880478061
              ],
              [
                -105.8083026151,
                40.4880441533
              ],
              [
                -105.8082603025,
                40.4880728582
              ],
              [
                -105.8082073294,
                40.4881072892
              ],
              [
                -105.8081300589,
                40.4881575117
              ],
              [
                -105.8080103038,
                40.4882589205
              ],
              [
                -105.8077934082,
                40.4883820982
              ],
              [
                -105.8076810563,
                40.4884459046
              ],
              [
                -105.8076055973,
                40.4885242045
              ],
              [
                -105.8073810903,
                40.4887571627
              ],
              [
                -105.8073532718,
                40.4887860288
              ],
              [
                -105.8072014405,
                40.4890393389
              ],
              [
                -105.8070051975,
                40.4892794448
              ],
              [
                -105.8069652147,
                40.489635576
              ],
              [
                -105.8068791538,
                40.4898388764
              ],
              [
                -105.8068494701,
                40.4898634976
              ],
              [
                -105.8065724563,
                40.4900932658
              ],
              [
                -105.8056924536,
                40.4905805191
              ],
              [
                -105.8055837704,
                40.490640696
              ],
              [
                -105.8052557487,
                40.4909627985
              ],
              [
                -105.8047716816,
                40.4911868876
              ],
              [
                -105.8044840818,
                40.4911888909
              ],
              [
                -105.8041522355,
                40.4911912001
              ],
              [
                -105.8038879422,
                40.4912921365
              ],
              [
                -105.8037773274,
                40.491292906
              ],
              [
                -105.8036442128,
                40.4912623007
              ],
              [
                -105.8034889206,
                40.4912273445
              ],
              [
                -105.8032682748,
                40.4912468962
              ],
              [
                -105.8031142186,
                40.4913155339
              ],
              [
                -105.8028710797,
                40.4913352406
              ],
              [
                -105.8026721329,
                40.491350136
              ],
              [
                -105.8024730455,
                40.4914461117
              ],
              [
                -105.8023309083,
                40.4915867377
              ],
              [
                -105.8021787341,
                40.4915968024
              ],
              [
                -105.8020858167,
                40.4915974471
              ],
              [
                -105.8020104043,
                40.4916745458
              ],
              [
                -105.801901382,
                40.4917473743
              ],
              [
                -105.8018465904,
                40.4917855973
              ],
              [
                -105.8017839877,
                40.4918292679
              ],
              [
                -105.8016148537,
                40.4918394508
              ],
              [
                -105.801378134,
                40.4918410928
              ],
              [
                -105.8011423802,
                40.4919238069
              ],
              [
                -105.8008986793,
                40.4920516215
              ],
              [
                -105.800645861,
                40.4921569754
              ],
              [
                -105.8004612565,
                40.4922618562
              ],
              [
                -105.8003436438,
                40.4923257326
              ],
              [
                -105.8001405315,
                40.4923316446
              ],
              [
                -105.8000402021,
                40.4924224267
              ],
              [
                -105.7998795455,
                40.4924325476
              ],
              [
                -105.7995849513,
                40.49252918
              ],
              [
                -105.7994509661,
                40.4926427191
              ],
              [
                -105.7993582659,
                40.4926929084
              ],
              [
                -105.7992315303,
                40.4927027947
              ],
              [
                -105.7991482145,
                40.4927979641
              ],
              [
                -105.7990303877,
                40.4928438224
              ],
              [
                -105.7989210412,
                40.4928896225
              ],
              [
                -105.7987185134,
                40.4929450763
              ],
              [
                -105.7985669775,
                40.4930091864
              ],
              [
                -105.7984919279,
                40.4930862805
              ],
              [
                -105.7982394173,
                40.4931871213
              ],
              [
                -105.7980292066,
                40.4933101948
              ],
              [
                -105.7978020302,
                40.4934018512
              ],
              [
                -105.7975747993,
                40.4934890041
              ],
              [
                -105.7973716291,
                40.493490406
              ],
              [
                -105.7972374245,
                40.4935859259
              ],
              [
                -105.7971881353,
                40.4936898679
              ],
              [
                -105.7969437818,
                40.4937636243
              ],
              [
                -105.7967193237,
                40.4937922067
              ],
              [
                -105.7966819863,
                40.4937969608
              ],
              [
                -105.7965383928,
                40.4938159681
              ],
              [
                -105.7965061399,
                40.4939015816
              ],
              [
                -105.7964890526,
                40.4939469374
              ],
              [
                -105.7963213484,
                40.4940787215
              ],
              [
                -105.7961367314,
                40.4941835962
              ],
              [
                -105.7959421466,
                40.4941939459
              ],
              [
                -105.795807299,
                40.4942354137
              ],
              [
                -105.7956899808,
                40.494260758
              ],
              [
                -105.7956134565,
                40.4942772892
              ],
              [
                -105.7954451107,
                40.4943550233
              ],
              [
                -105.7954085848,
                40.4943722691
              ],
              [
                -105.795251481,
                40.4944464451
              ],
              [
                -105.7950919856,
                40.4945241183
              ],
              [
                -105.7947598365,
                40.4946085669
              ],
              [
                -105.7947460138,
                40.4946120816
              ],
              [
                -105.7946816213,
                40.4946346685
              ],
              [
                -105.7945102419,
                40.4946947837
              ],
              [
                -105.7943586432,
                40.4947543831
              ],
              [
                -105.7943221427,
                40.4947546343
              ],
              [
                -105.7942317977,
                40.4947552546
              ],
              [
                -105.7940039212,
                40.4947883531
              ],
              [
                -105.7938271982,
                40.4948751507
              ],
              [
                -105.7937291332,
                40.4949284783
              ],
              [
                -105.7936678055,
                40.4949618293
              ],
              [
                -105.793430259,
                40.4950057155
              ],
              [
                -105.7933892533,
                40.4950132922
              ],
              [
                -105.7933839483,
                40.495015812
              ],
              [
                -105.7930526067,
                40.4951732574
              ],
              [
                -105.7928155588,
                40.4951478574
              ],
              [
                -105.7927282345,
                40.4951252825
              ],
              [
                -105.7926627911,
                40.4951083658
              ],
              [
                -105.7925617061,
                40.4951360851
              ],
              [
                -105.7925433885,
                40.4951592472
              ],
              [
                -105.7925115618,
                40.495199492
              ],
              [
                -105.7923097092,
                40.4952819553
              ],
              [
                -105.7920479584,
                40.4953197854
              ],
              [
                -105.7917181463,
                40.4953400626
              ],
              [
                -105.7914474246,
                40.4953961405
              ],
              [
                -105.7913808052,
                40.4954099405
              ],
              [
                -105.7908750561,
                40.4955530408
              ],
              [
                -105.7907493718,
                40.495652998
              ],
              [
                -105.7906995234,
                40.4957137568
              ],
              [
                -105.7906490276,
                40.4957753053
              ],
              [
                -105.7904652943,
                40.4959567402
              ],
              [
                -105.7902205539,
                40.4959989531
              ],
              [
                -105.7899834508,
                40.4960005755
              ],
              [
                -105.7899258681,
                40.495982607
              ],
              [
                -105.7898986912,
                40.4959741271
              ],
              [
                -105.7898228893,
                40.4959881592
              ],
              [
                -105.7896294062,
                40.4960930836
              ],
              [
                -105.7896225843,
                40.4961110582
              ],
              [
                -105.7895882694,
                40.4962014721
              ],
              [
                -105.789495978,
                40.4962561549
              ],
              [
                -105.7893691297,
                40.4962570215
              ],
              [
                -105.7893309519,
                40.4962395393
              ],
              [
                -105.7893012793,
                40.4962259523
              ],
              [
                -105.7891655277,
                40.4961908448
              ],
              [
                -105.7890214524,
                40.4961693057
              ],
              [
                -105.7887846121,
                40.4961619152
              ],
              [
                -105.7885814327,
                40.4961633012
              ],
              [
                -105.7884472645,
                40.4962633142
              ],
              [
                -105.7882377106,
                40.4964133907
              ],
              [
                -105.7880532863,
                40.4965677996
              ],
              [
                -105.7877429592,
                40.4968041474
              ],
              [
                -105.787682584,
                40.4968862862
              ],
              [
                -105.7876431319,
                40.4969399612
              ],
              [
                -105.787441953,
                40.4970809691
              ],
              [
                -105.7872236511,
                40.4972401117
              ],
              [
                -105.7869544066,
                40.497363566
              ],
              [
                -105.786811804,
                40.497436608
              ],
              [
                -105.7866612981,
                40.4975907846
              ],
              [
                -105.7865190623,
                40.4977268851
              ],
              [
                -105.7863668726,
                40.4977369299
              ],
              [
                -105.7862390738,
                40.4976567193
              ],
              [
                -105.786026201,
                40.4975230334
              ],
              [
                -105.7858056348,
                40.4974884988
              ],
              [
                -105.7856196252,
                40.4974762495
              ],
              [
                -105.7854083319,
                40.4974879198
              ],
              [
                -105.7853406376,
                40.4974916599
              ],
              [
                -105.7850447362,
                40.497511688
              ],
              [
                -105.7849780951,
                40.4976157431
              ],
              [
                -105.7849540162,
                40.4977014908
              ],
              [
                -105.7849650051,
                40.4977055007
              ],
              [
                -105.7850388282,
                40.4977324466
              ],
              [
                -105.7850446206,
                40.4977373017
              ],
              [
                -105.7851241128,
                40.4978039385
              ],
              [
                -105.7851250059,
                40.4978805068
              ],
              [
                -105.7851011392,
                40.4979842715
              ],
              [
                -105.7850933405,
                40.4980428826
              ],
              [
                -105.7850938893,
                40.4980899565
              ],
              [
                -105.7850942325,
                40.498119452
              ],
              [
                -105.7850947574,
                40.4981644931
              ],
              [
                -105.7850955973,
                40.4982365584
              ],
              [
                -105.7849179618,
                40.4982467745
              ],
              [
                -105.7847066112,
                40.4982437039
              ],
              [
                -105.7845742768,
                40.4982446021
              ],
              [
                -105.7845712781,
                40.4982446227
              ],
              [
                -105.7844512785,
                40.4981373307
              ],
              [
                -105.7843317527,
                40.498039045
              ],
              [
                -105.7843309135,
                40.4979669789
              ],
              [
                -105.7843302838,
                40.4979129297
              ],
              [
                -105.7843021268,
                40.497893927
              ],
              [
                -105.7842808676,
                40.4978795799
              ],
              [
                -105.7842708112,
                40.4978727935
              ],
              [
                -105.7842585355,
                40.4978879918
              ],
              [
                -105.7842122805,
                40.4979452623
              ],
              [
                -105.7840778909,
                40.498027254
              ],
              [
                -105.783868481,
                40.4981908345
              ],
              [
                -105.7837594312,
                40.4982636458
              ],
              [
                -105.7836078146,
                40.4983232318
              ],
              [
                -105.7835064058,
                40.498323919
              ],
              [
                -105.7833626422,
                40.4983293976
              ],
              [
                -105.7832527536,
                40.4983301432
              ],
              [
                -105.7831599281,
                40.4983713121
              ],
              [
                -105.7830077885,
                40.498385856
              ],
              [
                -105.7829241059,
                40.4983904821
              ],
              [
                -105.7829149129,
                40.4983909908
              ],
              [
                -105.7828965894,
                40.4982739981
              ],
              [
                -105.7828871655,
                40.4981929826
              ],
              [
                -105.7828024452,
                40.4980691822
              ],
              [
                -105.7828018729,
                40.4980683452
              ],
              [
                -105.7828012542,
                40.49806744
              ],
              [
                -105.7826821512,
                40.4980051839
              ],
              [
                -105.7824881278,
                40.4980650566
              ],
              [
                -105.7824421885,
                40.4980754656
              ],
              [
                -105.7823446776,
                40.4980975591
              ],
              [
                -105.7822262561,
                40.4980938558
              ],
              [
                -105.7820146961,
                40.4980727656
              ],
              [
                -105.7818878432,
                40.4980736238
              ],
              [
                -105.7817693674,
                40.4980654153
              ],
              [
                -105.7815321025,
                40.4980219764
              ],
              [
                -105.7811845816,
                40.4979792825
              ],
              [
                -105.7809393571,
                40.4979809397
              ],
              [
                -105.7807523518,
                40.4979146356
              ],
              [
                -105.7805311135,
                40.497790006
              ],
              [
                -105.7803523805,
                40.4977056277
              ],
              [
                -105.7801832827,
                40.497688752
              ],
              [
                -105.78014098,
                40.4976980473
              ],
              [
                -105.7799797844,
                40.4976630993
              ],
              [
                -105.7797679672,
                40.4976194842
              ],
              [
                -105.7795729526,
                40.4975937731
              ],
              [
                -105.7795416316,
                40.4975939847
              ],
              [
                -105.7794291385,
                40.497594744
              ],
              [
                -105.7794132222,
                40.497653409
              ],
              [
                -105.7794645746,
                40.4977251341
              ],
              [
                -105.7794821686,
                40.4977561334
              ],
              [
                -105.77948582,
                40.4977625673
              ],
              [
                -105.7795078682,
                40.4978014173
              ],
              [
                -105.7795095897,
                40.4979500519
              ],
              [
                -105.7795138635,
                40.4983193885
              ],
              [
                -105.7795235448,
                40.4984229253
              ],
              [
                -105.7795182549,
                40.4985871433
              ],
              [
                -105.779517304,
                40.498616658
              ],
              [
                -105.7793918585,
                40.4987391252
              ],
              [
                -105.7791142167,
                40.4988716251
              ],
              [
                -105.7786753267,
                40.4989646722
              ],
              [
                -105.7784305171,
                40.4990023566
              ],
              [
                -105.7781262826,
                40.4990359382
              ],
              [
                -105.7778642504,
                40.4990512144
              ],
              [
                -105.7776526358,
                40.499025612
              ],
              [
                -105.7774450926,
                40.4989954731
              ],
              [
                -105.7774154746,
                40.4989911725
              ],
              [
                -105.7771530776,
                40.49897492
              ],
              [
                -105.7768992639,
                40.498967617
              ],
              [
                -105.7766125127,
                40.4990461194
              ],
              [
                -105.7764193125,
                40.4991780482
              ],
              [
                -105.7762429239,
                40.4992648173
              ],
              [
                -105.7759637687,
                40.4992666925
              ],
              [
                -105.7757942471,
                40.4992453067
              ],
              [
                -105.7755149362,
                40.4992336688
              ],
              [
                -105.7753374575,
                40.4992258501
              ],
              [
                -105.7752272507,
                40.4992310945
              ],
              [
                -105.7751180311,
                40.4992903857
              ],
              [
                -105.7749660422,
                40.4993184314
              ],
              [
                -105.7747290379,
                40.4992974979
              ],
              [
                -105.7744838097,
                40.4992991407
              ],
              [
                -105.7741624024,
                40.4993148084
              ],
              [
                -105.7738335551,
                40.4993890833
              ],
              [
                -105.7735808791,
                40.4994808632
              ],
              [
                -105.7733029654,
                40.4995908292
              ],
              [
                -105.7731855741,
                40.4996771992
              ],
              [
                -105.7729407066,
                40.499710369
              ],
              [
                -105.7728565612,
                40.4997694894
              ],
              [
                -105.7728495798,
                40.4999001653
              ],
              [
                -105.7728466465,
                40.4999155069
              ],
              [
                -105.7728099176,
                40.5001076351
              ],
              [
                -105.7726595293,
                40.500275304
              ],
              [
                -105.7722846749,
                40.5005087932
              ],
              [
                -105.7722647842,
                40.5005211836
              ],
              [
                -105.772046597,
                40.5006622792
              ],
              [
                -105.7717766926,
                40.5007316487
              ],
              [
                -105.7716676159,
                40.500835979
              ],
              [
                -105.77158482,
                40.5009806744
              ],
              [
                -105.7715695585,
                40.5011294229
              ],
              [
                -105.7714437323,
                40.5012203524
              ],
              [
                -105.7712837712,
                40.5012934912
              ],
              [
                -105.7710644965,
                40.5013399985
              ],
              [
                -105.7708969534,
                40.501489898
              ],
              [
                -105.7708969472,
                40.5015056053
              ],
              [
                -105.7708969313,
                40.5015481371
              ],
              [
                -105.7708969265,
                40.5015617764
              ],
              [
                -105.770993222,
                40.5017503788
              ],
              [
                -105.7711145913,
                40.5020108275
              ],
              [
                -105.7711929336,
                40.502217509
              ],
              [
                -105.771086493,
                40.5025200162
              ],
              [
                -105.7710758001,
                40.5025406234
              ],
              [
                -105.7709457616,
                40.5027912221
              ],
              [
                -105.7709569776,
                40.5030298831
              ],
              [
                -105.7710534572,
                40.503145458
              ],
              [
                -105.7711028144,
                40.5032045833
              ],
              [
                -105.7711089411,
                40.5032060969
              ],
              [
                -105.7711205689,
                40.503208969
              ],
              [
                -105.7711988453,
                40.5032489868
              ],
              [
                -105.7712782821,
                40.5032935007
              ],
              [
                -105.7712843907,
                40.5032976571
              ],
              [
                -105.7713503933,
                40.5033425692
              ],
              [
                -105.7713708763,
                40.5033919804
              ],
              [
                -105.7713762904,
                40.503445997
              ],
              [
                -105.7713363464,
                40.5034749579
              ],
              [
                -105.7713323962,
                40.5034778214
              ],
              [
                -105.7712109627,
                40.5034696231
              ],
              [
                -105.7710805663,
                40.5034840071
              ],
              [
                -105.7709892224,
                40.5036557864
              ],
              [
                -105.7709343606,
                40.5037282224
              ],
              [
                -105.7709346927,
                40.5037572095
              ],
              [
                -105.7709356508,
                40.5038408244
              ],
              [
                -105.7709371973,
                40.5039759478
              ],
              [
                -105.7709287441,
                40.5040751023
              ],
              [
                -105.7708643946,
                40.5041566111
              ],
              [
                -105.7708233128,
                40.504176869
              ],
              [
                -105.7707532706,
                40.5042114062
              ],
              [
                -105.7706826171,
                40.50422539
              ],
              [
                -105.7706137556,
                40.5042348581
              ],
              [
                -105.7705549674,
                40.5042231082
              ],
              [
                -105.7705483268,
                40.5042217814
              ],
              [
                -105.7704819668,
                40.5041276302
              ],
              [
                -105.770397478,
                40.5040606272
              ],
              [
                -105.7703473039,
                40.5040170563
              ],
              [
                -105.7703408556,
                40.5040114561
              ],
              [
                -105.7702472937,
                40.5039895572
              ],
              [
                -105.7701075233,
                40.503990489
              ],
              [
                -105.7700710992,
                40.5040628034
              ],
              [
                -105.7700999,
                40.5041301775
              ],
              [
                -105.7701146244,
                40.5041416196
              ],
              [
                -105.7702033514,
                40.5042105681
              ],
              [
                -105.7702601723,
                40.5043092863
              ],
              [
                -105.7702711515,
                40.504430834
              ],
              [
                -105.7702906224,
                40.5045207936
              ],
              [
                -105.7703660969,
                40.5046058732
              ],
              [
                -105.7703674364,
                40.5047229804
              ],
              [
                -105.7703683127,
                40.5047995511
              ],
              [
                -105.7703316323,
                40.5048493434
              ],
              [
                -105.7702384826,
                40.5048634786
              ],
              [
                -105.7701452355,
                40.5048370731
              ],
              [
                -105.7700702163,
                40.5048240598
              ],
              [
                -105.7700598355,
                40.504821793
              ],
              [
                -105.7699300823,
                40.5047934623
              ],
              [
                -105.7698557396,
                40.5048074717
              ],
              [
                -105.7698486384,
                40.5048512071
              ],
              [
                -105.7698381675,
                40.5049156945
              ],
              [
                -105.7698768667,
                40.5050100303
              ],
              [
                -105.7698863326,
                40.5050145273
              ],
              [
                -105.7700077727,
                40.5050722199
              ],
              [
                -105.7700081917,
                40.5050740309
              ],
              [
                -105.7700275592,
                40.5051576723
              ],
              [
                -105.7700289503,
                40.5052792826
              ],
              [
                -105.7699644977,
                40.5053517837
              ],
              [
                -105.7698531117,
                40.5053840571
              ],
              [
                -105.7697890714,
                40.5054925895
              ],
              [
                -105.7697899982,
                40.5055736634
              ],
              [
                -105.7697910275,
                40.5056637464
              ],
              [
                -105.7698108584,
                40.5057852337
              ],
              [
                -105.7697936542,
                40.5058934541
              ],
              [
                -105.7696736062,
                40.5060068648
              ],
              [
                -105.7695811744,
                40.5060840564
              ],
              [
                -105.7694706635,
                40.5061928992
              ],
              [
                -105.7693785915,
                40.506301619
              ],
              [
                -105.7692308809,
                40.5064152134
              ],
              [
                -105.7691014557,
                40.5065151725
              ],
              [
                -105.7689904208,
                40.5066105053
              ],
              [
                -105.7688611064,
                40.5066879413
              ],
              [
                -105.7687778424,
                40.5067605654
              ],
              [
                -105.7686896111,
                40.5068284169
              ],
              [
                -105.7686301298,
                40.5068741591
              ],
              [
                -105.7685379535,
                40.5069738703
              ],
              [
                -105.7684089384,
                40.5071098611
              ],
              [
                -105.7683354159,
                40.5071959346
              ],
              [
                -105.7682430844,
                40.5072821334
              ],
              [
                -105.7681591494,
                40.5072962035
              ],
              [
                -105.7680805327,
                40.5072798486
              ],
              [
                -105.7680752254,
                40.5072787443
              ],
              [
                -105.7680091233,
                40.5072071119
              ],
              [
                -105.7680077368,
                40.5070855013
              ],
              [
                -105.7680158774,
                40.5069908543
              ],
              [
                -105.7680699725,
                40.5069243845
              ],
              [
                -105.7680699918,
                40.5069243597
              ],
              [
                -105.768071165,
                40.50692292
              ],
              [
                -105.768107747,
                40.5068641191
              ],
              [
                -105.7681162472,
                40.5068010005
              ],
              [
                -105.7681157348,
                40.5067560504
              ],
              [
                -105.7681156821,
                40.5067514558
              ],
              [
                -105.7680221684,
                40.5067340592
              ],
              [
                -105.7678271122,
                40.5067713911
              ],
              [
                -105.7676410105,
                40.5068176714
              ],
              [
                -105.7675295701,
                40.5068454387
              ],
              [
                -105.7673576874,
                40.5069096422
              ],
              [
                -105.7672829388,
                40.5070043215
              ],
              [
                -105.767271882,
                40.5070183188
              ],
              [
                -105.7671622146,
                40.5071046319
              ],
              [
                -105.7671156145,
                40.5071905252
              ],
              [
                -105.7670777005,
                40.507294379
              ],
              [
                -105.7670518555,
                40.5073891446
              ],
              [
                -105.7670440805,
                40.5074837884
              ],
              [
                -105.766990697,
                40.5075246828
              ],
              [
                -105.7668739473,
                40.5075074397
              ],
              [
                -105.7667809031,
                40.5074770418
              ],
              [
                -105.7667808468,
                40.5074770237
              ],
              [
                -105.7667388181,
                40.5074632922
              ],
              [
                -105.7666337685,
                40.5074369633
              ],
              [
                -105.7665896044,
                40.5074777949
              ],
              [
                -105.7665902358,
                40.5075331554
              ],
              [
                -105.7665902361,
                40.5075332011
              ],
              [
                -105.7665906308,
                40.5075678779
              ],
              [
                -105.7665916571,
                40.50765796
              ],
              [
                -105.7665596527,
                40.5077302436
              ],
              [
                -105.7664701755,
                40.5077758802
              ],
              [
                -105.7663540417,
                40.5078126871
              ],
              [
                -105.7662440637,
                40.5078719734
              ],
              [
                -105.7661875741,
                40.5078993745
              ],
              [
                -105.7661493609,
                40.5079446718
              ],
              [
                -105.7661170504,
                40.5079899316
              ],
              [
                -105.7660784689,
                40.5080352314
              ],
              [
                -105.7659712878,
                40.5080809861
              ],
              [
                -105.7658737883,
                40.5081672173
              ],
              [
                -105.7658235573,
                40.5082261067
              ],
              [
                -105.7657730199,
                40.5082579743
              ],
              [
                -105.7657135796,
                40.5082853942
              ],
              [
                -105.7656544981,
                40.5083443435
              ],
              [
                -105.7655863077,
                40.5083808299
              ],
              [
                -105.7655390789,
                40.5084442067
              ],
              [
                -105.7654566392,
                40.5085573628
              ],
              [
                -105.7654513518,
                40.5086114508
              ],
              [
                -105.7653800984,
                40.5086704808
              ],
              [
                -105.7653151668,
                40.5087339731
              ],
              [
                -105.7652409109,
                40.5087885181
              ],
              [
                -105.7652117542,
                40.5088517731
              ],
              [
                -105.7652127267,
                40.5089373513
              ],
              [
                -105.7652226516,
                40.5090318796
              ],
              [
                -105.7652535002,
                40.5091172595
              ],
              [
                -105.7652543188,
                40.5091893238
              ],
              [
                -105.7652551387,
                40.5092613897
              ],
              [
                -105.7652528536,
                40.5093199635
              ],
              [
                -105.7651342264,
                40.5093973242
              ],
              [
                -105.7650810438,
                40.5094562342
              ],
              [
                -105.7650160082,
                40.5095107174
              ],
              [
                -105.7649448566,
                40.5095787562
              ],
              [
                -105.7648888239,
                40.5096466926
              ],
              [
                -105.7648416975,
                40.5097190754
              ],
              [
                -105.7648064846,
                40.5097688573
              ],
              [
                -105.7647445513,
                40.5098368336
              ],
              [
                -105.7646852632,
                40.5098777671
              ],
              [
                -105.7646261273,
                40.5099322111
              ],
              [
                -105.7646086179,
                40.5099818747
              ],
              [
                -105.7645496877,
                40.5100543358
              ],
              [
                -105.7645150869,
                40.5101581675
              ],
              [
                -105.7644859179,
                40.5102529543
              ],
              [
                -105.764442913,
                40.5103111091
              ],
              [
                -105.7644594508,
                40.510120448
              ],
              [
                -105.7644428927,
                40.5103111358
              ],
              [
                -105.7644390547,
                40.5103163257
              ],
              [
                -105.7643776335,
                40.5104293433
              ],
              [
                -105.7643722334,
                40.5105059541
              ],
              [
                -105.7644390712,
                40.5105775837
              ],
              [
                -105.7644608508,
                40.5106765378
              ],
              [
                -105.7644770979,
                40.5107755277
              ],
              [
                -105.7644782751,
                40.5108791213
              ],
              [
                -105.7644792468,
                40.5109646997
              ],
              [
                -105.7645459201,
                40.5110543471
              ],
              [
                -105.7646339637,
                40.5111214386
              ],
              [
                -105.7646396852,
                40.5111257976
              ],
              [
                -105.7647420845,
                40.5112107047
              ],
              [
                -105.7647728815,
                40.5112915809
              ],
              [
                -105.7647440803,
                40.5113863636
              ],
              [
                -105.7646969615,
                40.5114272165
              ],
              [
                -105.7646103271,
                40.5114638246
              ],
              [
                -105.7646017791,
                40.5114802302
              ],
              [
                -105.7645608713,
                40.5115587455
              ],
              [
                -105.7645347139,
                40.5116264846
              ],
              [
                -105.7645101653,
                40.5117707888
              ],
              [
                -105.7644797734,
                40.5118881063
              ],
              [
                -105.7644289459,
                40.5119920443
              ],
              [
                -105.7644172819,
                40.5120667397
              ],
              [
                -105.7644172664,
                40.5120668361
              ],
              [
                -105.7644141594,
                40.5120867356
              ],
              [
                -105.7643873556,
                40.5121950189
              ],
              [
                -105.7643682577,
                40.5122672172
              ],
              [
                -105.7643453155,
                40.5123259258
              ],
              [
                -105.7642619986,
                40.5123625131
              ],
              [
                -105.7641691836,
                40.5124019206
              ],
              [
                -105.7641691429,
                40.5124019381
              ],
              [
                -105.7641111237,
                40.5124265727
              ],
              [
                -105.7640077853,
                40.5124542823
              ],
              [
                -105.7639724701,
                40.5124950557
              ],
              [
                -105.7638732293,
                40.5125587736
              ],
              [
                -105.763846487,
                40.5126400308
              ],
              [
                -105.7638272346,
                40.512698715
              ],
              [
                -105.7638493171,
                40.5127681118
              ],
              [
                -105.7638493301,
                40.5127681538
              ],
              [
                -105.763860131,
                40.5128021003
              ],
              [
                -105.7638567375,
                40.5128606809
              ],
              [
                -105.7638134077,
                40.5129105158
              ],
              [
                -105.7636909199,
                40.5130059183
              ],
              [
                -105.7636120678,
                40.5130785112
              ],
              [
                -105.7635569857,
                40.5131329274
              ],
              [
                -105.7635053367,
                40.5131648007
              ],
              [
                -105.7634380317,
                40.5132147933
              ],
              [
                -105.7633951215,
                40.5132691297
              ],
              [
                -105.7633315174,
                40.5132875678
              ],
              [
                -105.7632875214,
                40.5132788505
              ],
              [
                -105.7632254167,
                40.5132444764
              ],
              [
                -105.7632151392,
                40.5132387887
              ],
              [
                -105.7632145253,
                40.513184738
              ],
              [
                -105.7631777781,
                40.513099398
              ],
              [
                -105.7631613563,
                40.5130499577
              ],
              [
                -105.7631609975,
                40.5130184283
              ],
              [
                -105.7631538618,
                40.5129919158
              ],
              [
                -105.7631525263,
                40.5129869528
              ],
              [
                -105.7630767609,
                40.5129739395
              ],
              [
                -105.7629728622,
                40.512952104
              ],
              [
                -105.7629053685,
                40.5129525495
              ],
              [
                -105.7629052119,
                40.5129525508
              ],
              [
                -105.7628651596,
                40.5129528146
              ],
              [
                -105.762702173,
                40.5129899262
              ],
              [
                -105.7625908225,
                40.5130266974
              ],
              [
                -105.7624520129,
                40.5130816657
              ],
              [
                -105.7623767966,
                40.5131497289
              ],
              [
                -105.7623409002,
                40.5131842276
              ],
              [
                -105.7623060056,
                40.5132177622
              ],
              [
                -105.7621913113,
                40.5133176168
              ],
              [
                -105.7620880251,
                40.5133498286
              ],
              [
                -105.7619009585,
                40.5133780886
              ],
              [
                -105.7617936136,
                40.5134103277
              ],
              [
                -105.7616502353,
                40.5134202816
              ],
              [
                -105.76154933,
                40.5134783967
              ],
              [
                -105.7615492989,
                40.5134784144
              ],
              [
                -105.7615193287,
                40.5134956754
              ],
              [
                -105.7615157374,
                40.5134977445
              ],
              [
                -105.7614565329,
                40.5135792141
              ],
              [
                -105.7614177154,
                40.5136695595
              ],
              [
                -105.7614125015,
                40.513717965
              ],
              [
                -105.7614070347,
                40.5137687262
              ],
              [
                -105.7613245798,
                40.5138818802
              ],
              [
                -105.7612061964,
                40.5139817587
              ],
              [
                -105.7611108553,
                40.5140319349
              ],
              [
                -105.7610517417,
                40.5140430405
              ],
              [
                -105.7610114708,
                40.5140506072
              ],
              [
                -105.7609953828,
                40.5140601904
              ],
              [
                -105.7608967861,
                40.5141189287
              ],
              [
                -105.7607661763,
                40.5142143824
              ],
              [
                -105.7606708359,
                40.5142645582
              ],
              [
                -105.7605238571,
                40.514315075
              ],
              [
                -105.7604167772,
                40.5143383022
              ],
              [
                -105.7602930605,
                40.5143256026
              ],
              [
                -105.7600893024,
                40.5143134291
              ],
              [
                -105.7599101442,
                40.5143236169
              ],
              [
                -105.7597387313,
                40.5143337531
              ],
              [
                -105.7595995116,
                40.5143526855
              ],
              [
                -105.7594561311,
                40.514362637
              ],
              [
                -105.7592966231,
                40.5143817031
              ],
              [
                -105.7591535478,
                40.5144186787
              ],
              [
                -105.7590658126,
                40.5144237605
              ],
              [
                -105.7588947043,
                40.5144609183
              ],
              [
                -105.758838747,
                40.5144789156
              ],
              [
                -105.7587517309,
                40.5145069025
              ],
              [
                -105.7586448013,
                40.5145436398
              ],
              [
                -105.758569682,
                40.5146207089
              ],
              [
                -105.7584510374,
                40.5146980628
              ],
              [
                -105.7583998917,
                40.5147749743
              ],
              [
                -105.75837255,
                40.5148201994
              ],
              [
                -105.7583452114,
                40.5148654208
              ],
              [
                -105.7583063891,
                40.5149557644
              ],
              [
                -105.7581996994,
                40.5150465546
              ],
              [
                -105.7581291065,
                40.515132601
              ],
              [
                -105.7581086947,
                40.5151513033
              ],
              [
                -105.7580498767,
                40.5152051913
              ],
              [
                -105.7579193762,
                40.5152781192
              ],
              [
                -105.7578599644,
                40.5153415708
              ],
              [
                -105.7577148698,
                40.5155272039
              ],
              [
                -105.7576278432,
                40.515595341
              ],
              [
                -105.7575086755,
                40.5156591843
              ],
              [
                -105.7573934259,
                40.5156779578
              ],
              [
                -105.7572982466,
                40.5157101123
              ],
              [
                -105.7572151248,
                40.5157647114
              ],
              [
                -105.7571521234,
                40.5158371948
              ],
              [
                -105.7571333204,
                40.515936416
              ],
              [
                -105.7571339787,
                40.5159949692
              ],
              [
                -105.7570671221,
                40.5160854954
              ],
              [
                -105.7570352076,
                40.5161136177
              ],
              [
                -105.7570156202,
                40.5161308776
              ],
              [
                -105.7569321942,
                40.5161584501
              ],
              [
                -105.7568012353,
                40.51619084
              ],
              [
                -105.7566899267,
                40.5162321085
              ],
              [
                -105.7565667633,
                40.5162689495
              ],
              [
                -105.756451651,
                40.5163327654
              ],
              [
                -105.7563648384,
                40.516387387
              ],
              [
                -105.7562691047,
                40.5164541147
              ],
              [
                -105.7562539341,
                40.5164646879
              ],
              [
                -105.7561707087,
                40.5165102774
              ],
              [
                -105.7560681731,
                40.5166100458
              ],
              [
                -105.7560052705,
                40.5166915379
              ],
              [
                -105.7558942647,
                40.5167598294
              ],
              [
                -105.7558523331,
                40.5167879535
              ],
              [
                -105.75575184,
                40.5168553545
              ],
              [
                -105.7556173279,
                40.5169328105
              ],
              [
                -105.7555604823,
                40.5169646142
              ],
              [
                -105.7554706928,
                40.5170148485
              ],
              [
                -105.7553920287,
                40.5171054521
              ],
              [
                -105.7553571432,
                40.5172182907
              ],
              [
                -105.755370882,
                40.517357838
              ],
              [
                -105.7553797932,
                40.517461382
              ],
              [
                -105.7553892724,
                40.5175829401
              ],
              [
                -105.7553782122,
                40.5176821101
              ],
              [
                -105.7553600585,
                40.5177066513
              ],
              [
                -105.7553313373,
                40.5177454783
              ],
              [
                -105.7551958972,
                40.5177733895
              ],
              [
                -105.7550489562,
                40.5178284034
              ],
              [
                -105.7549462137,
                40.5179101539
              ],
              [
                -105.7549357763,
                40.5179264327
              ],
              [
                -105.7548563004,
                40.5180503787
              ],
              [
                -105.7547341433,
                40.5181773017
              ],
              [
                -105.7546514217,
                40.5182679311
              ],
              [
                -105.7546044261,
                40.5183538223
              ],
              [
                -105.7546057396,
                40.518470928
              ],
              [
                -105.7546348843,
                40.518569836
              ],
              [
                -105.7546596032,
                40.5186687726
              ],
              [
                -105.7545969517,
                40.5187727835
              ],
              [
                -105.7545909535,
                40.5188053468
              ],
              [
                -105.7545819988,
                40.5188539609
              ],
              [
                -105.7545227963,
                40.5189038965
              ],
              [
                -105.7544592337,
                40.5189268336
              ],
              [
                -105.754348627,
                40.5190311576
              ],
              [
                -105.7543302358,
                40.5190512736
              ],
              [
                -105.7542699089,
                40.5191172556
              ],
              [
                -105.7542513029,
                40.5192344921
              ],
              [
                -105.7542254034,
                40.5193923156
              ],
              [
                -105.75421429,
                40.5194869816
              ],
              [
                -105.7542154501,
                40.5195905761
              ],
              [
                -105.7541499495,
                40.5198027127
              ],
              [
                -105.7541431138,
                40.5198838374
              ],
              [
                -105.7541160462,
                40.5199565164
              ],
              [
                -105.7541044352,
                40.5199876923
              ],
              [
                -105.7540415786,
                40.5200736867
              ],
              [
                -105.7539501292,
                40.5201103184
              ],
              [
                -105.7537709052,
                40.5201159925
              ],
              [
                -105.7536471796,
                40.5201032854
              ],
              [
                -105.7536106442,
                40.5201022341
              ],
              [
                -105.7535194965,
                40.5200996127
              ],
              [
                -105.7533966769,
                40.5201679804
              ],
              [
                -105.753357803,
                40.5202072025
              ],
              [
                -105.7532988262,
                40.5202667076
              ],
              [
                -105.7532978193,
                40.5202677232
              ],
              [
                -105.7532150922,
                40.520358351
              ],
              [
                -105.7531362711,
                40.5204354401
              ],
              [
                -105.7530932309,
                40.5205122954
              ],
              [
                -105.753019021,
                40.5206389044
              ],
              [
                -105.7530161239,
                40.5207425251
              ],
              [
                -105.7529692272,
                40.520837423
              ],
              [
                -105.7529123188,
                40.5209030119
              ],
              [
                -105.7528748954,
                40.5209461442
              ],
              [
                -105.7527762037,
                40.5210278669
              ],
              [
                -105.7526770577,
                40.5210690534
              ],
              [
                -105.7525295536,
                40.5210745193
              ],
              [
                -105.7524137741,
                40.5210797766
              ],
              [
                -105.7523271934,
                40.5211164015
              ],
              [
                -105.7522948083,
                40.5211301006
              ],
              [
                -105.7521998053,
                40.521211799
              ],
              [
                -105.7521176284,
                40.5213519705
              ],
              [
                -105.7520075829,
                40.5214743067
              ],
              [
                -105.7518341066,
                40.5216646212
              ],
              [
                -105.7516839023,
                40.5217917234
              ],
              [
                -105.751605379,
                40.5218958346
              ],
              [
                -105.7515591006,
                40.522013252
              ],
              [
                -105.7515521921,
                40.5221214022
              ],
              [
                -105.7514695107,
                40.522216534
              ],
              [
                -105.7513990857,
                40.5223521258
              ],
              [
                -105.7513720715,
                40.5224108577
              ],
              [
                -105.7512255203,
                40.5225018994
              ],
              [
                -105.7510829766,
                40.5225884105
              ],
              [
                -105.7509832068,
                40.5226070768
              ],
              [
                -105.7508411384,
                40.5227501177
              ],
              [
                -105.7508256046,
                40.5227657566
              ],
              [
                -105.7506750938,
                40.5228658312
              ],
              [
                -105.750645595,
                40.5228819867
              ],
              [
                -105.7505086206,
                40.5229570022
              ],
              [
                -105.7504299983,
                40.5230038427
              ],
              [
                -105.7504016055,
                40.523020759
              ],
              [
                -105.7502541469,
                40.5230307246
              ],
              [
                -105.75014921,
                40.5230314063
              ],
              [
                -105.7501147046,
                40.5230316313
              ],
              [
                -105.7499830085,
                40.5230324862
              ],
              [
                -105.7499150795,
                40.5230570646
              ],
              [
                -105.7498562423,
                40.5230783526
              ],
              [
                -105.7497451697,
                40.5231421358
              ],
              [
                -105.7495898943,
                40.5231791787
              ],
              [
                -105.7494704739,
                40.5231889619
              ],
              [
                -105.7493350379,
                40.5231853357
              ],
              [
                -105.7491792115,
                40.5231728335
              ],
              [
                -105.7491512706,
                40.5231705268
              ],
              [
                -105.7490274464,
                40.523160303
              ],
              [
                -105.7488964696,
                40.5231926832
              ],
              [
                -105.7487296907,
                40.5232568264
              ],
              [
                -105.7486337734,
                40.5232977449
              ],
              [
                -105.7486224742,
                40.5233025652
              ],
              [
                -105.7484871702,
                40.5233439809
              ],
              [
                -105.7483287082,
                40.5234260877
              ],
              [
                -105.748082598,
                40.523522275
              ],
              [
                -105.7480398993,
                40.523554354
              ],
              [
                -105.7479797882,
                40.5235995152
              ],
              [
                -105.7479367393,
                40.523676369
              ],
              [
                -105.7478740226,
                40.5237758729
              ],
              [
                -105.7478516453,
                40.5239201588
              ],
              [
                -105.7478968967,
                40.5240414865
              ],
              [
                -105.7479178038,
                40.5240891319
              ],
              [
                -105.7479540533,
                40.524171744
              ],
              [
                -105.7479945949,
                40.5242345442
              ],
              [
                -105.7480436545,
                40.5243333242
              ],
              [
                -105.7480327823,
                40.5244505106
              ],
              [
                -105.7480337887,
                40.5245410019
              ],
              [
                -105.7480344347,
                40.5245991449
              ],
              [
                -105.7480794365,
                40.524697951
              ],
              [
                -105.7480946711,
                40.5247160804
              ],
              [
                -105.7481886096,
                40.5248278735
              ],
              [
                -105.7483378249,
                40.5249755529
              ],
              [
                -105.748347669,
                40.5249816209
              ],
              [
                -105.7484462979,
                40.5250424174
              ],
              [
                -105.7484471381,
                40.5250430983
              ],
              [
                -105.7485952139,
                40.5251630717
              ],
              [
                -105.7487115337,
                40.5252388937
              ],
              [
                -105.7487179745,
                40.5252457638
              ],
              [
                -105.7488164502,
                40.5253508253
              ],
              [
                -105.7488620744,
                40.5254154542
              ],
              [
                -105.7488734272,
                40.5254315354
              ],
              [
                -105.7489338922,
                40.5254942046
              ],
              [
                -105.748934443,
                40.5255437501
              ],
              [
                -105.7488530941,
                40.5255904759
              ],
              [
                -105.748847194,
                40.5255938652
              ],
              [
                -105.7487717689,
                40.5256123712
              ],
              [
                -105.7487288205,
                40.5256982327
              ],
              [
                -105.7487021514,
                40.5257539326
              ],
              [
                -105.7486898791,
                40.5257795649
              ],
              [
                -105.7486311687,
                40.5258745392
              ],
              [
                -105.7484881446,
                40.5259520401
              ],
              [
                -105.748404195,
                40.5260260574
              ],
              [
                -105.7483697702,
                40.5260564091
              ],
              [
                -105.7482793307,
                40.526151588
              ],
              [
                -105.7482438792,
                40.5262148798
              ],
              [
                -105.7482367313,
                40.5262689792
              ],
              [
                -105.7482932903,
                40.526345188
              ],
              [
                -105.7483699711,
                40.5264392853
              ],
              [
                -105.7484109299,
                40.5264978586
              ],
              [
                -105.7484389537,
                40.5265379347
              ],
              [
                -105.7484395974,
                40.526595867
              ],
              [
                -105.7484403059,
                40.5266595462
              ],
              [
                -105.7484575223,
                40.5267810541
              ],
              [
                -105.7484983672,
                40.526870879
              ],
              [
                -105.748503577,
                40.5269744462
              ],
              [
                -105.748500271,
                40.5270420342
              ],
              [
                -105.7485012732,
                40.5271321159
              ],
              [
                -105.748554644,
                40.5272533905
              ],
              [
                -105.7486432734,
                40.5273516989
              ],
              [
                -105.748659614,
                40.5273698247
              ],
              [
                -105.7487368456,
                40.5275134656
              ],
              [
                -105.7488302108,
                40.5276479947
              ],
              [
                -105.7488761272,
                40.5277163635
              ],
              [
                -105.7489356328,
                40.5278049659
              ],
              [
                -105.7490453652,
                40.5279844314
              ],
              [
                -105.7491390829,
                40.5281504884
              ],
              [
                -105.749256162,
                40.5282938701
              ],
              [
                -105.7492635671,
                40.5282968479
              ],
              [
                -105.74938847,
                40.5283470664
              ],
              [
                -105.74947114,
                40.528386421
              ],
              [
                -105.7495004868,
                40.5284003924
              ],
              [
                -105.7495016793,
                40.5284025664
              ],
              [
                -105.7495373944,
                40.528467719
              ],
              [
                -105.7495343694,
                40.5284788713
              ],
              [
                -105.7495104598,
                40.5285669922
              ],
              [
                -105.7494834251,
                40.5286572562
              ],
              [
                -105.749480589,
                40.5287338492
              ],
              [
                -105.7495730376,
                40.5288188339
              ],
              [
                -105.7496857254,
                40.528899182
              ],
              [
                -105.7497756198,
                40.5289687925
              ],
              [
                -105.7497780223,
                40.5289706533
              ],
              [
                -105.7497804772,
                40.5289760514
              ],
              [
                -105.7498188713,
                40.5290604778
              ],
              [
                -105.7498199265,
                40.5291550646
              ],
              [
                -105.7498207295,
                40.529227129
              ],
              [
                -105.7498207703,
                40.5292307992
              ],
              [
                -105.7498216326,
                40.5293082035
              ],
              [
                -105.7498226865,
                40.5294027895
              ],
              [
                -105.7498315564,
                40.5294702984
              ],
              [
                -105.7499120987,
                40.5295463506
              ],
              [
                -105.749916522,
                40.5295473176
              ],
              [
                -105.7501121946,
                40.5295900964
              ],
              [
                -105.7501665025,
                40.529599404
              ],
              [
                -105.7502137544,
                40.5296075028
              ],
              [
                -105.7502641256,
                40.5296161361
              ],
              [
                -105.750384364,
                40.5296784172
              ],
              [
                -105.7503854938,
                40.5296801787
              ],
              [
                -105.7504534535,
                40.5297860739
              ],
              [
                -105.7504542065,
                40.529853637
              ],
              [
                -105.7504312309,
                40.5299438751
              ],
              [
                -105.750388116,
                40.530006895
              ],
              [
                -105.750372418,
                40.5300298403
              ],
              [
                -105.7503418711,
                40.5300856552
              ],
              [
                -105.7503254107,
                40.5301157306
              ],
              [
                -105.7503024859,
                40.5302104718
              ],
              [
                -105.7502393794,
                40.5303148706
              ],
              [
                -105.750212278,
                40.5303597035
              ],
              [
                -105.7501737387,
                40.5304770686
              ],
              [
                -105.7501471736,
                40.5305763386
              ],
              [
                -105.750172695,
                40.5307473413
              ],
              [
                -105.7502818808,
                40.5308772598
              ],
              [
                -105.7502958159,
                40.5308891623
              ],
              [
                -105.7503865582,
                40.5309666688
              ],
              [
                -105.7503900893,
                40.530967404
              ],
              [
                -105.7504705083,
                40.5309841407
              ],
              [
                -105.7505555791,
                40.5309963511
              ],
              [
                -105.7505906146,
                40.5310013796
              ],
              [
                -105.7507021857,
                40.531014168
              ],
              [
                -105.7507510789,
                40.5310173726
              ],
              [
                -105.7508897588,
                40.5310264621
              ],
              [
                -105.7510976556,
                40.5310746599
              ],
              [
                -105.7511224411,
                40.5310744989
              ],
              [
                -105.7511736575,
                40.5310741655
              ],
              [
                -105.751257759,
                40.5310627373
              ],
              [
                -105.7513129156,
                40.531055242
              ],
              [
                -105.7514719962,
                40.5310271815
              ],
              [
                -105.7516471077,
                40.5309809986
              ],
              [
                -105.7517823741,
                40.5309350734
              ],
              [
                -105.751893644,
                40.5309208368
              ],
              [
                -105.7520138504,
                40.5309470809
              ],
              [
                -105.7521700303,
                40.5310226392
              ],
              [
                -105.752350208,
                40.5310665101
              ],
              [
                -105.7525301679,
                40.5311238957
              ],
              [
                -105.7526662236,
                40.5311815673
              ],
              [
                -105.7527225626,
                40.5312022973
              ],
              [
                -105.7528466537,
                40.5312479583
              ],
              [
                -105.7528530495,
                40.5312530296
              ],
              [
                -105.7529060861,
                40.5312950892
              ],
              [
                -105.7529311606,
                40.531314974
              ],
              [
                -105.7529680052,
                40.5314093263
              ],
              [
                -105.7529731229,
                40.5315038861
              ],
              [
                -105.7529105565,
                40.5316169046
              ],
              [
                -105.7529031642,
                40.5316304683
              ],
              [
                -105.7528440317,
                40.5317389576
              ],
              [
                -105.7527455266,
                40.5318386974
              ],
              [
                -105.752636124,
                40.5319832039
              ],
              [
                -105.7525844525,
                40.5320514538
              ],
              [
                -105.7525417565,
                40.5321598386
              ],
              [
                -105.7524636772,
                40.5323044874
              ],
              [
                -105.7524459719,
                40.5325027983
              ],
              [
                -105.7524401713,
                40.5327100405
              ],
              [
                -105.7524417841,
                40.5328541705
              ],
              [
                -105.7524475073,
                40.5329696927
              ],
              [
                -105.7524522687,
                40.5330658111
              ],
              [
                -105.7525420282,
                40.5332724293
              ],
              [
                -105.7526396202,
                40.5334204404
              ],
              [
                -105.75273295,
                40.5335504594
              ],
              [
                -105.7527767752,
                40.5336092972
              ],
              [
                -105.7528097444,
                40.533653561
              ],
              [
                -105.752842584,
                40.5337524446
              ],
              [
                -105.7528476505,
                40.5338425005
              ],
              [
                -105.752893069,
                40.5339773368
              ],
              [
                -105.7528984897,
                40.5340989208
              ],
              [
                -105.7528915318,
                40.5342025669
              ],
              [
                -105.752837432,
                40.5343470622
              ],
              [
                -105.7527987434,
                40.5344509159
              ],
              [
                -105.7527982791,
                40.534468572
              ],
              [
                -105.7527958966,
                40.5345590407
              ],
              [
                -105.7529276171,
                40.5346572797
              ],
              [
                -105.7530187706,
                40.5348233499
              ],
              [
                -105.7530332306,
                40.534994423
              ],
              [
                -105.7529553831,
                40.5350809514
              ],
              [
                -105.7527030349,
                40.5353614325
              ],
              [
                -105.7522831082,
                40.5356569553
              ],
              [
                -105.7516832739,
                40.5360662567
              ],
              [
                -105.7513530811,
                40.5364017324
              ],
              [
                -105.7509927973,
                40.5367193838
              ],
              [
                -105.7506177861,
                40.5370731664
              ],
              [
                -105.7503623337,
                40.5373946388
              ],
              [
                -105.750287463,
                40.5375302582
              ],
              [
                -105.7502566156,
                40.5378412632
              ],
              [
                -105.7502874591,
                40.5379118319
              ],
              [
                -105.7503312145,
                40.5380119459
              ],
              [
                -105.7503753536,
                40.5382639081
              ],
              [
                -105.7504497347,
                40.5384481058
              ],
              [
                -105.7502540764,
                40.5386936739
              ],
              [
                -105.750209642,
                40.5387244343
              ],
              [
                -105.7500748279,
                40.5387793631
              ],
              [
                -105.7498110752,
                40.5387894184
              ],
              [
                -105.7497900747,
                40.5387902202
              ],
              [
                -105.7494087883,
                40.5387599173
              ],
              [
                -105.7493708767,
                40.5387569043
              ],
              [
                -105.7491463992,
                40.5388124119
              ],
              [
                -105.7489359751,
                40.538903866
              ],
              [
                -105.7488367986,
                40.5389627315
              ],
              [
                -105.7486060468,
                40.5390996929
              ],
              [
                -105.748275978,
                40.5393495749
              ],
              [
                -105.7479609801,
                40.5396939505
              ],
              [
                -105.7476458001,
                40.5399887786
              ],
              [
                -105.7472555967,
                40.5402075143
              ],
              [
                -105.7471787535,
                40.5402593238
              ],
              [
                -105.7468508642,
                40.5404803965
              ],
              [
                -105.7466859673,
                40.5405850647
              ],
              [
                -105.7463860998,
                40.5407311425
              ],
              [
                -105.7459364381,
                40.5408466568
              ],
              [
                -105.7452026002,
                40.540959499
              ],
              [
                -105.7446780085,
                40.5411070224
              ],
              [
                -105.7441532063,
                40.5413356251
              ],
              [
                -105.7436887577,
                40.5414827572
              ],
              [
                -105.7435629147,
                40.5415363294
              ],
              [
                -105.7430441512,
                40.5417571692
              ],
              [
                -105.7425941463,
                40.5419762749
              ],
              [
                -105.7419945568,
                40.5423179583
              ],
              [
                -105.7412142196,
                40.5428680011
              ],
              [
                -105.7402838254,
                40.5436667442
              ],
              [
                -105.7395935036,
                40.5442837658
              ],
              [
                -105.7387835756,
                40.5447979473
              ],
              [
                -105.7382733674,
                40.5451165179
              ],
              [
                -105.7378684678,
                40.5453803607
              ],
              [
                -105.7374784488,
                40.5456215838
              ],
              [
                -105.7368784383,
                40.5460983774
              ],
              [
                -105.7365179614,
                40.5464430115
              ],
              [
                -105.7361875931,
                40.5467739391
              ],
              [
                -105.7360071436,
                40.5469777879
              ],
              [
                -105.7354222608,
                40.5472878132
              ],
              [
                -105.7348975014,
                40.5474938501
              ],
              [
                -105.7341634716,
                40.5475976139
              ],
              [
                -105.7334294912,
                40.5475707455
              ],
              [
                -105.7332852121,
                40.54753184
              ],
              [
                -105.7327114084,
                40.5473771072
              ],
              [
                -105.7317829544,
                40.5472838952
              ],
              [
                -105.7308094542,
                40.5472224897
              ],
              [
                -105.7306783538,
                40.5472225142
              ],
              [
                -105.730075773,
                40.5472226244
              ],
              [
                -105.7290122741,
                40.5472338448
              ],
              [
                -105.7285484562,
                40.5471737082
              ],
              [
                -105.7282039083,
                40.547153358
              ],
              [
                -105.7275003264,
                40.5470361705
              ],
              [
                -105.7268115428,
                40.547058525
              ],
              [
                -105.7262722354,
                40.5471159695
              ],
              [
                -105.7255676892,
                40.5472510234
              ],
              [
                -105.7250278657,
                40.5474661205
              ],
              [
                -105.7246677963,
                40.547752157
              ],
              [
                -105.7244124332,
                40.5480285286
              ],
              [
                -105.7241422693,
                40.5482329202
              ],
              [
                -105.7237223891,
                40.5484832942
              ],
              [
                -105.723452502,
                40.5486111086
              ],
              [
                -105.7233774613,
                40.548634101
              ],
              [
                -105.7232273662,
                40.5487476509
              ],
              [
                -105.722732172,
                40.5491336251
              ],
              [
                -105.7222375147,
                40.5492268055
              ],
              [
                -105.7214885543,
                40.5492495043
              ],
              [
                -105.7208449889,
                40.5491544231
              ],
              [
                -105.7202928636,
                40.5491052722
              ],
              [
                -105.7202501445,
                40.5491014686
              ],
              [
                -105.719946561,
                40.5490744422
              ],
              [
                -105.7192589917,
                40.5489900787
              ],
              [
                -105.7191080473,
                40.5489715578
              ],
              [
                -105.7182995285,
                40.5488774907
              ],
              [
                -105.7176412094,
                40.5486788821
              ],
              [
                -105.7170577311,
                40.5484032322
              ],
              [
                -105.7164297485,
                40.548141367
              ],
              [
                -105.7161387029,
                40.5480643774
              ],
              [
                -105.71568103,
                40.5479433085
              ],
              [
                -105.7146329063,
                40.5479092559
              ],
              [
                -105.7134195421,
                40.5479888259
              ],
              [
                -105.7125952849,
                40.5480794965
              ],
              [
                -105.7114266413,
                40.5482353449
              ],
              [
                -105.7100332591,
                40.5484285984
              ],
              [
                -105.7093396555,
                40.5485222527
              ],
              [
                -105.7091944672,
                40.5485418564
              ],
              [
                -105.7082506183,
                40.5485971947
              ],
              [
                -105.7071565213,
                40.5488246122
              ],
              [
                -105.7069842601,
                40.5488892938
              ],
              [
                -105.7062418954,
                40.5491680393
              ],
              [
                -105.7053873732,
                40.5495426216
              ],
              [
                -105.7049520574,
                40.5498065346
              ],
              [
                -105.7045006098,
                40.5505390042
              ],
              [
                -105.7040343954,
                40.5510958898
              ],
              [
                -105.7036586712,
                40.5515891606
              ],
              [
                -105.7031631216,
                40.5520246021
              ],
              [
                -105.7026979486,
                40.5523652628
              ],
              [
                -105.702202642,
                40.552683584
              ],
              [
                -105.7018426052,
                40.5528434257
              ],
              [
                -105.7013774586,
                40.5531525507
              ],
              [
                -105.7005974877,
                40.5534275479
              ],
              [
                -105.7002676362,
                40.5534385579
              ],
              [
                -105.6995032802,
                40.5536188607
              ],
              [
                -105.6990388163,
                40.5536757244
              ],
              [
                -105.6984542268,
                40.5537873662
              ],
              [
                -105.6973909796,
                40.5537622575
              ]
            ],
            [
              [
                -105.7684157427,
                40.5070451218
              ],
              [
                -105.7684002509,
                40.507056943
              ],
              [
                -105.7684157276,
                40.5070451508
              ],
              [
                -105.7684157427,
                40.5070451218
              ]
            ],
            [
              [
                -105.6418588076,
                40.4105153624
              ],
              [
                -105.6416523483,
                40.4104595458
              ],
              [
                -105.6416907538,
                40.4110543215
              ],
              [
                -105.6417253297,
                40.411589779
              ],
              [
                -105.6420982827,
                40.4115833657
              ],
              [
                -105.6424990319,
                40.4115764731
              ],
              [
                -105.6424359791,
                40.4106499054
              ],
              [
                -105.6423657483,
                40.4106304871
              ],
              [
                -105.6420790599,
                40.4105616283
              ],
              [
                -105.6418588076,
                40.4105153624
              ]
            ],
            [
              [
                -105.597882948,
                40.4025121483
              ],
              [
                -105.5976810901,
                40.402090117
              ],
              [
                -105.597321725,
                40.4025116686
              ],
              [
                -105.5973003492,
                40.4025367473
              ],
              [
                -105.5973006811,
                40.4025697643
              ],
              [
                -105.5979105921,
                40.402569951
              ],
              [
                -105.597882948,
                40.4025121483
              ]
            ],
            [
              [
                -105.5982320694,
                40.4017307562
              ],
              [
                -105.5982360303,
                40.4008670182
              ],
              [
                -105.598219826,
                40.4008696175
              ],
              [
                -105.598205878,
                40.4008718538
              ],
              [
                -105.598162237,
                40.4008726342
              ],
              [
                -105.5981282954,
                40.400870905
              ],
              [
                -105.5981181185,
                40.4008698143
              ],
              [
                -105.5980705338,
                40.4008647191
              ],
              [
                -105.598053541,
                40.4008623501
              ],
              [
                -105.598020969,
                40.4008584655
              ],
              [
                -105.5979787371,
                40.4008534275
              ],
              [
                -105.5979631846,
                40.4008524204
              ],
              [
                -105.5979326875,
                40.4008503527
              ],
              [
                -105.5979156634,
                40.400849602
              ],
              [
                -105.5979105818,
                40.4008493769
              ],
              [
                -105.597888477,
                40.4008501167
              ],
              [
                -105.5978699231,
                40.4008520513
              ],
              [
                -105.5978652365,
                40.4008525408
              ],
              [
                -105.5978543892,
                40.4008577515
              ],
              [
                -105.5978411545,
                40.4008640976
              ],
              [
                -105.5978419182,
                40.4010125109
              ],
              [
                -105.5978422972,
                40.4010878514
              ],
              [
                -105.5978426723,
                40.4011606754
              ],
              [
                -105.5978458776,
                40.4014015784
              ],
              [
                -105.5978466136,
                40.401456926
              ],
              [
                -105.5977679391,
                40.401457283
              ],
              [
                -105.5977567914,
                40.4014573367
              ],
              [
                -105.5977596205,
                40.4017323918
              ],
              [
                -105.5982320694,
                40.4017307562
              ]
            ],
            [
              [
                -105.6006408762,
                40.4006202831
              ],
              [
                -105.6006339953,
                40.4008280447
              ],
              [
                -105.6006272436,
                40.4010319051
              ],
              [
                -105.6003340857,
                40.4010528282
              ],
              [
                -105.6003333958,
                40.4010723055
              ],
              [
                -105.6003246658,
                40.4013189945
              ],
              [
                -105.6009168964,
                40.4013312469
              ],
              [
                -105.6009301165,
                40.4009577375
              ],
              [
                -105.6009425351,
                40.4006068266
              ],
              [
                -105.6006408762,
                40.4006202831
              ]
            ],
            [
              [
                -105.6098367527,
                40.386759584
              ],
              [
                -105.6094325574,
                40.3867654124
              ],
              [
                -105.6095653947,
                40.3868601807
              ],
              [
                -105.609572942,
                40.3868655649
              ],
              [
                -105.6099286039,
                40.3870034344
              ],
              [
                -105.6102810502,
                40.3870967122
              ],
              [
                -105.6105486184,
                40.387145094
              ],
              [
                -105.6106309223,
                40.3871599764
              ],
              [
                -105.6106386232,
                40.3871613686
              ],
              [
                -105.6107827395,
                40.3874394446
              ],
              [
                -105.6109374251,
                40.3877379134
              ],
              [
                -105.6110268587,
                40.3878944892
              ],
              [
                -105.6110787239,
                40.387985289
              ],
              [
                -105.6112954519,
                40.3886298946
              ],
              [
                -105.6115169408,
                40.3892039042
              ],
              [
                -105.6115443969,
                40.3892428147
              ],
              [
                -105.6118778096,
                40.3897153629
              ],
              [
                -105.6119390528,
                40.3898021618
              ],
              [
                -105.6123501147,
                40.3902899514
              ],
              [
                -105.6123556118,
                40.3902964743
              ],
              [
                -105.6126092111,
                40.3902933331
              ],
              [
                -105.6121246493,
                40.3897183287
              ],
              [
                -105.6120673794,
                40.3896371623
              ],
              [
                -105.6117339669,
                40.3891646137
              ],
              [
                -105.6117171765,
                40.38914082
              ],
              [
                -105.6115031161,
                40.3885860709
              ],
              [
                -105.6112830299,
                40.3879314794
              ],
              [
                -105.6112242475,
                40.3878285665
              ],
              [
                -105.6111362974,
                40.3876745946
              ],
              [
                -105.6110415494,
                40.3874917763
              ],
              [
                -105.6108875247,
                40.3871945844
              ],
              [
                -105.6108181735,
                40.3870607699
              ],
              [
                -105.6108096743,
                40.3870578351
              ],
              [
                -105.6105981837,
                40.3869848125
              ],
              [
                -105.610341212,
                40.3869383471
              ],
              [
                -105.6102423036,
                40.3869121697
              ],
              [
                -105.6098367527,
                40.386759584
              ]
            ],
            [
              [
                -105.5692969485,
                40.3727319542
              ],
              [
                -105.5684888717,
                40.3726029642
              ],
              [
                -105.5684926398,
                40.3763342814
              ],
              [
                -105.5699078917,
                40.3763334373
              ],
              [
                -105.5699042291,
                40.3727799978
              ],
              [
                -105.5692969485,
                40.3727319542
              ]
            ],
            [
              [
                -105.5714754892,
                40.3717639455
              ],
              [
                -105.5714650906,
                40.371184661
              ],
              [
                -105.5714783575,
                40.3711844314
              ],
              [
                -105.5714769651,
                40.3704169798
              ],
              [
                -105.5713705931,
                40.3703480541
              ],
              [
                -105.5708881319,
                40.3700360346
              ],
              [
                -105.5708104728,
                40.3700796634
              ],
              [
                -105.5713707135,
                40.3704720281
              ],
              [
                -105.5713719404,
                40.3717364126
              ],
              [
                -105.5714754892,
                40.3717639455
              ]
            ],
            [
              [
                -105.5811073789,
                40.3694049178
              ],
              [
                -105.5820847208,
                40.3694135169
              ],
              [
                -105.582089121,
                40.3693689942
              ],
              [
                -105.5822513141,
                40.3677279663
              ],
              [
                -105.5821357625,
                40.367688008
              ],
              [
                -105.5818324612,
                40.367558901
              ],
              [
                -105.5815365989,
                40.3675243529
              ],
              [
                -105.5810315842,
                40.3674367995
              ],
              [
                -105.5807971683,
                40.3674424815
              ],
              [
                -105.5807433911,
                40.3675238338
              ],
              [
                -105.5806719977,
                40.3679971731
              ],
              [
                -105.5806018291,
                40.3692137608
              ],
              [
                -105.5807390802,
                40.3692085667
              ],
              [
                -105.5811073789,
                40.3694049178
              ]
            ],
            [
              [
                -105.5774190188,
                40.3678332152
              ],
              [
                -105.5770611291,
                40.3678432419
              ],
              [
                -105.5767824695,
                40.3678738323
              ],
              [
                -105.5767823198,
                40.367903022
              ],
              [
                -105.5767799142,
                40.3683650666
              ],
              [
                -105.5772056732,
                40.3684487368
              ],
              [
                -105.5774164486,
                40.3684901607
              ],
              [
                -105.5774189415,
                40.3678538373
              ],
              [
                -105.5774190188,
                40.3678332152
              ]
            ],
            [
              [
                -105.5978888674,
                40.3653595717
              ],
              [
                -105.5979799343,
                40.3646781449
              ],
              [
                -105.5973751677,
                40.3646797394
              ],
              [
                -105.5972838927,
                40.365362693
              ],
              [
                -105.5978886837,
                40.3653595722
              ],
              [
                -105.5978888674,
                40.3653595717
              ]
            ],
            [
              [
                -105.5963653849,
                40.365367426
              ],
              [
                -105.5964340265,
                40.3648209124
              ],
              [
                -105.5967931737,
                40.3648190861
              ],
              [
                -105.5968104878,
                40.3646812266
              ],
              [
                -105.5964514517,
                40.3646821715
              ],
              [
                -105.5951847046,
                40.3646908289
              ],
              [
                -105.5950988944,
                40.365373941
              ],
              [
                -105.5963653849,
                40.365367426
              ]
            ],
            [
              [
                -105.5987668475,
                40.3638869977
              ],
              [
                -105.5986617526,
                40.3646734699
              ],
              [
                -105.5987335229,
                40.3646729775
              ],
              [
                -105.5994874301,
                40.3646677437
              ],
              [
                -105.5994881333,
                40.3646624763
              ],
              [
                -105.5996514788,
                40.3634389407
              ],
              [
                -105.5988259612,
                40.3634446067
              ],
              [
                -105.598779166,
                40.3637948088
              ],
              [
                -105.598802503,
                40.363798909
              ],
              [
                -105.5987755905,
                40.3638885345
              ],
              [
                -105.5987668475,
                40.3638869977
              ]
            ],
            [
              [
                -105.5988743978,
                40.3618862657
              ],
              [
                -105.5985155707,
                40.3618830583
              ],
              [
                -105.5985113772,
                40.3621575427
              ],
              [
                -105.5988702046,
                40.3621607511
              ],
              [
                -105.5988743978,
                40.3618862657
              ]
            ],
            [
              [
                -105.5975025437,
                40.358984988
              ],
              [
                -105.5964787692,
                40.3589623948
              ],
              [
                -105.5964772758,
                40.3590244596
              ],
              [
                -105.5964649961,
                40.3595345003
              ],
              [
                -105.5973989701,
                40.3595551149
              ],
              [
                -105.5974812712,
                40.3595569332
              ],
              [
                -105.5975871311,
                40.3595592666
              ],
              [
                -105.5976008955,
                40.3589871547
              ],
              [
                -105.5975025437,
                40.358984988
              ]
            ],
            [
              [
                -105.6011397098,
                40.3576010912
              ],
              [
                -105.6007960439,
                40.3576009599
              ],
              [
                -105.6007960992,
                40.3576134164
              ],
              [
                -105.6007962934,
                40.357655332
              ],
              [
                -105.6007999529,
                40.3584605223
              ],
              [
                -105.6012727657,
                40.3584714221
              ],
              [
                -105.6012931071,
                40.3576243106
              ],
              [
                -105.6012936631,
                40.3576011465
              ],
              [
                -105.6011397098,
                40.3576010912
              ]
            ],
            [
              [
                -105.6049794104,
                40.3566950518
              ],
              [
                -105.6041131489,
                40.3566759887
              ],
              [
                -105.6041118664,
                40.3567294532
              ],
              [
                -105.6041013231,
                40.3571688573
              ],
              [
                -105.6048275105,
                40.3571848364
              ],
              [
                -105.6049676275,
                40.3571879203
              ],
              [
                -105.6049781428,
                40.3567481975
              ],
              [
                -105.6049794104,
                40.3566950518
              ]
            ],
            [
              [
                -105.8581344076,
                40.3340470487
              ],
              [
                -105.8580505196,
                40.3340494795
              ],
              [
                -105.8579629623,
                40.3340969452
              ],
              [
                -105.8577446293,
                40.3341095518
              ],
              [
                -105.8573441738,
                40.3340988552
              ],
              [
                -105.8571208551,
                40.3341512516
              ],
              [
                -105.8571155004,
                40.3341536317
              ],
              [
                -105.8569496541,
                40.3342273516
              ],
              [
                -105.8568981975,
                40.3343309226
              ],
              [
                -105.8569977056,
                40.3344658484
              ],
              [
                -105.8571598683,
                40.3346483123
              ],
              [
                -105.8571813376,
                40.3347755221
              ],
              [
                -105.8571505494,
                40.3348693678
              ],
              [
                -105.8570575748,
                40.3349889782
              ],
              [
                -105.8570734859,
                40.3350485921
              ],
              [
                -105.8571361805,
                40.3351040832
              ],
              [
                -105.857364602,
                40.3350317838
              ],
              [
                -105.8574681426,
                40.3349439603
              ],
              [
                -105.8576294474,
                40.3349633506
              ],
              [
                -105.857712028,
                40.3350664484
              ],
              [
                -105.8577184327,
                40.3350744444
              ],
              [
                -105.8577247414,
                40.3352852287
              ],
              [
                -105.8576273874,
                40.3355599744
              ],
              [
                -105.8574816188,
                40.3357335223
              ],
              [
                -105.8574465177,
                40.3357753123
              ],
              [
                -105.8573118644,
                40.3358791432
              ],
              [
                -105.8572343675,
                40.335974839
              ],
              [
                -105.8572719586,
                40.3362014394
              ],
              [
                -105.8573586048,
                40.3364191505
              ],
              [
                -105.8578582132,
                40.3364163274
              ],
              [
                -105.8582364272,
                40.3364141831
              ],
              [
                -105.8582972563,
                40.3363653263
              ],
              [
                -105.8585309614,
                40.3363089193
              ],
              [
                -105.8588846128,
                40.3363157767
              ],
              [
                -105.8590932869,
                40.3363265276
              ],
              [
                -105.8592487185,
                40.3363345364
              ],
              [
                -105.8593164505,
                40.3363581912
              ],
              [
                -105.859369272,
                40.3364076875
              ],
              [
                -105.8615572774,
                40.3363952442
              ],
              [
                -105.8615835596,
                40.3340628506
              ],
              [
                -105.8615848651,
                40.3339470442
              ],
              [
                -105.859708468,
                40.3340014395
              ],
              [
                -105.8589862729,
                40.334022368
              ],
              [
                -105.8581344076,
                40.3340470487
              ]
            ],
            [
              [
                -105.5833972969,
                40.3565283938
              ],
              [
                -105.5828512619,
                40.3565030995
              ],
              [
                -105.5828536364,
                40.3565111006
              ],
              [
                -105.5828680529,
                40.3565115644
              ],
              [
                -105.5828827083,
                40.356562885
              ],
              [
                -105.5828841066,
                40.3565678012
              ],
              [
                -105.583058437,
                40.3571784098
              ],
              [
                -105.5830611184,
                40.3571878123
              ],
              [
                -105.5834852848,
                40.3572014339
              ],
              [
                -105.5836037569,
                40.357205233
              ],
              [
                -105.5834326881,
                40.3566059868
              ],
              [
                -105.5834274141,
                40.356587506
              ],
              [
                -105.5834107151,
                40.3565290152
              ],
              [
                -105.5833972969,
                40.3565283938
              ]
            ],
            [
              [
                -105.5853141314,
                40.3522029716
              ],
              [
                -105.5853088796,
                40.3514956072
              ],
              [
                -105.5850140551,
                40.351492737
              ],
              [
                -105.584638813,
                40.351489075
              ],
              [
                -105.5841278093,
                40.3514841208
              ],
              [
                -105.5841212505,
                40.3514840589
              ],
              [
                -105.5841222678,
                40.3516208597
              ],
              [
                -105.5841265573,
                40.3516209021
              ],
              [
                -105.5842602851,
                40.3516222008
              ],
              [
                -105.5842608848,
                40.351699243
              ],
              [
                -105.5842616746,
                40.351799862
              ],
              [
                -105.5842647484,
                40.3521927957
              ],
              [
                -105.5842653649,
                40.3522716302
              ],
              [
                -105.5842681197,
                40.3526245922
              ],
              [
                -105.5847053696,
                40.3526285525
              ],
              [
                -105.5847950561,
                40.3526293725
              ],
              [
                -105.5855165232,
                40.3526359556
              ],
              [
                -105.5855752212,
                40.352636492
              ],
              [
                -105.5853904043,
                40.3522037081
              ],
              [
                -105.5853141314,
                40.3522029716
              ]
            ],
            [
              [
                -105.5805628053,
                40.3518466752
              ],
              [
                -105.5802116796,
                40.3517146182
              ],
              [
                -105.5799900058,
                40.3516340825
              ],
              [
                -105.5799830112,
                40.3517021599
              ],
              [
                -105.5799758852,
                40.3517715231
              ],
              [
                -105.5799719577,
                40.3518098554
              ],
              [
                -105.5801180139,
                40.3518629197
              ],
              [
                -105.58046089,
                40.3519918728
              ],
              [
                -105.5807944139,
                40.3521409464
              ],
              [
                -105.5810213577,
                40.3522708647
              ],
              [
                -105.5812511466,
                40.3524212075
              ],
              [
                -105.5814450089,
                40.3526008888
              ],
              [
                -105.5815704011,
                40.3527657016
              ],
              [
                -105.5816153184,
                40.3527687646
              ],
              [
                -105.5816156499,
                40.352765365
              ],
              [
                -105.5816219201,
                40.3527017962
              ],
              [
                -105.5816397481,
                40.3525294443
              ],
              [
                -105.5816222234,
                40.3525064123
              ],
              [
                -105.5814052718,
                40.3523053309
              ],
              [
                -105.581155947,
                40.3521422064
              ],
              [
                -105.5809135841,
                40.3520034606
              ],
              [
                -105.5805628053,
                40.3518466752
              ]
            ],
            [
              [
                -105.5855585398,
                40.3509094714
              ],
              [
                -105.5855600768,
                40.351246746
              ],
              [
                -105.5861935731,
                40.35115152
              ],
              [
                -105.586206971,
                40.3511495065
              ],
              [
                -105.586205202,
                40.35091241
              ],
              [
                -105.5862047041,
                40.3508459167
              ],
              [
                -105.5862024957,
                40.3508459061
              ],
              [
                -105.5859482341,
                40.350844755
              ],
              [
                -105.5855922094,
                40.3508431412
              ],
              [
                -105.585603333,
                40.350130492
              ],
              [
                -105.5852877076,
                40.3501273464
              ],
              [
                -105.5849971035,
                40.3501244507
              ],
              [
                -105.5849858915,
                40.350840389
              ],
              [
                -105.5850135006,
                40.3508405147
              ],
              [
                -105.5852765155,
                40.3508417088
              ],
              [
                -105.5855582345,
                40.3508429859
              ],
              [
                -105.5855585398,
                40.3509094714
              ]
            ],
            [
              [
                -105.5831395191,
                40.3508319916
              ],
              [
                -105.5824222683,
                40.3508287203
              ],
              [
                -105.5824228946,
                40.3508947388
              ],
              [
                -105.5824274958,
                40.3513822239
              ],
              [
                -105.5824545612,
                40.3513824059
              ],
              [
                -105.5831436067,
                40.3513870054
              ],
              [
                -105.5831400048,
                40.3508980245
              ],
              [
                -105.5831395191,
                40.3508319916
              ]
            ],
            [
              [
                -105.5840470879,
                40.351278086
              ],
              [
                -105.5840961175,
                40.3512778673
              ],
              [
                -105.584093329,
                40.3509028815
              ],
              [
                -105.5840928325,
                40.3508363308
              ],
              [
                -105.5836134695,
                40.3508341495
              ],
              [
                -105.5831576775,
                40.3508320739
              ],
              [
                -105.5831581697,
                40.3508981117
              ],
              [
                -105.5831609198,
                40.3512694968
              ],
              [
                -105.5831641359,
                40.3512695276
              ],
              [
                -105.5831818994,
                40.3512697
              ],
              [
                -105.5835821974,
                40.3512735877
              ],
              [
                -105.5836166964,
                40.35127392
              ],
              [
                -105.5836403113,
                40.3512741488
              ],
              [
                -105.5836554848,
                40.3512742947
              ],
              [
                -105.5840470879,
                40.351278086
              ]
            ],
            [
              [
                -105.5819980628,
                40.3508950722
              ],
              [
                -105.58199601,
                40.3508274439
              ],
              [
                -105.5812980364,
                40.3508305221
              ],
              [
                -105.5812999804,
                40.350899307
              ],
              [
                -105.5813111908,
                40.3512968845
              ],
              [
                -105.5813379889,
                40.3512992493
              ],
              [
                -105.5819393914,
                40.3513523624
              ],
              [
                -105.5820020054,
                40.3513579446
              ],
              [
                -105.582012124,
                40.3513588529
              ],
              [
                -105.5819980628,
                40.3508950722
              ]
            ],
            [
              [
                -105.5807872462,
                40.3509023703
              ],
              [
                -105.5807852755,
                40.3508327799
              ],
              [
                -105.580429226,
                40.3508343458
              ],
              [
                -105.5804312016,
                40.3509043475
              ],
              [
                -105.5804397961,
                40.3512092839
              ],
              [
                -105.5804615681,
                40.3512124222
              ],
              [
                -105.5807973648,
                40.3512608127
              ],
              [
                -105.5807958116,
                40.3512056159
              ],
              [
                -105.5807872462,
                40.3509023703
              ]
            ],
            [
              [
                -105.5866631378,
                40.3501974197
              ],
              [
                -105.586657897,
                40.350532542
              ],
              [
                -105.5864067478,
                40.3505313982
              ],
              [
                -105.5864042913,
                40.350846821
              ],
              [
                -105.5862779218,
                40.3508462488
              ],
              [
                -105.5862784216,
                40.3509127644
              ],
              [
                -105.5862805197,
                40.3511949497
              ],
              [
                -105.5862820167,
                40.3513955332
              ],
              [
                -105.5866548943,
                40.3513991405
              ],
              [
                -105.5866779022,
                40.3513993629
              ],
              [
                -105.5870459723,
                40.3514029176
              ],
              [
                -105.5870737741,
                40.351403187
              ],
              [
                -105.5870700878,
                40.3509160311
              ],
              [
                -105.5870695882,
                40.3508498859
              ],
              [
                -105.5870812845,
                40.3508499416
              ],
              [
                -105.5874107713,
                40.3508514469
              ],
              [
                -105.5874209104,
                40.3502006758
              ],
              [
                -105.5874217253,
                40.3501485752
              ],
              [
                -105.5866640214,
                40.3501410477
              ],
              [
                -105.5866631378,
                40.3501974197
              ]
            ],
            [
              [
                -105.5883145809,
                40.3502045674
              ],
              [
                -105.5883044167,
                40.3508555259
              ],
              [
                -105.5888855204,
                40.3508581749
              ],
              [
                -105.5891308837,
                40.3508592922
              ],
              [
                -105.5891410071,
                40.3502083963
              ],
              [
                -105.5891416727,
                40.3501656443
              ],
              [
                -105.5891380393,
                40.3501656077
              ],
              [
                -105.5887293871,
                40.3501615493
              ],
              [
                -105.5885877539,
                40.3501601448
              ],
              [
                -105.5885841218,
                40.350160109
              ],
              [
                -105.5883153151,
                40.3501574381
              ],
              [
                -105.5883145809,
                40.3502045674
              ]
            ],
            [
              [
                -105.8568769954,
                40.3248715216
              ],
              [
                -105.8566802391,
                40.3248751764
              ],
              [
                -105.8566738302,
                40.3248805495
              ],
              [
                -105.8566346705,
                40.3249133754
              ],
              [
                -105.8565103038,
                40.3249933104
              ],
              [
                -105.8563595959,
                40.3250057059
              ],
              [
                -105.8561253773,
                40.3249586945
              ],
              [
                -105.8560932136,
                40.3249412684
              ],
              [
                -105.8560523782,
                40.3249191462
              ],
              [
                -105.8559798662,
                40.3249710741
              ],
              [
                -105.8559646415,
                40.3250427156
              ],
              [
                -105.8560800482,
                40.3252372584
              ],
              [
                -105.8563253271,
                40.3254115101
              ],
              [
                -105.8564766066,
                40.3255065036
              ],
              [
                -105.8565495308,
                40.3255636883
              ],
              [
                -105.8568687542,
                40.325557756
              ],
              [
                -105.856870449,
                40.3254159891
              ],
              [
                -105.8568746491,
                40.3250646395
              ],
              [
                -105.8568768936,
                40.3248798994
              ],
              [
                -105.8568769954,
                40.3248715216
              ]
            ],
            [
              [
                -105.8534619713,
                40.3225817473
              ],
              [
                -105.8534664319,
                40.3225398019
              ],
              [
                -105.853448755,
                40.3225456024
              ],
              [
                -105.8533018194,
                40.3225433742
              ],
              [
                -105.853230371,
                40.3225422913
              ],
              [
                -105.8530379295,
                40.3225269667
              ],
              [
                -105.8529439318,
                40.3224477051
              ],
              [
                -105.852922555,
                40.3223364011
              ],
              [
                -105.8529581398,
                40.3221811716
              ],
              [
                -105.852993833,
                40.3220458312
              ],
              [
                -105.8530638132,
                40.3219339294
              ],
              [
                -105.8528051544,
                40.3219376462
              ],
              [
                -105.8527541507,
                40.3221368692
              ],
              [
                -105.8527558032,
                40.3224548883
              ],
              [
                -105.8526729228,
                40.3232341905
              ],
              [
                -105.8527051764,
                40.3234790722
              ],
              [
                -105.8527225301,
                40.3235943797
              ],
              [
                -105.8534425603,
                40.3235810228
              ],
              [
                -105.8534183436,
                40.3234201221
              ],
              [
                -105.8533931536,
                40.3232288825
              ],
              [
                -105.8534619713,
                40.3225817473
              ]
            ],
            [
              [
                -105.7954914356,
                40.2608955242
              ],
              [
                -105.7951355741,
                40.2608855612
              ],
              [
                -105.7951337919,
                40.2609523307
              ],
              [
                -105.7954900202,
                40.2609623054
              ],
              [
                -105.7954914356,
                40.2608955242
              ]
            ],
            [
              [
                -105.5650533361,
                40.2088143367
              ],
              [
                -105.5650640691,
                40.2079188607
              ],
              [
                -105.5647691434,
                40.2079189352
              ],
              [
                -105.5644742188,
                40.207919009
              ],
              [
                -105.564179293,
                40.2079190813
              ],
              [
                -105.563589443,
                40.2079192193
              ],
              [
                -105.5629995936,
                40.2079193948
              ],
              [
                -105.5627046686,
                40.2079194788
              ],
              [
                -105.5626835212,
                40.2096807389
              ],
              [
                -105.5626720895,
                40.2106327778
              ],
              [
                -105.5628082123,
                40.2106327755
              ],
              [
                -105.5635569443,
                40.2106327617
              ],
              [
                -105.564146746,
                40.210632719
              ],
              [
                -105.5644416778,
                40.2106326965
              ],
              [
                -105.5650276044,
                40.2106326492
              ],
              [
                -105.5650315389,
                40.2106326487
              ],
              [
                -105.5650533361,
                40.2088143367
              ]
            ],
            [
              [
                -105.5642849206,
                40.3610275783
              ],
              [
                -105.5639358474,
                40.3610216425
              ],
              [
                -105.5639346321,
                40.3610431616
              ],
              [
                -105.5639319777,
                40.3610901584
              ],
              [
                -105.5642808262,
                40.3610960889
              ],
              [
                -105.5643199142,
                40.3610966078
              ],
              [
                -105.5647078998,
                40.3611017505
              ],
              [
                -105.5650958827,
                40.3611068895
              ],
              [
                -105.5654838681,
                40.3611120281
              ],
              [
                -105.5654867694,
                40.3610582862
              ],
              [
                -105.565487568,
                40.3610435043
              ],
              [
                -105.5650996288,
                40.3610383694
              ],
              [
                -105.5647116895,
                40.3610332316
              ],
              [
                -105.5643237525,
                40.3610280925
              ],
              [
                -105.5642849206,
                40.3610275783
              ]
            ]
          ]
        ]
      }
    }
  ]
}
