{
"type": "FeatureCollection",
"name": "colorado-state-parks.original",
"features": [
{ "type": "Feature", "properties": { "FeatClass": "Fee", "Category": "Fee", "Own_Type": "JNT", "Own_Name": "JNT", "Loc_Own": "Colorado State Parks/Arkansas River Ranch", "Mang_Type": "STAT", "Mang_Name": "SPR", "Loc_Mang": "Colorado State Parks", "Des_Tp": "SP", "Loc_Ds": "State Parks", "Unit_Nm": "Arkansas Headwaters", "Loc_Nm": "Arkansas Headwaters State Park", "State_Nm": "CO", "Agg_Src": "CNHP_PADUS1_3_COMaP_v9_public_mmf_gdb_CO", "GIS_Src": "Colorado State Parks - col_bou_stpark_44_polys.shp", "Src_Date": "2005/04/15", "GIS_Acres": 1286, "Source_PAID": "COMaP_9416", "WDPA_Cd": 0, "Pub_Access": "OA", "Access_Src": "CNHP COMaP", "Access_Dt": "2016", "GAP_Sts": "4", "GAPCdSrc": "GAP - Default", "GAPCdDt": "2024", "IUCN_Cat": "Unassigned", "IUCNCtSrc": "GAP - Default", "IUCNCtDt": "2024", "Date_Est": "", "Comments": "", "Term": null, "Duration": null, "d_FeatClass": "Fee", "d_Category": "Fee", "d_Own_Type": "Joint", "d_Own_Name": "Joint", "d_Mang_Type": "State", "d_Mang_Name": "State Park and Recreation", "d_Des_Tp": "State Park", "d_State_Nm": "Colorado", "d_Pub_Access": "Open Access", "d_GAP_Sts": "4 - no known mandate for biodiversity protection", "d_IUCN_Cat": "Unassigned", "Shape_Length": 67109.371588951879, "Shape_Area": 5204484.9579391638, "cpwParkName": "Arkansas Headwaters Recreation Area", "source": "USGS PAD-US" }, "geometry": { "type": "MultiPolygon", "coordinates": [ [ [ [ -105.681995649099989, 38.374216817200001 ], [ -105.674472938699992, 38.373371858200002 ], [ -105.674535393999989, 38.372242496499986 ], [ -105.680538789799982, 38.373701313799991 ], [ -105.684469879900007, 38.371496079399996 ], [ -105.681995649099989, 38.374216817200001 ] ] ], [ [ [ -105.639272981, 38.392432322 ], [ -105.637294653, 38.395304398 ], [ -105.63277644110002, 38.39744879509999 ], [ -105.632809683299982, 38.396499858199995 ], [ -105.639272981, 38.392432322 ] ] ], [ [ [ -105.266375112899979, 38.43306720559999 ], [ -105.264108139900003, 38.430157719399993 ], [ -105.2732987, 38.430087798399995 ], [ -105.273232635200003, 38.432530867399997 ], [ -105.269536893500003, 38.431594522600001 ], [ -105.266375112899979, 38.43306720559999 ] ] ], [ [ [ -105.773138959099981, 38.394107158499992 ], [ -105.773148535599987, 38.390591607700003 ], [ -105.773150404499987, 38.389268571199992 ], [ -105.777076104900004, 38.394065500400004 ], [ -105.773138959099981, 38.394107158499992 ] ] ], [ [ [ -105.61083749769999, 38.411579211399996 ], [ -105.612150285400006, 38.408536622199996 ], [ -105.613763995599982, 38.408528191199999 ], [ -105.614110429399986, 38.405801296099995 ], [ -105.614018074799986, 38.408555395399993 ], [ -105.615032933199998, 38.408493000699991 ], [ -105.613240939899995, 38.4110134712 ], [ -105.61083749769999, 38.411579211399996 ] ] ], [ [ [ -105.600929716599993, 38.412275764899988 ], [ -105.606472812800007, 38.412424023200003 ], [ -105.607793806399997, 38.4125313316 ], [ -105.603908110700004, 38.412779663799995 ], [ -105.600929716599993, 38.412275764899988 ] ] ], [ [ [ -105.795997373899993, 38.4204957388 ], [ -105.794772187899994, 38.419859595600002 ], [ -105.793396750699983, 38.418927054699999 ], [ -105.795809761900003, 38.418712411299985 ], [ -105.795997373899993, 38.4204957388 ] ] ], [ [ [ -105.800116474199982, 38.425482711900003 ], [ -105.796563482399989, 38.42232605369999 ], [ -105.7957145341, 38.421522162299986 ], [ -105.799959761299988, 38.421741110500001 ], [ -105.800116474199982, 38.425482711900003 ] ] ], [ [ [ -105.800116474199982, 38.425482711900003 ], [ -105.805105254400004, 38.425489877099992 ], [ -105.805145765199981, 38.430093681599992 ], [ -105.803224225899996, 38.429242807499996 ], [ -105.800116474199982, 38.425482711900003 ] ] ], [ [ [ -105.388762968199998, 38.486966867299991 ], [ -105.382282112599981, 38.486806673399983 ], [ -105.382224543600003, 38.484847515799984 ], [ -105.391042818699987, 38.485802842099993 ], [ -105.399388848599997, 38.484881782 ], [ -105.388762968199998, 38.486966867299991 ] ] ], [ [ [ -106.076830995400002, 38.573431487499995 ], [ -106.074795925299981, 38.574432229899998 ], [ -106.073707533899992, 38.572552223599985 ], [ -106.07967866189999, 38.571768920399997 ], [ -106.079676293899993, 38.575267897899998 ], [ -106.076830995400002, 38.573431487499995 ] ] ], [ [ [ -106.064053095499986, 38.614697988199993 ], [ -106.062679789399979, 38.613871379300001 ], [ -106.061225974400003, 38.615242182300001 ], [ -106.058722200199995, 38.61526089409999 ], [ -106.063200221499997, 38.611319729900003 ], [ -106.064196484899981, 38.608577501599996 ], [ -106.065888751100005, 38.608041499299993 ], [ -106.065984566400019, 38.611717409099995 ], [ -106.069926505500007, 38.615635576899997 ], [ -106.063164018199998, 38.615280218299993 ], [ -106.064053095499986, 38.614697988199993 ] ] ], [ [ [ -106.056193140299996, 38.7193015028 ], [ -106.057814957299996, 38.7192368746 ], [ -106.064746512400006, 38.729940529399997 ], [ -106.0662702005, 38.737453475899983 ], [ -106.064932401899981, 38.7367201251 ], [ -106.062460187799985, 38.727748199899999 ], [ -106.057310958, 38.724630158299995 ], [ -106.055331482099987, 38.721962203799997 ], [ -106.056193140299996, 38.7193015028 ] ] ], [ [ [ -106.159702900599996, 38.886575159899991 ], [ -106.164134907700003, 38.886446839799994 ], [ -106.163847423899995, 38.890288095399995 ], [ -106.15933814760001, 38.890076811299991 ], [ -106.159702900599996, 38.886575159899991 ] ] ], [ [ [ -106.213602660500001, 38.977633687099996 ], [ -106.215239337, 38.977616652499989 ], [ -106.218681228499989, 38.985609129799982 ], [ -106.221433518400005, 38.996574093599989 ], [ -106.214644380600006, 38.987989802099996 ], [ -106.213602660500001, 38.977633687099996 ] ] ], [ [ [ -106.247219546499991, 39.03073258589999 ], [ -106.24315666439999, 39.026874569299999 ], [ -106.245326826099983, 39.028297188700002 ], [ -106.245946777499995, 39.027032112899995 ], [ -106.247859770699989, 39.029572489700001 ], [ -106.247219546499991, 39.03073258589999 ] ] ], [ [ [ -106.251204, 39.03515787309999 ], [ -106.250959669199986, 39.034526171899991 ], [ -106.252955271699989, 39.035921881099995 ], [ -106.251204, 39.03515787309999 ] ] ], [ [ [ -106.261443589799995, 39.037247376400003 ], [ -106.256874329400006, 39.033867781099993 ], [ -106.253157711300005, 39.035541560099993 ], [ -106.250518788400001, 39.031930983499997 ], [ -106.257672804599991, 39.033814170399992 ], [ -106.261443589799995, 39.037247376400003 ] ] ], [ [ [ -106.260856236799981, 39.037564499799991 ], [ -106.25674026359998, 39.035555712199994 ], [ -106.253295806300002, 39.035987732199999 ], [ -106.25675591209999, 39.034366393799992 ], [ -106.260856236799981, 39.037564499799991 ] ] ], [ [ [ -106.261981542499996, 39.037645245199997 ], [ -106.261634305, 39.037388429699995 ], [ -106.261733410900007, 39.037838801900001 ], [ -106.261981542499996, 39.037645245199997 ] ] ], [ [ [ -106.267173417400002, 39.049904795099998 ], [ -106.268399072499989, 39.052702529800001 ], [ -106.271977323499996, 39.055085821899993 ], [ -106.273087572499989, 39.059950511499999 ], [ -106.272282913400005, 39.065400695399994 ], [ -106.27409042779999, 39.067020082 ], [ -106.272211348499994, 39.065437574599983 ], [ -106.271760333499998, 39.064542367099996 ], [ -106.272446811899997, 39.060490378099992 ], [ -106.271298187399992, 39.055971354799993 ], [ -106.267677533500006, 39.052046427499995 ], [ -106.267173417400002, 39.049904795099998 ] ] ], [ [ [ -106.292698586300006, 39.10001886029999 ], [ -106.295138941700003, 39.1024677578 ], [ -106.2967265037, 39.103485952200003 ], [ -106.293895257200006, 39.102740748199999 ], [ -106.292698586300006, 39.10001886029999 ] ] ], [ [ [ -106.306674015199988, 39.118183777899986 ], [ -106.301816262100004, 39.1148223159 ], [ -106.298584999599996, 39.109304375199997 ], [ -106.298643674600001, 39.106899208199998 ], [ -106.297501513100002, 39.10691632559999 ], [ -106.297485516499989, 39.103929203699998 ], [ -106.307641820599997, 39.117269575199991 ], [ -106.306674015199988, 39.118183777899986 ] ] ], [ [ [ -106.306674015199988, 39.118183777899986 ], [ -106.309034319199995, 39.11951613219999 ], [ -106.310510235799981, 39.121612708800001 ], [ -106.309478256899979, 39.121654026199998 ], [ -106.306674015199988, 39.118183777899986 ] ] ], [ [ [ -106.312984244299997, 39.124652022600003 ], [ -106.317717933899999, 39.126221753699987 ], [ -106.319078620699997, 39.13106776539999 ], [ -106.317110449599994, 39.128535433699994 ], [ -106.314995511700005, 39.128553017399994 ], [ -106.312984244299997, 39.124652022600003 ] ] ], [ [ [ -106.309919630199985, 39.128541915399992 ], [ -106.309651719299993, 39.1300137992 ], [ -106.310069739399992, 39.132851496399994 ], [ -106.30947261659999, 39.130154944899999 ], [ -106.309919630199985, 39.128541915399992 ] ] ], [ [ [ -106.314764765299984, 39.164667567299986 ], [ -106.314722682799982, 39.14655457 ], [ -106.312387130499999, 39.14658071 ], [ -106.313166428499997, 39.144546683699993 ], [ -106.310016238499983, 39.145237445 ], [ -106.309999120499981, 39.143182649899991 ], [ -106.317118286299987, 39.142972297 ], [ -106.316915024, 39.135764402199996 ], [ -106.313909905599985, 39.130210308799995 ], [ -106.311664747199998, 39.128756430599992 ], [ -106.311481363499979, 39.123788507500002 ], [ -106.31684038680001, 39.134969876899994 ], [ -106.325047703400003, 39.165599897899995 ], [ -106.3237814923, 39.16818847319999 ], [ -106.319415202599984, 39.1682327587 ], [ -106.319402810200003, 39.164614960100003 ], [ -106.314764765299984, 39.164667567299986 ] ] ], [ [ [ -106.325643254200003, 39.167524161699994 ], [ -106.326337692099997, 39.168103515200002 ], [ -106.325302304499985, 39.168122000299995 ], [ -106.325643254200003, 39.167524161699994 ] ] ] ] } },
{ "type": "Feature", "properties": { "FeatClass": "Fee", "Category": "Fee", "Own_Type": "STAT", "Own_Name": "SFW", "Loc_Own": "Colorado Parks & Wildlife", "Mang_Type": "STAT", "Mang_Name": "SFW", "Loc_Mang": "Colorado Parks & Wildlife", "Des_Tp": "SP", "Loc_Ds": "State Parks", "Unit_Nm": "Arkansas Headwaters Recreation Area", "Loc_Nm": "Arkansas Headwaters RA", "State_Nm": "CO", "Agg_Src": "CNHP_PADUS4_0Easement_COMaP_Public_v20230223_CO", "GIS_Src": "Colorado Parks & Wildlife GIS - CPWParcelUpdate_2019+Control", "Src_Date": "2023/02/23", "GIS_Acres": 0, "Source_PAID": "", "WDPA_Cd": 0, "Pub_Access": "OA", "Access_Src": "COMaP", "Access_Dt": "2023", "GAP_Sts": "4", "GAPCdSrc": "GAP - Default", "GAPCdDt": "2024", "IUCN_Cat": "Unassigned", "IUCNCtSrc": "GAP - Default", "IUCNCtDt": "2024", "Date_Est": "", "Comments": "", "Term": null, "Duration": null, "d_FeatClass": "Fee", "d_Category": "Fee", "d_Own_Type": "State", "d_Own_Name": "State Fish and Wildlife", "d_Mang_Type": "State", "d_Mang_Name": "State Fish and Wildlife", "d_Des_Tp": "State Park", "d_State_Nm": "Colorado", "d_Pub_Access": "Open Access", "d_GAP_Sts": "4 - no known mandate for biodiversity protection", "d_IUCN_Cat": "Unassigned", "Shape_Length": 120.41555329074436, "Shape_Area": 656.61893386482438, "cpwParkName": "Arkansas Headwaters Recreation Area", "source": "USGS PAD-US" }, "geometry": { "type": "Polygon", "coordinates": [ [ [ -106.07042764709999, 38.752007136299994 ], [ -106.070823061799985, 38.751753065099983 ], [ -106.0709423152, 38.752020603799984 ], [ -106.07042764709999, 38.752007136299994 ] ] ] } },
{ "type": "Feature", "properties": { "FeatClass": "Fee", "Category": "Fee", "Own_Type": "STAT", "Own_Name": "SFW", "Loc_Own": "Colorado Parks & Wildlife", "Mang_Type": "STAT", "Mang_Name": "SFW", "Loc_Mang": "Colorado Parks & Wildlife", "Des_Tp": "SP", "Loc_Ds": "State Parks", "Unit_Nm": "Arkansas Headwaters Recreation Area - Arkansas River Placer", "Loc_Nm": "Arkansas Headwaters RA - Arkansas River Placer", "State_Nm": "CO", "Agg_Src": "CNHP_PADUS4_0Easement_COMaP_Public_v20230223_CO", "GIS_Src": "Colorado Parks & Wildlife GIS - CPWParcelUpdate_2019+Control", "Src_Date": "2023/02/23", "GIS_Acres": 41, "Source_PAID": "", "WDPA_Cd": 0, "Pub_Access": "OA", "Access_Src": "COMaP", "Access_Dt": "2023", "GAP_Sts": "4", "GAPCdSrc": "GAP - Default", "GAPCdDt": "2024", "IUCN_Cat": "Unassigned", "IUCNCtSrc": "GAP - Default", "IUCNCtDt": "2024", "Date_Est": "", "Comments": "Land Acquisitions - Ark River Placer", "Term": null, "Duration": null, "d_FeatClass": "Fee", "d_Category": "Fee", "d_Own_Type": "State", "d_Own_Name": "State Fish and Wildlife", "d_Mang_Type": "State", "d_Mang_Name": "State Fish and Wildlife", "d_Des_Tp": "State Park", "d_State_Nm": "Colorado", "d_Pub_Access": "Open Access", "d_GAP_Sts": "4 - no known mandate for biodiversity protection", "d_IUCN_Cat": "Unassigned", "Shape_Length": 4618.6666134992602, "Shape_Area": 165917.9592936915, "cpwParkName": "Arkansas Headwaters Recreation Area", "source": "USGS PAD-US" }, "geometry": { "type": "Polygon", "coordinates": [ [ [ -106.2129327639, 38.977238575799987 ], [ -106.214135262599996, 38.976775641099991 ], [ -106.213180438099997, 38.979378299899999 ], [ -106.2151863, 38.985429775299998 ], [ -106.214651453800002, 38.987332675 ], [ -106.219508649900007, 38.995158208900001 ], [ -106.213764037600001, 38.987387454899995 ], [ -106.2129327639, 38.977238575799987 ] ] ] } },
{ "type": "Feature", "properties": { "FeatClass": "Fee", "Category": "Fee", "Own_Type": "STAT", "Own_Name": "SFW", "Loc_Own": "Colorado Parks & Wildlife", "Mang_Type": "STAT", "Mang_Name": "SFW", "Loc_Mang": "Colorado Parks & Wildlife", "Des_Tp": "SP", "Loc_Ds": "State Parks", "Unit_Nm": "Arkansas Headwaters Recreation Area - Arkansas River Ranch", "Loc_Nm": "Arkansas Headwaters RA - Arkansas River Ranch", "State_Nm": "CO", "Agg_Src": "CNHP_PADUS4_0Easement_COMaP_Public_v20230223_CO", "GIS_Src": "Colorado Parks & Wildlife GIS - CPWParcels", "Src_Date": "2023/02/23", "GIS_Acres": 120, "Source_PAID": "", "WDPA_Cd": 0, "Pub_Access": "OA", "Access_Src": "COMaP", "Access_Dt": "2023", "GAP_Sts": "4", "GAPCdSrc": "GAP - Default", "GAPCdDt": "2024", "IUCN_Cat": "Unassigned", "IUCNCtSrc": "GAP - Default", "IUCNCtDt": "2024", "Date_Est": "", "Comments": "Buffer Land Acquisitions - Arkansas River Ranch Fee Parcel - AHRA", "Term": null, "Duration": null, "d_FeatClass": "Fee", "d_Category": "Fee", "d_Own_Type": "State", "d_Own_Name": "State Fish and Wildlife", "d_Mang_Type": "State", "d_Mang_Name": "State Fish and Wildlife", "d_Des_Tp": "State Park", "d_State_Nm": "Colorado", "d_Pub_Access": "Open Access", "d_GAP_Sts": "4 - no known mandate for biodiversity protection", "d_IUCN_Cat": "Unassigned", "Shape_Length": 7620.880626661231, "Shape_Area": 486100.81742413028, "cpwParkName": "Arkansas Headwaters Recreation Area", "source": "USGS PAD-US" }, "geometry": { "type": "Polygon", "coordinates": [ [ [ -106.314764765299984, 39.164667567299986 ], [ -106.314741663, 39.160490732799985 ], [ -106.31791976469998, 39.160485624399996 ], [ -106.31625630089998, 39.157663949799996 ], [ -106.317205037099995, 39.15600481589999 ], [ -106.318176959599981, 39.155460387499986 ], [ -106.315689878, 39.154482486699997 ], [ -106.315275202799981, 39.144328648699997 ], [ -106.309997379599992, 39.145239315 ], [ -106.310006909599991, 39.1427470251 ], [ -106.317234283599987, 39.142693100299994 ], [ -106.315865260699994, 39.147000204399994 ], [ -106.317732735299984, 39.148633178499999 ], [ -106.316545650599991, 39.153067957699996 ], [ -106.318467957600006, 39.155371589099992 ], [ -106.317463967599991, 39.156553536599993 ], [ -106.319264364299983, 39.158558853899997 ], [ -106.319402810200003, 39.164614960100003 ], [ -106.314764765299984, 39.164667567299986 ] ] ] } },
{ "type": "Feature", "properties": { "FeatClass": "Fee", "Category": "Fee", "Own_Type": "STAT", "Own_Name": "SFW", "Loc_Own": "Colorado Parks & Wildlife", "Mang_Type": "STAT", "Mang_Name": "SFW", "Loc_Mang": "Colorado Parks & Wildlife", "Des_Tp": "SP", "Loc_Ds": "State Parks", "Unit_Nm": "Arkansas Headwaters Recreation Area - Big Bend", "Loc_Nm": "Arkansas Headwaters RA - Big Bend", "State_Nm": "CO", "Agg_Src": "CNHP_PADUS4_0Easement_COMaP_Public_v20230223_CO", "GIS_Src": "Colorado Parks & Wildlife GIS - CPWParcels", "Src_Date": "2023/02/23", "GIS_Acres": 35, "Source_PAID": "", "WDPA_Cd": 0, "Pub_Access": "OA", "Access_Src": "COMaP", "Access_Dt": "2023", "GAP_Sts": "4", "GAPCdSrc": "GAP - Default", "GAPCdDt": "2024", "IUCN_Cat": "Unassigned", "IUCNCtSrc": "GAP - Default", "IUCNCtDt": "2024", "Date_Est": "", "Comments": "", "Term": null, "Duration": null, "d_FeatClass": "Fee", "d_Category": "Fee", "d_Own_Type": "State", "d_Own_Name": "State Fish and Wildlife", "d_Mang_Type": "State", "d_Mang_Name": "State Fish and Wildlife", "d_Des_Tp": "State Park", "d_State_Nm": "Colorado", "d_Pub_Access": "Open Access", "d_GAP_Sts": "4 - no known mandate for biodiversity protection", "d_IUCN_Cat": "Unassigned", "Shape_Length": 1908.6289382202226, "Shape_Area": 142242.37273828249, "cpwParkName": "Arkansas Headwaters Recreation Area", "source": "USGS PAD-US" }, "geometry": { "type": "Polygon", "coordinates": [ [ [ -106.077366897699989, 38.573856789600001 ], [ -106.075360365899982, 38.575365016 ], [ -106.073705653, 38.572542996599992 ], [ -106.079782300900007, 38.571846088 ], [ -106.079816377399979, 38.575492058400002 ], [ -106.077366897699989, 38.573856789600001 ] ] ] } },
{ "type": "Feature", "properties": { "FeatClass": "Fee", "Category": "Fee", "Own_Type": "STAT", "Own_Name": "SFW", "Loc_Own": "Colorado Parks & Wildlife", "Mang_Type": "STAT", "Mang_Name": "SFW", "Loc_Mang": "Colorado Parks & Wildlife", "Des_Tp": "SP", "Loc_Ds": "State Parks", "Unit_Nm": "Arkansas Headwaters Recreation Area - Fisherman Bridge", "Loc_Nm": "Arkansas Headwaters RA - Fisherman Bridge", "State_Nm": "CO", "Agg_Src": "CNHP_PADUS4_0Easement_COMaP_Public_v20230223_CO", "GIS_Src": "Colorado Parks & Wildlife GIS - CPWParcels", "Src_Date": "2023/02/23", "GIS_Acres": 4, "Source_PAID": "", "WDPA_Cd": 0, "Pub_Access": "OA", "Access_Src": "COMaP", "Access_Dt": "2023", "GAP_Sts": "4", "GAPCdSrc": "GAP - Default", "GAPCdDt": "2024", "IUCN_Cat": "Unassigned", "IUCNCtSrc": "GAP - Default", "IUCNCtDt": "2024", "Date_Est": "", "Comments": "", "Term": null, "Duration": null, "d_FeatClass": "Fee", "d_Category": "Fee", "d_Own_Type": "State", "d_Own_Name": "State Fish and Wildlife", "d_Mang_Type": "State", "d_Mang_Name": "State Fish and Wildlife", "d_Des_Tp": "State Park", "d_State_Nm": "Colorado", "d_Pub_Access": "Open Access", "d_GAP_Sts": "4 - no known mandate for biodiversity protection", "d_IUCN_Cat": "Unassigned", "Shape_Length": 680.46517519356587, "Shape_Area": 15931.573354007031, "cpwParkName": "Arkansas Headwaters Recreation Area", "source": "USGS PAD-US" }, "geometry": { "type": "Polygon", "coordinates": [ [ [ -106.095100949399992, 38.767265268699994 ], [ -106.09650659079999, 38.768105516799992 ], [ -106.095208138700002, 38.769828184599994 ], [ -106.095117097699983, 38.769796921900003 ], [ -106.095100949399992, 38.767265268699994 ] ] ] } },
{ "type": "Feature", "properties": { "FeatClass": "Fee", "Category": "Fee", "Own_Type": "STAT", "Own_Name": "SFW", "Loc_Own": "Colorado Parks & Wildlife", "Mang_Type": "STAT", "Mang_Name": "SFW", "Loc_Mang": "Colorado Parks & Wildlife", "Des_Tp": "SP", "Loc_Ds": "State Parks", "Unit_Nm": "Arkansas Headwaters Recreation Area - High Lonesome", "Loc_Nm": "Arkansas Headwaters RA - High Lonesome", "State_Nm": "CO", "Agg_Src": "CNHP_PADUS4_0Easement_COMaP_Public_v20230223_CO", "GIS_Src": "Colorado Parks & Wildlife GIS - CPWParcels", "Src_Date": "2023/02/23", "GIS_Acres": 13, "Source_PAID": "", "WDPA_Cd": 0, "Pub_Access": "OA", "Access_Src": "COMaP", "Access_Dt": "2023", "GAP_Sts": "4", "GAPCdSrc": "GAP - Default", "GAPCdDt": "2024", "IUCN_Cat": "Unassigned", "IUCNCtSrc": "GAP - Default", "IUCNCtDt": "2024", "Date_Est": "", "Comments": "", "Term": null, "Duration": null, "d_FeatClass": "Fee", "d_Category": "Fee", "d_Own_Type": "State", "d_Own_Name": "State Fish and Wildlife", "d_Mang_Type": "State", "d_Mang_Name": "State Fish and Wildlife", "d_Des_Tp": "State Park", "d_State_Nm": "Colorado", "d_Pub_Access": "Open Access", "d_GAP_Sts": "4 - no known mandate for biodiversity protection", "d_IUCN_Cat": "Unassigned", "Shape_Length": 1237.6185225157319, "Shape_Area": 52272.883688457667, "cpwParkName": "Arkansas Headwaters Recreation Area", "source": "USGS PAD-US" }, "geometry": { "type": "Polygon", "coordinates": [ [ [ -106.302144401600003, 39.118178701099993 ], [ -106.302891974199994, 39.114538142199997 ], [ -106.3052999529, 39.118164648899992 ], [ -106.302144401600003, 39.118178701099993 ] ] ] } },
{ "type": "Feature", "properties": { "FeatClass": "Fee", "Category": "Fee", "Own_Type": "STAT", "Own_Name": "SFW", "Loc_Own": "Colorado Parks & Wildlife", "Mang_Type": "STAT", "Mang_Name": "SFW", "Loc_Mang": "Colorado Parks & Wildlife", "Des_Tp": "SP", "Loc_Ds": "State Parks", "Unit_Nm": "Arkansas Headwaters Recreation Area - Parkdale", "Loc_Nm": "Arkansas Headwaters RA - Parkdale", "State_Nm": "CO", "Agg_Src": "CNHP_PADUS4_0Easement_COMaP_Public_v20230223_CO", "GIS_Src": "Colorado Parks & Wildlife GIS - CPWParcels", "Src_Date": "2023/02/23", "GIS_Acres": 39, "Source_PAID": "", "WDPA_Cd": 0, "Pub_Access": "OA", "Access_Src": "COMaP", "Access_Dt": "2023", "GAP_Sts": "4", "GAPCdSrc": "GAP - Default", "GAPCdDt": "2024", "IUCN_Cat": "Unassigned", "IUCNCtSrc": "GAP - Default", "IUCNCtDt": "2024", "Date_Est": "", "Comments": "", "Term": null, "Duration": null, "d_FeatClass": "Fee", "d_Category": "Fee", "d_Own_Type": "State", "d_Own_Name": "State Fish and Wildlife", "d_Mang_Type": "State", "d_Mang_Name": "State Fish and Wildlife", "d_Des_Tp": "State Park", "d_State_Nm": "Colorado", "d_Pub_Access": "Open Access", "d_GAP_Sts": "4 - no known mandate for biodiversity protection", "d_IUCN_Cat": "Unassigned", "Shape_Length": 3295.8814624599304, "Shape_Area": 159000.63665648107, "cpwParkName": "Arkansas Headwaters Recreation Area", "source": "USGS PAD-US" }, "geometry": { "type": "Polygon", "coordinates": [ [ [ -105.388743031600001, 38.486963352099984 ], [ -105.382258558, 38.48680704729999 ], [ -105.382199879299989, 38.484846452200003 ], [ -105.391022471599982, 38.485796531899986 ], [ -105.399370644699985, 38.484869720100001 ], [ -105.388743031600001, 38.486963352099984 ] ] ] } },
{ "type": "Feature", "properties": { "FeatClass": "Fee", "Category": "Fee", "Own_Type": "STAT", "Own_Name": "SFW", "Loc_Own": "Colorado Parks & Wildlife", "Mang_Type": "STAT", "Mang_Name": "SFW", "Loc_Mang": "Colorado Parks & Wildlife", "Des_Tp": "SP", "Loc_Ds": "State Parks", "Unit_Nm": "Arkansas Headwaters Recreation Area - River Rim Estates", "Loc_Nm": "Arkansas Headwaters RA - River Rim Estates", "State_Nm": "CO", "Agg_Src": "CNHP_PADUS4_0Easement_COMaP_Public_v20230223_CO", "GIS_Src": "Colorado Parks & Wildlife GIS - CPWParcels", "Src_Date": "2023/02/23", "GIS_Acres": 1, "Source_PAID": "", "WDPA_Cd": 0, "Pub_Access": "OA", "Access_Src": "COMaP", "Access_Dt": "2023", "GAP_Sts": "4", "GAPCdSrc": "GAP - Default", "GAPCdDt": "2024", "IUCN_Cat": "Unassigned", "IUCNCtSrc": "GAP - Default", "IUCNCtDt": "2024", "Date_Est": "", "Comments": "", "Term": null, "Duration": null, "d_FeatClass": "Fee", "d_Category": "Fee", "d_Own_Type": "State", "d_Own_Name": "State Fish and Wildlife", "d_Mang_Type": "State", "d_Mang_Name": "State Fish and Wildlife", "d_Des_Tp": "State Park", "d_State_Nm": "Colorado", "d_Pub_Access": "Open Access", "d_GAP_Sts": "4 - no known mandate for biodiversity protection", "d_IUCN_Cat": "Unassigned", "Shape_Length": 1142.5409406451417, "Shape_Area": 4778.5144262897575, "cpwParkName": "Arkansas Headwaters Recreation Area", "source": "USGS PAD-US" }, "geometry": { "type": "MultiPolygon", "coordinates": [ [ [ [ -106.111274247, 38.831578003499985 ], [ -106.1110603172, 38.831262746499995 ], [ -106.112409953400004, 38.832119204900003 ], [ -106.111274247, 38.831578003499985 ] ] ], [ [ [ -106.110345366700003, 38.83022472959999 ], [ -106.109660298500003, 38.828492019099997 ], [ -106.109408592299999, 38.826648410700003 ], [ -106.109496367199981, 38.826648118599998 ], [ -106.110345366700003, 38.83022472959999 ] ] ] ] } },
{ "type": "Feature", "properties": { "FeatClass": "Fee", "Category": "Fee", "Own_Type": "STAT", "Own_Name": "SFW", "Loc_Own": "Colorado Parks & Wildlife", "Mang_Type": "STAT", "Mang_Name": "SFW", "Loc_Mang": "Colorado Parks & Wildlife", "Des_Tp": "SP", "Loc_Ds": "State Parks", "Unit_Nm": "Arkansas Headwaters Recreation Area - Vallie Bridge", "Loc_Nm": "Arkansas Headwaters RA - Vallie Bridge", "State_Nm": "CO", "Agg_Src": "CNHP_PADUS4_0Easement_COMaP_Public_v20230223_CO", "GIS_Src": "Colorado Parks & Wildlife GIS - CPWParcels", "Src_Date": "2023/02/23", "GIS_Acres": 19, "Source_PAID": "", "WDPA_Cd": 0, "Pub_Access": "OA", "Access_Src": "COMaP", "Access_Dt": "2023", "GAP_Sts": "4", "GAPCdSrc": "GAP - Default", "GAPCdDt": "2024", "IUCN_Cat": "Unassigned", "IUCNCtSrc": "GAP - Default", "IUCNCtDt": "2024", "Date_Est": "", "Comments": "", "Term": null, "Duration": null, "d_FeatClass": "Fee", "d_Category": "Fee", "d_Own_Type": "State", "d_Own_Name": "State Fish and Wildlife", "d_Mang_Type": "State", "d_Mang_Name": "State Fish and Wildlife", "d_Des_Tp": "State Park", "d_State_Nm": "Colorado", "d_Pub_Access": "Open Access", "d_GAP_Sts": "4 - no known mandate for biodiversity protection", "d_IUCN_Cat": "Unassigned", "Shape_Length": 1582.6941234225635, "Shape_Area": 75968.133326177631, "cpwParkName": "Arkansas Headwaters Recreation Area", "source": "USGS PAD-US" }, "geometry": { "type": "Polygon", "coordinates": [ [ [ -105.777068611299981, 38.394072876399996 ], [ -105.772191775400003, 38.391481575599997 ], [ -105.773154621299994, 38.3892551287 ], [ -105.777068611299981, 38.394072876399996 ] ] ] } },
{ "type": "Feature", "properties": { "FeatClass": "Fee", "Category": "Fee", "Own_Type": "STAT", "Own_Name": "SFW", "Loc_Own": "Colorado Parks & Wildlife", "Mang_Type": "STAT", "Mang_Name": "SFW", "Loc_Mang": "Colorado Parks & Wildlife", "Des_Tp": "SP", "Loc_Ds": "State Parks", "Unit_Nm": "Arkansas Headwaters Recreation Area - Visitors Center", "Loc_Nm": "Arkansas Headwaters RA - Visitors Center", "State_Nm": "CO", "Agg_Src": "CNHP_PADUS4_0Easement_COMaP_Public_v20230223_CO", "GIS_Src": "Colorado Parks & Wildlife GIS - CPWParcels", "Src_Date": "2023/02/23", "GIS_Acres": 0, "Source_PAID": "", "WDPA_Cd": 0, "Pub_Access": "OA", "Access_Src": "COMaP", "Access_Dt": "2023", "GAP_Sts": "4", "GAPCdSrc": "GAP - Default", "GAPCdDt": "2024", "IUCN_Cat": "Unassigned", "IUCNCtSrc": "GAP - Default", "IUCNCtDt": "2024", "Date_Est": "", "Comments": "", "Term": null, "Duration": null, "d_FeatClass": "Fee", "d_Category": "Fee", "d_Own_Type": "State", "d_Own_Name": "State Fish and Wildlife", "d_Mang_Type": "State", "d_Mang_Name": "State Fish and Wildlife", "d_Des_Tp": "State Park", "d_State_Nm": "Colorado", "d_Pub_Access": "Open Access", "d_GAP_Sts": "4 - no known mandate for biodiversity protection", "d_IUCN_Cat": "Unassigned", "Shape_Length": 146.93384371716061, "Shape_Area": 1249.2336317426743, "cpwParkName": "Arkansas Headwaters Recreation Area", "source": "USGS PAD-US" }, "geometry": { "type": "Polygon", "coordinates": [ [ [ -105.992447920100005, 38.538149483799991 ], [ -105.992634556499979, 38.537691702099984 ], [ -105.9928401592, 38.537867279299995 ], [ -105.992447920100005, 38.538149483799991 ] ] ] } },
{ "type": "Feature", "properties": { "FeatClass": "Fee", "Category": "Other", "Own_Type": "DIST", "Own_Name": "REG", "Loc_Own": "Fremont Sanitation District", "Mang_Type": "STAT", "Mang_Name": "SFW", "Loc_Mang": "Colorado Parks & Wildlife", "Des_Tp": "SP", "Loc_Ds": "State Parks", "Unit_Nm": "Arkansas Headwaters Recreation Area - Blue Heron", "Loc_Nm": "Arkansas Headwaters RA - Blue Heron", "State_Nm": "CO", "Agg_Src": "CNHP_PADUS4_0Easement_COMaP_Public_v20230223_CO", "GIS_Src": "Colorado Parks & Wildlife GIS - CPWParcels", "Src_Date": "2023/02/23", "GIS_Acres": 18, "Source_PAID": "", "WDPA_Cd": 0, "Pub_Access": "OA", "Access_Src": "COMaP", "Access_Dt": "2023", "GAP_Sts": "4", "GAPCdSrc": "GAP - Default", "GAPCdDt": "2024", "IUCN_Cat": "Unassigned", "IUCNCtSrc": "GAP - Default", "IUCNCtDt": "2024", "Date_Est": "", "Comments": "", "Term": null, "Duration": null, "d_FeatClass": "Fee", "d_Category": "Other", "d_Own_Type": "Regional Agency Special District", "d_Own_Name": "Regional Agency Land", "d_Mang_Type": "State", "d_Mang_Name": "State Fish and Wildlife", "d_Des_Tp": "State Park", "d_State_Nm": "Colorado", "d_Pub_Access": "Open Access", "d_GAP_Sts": "4 - no known mandate for biodiversity protection", "d_IUCN_Cat": "Unassigned", "Shape_Length": 2132.7729357422859, "Shape_Area": 74412.832613133476, "cpwParkName": "Arkansas Headwaters Recreation Area", "source": "USGS PAD-US" }, "geometry": { "type": "MultiPolygon", "coordinates": [ [ [ [ -105.075765907499999, 38.389501982699983 ], [ -105.074946610699996, 38.388033374199992 ], [ -105.07581822589998, 38.3880637643 ], [ -105.075765907499999, 38.389501982699983 ] ] ], [ [ [ -105.073938771399995, 38.38972444209999 ], [ -105.070428397699999, 38.389397537299992 ], [ -105.074806102199986, 38.386624959299994 ], [ -105.073938771399995, 38.38972444209999 ] ] ], [ [ [ -105.07305383500001, 38.392101719499991 ], [ -105.074726357099991, 38.391329632199998 ], [ -105.07477079909998, 38.391746859899989 ], [ -105.07305383500001, 38.392101719499991 ] ] ] ] } },
{ "type": "Feature", "properties": { "FeatClass": "Fee", "Category": "Other", "Own_Type": "DIST", "Own_Name": "REG", "Loc_Own": "Fremont Sanitation District", "Mang_Type": "STAT", "Mang_Name": "SFW", "Loc_Mang": "Colorado Parks & Wildlife", "Des_Tp": "SP", "Loc_Ds": "State Parks", "Unit_Nm": "Arkansas Headwaters Recreation Area - Fremont County Road 643C", "Loc_Nm": "Arkansas Headwaters RA - Fremont County Road 643C", "State_Nm": "CO", "Agg_Src": "CNHP_PADUS4_0Easement_COMaP_Public_v20230223_CO", "GIS_Src": "Colorado Parks & Wildlife GIS - CPWParcels", "Src_Date": "2023/02/23", "GIS_Acres": 8, "Source_PAID": "", "WDPA_Cd": 0, "Pub_Access": "OA", "Access_Src": "COMaP", "Access_Dt": "2023", "GAP_Sts": "4", "GAPCdSrc": "GAP - Default", "GAPCdDt": "2024", "IUCN_Cat": "Unassigned", "IUCNCtSrc": "GAP - Default", "IUCNCtDt": "2024", "Date_Est": "", "Comments": "", "Term": null, "Duration": null, "d_FeatClass": "Fee", "d_Category": "Other", "d_Own_Type": "Regional Agency Special District", "d_Own_Name": "Regional Agency Land", "d_Mang_Type": "State", "d_Mang_Name": "State Fish and Wildlife", "d_Des_Tp": "State Park", "d_State_Nm": "Colorado", "d_Pub_Access": "Open Access", "d_GAP_Sts": "4 - no known mandate for biodiversity protection", "d_IUCN_Cat": "Unassigned", "Shape_Length": 1510.0031937443148, "Shape_Area": 30716.11598871183, "cpwParkName": "Arkansas Headwaters Recreation Area", "source": "USGS PAD-US" }, "geometry": { "type": "Polygon", "coordinates": [ [ [ -105.167514212599983, 38.415107657599997 ], [ -105.16247174999998, 38.411183840599996 ], [ -105.169289647, 38.4146387057 ], [ -105.167514212599983, 38.415107657599997 ] ] ] } },
{ "type": "Feature", "properties": { "FeatClass": "Fee", "Category": "Other", "Own_Type": "FED", "Own_Name": "BLM", "Loc_Own": "US Bureau of Land Management", "Mang_Type": "STAT", "Mang_Name": "SFW", "Loc_Mang": "Colorado Parks & Wildlife", "Des_Tp": "SP", "Loc_Ds": "State Parks", "Unit_Nm": "Arkansas Headwaters Recreation Area - Big Bend", "Loc_Nm": "Arkansas Headwaters RA - Big Bend", "State_Nm": "CO", "Agg_Src": "CNHP_PADUS4_0Easement_COMaP_Public_v20230223_CO", "GIS_Src": "Colorado Parks & Wildlife GIS - CPWParcels", "Src_Date": "2015/08/04", "GIS_Acres": 31, "Source_PAID": "", "WDPA_Cd": 0, "Pub_Access": "OA", "Access_Src": "COMaP", "Access_Dt": "2023", "GAP_Sts": "4", "GAPCdSrc": "GAP - Default", "GAPCdDt": "2024", "IUCN_Cat": "Unassigned", "IUCNCtSrc": "GAP - Default", "IUCNCtDt": "2024", "Date_Est": "1989", "Comments": "", "Term": null, "Duration": null, "d_FeatClass": "Fee", "d_Category": "Other", "d_Own_Type": "Federal", "d_Own_Name": "Bureau of Land Management", "d_Mang_Type": "State", "d_Mang_Name": "State Fish and Wildlife", "d_Des_Tp": "State Park", "d_State_Nm": "Colorado", "d_Pub_Access": "Open Access", "d_GAP_Sts": "4 - no known mandate for biodiversity protection", "d_IUCN_Cat": "Unassigned", "Shape_Length": 2275.2785288258865, "Shape_Area": 124833.64182551348, "cpwParkName": "Arkansas Headwaters Recreation Area", "source": "USGS PAD-US" }, "geometry": { "type": "MultiPolygon", "coordinates": [ [ [ [ -106.079929825199997, 38.569684148100002 ], [ -106.075120760499985, 38.569982205600006 ], [ -106.07512197219998, 38.568232749799996 ], [ -106.079787859500001, 38.568303481299999 ], [ -106.079929825199997, 38.569684148100002 ] ] ], [ [ [ -106.079794067399988, 38.575530023300004 ], [ -106.079782156299984, 38.571918215699995 ], [ -106.080669911200005, 38.571925559199997 ], [ -106.081505380699994, 38.575544600899995 ], [ -106.079794067399988, 38.575530023300004 ] ] ] ] } },
{ "type": "Feature", "properties": { "FeatClass": "Fee", "Category": "Other", "Own_Type": "FED", "Own_Name": "BLM", "Loc_Own": "US Bureau of Land Management", "Mang_Type": "STAT", "Mang_Name": "SFW", "Loc_Mang": "Colorado Parks & Wildlife", "Des_Tp": "SP", "Loc_Ds": "State Parks", "Unit_Nm": "Arkansas Headwaters Recreation Area - Big Bend (Recreation and Public Purposes Site)", "Loc_Nm": "Arkansas Headwaters RA - Big Bend (R&PP Site)", "State_Nm": "CO", "Agg_Src": "CNHP_PADUS4_0Easement_COMaP_Public_v20230223_CO", "GIS_Src": "Colorado Parks & Wildlife GIS - CPWParcels", "Src_Date": "2023/02/23", "GIS_Acres": 23, "Source_PAID": "", "WDPA_Cd": 0, "Pub_Access": "OA", "Access_Src": "COMaP", "Access_Dt": "2023", "GAP_Sts": "4", "GAPCdSrc": "GAP - Default", "GAPCdDt": "2024", "IUCN_Cat": "Unassigned", "IUCNCtSrc": "GAP - Default", "IUCNCtDt": "2024", "Date_Est": "", "Comments": "", "Term": null, "Duration": null, "d_FeatClass": "Fee", "d_Category": "Other", "d_Own_Type": "Federal", "d_Own_Name": "Bureau of Land Management", "d_Mang_Type": "State", "d_Mang_Name": "State Fish and Wildlife", "d_Des_Tp": "State Park", "d_State_Nm": "Colorado", "d_Pub_Access": "Open Access", "d_GAP_Sts": "4 - no known mandate for biodiversity protection", "d_IUCN_Cat": "Unassigned", "Shape_Length": 1430.6396768911325, "Shape_Area": 92598.581207082811, "cpwParkName": "Arkansas Headwaters Recreation Area", "source": "USGS PAD-US" }, "geometry": { "type": "Polygon", "coordinates": [ [ [ -106.080410776799994, 38.571922968 ], [ -106.075119484200002, 38.5718210203 ], [ -106.075120760499985, 38.569982205600006 ], [ -106.079929825199997, 38.569684148100002 ], [ -106.080410776799994, 38.571922968 ] ] ] } },
{ "type": "Feature", "properties": { "FeatClass": "Fee", "Category": "Other", "Own_Type": "FED", "Own_Name": "BLM", "Loc_Own": "US Bureau of Land Management", "Mang_Type": "STAT", "Mang_Name": "SFW", "Loc_Mang": "Colorado Parks & Wildlife", "Des_Tp": "SP", "Loc_Ds": "State Parks", "Unit_Nm": "Arkansas Headwaters Recreation Area - BLM Site", "Loc_Nm": "Arkansas Headwaters RA - BLM Site", "State_Nm": "CO", "Agg_Src": "CNHP_PADUS4_0Easement_COMaP_Public_v20230223_CO", "GIS_Src": "Colorado Parks & Wildlife GIS - CPWParcels", "Src_Date": "2015/08/04", "GIS_Acres": 2409, "Source_PAID": "", "WDPA_Cd": 0, "Pub_Access": "OA", "Access_Src": "GAP - Default", "Access_Dt": "2024", "GAP_Sts": "4", "GAPCdSrc": "GAP - Default", "GAPCdDt": "2024", "IUCN_Cat": "Unassigned", "IUCNCtSrc": "GAP - Default", "IUCNCtDt": "2024", "Date_Est": "1989", "Comments": "", "Term": null, "Duration": null, "d_FeatClass": "Fee", "d_Category": "Other", "d_Own_Type": "Federal", "d_Own_Name": "Bureau of Land Management", "d_Mang_Type": "State", "d_Mang_Name": "State Fish and Wildlife", "d_Des_Tp": "State Park", "d_State_Nm": "Colorado", "d_Pub_Access": "Open Access", "d_GAP_Sts": "4 - no known mandate for biodiversity protection", "d_IUCN_Cat": "Unassigned", "Shape_Length": 118606.47795017392, "Shape_Area": 9748501.0751812439, "cpwParkName": "Arkansas Headwaters Recreation Area", "source": "USGS PAD-US" }, "geometry": { "type": "MultiPolygon", "coordinates": [ [ [ [ -105.710576832099989, 38.368271424099994 ], [ -105.716049529799989, 38.36740549919999 ], [ -105.728608900599994, 38.35844378489999 ], [ -105.733719044999987, 38.360969372399992 ], [ -105.735979615099993, 38.360913397299996 ], [ -105.733388749599982, 38.361494271899993 ], [ -105.730135183800002, 38.359282707799984 ], [ -105.728042364100006, 38.359259954499997 ], [ -105.717246206400006, 38.367231035099998 ], [ -105.710576832099989, 38.368271424099994 ] ] ], [ [ [ -105.760074746300006, 38.375941718900002 ], [ -105.762830448299994, 38.375921307600002 ], [ -105.764031239, 38.380681476500001 ], [ -105.762832269100002, 38.378503634299996 ], [ -105.760074746300006, 38.375941718900002 ] ] ], [ [ [ -105.648446736, 38.391594249299999 ], [ -105.648389506499981, 38.390721461799984 ], [ -105.654314675400002, 38.389607870499987 ], [ -105.658616009799999, 38.385518254 ], [ -105.665353456399998, 38.380162722500003 ], [ -105.665353669699982, 38.382278267099984 ], [ -105.673320303099999, 38.372385166099988 ], [ -105.680376583200001, 38.3735326149 ], [ -105.684194464900003, 38.371543155499992 ], [ -105.681106554799996, 38.374197013399993 ], [ -105.673516643000013, 38.37362089829999 ], [ -105.66568801519999, 38.382349876599996 ], [ -105.65912214239998, 38.386209291299991 ], [ -105.655612701600006, 38.390428030400003 ], [ -105.653294877600004, 38.391450037099993 ], [ -105.648446736, 38.391594249299999 ] ], [ [ -105.658130369599988, 38.386728423399994 ], [ -105.654253060900004, 38.3898531476 ], [ -105.650385026799995, 38.391194315099995 ], [ -105.655695746500001, 38.390064321300002 ], [ -105.658130369599988, 38.386728423399994 ] ] ], [ [ [ -105.638804292799989, 38.392493007599995 ], [ -105.639334248699981, 38.393443912199999 ], [ -105.632910047500005, 38.397406713199992 ], [ -105.632909660799996, 38.396293072600002 ], [ -105.638804292799989, 38.392493007599995 ] ] ], [ [ [ -105.269831465799996, 38.430987004099997 ], [ -105.2674723935, 38.43183574079999 ], [ -105.266071602400004, 38.431896723699992 ], [ -105.270052259300002, 38.430541200499995 ], [ -105.273238424899986, 38.43241053349999 ], [ -105.269831465799996, 38.430987004099997 ] ] ], [ [ [ -105.609282212300002, 38.407235560499991 ], [ -105.609382729099991, 38.409073606299998 ], [ -105.605831632900006, 38.409102668700001 ], [ -105.607318516099994, 38.408503983899998 ], [ -105.609282212300002, 38.407235560499991 ] ] ], [ [ [ -105.602923096199987, 38.40966786269999 ], [ -105.60415228399998, 38.410076033800003 ], [ -105.598332264, 38.410083039499995 ], [ -105.602923096199987, 38.40966786269999 ] ] ], [ [ [ -105.609395652900005, 38.412019079499991 ], [ -105.612708077299985, 38.410625705699992 ], [ -105.614488783499979, 38.405829139899993 ], [ -105.614946733699981, 38.408412549499999 ], [ -105.613559195999983, 38.410461896199998 ], [ -105.609395652900005, 38.412019079499991 ] ] ], [ [ [ -105.604593043799994, 38.412747135200007 ], [ -105.60009802, 38.412276324299995 ], [ -105.608743285800003, 38.412268474099996 ], [ -105.604593043799994, 38.412747135200007 ] ] ], [ [ [ -105.290417672599986, 38.43856450829999 ], [ -105.291147516299986, 38.437821796799994 ], [ -105.297550347699996, 38.445754217499989 ], [ -105.296507177599992, 38.445777553499994 ], [ -105.290417672599986, 38.43856450829999 ] ] ], [ [ [ -105.796424736, 38.422325070299998 ], [ -105.79990594809999, 38.422119100400003 ], [ -105.800018169799998, 38.425510259599996 ], [ -105.797005021499984, 38.423261455599992 ], [ -105.796424736, 38.422325070299998 ] ] ], [ [ [ -105.800244201599995, 38.425717901999988 ], [ -105.804694578100012, 38.425835253099997 ], [ -105.804770997399999, 38.430059875199994 ], [ -105.802998376399984, 38.429211241499999 ], [ -105.800244201599995, 38.425717901999988 ] ] ], [ [ [ -105.427687417100003, 38.477781426199989 ], [ -105.43618173519998, 38.476448346200002 ], [ -105.429517840299994, 38.477560193299993 ], [ -105.425941791399993, 38.479664421199992 ], [ -105.405346698399995, 38.485936447499988 ], [ -105.405319654099983, 38.484836608299993 ], [ -105.423691606399984, 38.479941041599986 ], [ -105.427687417100003, 38.477781426199989 ] ] ], [ [ [ -105.837419182199994, 38.453085305099989 ], [ -105.8388061335, 38.453079424599991 ], [ -105.838786214299986, 38.454846286599995 ], [ -105.838498789699983, 38.454529265799984 ], [ -105.837419182199994, 38.453085305099989 ] ] ], [ [ [ -105.842662672099991, 38.460610269999989 ], [ -105.843254864100004, 38.460107107100001 ], [ -105.84321371659999, 38.46104298569999 ], [ -105.842662672099991, 38.460610269999989 ] ] ], [ [ [ -105.88326340479999, 38.476939386499993 ], [ -105.877065552100007, 38.473376658699998 ], [ -105.873039176199995, 38.473238785299991 ], [ -105.872054371899992, 38.46955133489999 ], [ -105.870098336499993, 38.469742919299996 ], [ -105.867747013699983, 38.473516277499989 ], [ -105.866335533500006, 38.473375875599984 ], [ -105.864780037599999, 38.472272184600001 ], [ -105.862074636, 38.46613083119999 ], [ -105.847192456299979, 38.463415844899991 ], [ -105.860909036099983, 38.464515615400003 ], [ -105.864827070299995, 38.467281428700005 ], [ -105.865639543299991, 38.472690501399995 ], [ -105.866940552100004, 38.472928858400003 ], [ -105.869755307600002, 38.469675715699992 ], [ -105.871684674499988, 38.469332324500002 ], [ -105.87229201449999, 38.469520941199995 ], [ -105.872697843899985, 38.469975725700003 ], [ -105.873567418199997, 38.472290470099992 ], [ -105.876916903099982, 38.471997196899999 ], [ -105.881160799999989, 38.475045798599993 ], [ -105.886008853299998, 38.475340489099985 ], [ -105.889005679199983, 38.4769522538 ], [ -105.88326340479999, 38.476939386499993 ] ] ], [ [ [ -105.89978828469998, 38.480341979599991 ], [ -105.897218035799995, 38.480338421499994 ], [ -105.897207969500002, 38.47985757819999 ], [ -105.89813428379999, 38.480049320599996 ], [ -105.89978828469998, 38.480341979599991 ] ] ], [ [ [ -105.89082089599998, 38.480645173799999 ], [ -105.892780950699986, 38.480382382599998 ], [ -105.892789502400007, 38.481154504899983 ], [ -105.89082089599998, 38.480645173799999 ] ] ], [ [ [ -105.912383335300007, 38.484903349399993 ], [ -105.910997112399983, 38.484154118199996 ], [ -105.910996582599992, 38.483715106699989 ], [ -105.912383335300007, 38.484903349399993 ] ] ], [ [ [ -105.897288381400003, 38.483945033699996 ], [ -105.906429551599985, 38.483943057899992 ], [ -105.9064516559, 38.487838673699997 ], [ -105.900845794299997, 38.484862044499991 ], [ -105.897288381400003, 38.483945033699996 ] ] ], [ [ [ -105.907337163200012, 38.488010853500001 ], [ -105.906694240999983, 38.487913653599996 ], [ -105.907790316399982, 38.487915019799999 ], [ -105.907337163200012, 38.488010853500001 ] ] ], [ [ [ -105.91684402929998, 38.487680856199994 ], [ -105.914611125, 38.486290389299995 ], [ -105.917199482799987, 38.487680760899984 ], [ -105.91684402929998, 38.487680856199994 ] ] ], [ [ [ -105.9170202687, 38.498258088599997 ], [ -105.915560188599983, 38.495808815099998 ], [ -105.916360457999986, 38.4934063201 ], [ -105.918150092600001, 38.493126484100003 ], [ -105.91806871419999, 38.488031837 ], [ -105.919549262099991, 38.489908369499993 ], [ -105.917664018300016, 38.496983355 ], [ -105.927736589600002, 38.498958917599992 ], [ -105.9170202687, 38.498258088599997 ] ] ], [ [ [ -106.056278602499987, 38.616074052699993 ], [ -106.056402278500002, 38.618868820599992 ], [ -106.061102828200006, 38.618907636799996 ], [ -106.061005607200002, 38.625118175 ], [ -106.054750036799987, 38.621468962399987 ], [ -106.054337344099991, 38.618919637199987 ], [ -106.056278602499987, 38.616074052699993 ] ] ], [ [ [ -106.078871146699981, 38.642747577100003 ], [ -106.072547758099986, 38.636891536500002 ], [ -106.079307614699985, 38.636948938199986 ], [ -106.079017914499985, 38.645353310499992 ], [ -106.078871146699981, 38.642747577100003 ] ] ], [ [ [ -106.120969917599993, 38.851421940099996 ], [ -106.107245734100005, 38.840182483500001 ], [ -106.106933843899981, 38.836973882099997 ], [ -106.101492951099999, 38.834834209100002 ], [ -106.1017189879, 38.834091841699994 ], [ -106.103944143299998, 38.835518889599996 ], [ -106.104611664299995, 38.834882287599996 ], [ -106.100837868799999, 38.831094754399992 ], [ -106.090928475699997, 38.829549718800003 ], [ -106.086055549199997, 38.830017136199999 ], [ -106.086291456799998, 38.826486271799993 ], [ -106.088686809899997, 38.824661487699991 ], [ -106.084945613800016, 38.822560016899999 ], [ -106.084668168999983, 38.820318695299996 ], [ -106.085611084099995, 38.819769172699992 ], [ -106.085656946100002, 38.820929426899994 ], [ -106.087927489999984, 38.820956020799983 ], [ -106.087697183799989, 38.814285470399994 ], [ -106.094663754799981, 38.815772922399994 ], [ -106.0946875355, 38.817412624799985 ], [ -106.089969539799981, 38.817417106699992 ], [ -106.090047415799987, 38.821051136399987 ], [ -106.099434457, 38.821135622199996 ], [ -106.099462, 38.824769957199997 ], [ -106.105561291399979, 38.824825363 ], [ -106.105640754600003, 38.826546770699991 ], [ -106.109090067999986, 38.826566098400001 ], [ -106.109119845899983, 38.830208121 ], [ -106.111065769399985, 38.8302344867 ], [ -106.111056110500002, 38.832056365399978 ], [ -106.106754331299996, 38.832103445699993 ], [ -106.106840015200007, 38.836218917599993 ], [ -106.111052559699999, 38.836251949599998 ], [ -106.111595787599981, 38.833898153299998 ], [ -106.113810193800006, 38.833905295499989 ], [ -106.113848021199999, 38.839346571699991 ], [ -106.118501997999985, 38.839405690500001 ], [ -106.118559422099992, 38.844860585 ], [ -106.120646128299995, 38.844867201599989 ], [ -106.120714385199989, 38.848643825499998 ], [ -106.123218284800004, 38.848600767699999 ], [ -106.123242194200003, 38.850320949899995 ], [ -106.1278681581, 38.85039053669999 ], [ -106.127960592199997, 38.855384311599998 ], [ -106.120969917599993, 38.851421940099996 ] ] ], [ [ [ -106.13062117139998, 38.857649783299998 ], [ -106.137361369, 38.857575208899995 ], [ -106.137900886599994, 38.868374796199994 ], [ -106.136445137500004, 38.867028795 ], [ -106.136897049699982, 38.860866416499995 ], [ -106.133757502699993, 38.8601256444 ], [ -106.13062117139998, 38.857649783299998 ] ] ], [ [ [ -106.150717537, 38.875562080599991 ], [ -106.149982644399984, 38.882738497899986 ], [ -106.149148049900006, 38.881667499 ], [ -106.148381868300007, 38.880515868399996 ], [ -106.143434241099982, 38.872494299899991 ], [ -106.142154586499998, 38.871361245599999 ], [ -106.142472577999982, 38.868288797899993 ], [ -106.149397295200004, 38.868263621300002 ], [ -106.148594407599987, 38.875515503299994 ], [ -106.150717537, 38.875562080599991 ] ] ], [ [ [ -106.158953652700006, 38.906361724699991 ], [ -106.15690995609998, 38.899605039800001 ], [ -106.157910631899995, 38.89660383519999 ], [ -106.155518031200003, 38.895132178299995 ], [ -106.154116477900004, 38.890002027 ], [ -106.154133501499985, 38.888623537999983 ], [ -106.156734139099996, 38.890057497 ], [ -106.154712106800005, 38.887215406799996 ], [ -106.154868568, 38.882759471799986 ], [ -106.159247225099989, 38.882899692299986 ], [ -106.1590698949, 38.886569748699991 ], [ -106.166488134399998, 38.88672314339999 ], [ -106.168428234700002, 38.890396579899992 ], [ -106.173173268499994, 38.894124916699994 ], [ -106.172681472499988, 38.905048157899991 ], [ -106.1632960508, 38.904920025300001 ], [ -106.163102650699983, 38.912207305399996 ], [ -106.158953652700006, 38.906361724699991 ] ], [ [ -106.163295559299996, 38.904920018200002 ], [ -106.1636750949, 38.890342913599994 ], [ -106.158892536099998, 38.890239747099997 ], [ -106.158646894099988, 38.904789074199996 ], [ -106.163295559299996, 38.904920018200002 ] ] ], [ [ [ -106.177891544499985, 38.937663831800002 ], [ -106.177214317299985, 38.936797681399995 ], [ -106.175527588799994, 38.934011833599989 ], [ -106.177892734799997, 38.934026668100003 ], [ -106.177891544499985, 38.937663831800002 ] ] ], [ [ [ -106.177891544499985, 38.937663831800002 ], [ -106.1824706214, 38.937684689400001 ], [ -106.182485515799996, 38.941314160199994 ], [ -106.180314871299984, 38.940555420599992 ], [ -106.177891544499985, 38.937663831800002 ] ] ], [ [ [ -106.192360696400002, 38.9522777444 ], [ -106.196547933399998, 38.952223585699983 ], [ -106.196723337599991, 38.95808255379999 ], [ -106.194329196499993, 38.955993209799985 ], [ -106.192360696400002, 38.9522777444 ] ] ], [ [ [ -106.257558205399988, 39.035848075 ], [ -106.253130587800001, 39.036808083099992 ], [ -106.242690297699994, 39.026959116399993 ], [ -106.245814453400001, 39.026975486499992 ], [ -106.253148269199997, 39.036056856899989 ], [ -106.25675591209999, 39.034366393799992 ], [ -106.261507164899996, 39.038255883099993 ], [ -106.257558205399988, 39.035848075 ] ] ], [ [ [ -106.263559451199981, 39.04056802689999 ], [ -106.264635574999986, 39.041412878300001 ], [ -106.264582373299987, 39.042421769499995 ], [ -106.264269917599989, 39.041601636 ], [ -106.263559451199981, 39.04056802689999 ] ] ], [ [ [ -106.266894808899991, 39.050417618399997 ], [ -106.267317365799997, 39.050270601500003 ], [ -106.268188370199994, 39.052575976699998 ], [ -106.266894808899991, 39.050417618399997 ] ] ], [ [ [ -106.268590334899997, 39.05296219 ], [ -106.271426719600001, 39.0541647903 ], [ -106.271977323499996, 39.055085821899993 ], [ -106.273087572499989, 39.059950511499999 ], [ -106.272780245299998, 39.062397857100002 ], [ -106.271504546299994, 39.056115989999988 ], [ -106.268590334899997, 39.05296219 ] ] ], [ [ [ -106.272187681899993, 39.063517621699994 ], [ -106.272760541799983, 39.062448958199994 ], [ -106.27219481729999, 39.063916637399991 ], [ -106.272274195500003, 39.065253832599993 ], [ -106.272096275600006, 39.0646073833 ], [ -106.272187681899993, 39.063517621699994 ] ] ], [ [ [ -106.272708543199983, 39.065845607499988 ], [ -106.2740353298, 39.066567443 ], [ -106.274039620099998, 39.0671070167 ], [ -106.272708543199983, 39.065845607499988 ] ] ], [ [ [ -106.278676668599999, 39.076760726099984 ], [ -106.278781484099994, 39.076557112799996 ], [ -106.278787301899996, 39.076880522099991 ], [ -106.278676668599999, 39.076760726099984 ] ] ], [ [ [ -106.283385994699984, 39.083918914500003 ], [ -106.28339973289998, 39.083733777200003 ], [ -106.283401484799981, 39.083938632899994 ], [ -106.283385994699984, 39.083918914500003 ] ] ], [ [ [ -106.283378982200006, 39.085577411999985 ], [ -106.283415074100006, 39.085528778899999 ], [ -106.283415485399999, 39.085577276899997 ], [ -106.283378982200006, 39.085577411999985 ] ] ], [ [ [ -106.296459923, 39.103815386499996 ], [ -106.2974813987, 39.103626153499995 ], [ -106.297485579499991, 39.104545945799984 ], [ -106.296459923, 39.103815386499996 ] ] ], [ [ [ -106.30153080620002, 39.114998128700002 ], [ -106.302157301600005, 39.114545394199986 ], [ -106.302152839200005, 39.115801895099999 ], [ -106.30153080620002, 39.114998128700002 ] ] ], [ [ [ -106.306778581299994, 39.11815804079999 ], [ -106.305797555200002, 39.119223365399996 ], [ -106.303676437899981, 39.118171886799992 ], [ -106.306778581299994, 39.11815804079999 ] ] ], [ [ [ -106.309241235699986, 39.121885017300002 ], [ -106.310895727499982, 39.121795796900003 ], [ -106.311474075800021, 39.123651543699999 ], [ -106.310763185199988, 39.122787952299987 ], [ -106.309241235699986, 39.121885017300002 ] ] ] ] } },
{ "type": "Feature", "properties": { "FeatClass": "Fee", "Category": "Other", "Own_Type": "FED", "Own_Name": "BLM", "Loc_Own": "US Bureau of Land Management", "Mang_Type": "STAT", "Mang_Name": "SFW", "Loc_Mang": "Colorado Parks & Wildlife", "Des_Tp": "SP", "Loc_Ds": "State Parks", "Unit_Nm": "Arkansas Headwaters Recreation Area - Blue Heron", "Loc_Nm": "Arkansas Headwaters RA - Blue Heron", "State_Nm": "CO", "Agg_Src": "CNHP_PADUS4_0Easement_COMaP_Public_v20230223_CO", "GIS_Src": "Colorado Parks & Wildlife GIS - CPWParcels", "Src_Date": "2015/08/04", "GIS_Acres": 264, "Source_PAID": "", "WDPA_Cd": 0, "Pub_Access": "OA", "Access_Src": "COMaP", "Access_Dt": "2023", "GAP_Sts": "4", "GAPCdSrc": "GAP - Default", "GAPCdDt": "2024", "IUCN_Cat": "Unassigned", "IUCNCtSrc": "GAP - Default", "IUCNCtDt": "2024", "Date_Est": "1989", "Comments": "", "Term": null, "Duration": null, "d_FeatClass": "Fee", "d_Category": "Other", "d_Own_Type": "Federal", "d_Own_Name": "Bureau of Land Management", "d_Mang_Type": "State", "d_Mang_Name": "State Fish and Wildlife", "d_Des_Tp": "State Park", "d_State_Nm": "Colorado", "d_Pub_Access": "Open Access", "d_GAP_Sts": "4 - no known mandate for biodiversity protection", "d_IUCN_Cat": "Unassigned", "Shape_Length": 10021.066348137994, "Shape_Area": 1066477.5593632502, "cpwParkName": "Arkansas Headwaters Recreation Area", "source": "USGS PAD-US" }, "geometry": { "type": "MultiPolygon", "coordinates": [ [ [ [ -105.067587168499983, 38.38749572519999 ], [ -105.070203175199993, 38.386719066600001 ], [ -105.070203907799993, 38.387494175799993 ], [ -105.067587168499983, 38.38749572519999 ] ] ], [ [ [ -105.058888959099988, 38.384572573299991 ], [ -105.068372458799985, 38.384727020600003 ], [ -105.070174641799994, 38.386298311099999 ], [ -105.062044146700003, 38.388860704599999 ], [ -105.058917577, 38.392068267600003 ], [ -105.058888959099988, 38.384572573299991 ] ] ], [ [ [ -105.074782826799989, 38.392245756499989 ], [ -105.071078395599997, 38.392244111799997 ], [ -105.066311458399994, 38.39224182369999 ], [ -105.069240973799992, 38.3901091177 ], [ -105.071042364099981, 38.391604714099998 ], [ -105.074782826799989, 38.392245756499989 ] ] ], [ [ [ -105.063998342, 38.395736881099992 ], [ -105.056615423599979, 38.395753050499998 ], [ -105.056568340000013, 38.39325503109999 ], [ -105.059343972400001, 38.392205083699992 ], [ -105.062679845700004, 38.388946622799999 ], [ -105.066029118900019, 38.387877702 ], [ -105.072772550799982, 38.387867509999985 ], [ -105.065833875600021, 38.39178972149999 ], [ -105.064799328, 38.393295736 ], [ -105.063998342, 38.395736881099992 ] ] ], [ [ [ -105.065338812199982, 38.392979566299999 ], [ -105.065743043500007, 38.395720005899996 ], [ -105.0643558039, 38.395735841599993 ], [ -105.064918506799998, 38.393710145099995 ], [ -105.065338812199982, 38.392979566299999 ] ] ] ] } },
{ "type": "Feature", "properties": { "FeatClass": "Fee", "Category": "Other", "Own_Type": "FED", "Own_Name": "BLM", "Loc_Own": "US Bureau of Land Management", "Mang_Type": "STAT", "Mang_Name": "SFW", "Loc_Mang": "Colorado Parks & Wildlife", "Des_Tp": "SP", "Loc_Ds": "State Parks", "Unit_Nm": "Arkansas Headwaters Recreation Area - Browns Canyon", "Loc_Nm": "Arkansas Headwaters RA - Browns Canyon", "State_Nm": "CO", "Agg_Src": "CNHP_PADUS4_0Easement_COMaP_Public_v20230223_CO", "GIS_Src": "Colorado Parks & Wildlife GIS - CPWParcels", "Src_Date": "2015/08/04", "GIS_Acres": 2956, "Source_PAID": "", "WDPA_Cd": 0, "Pub_Access": "OA", "Access_Src": "CNHP COMaP", "Access_Dt": "2016", "GAP_Sts": "4", "GAPCdSrc": "GAP - Default", "GAPCdDt": "2024", "IUCN_Cat": "Unassigned", "IUCNCtSrc": "GAP - Default", "IUCNCtDt": "2024", "Date_Est": "1989", "Comments": "", "Term": null, "Duration": null, "d_FeatClass": "Fee", "d_Category": "Other", "d_Own_Type": "Federal", "d_Own_Name": "Bureau of Land Management", "d_Mang_Type": "State", "d_Mang_Name": "State Fish and Wildlife", "d_Des_Tp": "State Park", "d_State_Nm": "Colorado", "d_Pub_Access": "Open Access", "d_GAP_Sts": "4 - no known mandate for biodiversity protection", "d_IUCN_Cat": "Unassigned", "Shape_Length": 41399.590882606324, "Shape_Area": 11962203.417890761, "cpwParkName": "Arkansas Headwaters Recreation Area", "source": "USGS PAD-US" }, "geometry": { "type": "Polygon", "coordinates": [ [ [ -106.067135713300004, 38.744131355299992 ], [ -106.064955531699994, 38.740758944599996 ], [ -106.062401209699985, 38.729075239399997 ], [ -106.05475778669998, 38.722340280999987 ], [ -106.055436253, 38.716279115399992 ], [ -106.049626821800004, 38.705909066499991 ], [ -106.05085971779998, 38.7003874659 ], [ -106.048944590399984, 38.695074070099999 ], [ -106.042636719799987, 38.686020267299995 ], [ -106.041499897400001, 38.680772897099992 ], [ -106.043242253499983, 38.677291785 ], [ -106.048136766199988, 38.6728621408 ], [ -106.048023281400006, 38.670424811599993 ], [ -106.049832148499988, 38.668338036799994 ], [ -106.045759559299981, 38.66222064010001 ], [ -106.049756822399985, 38.652202499899992 ], [ -106.047733229499997, 38.650021616499991 ], [ -106.047591827800005, 38.644820173100001 ], [ -106.050442918800002, 38.63992901 ], [ -106.056415527499979, 38.634336601499996 ], [ -106.061176270199979, 38.632450878299991 ], [ -106.063101764899997, 38.629772656999982 ], [ -106.065471573099984, 38.629781899 ], [ -106.065433699599993, 38.633433651999987 ], [ -106.068775063499984, 38.633462048099993 ], [ -106.067146061399995, 38.634185345599995 ], [ -106.067680523499988, 38.634925787399993 ], [ -106.077118881, 38.644061094699978 ], [ -106.077472245400003, 38.648070351500003 ], [ -106.069268961700004, 38.651116980899999 ], [ -106.070308908599998, 38.652547782 ], [ -106.079087908600002, 38.649240570199993 ], [ -106.078991197600004, 38.655521814399982 ], [ -106.074548992399997, 38.655354443299991 ], [ -106.074295781100005, 38.65904583919999 ], [ -106.078841240700001, 38.659197377499993 ], [ -106.078593271900004, 38.666450697899997 ], [ -106.07382155629999, 38.666314687799996 ], [ -106.074058626400003, 38.662680791299991 ], [ -106.055085232099998, 38.662152833099995 ], [ -106.054668396799997, 38.673003383699992 ], [ -106.059222377099999, 38.673059280699988 ], [ -106.058598858599993, 38.691246597499983 ], [ -106.063279791299991, 38.691302636800003 ], [ -106.063226507799982, 38.693917178099987 ], [ -106.052939774399988, 38.693909707799996 ], [ -106.05302347289998, 38.708418211399987 ], [ -106.057688849599984, 38.708364558900001 ], [ -106.057727277400005, 38.719234165799996 ], [ -106.055547294499988, 38.722248432699992 ], [ -106.057492790400019, 38.724709448 ], [ -106.062456335799979, 38.72650197079998 ], [ -106.064924401799999, 38.736579271 ], [ -106.067189357099991, 38.737441757799992 ], [ -106.067135713300004, 38.744131355299992 ] ], [ [ -106.055267293499995, 38.656642498499998 ], [ -106.055448825200017, 38.651147755399997 ], [ -106.051712247899999, 38.651094593799996 ], [ -106.049518232500006, 38.649787464100001 ], [ -106.049010389499983, 38.64569220109999 ], [ -106.049883678900002, 38.64412252959999 ], [ -106.051256559, 38.644115114299986 ], [ -106.050977452299989, 38.641617417600003 ], [ -106.048248343500006, 38.646363377599997 ], [ -106.04877405889998, 38.649921624399994 ], [ -106.050873140500002, 38.651719004899995 ], [ -106.050633238700001, 38.656687415099988 ], [ -106.055267293499995, 38.656642498499998 ] ] ] } },
{ "type": "Feature", "properties": { "FeatClass": "Fee", "Category": "Other", "Own_Type": "FED", "Own_Name": "BLM", "Loc_Own": "US Bureau of Land Management", "Mang_Type": "STAT", "Mang_Name": "SFW", "Loc_Mang": "Colorado Parks & Wildlife", "Des_Tp": "SP", "Loc_Ds": "State Parks", "Unit_Nm": "Arkansas Headwaters Recreation Area - Canyon Trading Post (Recreation and Public Purposes Site)", "Loc_Nm": "Arkansas Headwaters RA - Canyon Trading Post (R&PP Site)", "State_Nm": "CO", "Agg_Src": "CNHP_PADUS4_0Easement_COMaP_Public_v20230223_CO", "GIS_Src": "Colorado Parks & Wildlife GIS - CPWParcels", "Src_Date": "2023/02/23", "GIS_Acres": 6, "Source_PAID": "", "WDPA_Cd": 0, "Pub_Access": "OA", "Access_Src": "COMaP", "Access_Dt": "2023", "GAP_Sts": "4", "GAPCdSrc": "GAP - Default", "GAPCdDt": "2024", "IUCN_Cat": "Unassigned", "IUCNCtSrc": "GAP - Default", "IUCNCtDt": "2024", "Date_Est": "", "Comments": "", "Term": null, "Duration": null, "d_FeatClass": "Fee", "d_Category": "Other", "d_Own_Type": "Federal", "d_Own_Name": "Bureau of Land Management", "d_Mang_Type": "State", "d_Mang_Name": "State Fish and Wildlife", "d_Des_Tp": "State Park", "d_State_Nm": "Colorado", "d_Pub_Access": "Open Access", "d_GAP_Sts": "4 - no known mandate for biodiversity protection", "d_IUCN_Cat": "Unassigned", "Shape_Length": 1044.2298446157861, "Shape_Area": 23516.820079515437, "cpwParkName": "Arkansas Headwaters Recreation Area", "source": "USGS PAD-US" }, "geometry": { "type": "Polygon", "coordinates": [ [ [ -105.711747267599989, 38.367747565999984 ], [ -105.714780915700004, 38.367273578 ], [ -105.716960068099993, 38.366425486899985 ], [ -105.715550237200006, 38.367588807399997 ], [ -105.711747267599989, 38.367747565999984 ] ] ] } },
{ "type": "Feature", "properties": { "FeatClass": "Fee", "Category": "Other", "Own_Type": "FED", "Own_Name": "BLM", "Loc_Own": "US Bureau of Land Management", "Mang_Type": "STAT", "Mang_Name": "SFW", "Loc_Mang": "Colorado Parks & Wildlife", "Des_Tp": "SP", "Loc_Ds": "State Parks", "Unit_Nm": "Arkansas Headwaters Recreation Area - Centerville (Recreation and Public Purposes Site)", "Loc_Nm": "Arkansas Headwaters RA - Centerville (R&PP Site)", "State_Nm": "CO", "Agg_Src": "CNHP_PADUS4_0Easement_COMaP_Public_v20230223_CO", "GIS_Src": "Colorado Parks & Wildlife GIS - CPWParcels", "Src_Date": "2023/02/23", "GIS_Acres": 3, "Source_PAID": "", "WDPA_Cd": 0, "Pub_Access": "OA", "Access_Src": "CNHP COMaP", "Access_Dt": "2016", "GAP_Sts": "4", "GAPCdSrc": "GAP - Default", "GAPCdDt": "2024", "IUCN_Cat": "Unassigned", "IUCNCtSrc": "GAP - Default", "IUCNCtDt": "2024", "Date_Est": "", "Comments": "", "Term": null, "Duration": null, "d_FeatClass": "Fee", "d_Category": "Other", "d_Own_Type": "Federal", "d_Own_Name": "Bureau of Land Management", "d_Mang_Type": "State", "d_Mang_Name": "State Fish and Wildlife", "d_Des_Tp": "State Park", "d_State_Nm": "Colorado", "d_Pub_Access": "Open Access", "d_GAP_Sts": "4 - no known mandate for biodiversity protection", "d_IUCN_Cat": "Unassigned", "Shape_Length": 581.11681901238046, "Shape_Area": 10387.06325552791, "cpwParkName": "Arkansas Headwaters Recreation Area", "source": "USGS PAD-US" }, "geometry": { "type": "Polygon", "coordinates": [ [ [ -106.052974051500001, 38.699854207199998 ], [ -106.053184503099985, 38.70073588479999 ], [ -106.052097529299985, 38.701950460799992 ], [ -106.052271823799998, 38.700650308100002 ], [ -106.052974051500001, 38.699854207199998 ] ] ] } },
{ "type": "Feature", "properties": { "FeatClass": "Fee", "Category": "Other", "Own_Type": "FED", "Own_Name": "BLM", "Loc_Own": "US Bureau of Land Management", "Mang_Type": "STAT", "Mang_Name": "SFW", "Loc_Mang": "Colorado Parks & Wildlife", "Des_Tp": "SP", "Loc_Ds": "State Parks", "Unit_Nm": "Arkansas Headwaters Recreation Area - Chaffee County Shop", "Loc_Nm": "Arkansas Headwaters RA - Chaffee County Shop", "State_Nm": "CO", "Agg_Src": "CNHP_PADUS4_0Easement_COMaP_Public_v20230223_CO", "GIS_Src": "Colorado Parks & Wildlife GIS - CPWParcels", "Src_Date": "2015/08/04", "GIS_Acres": 36, "Source_PAID": "", "WDPA_Cd": 0, "Pub_Access": "RA", "Access_Src": "COMaP", "Access_Dt": "2023", "GAP_Sts": "4", "GAPCdSrc": "GAP - Default", "GAPCdDt": "2024", "IUCN_Cat": "Unassigned", "IUCNCtSrc": "GAP - Default", "IUCNCtDt": "2024", "Date_Est": "1989", "Comments": "", "Term": null, "Duration": null, "d_FeatClass": "Fee", "d_Category": "Other", "d_Own_Type": "Federal", "d_Own_Name": "Bureau of Land Management", "d_Mang_Type": "State", "d_Mang_Name": "State Fish and Wildlife", "d_Des_Tp": "State Park", "d_State_Nm": "Colorado", "d_Pub_Access": "Restricted Access", "d_GAP_Sts": "4 - no known mandate for biodiversity protection", "d_IUCN_Cat": "Unassigned", "Shape_Length": 1541.1738953665101, "Shape_Area": 146312.64904602108, "cpwParkName": "Arkansas Headwaters Recreation Area", "source": "USGS PAD-US" }, "geometry": { "type": "Polygon", "coordinates": [ [ [ -106.087246354900017, 38.659242531099991 ], [ -106.088298991200006, 38.662861686299991 ], [ -106.083547696099998, 38.662846869599989 ], [ -106.0836517085, 38.659225250200002 ], [ -106.087246354900017, 38.659242531099991 ] ] ] } },
{ "type": "Feature", "properties": { "FeatClass": "Fee", "Category": "Other", "Own_Type": "FED", "Own_Name": "BLM", "Loc_Own": "US Bureau of Land Management", "Mang_Type": "STAT", "Mang_Name": "SFW", "Loc_Mang": "Colorado Parks & Wildlife", "Des_Tp": "SP", "Loc_Ds": "State Parks", "Unit_Nm": "Arkansas Headwaters Recreation Area - Coaldale", "Loc_Nm": "Arkansas Headwaters RA - Coaldale", "State_Nm": "CO", "Agg_Src": "CNHP_PADUS4_0Easement_COMaP_Public_v20230223_CO", "GIS_Src": "Colorado Parks & Wildlife GIS - CPWParcels", "Src_Date": "2015/08/04", "GIS_Acres": 18, "Source_PAID": "", "WDPA_Cd": 0, "Pub_Access": "OA", "Access_Src": "COMaP", "Access_Dt": "2023", "GAP_Sts": "4", "GAPCdSrc": "GAP - Default", "GAPCdDt": "2024", "IUCN_Cat": "Unassigned", "IUCNCtSrc": "GAP - Default", "IUCNCtDt": "2024", "Date_Est": "1989", "Comments": "", "Term": null, "Duration": null, "d_FeatClass": "Fee", "d_Category": "Other", "d_Own_Type": "Federal", "d_Own_Name": "Bureau of Land Management", "d_Mang_Type": "State", "d_Mang_Name": "State Fish and Wildlife", "d_Des_Tp": "State Park", "d_State_Nm": "Colorado", "d_Pub_Access": "Open Access", "d_GAP_Sts": "4 - no known mandate for biodiversity protection", "d_IUCN_Cat": "Unassigned", "Shape_Length": 1874.5518842499391, "Shape_Area": 74799.484733121528, "cpwParkName": "Arkansas Headwaters Recreation Area", "source": "USGS PAD-US" }, "geometry": { "type": "MultiPolygon", "coordinates": [ [ [ [ -105.78234093819998, 38.407063895799993 ], [ -105.782326309999988, 38.405122284499996 ], [ -105.785552127599985, 38.408168086099984 ], [ -105.78234093819998, 38.407063895799993 ] ] ], [ [ [ -105.787081108500018, 38.411754203199997 ], [ -105.786760079299995, 38.409115391500002 ], [ -105.789334566400001, 38.411666780599994 ], [ -105.787081108500018, 38.411754203199997 ] ] ] ] } },
{ "type": "Feature", "properties": { "FeatClass": "Fee", "Category": "Other", "Own_Type": "FED", "Own_Name": "BLM", "Loc_Own": "US Bureau of Land Management", "Mang_Type": "STAT", "Mang_Name": "SFW", "Loc_Mang": "Colorado Parks & Wildlife", "Des_Tp": "SP", "Loc_Ds": "State Parks", "Unit_Nm": "Arkansas Headwaters Recreation Area - Collegiate Peaks (Recreation and Public Purposes Site)", "Loc_Nm": "Arkansas Headwaters RA - Collegiate Peaks (R&PP Site)", "State_Nm": "CO", "Agg_Src": "CNHP_PADUS4_0Easement_COMaP_Public_v20230223_CO", "GIS_Src": "Colorado Parks & Wildlife GIS - CPWParcels", "Src_Date": "2023/02/23", "GIS_Acres": 37, "Source_PAID": "", "WDPA_Cd": 0, "Pub_Access": "OA", "Access_Src": "COMaP", "Access_Dt": "2023", "GAP_Sts": "4", "GAPCdSrc": "GAP - Default", "GAPCdDt": "2024", "IUCN_Cat": "Unassigned", "IUCNCtSrc": "GAP - Default", "IUCNCtDt": "2024", "Date_Est": "", "Comments": "", "Term": null, "Duration": null, "d_FeatClass": "Fee", "d_Category": "Other", "d_Own_Type": "Federal", "d_Own_Name": "Bureau of Land Management", "d_Mang_Type": "State", "d_Mang_Name": "State Fish and Wildlife", "d_Des_Tp": "State Park", "d_State_Nm": "Colorado", "d_Pub_Access": "Open Access", "d_GAP_Sts": "4 - no known mandate for biodiversity protection", "d_IUCN_Cat": "Unassigned", "Shape_Length": 2049.4582516140313, "Shape_Area": 149782.91731925934, "cpwParkName": "Arkansas Headwaters Recreation Area", "source": "USGS PAD-US" }, "geometry": { "type": "Polygon", "coordinates": [ [ [ -106.085656946100002, 38.820929426899994 ], [ -106.085819045600005, 38.816975294799988 ], [ -106.083494809699999, 38.815518511299999 ], [ -106.087697183799989, 38.814285470399994 ], [ -106.087927489999984, 38.820956020799983 ], [ -106.085656946100002, 38.820929426899994 ] ] ] } },
{ "type": "Feature", "properties": { "FeatClass": "Fee", "Category": "Other", "Own_Type": "FED", "Own_Name": "BLM", "Loc_Own": "US Bureau of Land Management", "Mang_Type": "STAT", "Mang_Name": "SFW", "Loc_Mang": "Colorado Parks & Wildlife", "Des_Tp": "SP", "Loc_Ds": "State Parks", "Unit_Nm": "Arkansas Headwaters Recreation Area - Fisherman Bridge", "Loc_Nm": "Arkansas Headwaters RA - Fisherman Bridge", "State_Nm": "CO", "Agg_Src": "CNHP_PADUS4_0Easement_COMaP_Public_v20230223_CO", "GIS_Src": "Colorado Parks & Wildlife GIS - CPWParcels", "Src_Date": "2015/08/04", "GIS_Acres": 8, "Source_PAID": "", "WDPA_Cd": 0, "Pub_Access": "OA", "Access_Src": "COMaP", "Access_Dt": "2023", "GAP_Sts": "4", "GAPCdSrc": "GAP - Default", "GAPCdDt": "2024", "IUCN_Cat": "Unassigned", "IUCNCtSrc": "GAP - Default", "IUCNCtDt": "2024", "Date_Est": "1989", "Comments": "", "Term": null, "Duration": null, "d_FeatClass": "Fee", "d_Category": "Other", "d_Own_Type": "Federal", "d_Own_Name": "Bureau of Land Management", "d_Mang_Type": "State", "d_Mang_Name": "State Fish and Wildlife", "d_Des_Tp": "State Park", "d_State_Nm": "Colorado", "d_Pub_Access": "Open Access", "d_GAP_Sts": "4 - no known mandate for biodiversity protection", "d_IUCN_Cat": "Unassigned", "Shape_Length": 1147.244936969533, "Shape_Area": 31705.588741913976, "cpwParkName": "Arkansas Headwaters Recreation Area", "source": "USGS PAD-US" }, "geometry": { "type": "MultiPolygon", "coordinates": [ [ [ [ -106.092257551199992, 38.766703431800003 ], [ -106.092728338099988, 38.765412479 ], [ -106.094225716599979, 38.766671953199996 ], [ -106.092257551199992, 38.766703431800003 ] ] ], [ [ [ -106.095097938, 38.766657993 ], [ -106.095083722199988, 38.765201304099996 ], [ -106.097377829899983, 38.766621212300002 ], [ -106.095097938, 38.766657993 ] ] ] ] } },
{ "type": "Feature", "properties": { "FeatClass": "Fee", "Category": "Other", "Own_Type": "FED", "Own_Name": "BLM", "Loc_Own": "US Bureau of Land Management", "Mang_Type": "STAT", "Mang_Name": "SFW", "Loc_Mang": "Colorado Parks & Wildlife", "Des_Tp": "SP", "Loc_Ds": "State Parks", "Unit_Nm": "Arkansas Headwaters Recreation Area - Fisherman Bridge (Recreation and Public Purposes Site)", "Loc_Nm": "Arkansas Headwaters RA - Fisherman Bridge (R&PP Site)", "State_Nm": "CO", "Agg_Src": "CNHP_PADUS4_0Easement_COMaP_Public_v20230223_CO", "GIS_Src": "Colorado Parks & Wildlife GIS - CPWParcels", "Src_Date": "2023/02/23", "GIS_Acres": 41, "Source_PAID": "", "WDPA_Cd": 0, "Pub_Access": "OA", "Access_Src": "COMaP", "Access_Dt": "2023", "GAP_Sts": "4", "GAPCdSrc": "GAP - Default", "GAPCdDt": "2024", "IUCN_Cat": "Unassigned", "IUCNCtSrc": "GAP - Default", "IUCNCtDt": "2024", "Date_Est": "", "Comments": "", "Term": null, "Duration": null, "d_FeatClass": "Fee", "d_Category": "Other", "d_Own_Type": "Federal", "d_Own_Name": "Bureau of Land Management", "d_Mang_Type": "State", "d_Mang_Name": "State Fish and Wildlife", "d_Des_Tp": "State Park", "d_State_Nm": "Colorado", "d_Pub_Access": "Open Access", "d_GAP_Sts": "4 - no known mandate for biodiversity protection", "d_IUCN_Cat": "Unassigned", "Shape_Length": 1622.1272922125474, "Shape_Area": 164328.8328671747, "cpwParkName": "Arkansas Headwaters Recreation Area", "source": "USGS PAD-US" }, "geometry": { "type": "Polygon", "coordinates": [ [ [ -106.095120534399982, 38.770335575699988 ], [ -106.090457857900006, 38.770353397500003 ], [ -106.090426285599989, 38.766732691299985 ], [ -106.095097938, 38.766657993 ], [ -106.095120534399982, 38.770335575699988 ] ] ] } },
{ "type": "Feature", "properties": { "FeatClass": "Fee", "Category": "Other", "Own_Type": "FED", "Own_Name": "BLM", "Loc_Own": "US Bureau of Land Management", "Mang_Type": "STAT", "Mang_Name": "SFW", "Loc_Mang": "Colorado Parks & Wildlife", "Des_Tp": "SP", "Loc_Ds": "State Parks", "Unit_Nm": "Arkansas Headwaters Recreation Area - Five Points (Recreation and Public Purposes Site)", "Loc_Nm": "Arkansas Headwaters RA - Five Points (R&PP Site)", "State_Nm": "CO", "Agg_Src": "CNHP_PADUS4_0Easement_COMaP_Public_v20230223_CO", "GIS_Src": "Colorado Parks & Wildlife GIS - CPWParcels", "Src_Date": "2023/02/23", "GIS_Acres": 67, "Source_PAID": "", "WDPA_Cd": 0, "Pub_Access": "OA", "Access_Src": "COMaP", "Access_Dt": "2023", "GAP_Sts": "4", "GAPCdSrc": "GAP - Default", "GAPCdDt": "2024", "IUCN_Cat": "Unassigned", "IUCNCtSrc": "GAP - Default", "IUCNCtDt": "2024", "Date_Est": "", "Comments": "", "Term": null, "Duration": null, "d_FeatClass": "Fee", "d_Category": "Other", "d_Own_Type": "Federal", "d_Own_Name": "Bureau of Land Management", "d_Mang_Type": "State", "d_Mang_Name": "State Fish and Wildlife", "d_Des_Tp": "State Park", "d_State_Nm": "Colorado", "d_Pub_Access": "Open Access", "d_GAP_Sts": "4 - no known mandate for biodiversity protection", "d_IUCN_Cat": "Unassigned", "Shape_Length": 2136.7733984257939, "Shape_Area": 272739.14247988188, "cpwParkName": "Arkansas Headwaters Recreation Area", "source": "USGS PAD-US" }, "geometry": { "type": "Polygon", "coordinates": [ [ [ -105.496388389399982, 38.453637719299991 ], [ -105.491513643399983, 38.45398741759999 ], [ -105.491503347700004, 38.448223057500002 ], [ -105.496382087200004, 38.448222692400002 ], [ -105.496388389399982, 38.453637719299991 ] ] ] } },
{ "type": "Feature", "properties": { "FeatClass": "Fee", "Category": "Other", "Own_Type": "FED", "Own_Name": "BLM", "Loc_Own": "US Bureau of Land Management", "Mang_Type": "STAT", "Mang_Name": "SFW", "Loc_Mang": "Colorado Parks & Wildlife", "Des_Tp": "SP", "Loc_Ds": "State Parks", "Unit_Nm": "Arkansas Headwaters Recreation Area - Granite Rock", "Loc_Nm": "Arkansas Headwaters RA - Granite Rock", "State_Nm": "CO", "Agg_Src": "CNHP_PADUS4_0Easement_COMaP_Public_v20230223_CO", "GIS_Src": "Colorado Parks & Wildlife GIS - CPWParcels", "Src_Date": "2015/08/04", "GIS_Acres": 29, "Source_PAID": "", "WDPA_Cd": 0, "Pub_Access": "OA", "Access_Src": "COMaP", "Access_Dt": "2023", "GAP_Sts": "4", "GAPCdSrc": "GAP - Default", "GAPCdDt": "2024", "IUCN_Cat": "Unassigned", "IUCNCtSrc": "GAP - Default", "IUCNCtDt": "2024", "Date_Est": "1989", "Comments": "", "Term": null, "Duration": null, "d_FeatClass": "Fee", "d_Category": "Other", "d_Own_Type": "Federal", "d_Own_Name": "Bureau of Land Management", "d_Mang_Type": "State", "d_Mang_Name": "State Fish and Wildlife", "d_Des_Tp": "State Park", "d_State_Nm": "Colorado", "d_Pub_Access": "Open Access", "d_GAP_Sts": "4 - no known mandate for biodiversity protection", "d_IUCN_Cat": "Unassigned", "Shape_Length": 3558.8076775550903, "Shape_Area": 118621.45109511496, "cpwParkName": "Arkansas Headwaters Recreation Area", "source": "USGS PAD-US" }, "geometry": { "type": "Polygon", "coordinates": [ [ [ -106.257493379699994, 39.034325660899995 ], [ -106.253157711300005, 39.035541560099993 ], [ -106.248397833399991, 39.029968034799992 ], [ -106.251447386199985, 39.032511355099992 ], [ -106.257893189100002, 39.033891284199996 ], [ -106.263206138499996, 39.038195886 ], [ -106.257493379699994, 39.034325660899995 ] ] ] } },
{ "type": "Feature", "properties": { "FeatClass": "Fee", "Category": "Other", "Own_Type": "FED", "Own_Name": "BLM", "Loc_Own": "US Bureau of Land Management", "Mang_Type": "STAT", "Mang_Name": "SFW", "Loc_Mang": "Colorado Parks & Wildlife", "Des_Tp": "SP", "Loc_Ds": "State Parks", "Unit_Nm": "Arkansas Headwaters Recreation Area - Hecla Junction (Recreation and Public Purposes Site)", "Loc_Nm": "Arkansas Headwaters RA - Hecla Junction (R&PP Site)", "State_Nm": "CO", "Agg_Src": "CNHP_PADUS4_0Easement_COMaP_Public_v20230223_CO", "GIS_Src": "Colorado Parks & Wildlife GIS - CPWParcels", "Src_Date": "2023/02/23", "GIS_Acres": 85, "Source_PAID": "", "WDPA_Cd": 0, "Pub_Access": "OA", "Access_Src": "COMaP", "Access_Dt": "2023", "GAP_Sts": "4", "GAPCdSrc": "GAP - Default", "GAPCdDt": "2024", "IUCN_Cat": "Unassigned", "IUCNCtSrc": "GAP - Default", "IUCNCtDt": "2024", "Date_Est": "", "Comments": "", "Term": null, "Duration": null, "d_FeatClass": "Fee", "d_Category": "Other", "d_Own_Type": "Federal", "d_Own_Name": "Bureau of Land Management", "d_Mang_Type": "State", "d_Mang_Name": "State Fish and Wildlife", "d_Des_Tp": "State Park", "d_State_Nm": "Colorado", "d_Pub_Access": "Open Access", "d_GAP_Sts": "4 - no known mandate for biodiversity protection", "d_IUCN_Cat": "Unassigned", "Shape_Length": 4596.8437928178755, "Shape_Area": 343165.76160993549, "cpwParkName": "Arkansas Headwaters Recreation Area", "source": "USGS PAD-US" }, "geometry": { "type": "Polygon", "coordinates": [ [ [ -106.048552677199979, 38.645032524799994 ], [ -106.050977452299989, 38.641617417600003 ], [ -106.051256559, 38.644115114299986 ], [ -106.049883678900002, 38.64412252959999 ], [ -106.049010389499983, 38.64569220109999 ], [ -106.049518232500006, 38.649787464100001 ], [ -106.051712247899999, 38.651094593799996 ], [ -106.055448825200017, 38.651147755399997 ], [ -106.055267293499995, 38.656642498499998 ], [ -106.050633238700001, 38.656687415099988 ], [ -106.050873140500002, 38.651719004899995 ], [ -106.04877405889998, 38.649921624399994 ], [ -106.048552677199979, 38.645032524799994 ] ] ] } },
{ "type": "Feature", "properties": { "FeatClass": "Fee", "Category": "Other", "Own_Type": "FED", "Own_Name": "BLM", "Loc_Own": "US Bureau of Land Management", "Mang_Type": "STAT", "Mang_Name": "SFW", "Loc_Mang": "Colorado Parks & Wildlife", "Des_Tp": "SP", "Loc_Ds": "State Parks", "Unit_Nm": "Arkansas Headwaters Recreation Area - Kobe", "Loc_Nm": "Arkansas Headwaters RA - Kobe", "State_Nm": "CO", "Agg_Src": "CNHP_PADUS4_0Easement_COMaP_Public_v20230223_CO", "GIS_Src": "Colorado Parks & Wildlife GIS - CPWParcels", "Src_Date": "2015/08/04", "GIS_Acres": 6, "Source_PAID": "", "WDPA_Cd": 0, "Pub_Access": "OA", "Access_Src": "COMaP", "Access_Dt": "2023", "GAP_Sts": "4", "GAPCdSrc": "GAP - Default", "GAPCdDt": "2024", "IUCN_Cat": "Unassigned", "IUCNCtSrc": "GAP - Default", "IUCNCtDt": "2024", "Date_Est": "1989", "Comments": "", "Term": null, "Duration": null, "d_FeatClass": "Fee", "d_Category": "Other", "d_Own_Type": "Federal", "d_Own_Name": "Bureau of Land Management", "d_Mang_Type": "State", "d_Mang_Name": "State Fish and Wildlife", "d_Des_Tp": "State Park", "d_State_Nm": "Colorado", "d_Pub_Access": "Open Access", "d_GAP_Sts": "4 - no known mandate for biodiversity protection", "d_IUCN_Cat": "Unassigned", "Shape_Length": 938.78018439329378, "Shape_Area": 24271.206704701923, "cpwParkName": "Arkansas Headwaters Recreation Area", "source": "USGS PAD-US" }, "geometry": { "type": "Polygon", "coordinates": [ [ [ -106.310043312399998, 39.128593131099997 ], [ -106.310850011699998, 39.127342296 ], [ -106.311525446499985, 39.125153781599991 ], [ -106.311642928299989, 39.128591544399988 ], [ -106.310043312399998, 39.128593131099997 ] ] ] } },
{ "type": "Feature", "properties": { "FeatClass": "Fee", "Category": "Other", "Own_Type": "FED", "Own_Name": "BLM", "Loc_Own": "US Bureau of Land Management", "Mang_Type": "STAT", "Mang_Name": "SFW", "Loc_Mang": "Colorado Parks & Wildlife", "Des_Tp": "SP", "Loc_Ds": "State Parks", "Unit_Nm": "Arkansas Headwaters Recreation Area - Lone Pine (Recreation and Public Purposes Site)", "Loc_Nm": "Arkansas Headwaters RA - Lone Pine (R&PP Site)", "State_Nm": "CO", "Agg_Src": "CNHP_PADUS4_0Easement_COMaP_Public_v20230223_CO", "GIS_Src": "Colorado Parks & Wildlife GIS - CPWParcels", "Src_Date": "2023/02/23", "GIS_Acres": 13, "Source_PAID": "", "WDPA_Cd": 0, "Pub_Access": "OA", "Access_Src": "CNHP COMaP", "Access_Dt": "2016", "GAP_Sts": "4", "GAPCdSrc": "GAP - Default", "GAPCdDt": "2024", "IUCN_Cat": "Unassigned", "IUCNCtSrc": "GAP - Default", "IUCNCtDt": "2024", "Date_Est": "", "Comments": "", "Term": null, "Duration": null, "d_FeatClass": "Fee", "d_Category": "Other", "d_Own_Type": "Federal", "d_Own_Name": "Bureau of Land Management", "d_Mang_Type": "State", "d_Mang_Name": "State Fish and Wildlife", "d_Des_Tp": "State Park", "d_State_Nm": "Colorado", "d_Pub_Access": "Open Access", "d_GAP_Sts": "4 - no known mandate for biodiversity protection", "d_IUCN_Cat": "Unassigned", "Shape_Length": 1831.3747514871345, "Shape_Area": 52977.277743531638, "cpwParkName": "Arkansas Headwaters Recreation Area", "source": "USGS PAD-US" }, "geometry": { "type": "Polygon", "coordinates": [ [ [ -105.650385026799995, 38.391194315099995 ], [ -105.654253060900004, 38.3898531476 ], [ -105.658130369599988, 38.386728423399994 ], [ -105.655695746500001, 38.390064321300002 ], [ -105.650385026799995, 38.391194315099995 ] ] ] } },
{ "type": "Feature", "properties": { "FeatClass": "Fee", "Category": "Other", "Own_Type": "FED", "Own_Name": "BLM", "Loc_Own": "US Bureau of Land Management", "Mang_Type": "STAT", "Mang_Name": "SFW", "Loc_Mang": "Colorado Parks & Wildlife", "Des_Tp": "SP", "Loc_Ds": "State Parks", "Unit_Nm": "Arkansas Headwaters Recreation Area - Parkdale S. Fishing Access", "Loc_Nm": "Arkansas Headwaters RA - Parkdale S. Fishing Access", "State_Nm": "CO", "Agg_Src": "CNHP_PADUS4_0Easement_COMaP_Public_v20230223_CO", "GIS_Src": "Colorado Parks & Wildlife GIS - CPWParcels", "Src_Date": "2015/08/04", "GIS_Acres": 220, "Source_PAID": "", "WDPA_Cd": 0, "Pub_Access": "OA", "Access_Src": "COMaP", "Access_Dt": "2023", "GAP_Sts": "4", "GAPCdSrc": "GAP - Default", "GAPCdDt": "2024", "IUCN_Cat": "Unassigned", "IUCNCtSrc": "GAP - Default", "IUCNCtDt": "2024", "Date_Est": "1989", "Comments": "", "Term": null, "Duration": null, "d_FeatClass": "Fee", "d_Category": "Other", "d_Own_Type": "Federal", "d_Own_Name": "Bureau of Land Management", "d_Mang_Type": "State", "d_Mang_Name": "State Fish and Wildlife", "d_Des_Tp": "State Park", "d_State_Nm": "Colorado", "d_Pub_Access": "Open Access", "d_GAP_Sts": "4 - no known mandate for biodiversity protection", "d_IUCN_Cat": "Unassigned", "Shape_Length": 8464.7208722795876, "Shape_Area": 889019.31986454921, "cpwParkName": "Arkansas Headwaters Recreation Area", "source": "USGS PAD-US" }, "geometry": { "type": "Polygon", "coordinates": [ [ [ -105.368529152099981, 38.476696008 ], [ -105.362748261600018, 38.477114641899988 ], [ -105.358835318700002, 38.474369060899996 ], [ -105.348480831900005, 38.470769972199996 ], [ -105.346295779100004, 38.468331179199993 ], [ -105.350657441199985, 38.471164068199997 ], [ -105.359256013600003, 38.473877764099996 ], [ -105.363565142, 38.476693635400004 ], [ -105.367862032599987, 38.476137677299995 ], [ -105.367738280899985, 38.473787949799991 ], [ -105.377249621, 38.473626649899991 ], [ -105.377637782600004, 38.484397250900003 ], [ -105.370768356699998, 38.483924588399987 ], [ -105.37220381249999, 38.479019969699991 ], [ -105.368529152099981, 38.476696008 ] ] ] } },
{ "type": "Feature", "properties": { "FeatClass": "Fee", "Category": "Other", "Own_Type": "FED", "Own_Name": "BLM", "Loc_Own": "US Bureau of Land Management", "Mang_Type": "STAT", "Mang_Name": "SFW", "Loc_Mang": "Colorado Parks & Wildlife", "Des_Tp": "SP", "Loc_Ds": "State Parks", "Unit_Nm": "Arkansas Headwaters Recreation Area - Pinnacle Rock (Recreation and Public Purposes Site)", "Loc_Nm": "Arkansas Headwaters RA - Pinnacle Rock (R&PP Site)", "State_Nm": "CO", "Agg_Src": "CNHP_PADUS4_0Easement_COMaP_Public_v20230223_CO", "GIS_Src": "Colorado Parks & Wildlife GIS - CPWParcels", "Src_Date": "2023/02/23", "GIS_Acres": 11, "Source_PAID": "", "WDPA_Cd": 0, "Pub_Access": "OA", "Access_Src": "COMaP", "Access_Dt": "2023", "GAP_Sts": "4", "GAPCdSrc": "GAP - Default", "GAPCdDt": "2024", "IUCN_Cat": "Unassigned", "IUCNCtSrc": "GAP - Default", "IUCNCtDt": "2024", "Date_Est": "", "Comments": "", "Term": null, "Duration": null, "d_FeatClass": "Fee", "d_Category": "Other", "d_Own_Type": "Federal", "d_Own_Name": "Bureau of Land Management", "d_Mang_Type": "State", "d_Mang_Name": "State Fish and Wildlife", "d_Des_Tp": "State Park", "d_State_Nm": "Colorado", "d_Pub_Access": "Open Access", "d_GAP_Sts": "4 - no known mandate for biodiversity protection", "d_IUCN_Cat": "Unassigned", "Shape_Length": 1318.1715917046097, "Shape_Area": 45267.523783455472, "cpwParkName": "Arkansas Headwaters Recreation Area", "source": "USGS PAD-US" }, "geometry": { "type": "Polygon", "coordinates": [ [ [ -105.519218270400003, 38.450098196799985 ], [ -105.523107876799983, 38.446225219399999 ], [ -105.524017644899999, 38.446226538700003 ], [ -105.5220188495, 38.448970442399983 ], [ -105.519218270400003, 38.450098196799985 ] ] ] } },
{ "type": "Feature", "properties": { "FeatClass": "Fee", "Category": "Other", "Own_Type": "FED", "Own_Name": "BLM", "Loc_Own": "US Bureau of Land Management", "Mang_Type": "STAT", "Mang_Name": "SFW", "Loc_Mang": "Colorado Parks & Wildlife", "Des_Tp": "SP", "Loc_Ds": "State Parks", "Unit_Nm": "Arkansas Headwaters Recreation Area - Point Bar (Recreation and Public Purposes Site)", "Loc_Nm": "Arkansas Headwaters RA - Point Bar (R&PP Site)", "State_Nm": "CO", "Agg_Src": "CNHP_PADUS4_0Easement_COMaP_Public_v20230223_CO", "GIS_Src": "Colorado Parks & Wildlife GIS - CPWParcels", "Src_Date": "2023/02/23", "GIS_Acres": 38, "Source_PAID": "", "WDPA_Cd": 0, "Pub_Access": "OA", "Access_Src": "COMaP", "Access_Dt": "2023", "GAP_Sts": "4", "GAPCdSrc": "GAP - Default", "GAPCdDt": "2024", "IUCN_Cat": "Unassigned", "IUCNCtSrc": "GAP - Default", "IUCNCtDt": "2024", "Date_Est": "", "Comments": "", "Term": null, "Duration": null, "d_FeatClass": "Fee", "d_Category": "Other", "d_Own_Type": "Federal", "d_Own_Name": "Bureau of Land Management", "d_Mang_Type": "State", "d_Mang_Name": "State Fish and Wildlife", "d_Des_Tp": "State Park", "d_State_Nm": "Colorado", "d_Pub_Access": "Open Access", "d_GAP_Sts": "4 - no known mandate for biodiversity protection", "d_IUCN_Cat": "Unassigned", "Shape_Length": 1590.2458226746701, "Shape_Area": 155442.2386027521, "cpwParkName": "Arkansas Headwaters Recreation Area", "source": "USGS PAD-US" }, "geometry": { "type": "Polygon", "coordinates": [ [ [ -105.867747013699983, 38.473516277499989 ], [ -105.869821237299988, 38.46996491689999 ], [ -105.872252910700013, 38.469659828900006 ], [ -105.873039259400002, 38.473298821299991 ], [ -105.867747013699983, 38.473516277499989 ] ] ] } },
{ "type": "Feature", "properties": { "FeatClass": "Fee", "Category": "Other", "Own_Type": "FED", "Own_Name": "BLM", "Loc_Own": "US Bureau of Land Management", "Mang_Type": "STAT", "Mang_Name": "SFW", "Loc_Mang": "Colorado Parks & Wildlife", "Des_Tp": "SP", "Loc_Ds": "State Parks", "Unit_Nm": "Arkansas Headwaters Recreation Area - Railroad Bridge (Recreation and Public Purposes Site)", "Loc_Nm": "Arkansas Headwaters RA - Railroad Bridge (R&PP Site)", "State_Nm": "CO", "Agg_Src": "CNHP_PADUS4_0Easement_COMaP_Public_v20230223_CO", "GIS_Src": "Colorado Parks & Wildlife GIS - CPWParcels", "Src_Date": "2023/02/23", "GIS_Acres": 73, "Source_PAID": "", "WDPA_Cd": 0, "Pub_Access": "OA", "Access_Src": "COMaP", "Access_Dt": "2023", "GAP_Sts": "4", "GAPCdSrc": "GAP - Default", "GAPCdDt": "2024", "IUCN_Cat": "Unassigned", "IUCNCtSrc": "GAP - Default", "IUCNCtDt": "2024", "Date_Est": "", "Comments": "", "Term": null, "Duration": null, "d_FeatClass": "Fee", "d_Category": "Other", "d_Own_Type": "Federal", "d_Own_Name": "Bureau of Land Management", "d_Mang_Type": "State", "d_Mang_Name": "State Fish and Wildlife", "d_Des_Tp": "State Park", "d_State_Nm": "Colorado", "d_Pub_Access": "Open Access", "d_GAP_Sts": "4 - no known mandate for biodiversity protection", "d_IUCN_Cat": "Unassigned", "Shape_Length": 3179.6680045163239, "Shape_Area": 297157.80243667593, "cpwParkName": "Arkansas Headwaters Recreation Area", "source": "USGS PAD-US" }, "geometry": { "type": "Polygon", "coordinates": [ [ [ -106.167401063699984, 38.919855479699997 ], [ -106.170069582400004, 38.919590158 ], [ -106.169951120199997, 38.915932604599995 ], [ -106.172323014499995, 38.915953867799992 ], [ -106.172095425199984, 38.920970710899994 ], [ -106.169268558899986, 38.925036435299987 ], [ -106.169897317, 38.926879608 ], [ -106.167592652899984, 38.926870737400002 ], [ -106.167401063699984, 38.919855479699997 ] ] ] } },
{ "type": "Feature", "properties": { "FeatClass": "Fee", "Category": "Other", "Own_Type": "FED", "Own_Name": "BLM", "Loc_Own": "US Bureau of Land Management", "Mang_Type": "STAT", "Mang_Name": "SFW", "Loc_Mang": "Colorado Parks & Wildlife", "Des_Tp": "SP", "Loc_Ds": "State Parks", "Unit_Nm": "Arkansas Headwaters Recreation Area - Rapid #4", "Loc_Nm": "Arkansas Headwaters RA - Rapid #4", "State_Nm": "CO", "Agg_Src": "CNHP_PADUS4_0Easement_COMaP_Public_v20230223_CO", "GIS_Src": "Colorado Parks & Wildlife GIS - CPWParcels", "Src_Date": "2015/08/04", "GIS_Acres": 43, "Source_PAID": "", "WDPA_Cd": 0, "Pub_Access": "OA", "Access_Src": "COMaP", "Access_Dt": "2023", "GAP_Sts": "4", "GAPCdSrc": "GAP - Default", "GAPCdDt": "2024", "IUCN_Cat": "Unassigned", "IUCNCtSrc": "GAP - Default", "IUCNCtDt": "2024", "Date_Est": "1989", "Comments": "", "Term": null, "Duration": null, "d_FeatClass": "Fee", "d_Category": "Other", "d_Own_Type": "Federal", "d_Own_Name": "Bureau of Land Management", "d_Mang_Type": "State", "d_Mang_Name": "State Fish and Wildlife", "d_Des_Tp": "State Park", "d_State_Nm": "Colorado", "d_Pub_Access": "Open Access", "d_GAP_Sts": "4 - no known mandate for biodiversity protection", "d_IUCN_Cat": "Unassigned", "Shape_Length": 2110.772233629064, "Shape_Area": 175990.94443119882, "cpwParkName": "Arkansas Headwaters Recreation Area", "source": "USGS PAD-US" }, "geometry": { "type": "Polygon", "coordinates": [ [ [ -106.201948109900002, 38.96321147119999 ], [ -106.204510666199994, 38.963158911299992 ], [ -106.207239260199984, 38.970458308099985 ], [ -106.205696420999985, 38.970498586 ], [ -106.201948109900002, 38.96321147119999 ] ] ] } },
{ "type": "Feature", "properties": { "FeatClass": "Fee", "Category": "Other", "Own_Type": "FED", "Own_Name": "BLM", "Loc_Own": "US Bureau of Land Management", "Mang_Type": "STAT", "Mang_Name": "SFW", "Loc_Mang": "Colorado Parks & Wildlife", "Des_Tp": "SP", "Loc_Ds": "State Parks", "Unit_Nm": "Arkansas Headwaters Recreation Area - Rapid #6", "Loc_Nm": "Arkansas Headwaters RA - Rapid #6", "State_Nm": "CO", "Agg_Src": "CNHP_PADUS4_0Easement_COMaP_Public_v20230223_CO", "GIS_Src": "Colorado Parks & Wildlife GIS - CPWParcels", "Src_Date": "2015/08/04", "GIS_Acres": 19, "Source_PAID": "", "WDPA_Cd": 0, "Pub_Access": "OA", "Access_Src": "COMaP", "Access_Dt": "2023", "GAP_Sts": "4", "GAPCdSrc": "GAP - Default", "GAPCdDt": "2024", "IUCN_Cat": "Unassigned", "IUCNCtSrc": "GAP - Default", "IUCNCtDt": "2024", "Date_Est": "1989", "Comments": "", "Term": null, "Duration": null, "d_FeatClass": "Fee", "d_Category": "Other", "d_Own_Type": "Federal", "d_Own_Name": "Bureau of Land Management", "d_Mang_Type": "State", "d_Mang_Name": "State Fish and Wildlife", "d_Des_Tp": "State Park", "d_State_Nm": "Colorado", "d_Pub_Access": "Open Access", "d_GAP_Sts": "4 - no known mandate for biodiversity protection", "d_IUCN_Cat": "Unassigned", "Shape_Length": 1392.8863691452084, "Shape_Area": 76254.545220803746, "cpwParkName": "Arkansas Headwaters Recreation Area", "source": "USGS PAD-US" }, "geometry": { "type": "Polygon", "coordinates": [ [ [ -106.182473572700005, 38.94183204969999 ], [ -106.187166538499994, 38.941311267899991 ], [ -106.187175077600003, 38.944814844599989 ], [ -106.18534961109998, 38.9430465489 ], [ -106.182473572700005, 38.94183204969999 ] ] ] } },
{ "type": "Feature", "properties": { "FeatClass": "Fee", "Category": "Other", "Own_Type": "FED", "Own_Name": "BLM", "Loc_Own": "US Bureau of Land Management", "Mang_Type": "STAT", "Mang_Name": "SFW", "Loc_Mang": "Colorado Parks & Wildlife", "Des_Tp": "SP", "Loc_Ds": "State Parks", "Unit_Nm": "Arkansas Headwaters Recreation Area - Rincon (Recreation and Public Purposes Site)", "Loc_Nm": "Arkansas Headwaters RA - Rincon (R&PP Site)", "State_Nm": "CO", "Agg_Src": "CNHP_PADUS4_0Easement_COMaP_Public_v20230223_CO", "GIS_Src": "Colorado Parks & Wildlife GIS - CPWParcels", "Src_Date": "2023/02/23", "GIS_Acres": 10, "Source_PAID": "", "WDPA_Cd": 0, "Pub_Access": "OA", "Access_Src": "COMaP", "Access_Dt": "2023", "GAP_Sts": "4", "GAPCdSrc": "GAP - Default", "GAPCdDt": "2024", "IUCN_Cat": "Unassigned", "IUCNCtSrc": "GAP - Default", "IUCNCtDt": "2024", "Date_Est": "", "Comments": "", "Term": null, "Duration": null, "d_FeatClass": "Fee", "d_Category": "Other", "d_Own_Type": "Federal", "d_Own_Name": "Bureau of Land Management", "d_Mang_Type": "State", "d_Mang_Name": "State Fish and Wildlife", "d_Des_Tp": "State Park", "d_State_Nm": "Colorado", "d_Pub_Access": "Open Access", "d_GAP_Sts": "4 - no known mandate for biodiversity protection", "d_IUCN_Cat": "Unassigned", "Shape_Length": 1485.5029398152465, "Shape_Area": 41767.327587733431, "cpwParkName": "Arkansas Headwaters Recreation Area", "source": "USGS PAD-US" }, "geometry": { "type": "Polygon", "coordinates": [ [ [ -105.86445998859999, 38.467381967400001 ], [ -105.8657532549, 38.471697538799994 ], [ -105.866940552100004, 38.472928858400003 ], [ -105.864918589199988, 38.471751599299999 ], [ -105.86445998859999, 38.467381967400001 ] ] ] } },
{ "type": "Feature", "properties": { "FeatClass": "Fee", "Category": "Other", "Own_Type": "FED", "Own_Name": "BLM", "Loc_Own": "US Bureau of Land Management", "Mang_Type": "STAT", "Mang_Name": "SFW", "Loc_Mang": "Colorado Parks & Wildlife", "Des_Tp": "SP", "Loc_Ds": "State Parks", "Unit_Nm": "Arkansas Headwaters Recreation Area - Riverside", "Loc_Nm": "Arkansas Headwaters RA - Riverside", "State_Nm": "CO", "Agg_Src": "CNHP_PADUS4_0Easement_COMaP_Public_v20230223_CO", "GIS_Src": "Colorado Parks & Wildlife GIS - CPWParcels", "Src_Date": "2015/08/04", "GIS_Acres": 177, "Source_PAID": "", "WDPA_Cd": 0, "Pub_Access": "OA", "Access_Src": "COMaP", "Access_Dt": "2023", "GAP_Sts": "4", "GAPCdSrc": "GAP - Default", "GAPCdDt": "2024", "IUCN_Cat": "Unassigned", "IUCNCtSrc": "GAP - Default", "IUCNCtDt": "2024", "Date_Est": "1989", "Comments": "", "Term": null, "Duration": null, "d_FeatClass": "Fee", "d_Category": "Other", "d_Own_Type": "Federal", "d_Own_Name": "Bureau of Land Management", "d_Mang_Type": "State", "d_Mang_Name": "State Fish and Wildlife", "d_Des_Tp": "State Park", "d_State_Nm": "Colorado", "d_Pub_Access": "Open Access", "d_GAP_Sts": "4 - no known mandate for biodiversity protection", "d_IUCN_Cat": "Unassigned", "Shape_Length": 6946.3459752794888, "Shape_Area": 717360.79516821331, "cpwParkName": "Arkansas Headwaters Recreation Area", "source": "USGS PAD-US" }, "geometry": { "type": "Polygon", "coordinates": [ [ [ -106.169477836199988, 38.927010771099994 ], [ -106.169320880699985, 38.924848274799992 ], [ -106.172194962800006, 38.920641770700001 ], [ -106.172323014499995, 38.915953867799992 ], [ -106.169951120199997, 38.915932604599995 ], [ -106.170069582400004, 38.919590158 ], [ -106.167398993199981, 38.919567543500001 ], [ -106.168362951799992, 38.919575607599995 ], [ -106.163102512099996, 38.91221251759999 ], [ -106.172401646099999, 38.912301042199999 ], [ -106.173338570899986, 38.932143133200007 ], [ -106.169477836199988, 38.927010771099994 ] ] ] } },
{ "type": "Feature", "properties": { "FeatClass": "Fee", "Category": "Other", "Own_Type": "FED", "Own_Name": "BLM", "Loc_Own": "US Bureau of Land Management", "Mang_Type": "STAT", "Mang_Name": "SFW", "Loc_Mang": "Colorado Parks & Wildlife", "Des_Tp": "SP", "Loc_Ds": "State Parks", "Unit_Nm": "Arkansas Headwaters Recreation Area - Ruby Mountain (Recreation and Public Purposes Site)", "Loc_Nm": "Arkansas Headwaters RA - Ruby Mountain (R&PP Site)", "State_Nm": "CO", "Agg_Src": "CNHP_PADUS4_0Easement_COMaP_Public_v20230223_CO", "GIS_Src": "Colorado Parks & Wildlife GIS - CPWParcels", "Src_Date": "2023/02/23", "GIS_Acres": 51, "Source_PAID": "", "WDPA_Cd": 0, "Pub_Access": "OA", "Access_Src": "COMaP", "Access_Dt": "2023", "GAP_Sts": "4", "GAPCdSrc": "GAP - Default", "GAPCdDt": "2024", "IUCN_Cat": "Unassigned", "IUCNCtSrc": "GAP - Default", "IUCNCtDt": "2024", "Date_Est": "", "Comments": "", "Term": null, "Duration": null, "d_FeatClass": "Fee", "d_Category": "Other", "d_Own_Type": "Federal", "d_Own_Name": "Bureau of Land Management", "d_Mang_Type": "State", "d_Mang_Name": "State Fish and Wildlife", "d_Des_Tp": "State Park", "d_State_Nm": "Colorado", "d_Pub_Access": "Open Access", "d_GAP_Sts": "4 - no known mandate for biodiversity protection", "d_IUCN_Cat": "Unassigned", "Shape_Length": 2018.7940381694682, "Shape_Area": 204979.85129004935, "cpwParkName": "Arkansas Headwaters Recreation Area", "source": "USGS PAD-US" }, "geometry": { "type": "Polygon", "coordinates": [ [ [ -106.064719483699989, 38.751858078200002 ], [ -106.071685544399998, 38.752040047699985 ], [ -106.071721144099982, 38.755695333499993 ], [ -106.0670675171, 38.755561515300002 ], [ -106.06704801219999, 38.753758619099997 ], [ -106.06472633689998, 38.753695008299999 ], [ -106.064719483699989, 38.751858078200002 ] ] ] } },
{ "type": "Feature", "properties": { "FeatClass": "Fee", "Category": "Other", "Own_Type": "FED", "Own_Name": "BLM", "Loc_Own": "US Bureau of Land Management", "Mang_Type": "STAT", "Mang_Name": "SFW", "Loc_Mang": "Colorado Parks & Wildlife", "Des_Tp": "SP", "Loc_Ds": "State Parks", "Unit_Nm": "Arkansas Headwaters Recreation Area - Salida East", "Loc_Nm": "Arkansas Headwaters RA - Salida East", "State_Nm": "CO", "Agg_Src": "CNHP_PADUS4_0Easement_COMaP_Public_v20230223_CO", "GIS_Src": "Colorado Parks & Wildlife GIS - CPWParcels", "Src_Date": "2015/08/04", "GIS_Acres": 115, "Source_PAID": "", "WDPA_Cd": 0, "Pub_Access": "OA", "Access_Src": "COMaP", "Access_Dt": "2023", "GAP_Sts": "4", "GAPCdSrc": "GAP - Default", "GAPCdDt": "2024", "IUCN_Cat": "Unassigned", "IUCNCtSrc": "GAP - Default", "IUCNCtDt": "2024", "Date_Est": "1989", "Comments": "", "Term": null, "Duration": null, "d_FeatClass": "Fee", "d_Category": "Other", "d_Own_Type": "Federal", "d_Own_Name": "Bureau of Land Management", "d_Mang_Type": "State", "d_Mang_Name": "State Fish and Wildlife", "d_Des_Tp": "State Park", "d_State_Nm": "Colorado", "d_Pub_Access": "Open Access", "d_GAP_Sts": "4 - no known mandate for biodiversity protection", "d_IUCN_Cat": "Unassigned", "Shape_Length": 7867.540688002181, "Shape_Area": 463518.90350540227, "cpwParkName": "Arkansas Headwaters Recreation Area", "source": "USGS PAD-US" }, "geometry": { "type": "Polygon", "coordinates": [ [ [ -105.965640934099994, 38.511548749799992 ], [ -105.955179397199984, 38.505986082799993 ], [ -105.948810598499989, 38.506602956799995 ], [ -105.942232695599984, 38.503058024399991 ], [ -105.933846005800007, 38.503571109 ], [ -105.92936608079998, 38.50055004139999 ], [ -105.929372243900005, 38.499471479899988 ], [ -105.9344025117, 38.502580698 ], [ -105.944919324799997, 38.502497171899996 ], [ -105.9488394511, 38.505679964599992 ], [ -105.956741945299981, 38.505054145699994 ], [ -105.965768790099986, 38.509636415599999 ], [ -105.964512231300006, 38.509581813199993 ], [ -105.965640934099994, 38.511548749799992 ] ] ] } },
{ "type": "Feature", "properties": { "FeatClass": "Fee", "Category": "Other", "Own_Type": "FED", "Own_Name": "BLM", "Loc_Own": "US Bureau of Land Management", "Mang_Type": "STAT", "Mang_Name": "SFW", "Loc_Mang": "Colorado Parks & Wildlife", "Des_Tp": "SP", "Loc_Ds": "State Parks", "Unit_Nm": "Arkansas Headwaters Recreation Area - Salt Lick (Recreation and Public Purposes Site)", "Loc_Nm": "Arkansas Headwaters RA - Salt Lick (R&PP Site)", "State_Nm": "CO", "Agg_Src": "CNHP_PADUS4_0Easement_COMaP_Public_v20230223_CO", "GIS_Src": "Colorado Parks & Wildlife GIS - CPWParcels", "Src_Date": "2023/02/23", "GIS_Acres": 3, "Source_PAID": "", "WDPA_Cd": 0, "Pub_Access": "OA", "Access_Src": "COMaP", "Access_Dt": "2023", "GAP_Sts": "4", "GAPCdSrc": "GAP - Default", "GAPCdDt": "2024", "IUCN_Cat": "Unassigned", "IUCNCtSrc": "GAP - Default", "IUCNCtDt": "2024", "Date_Est": "", "Comments": "", "Term": null, "Duration": null, "d_FeatClass": "Fee", "d_Category": "Other", "d_Own_Type": "Federal", "d_Own_Name": "Bureau of Land Management", "d_Mang_Type": "State", "d_Mang_Name": "State Fish and Wildlife", "d_Des_Tp": "State Park", "d_State_Nm": "Colorado", "d_Pub_Access": "Open Access", "d_GAP_Sts": "4 - no known mandate for biodiversity protection", "d_IUCN_Cat": "Unassigned", "Shape_Length": 525.9190670893239, "Shape_Area": 10814.415431355326, "cpwParkName": "Arkansas Headwaters Recreation Area", "source": "USGS PAD-US" }, "geometry": { "type": "Polygon", "coordinates": [ [ [ -105.499321930499988, 38.455030442099989 ], [ -105.501771857600005, 38.455455795 ], [ -105.5017192655, 38.455830560700001 ], [ -105.5006080661, 38.455722629500002 ], [ -105.499321930499988, 38.455030442099989 ] ] ] } },
{ "type": "Feature", "properties": { "FeatClass": "Fee", "Category": "Other", "Own_Type": "FED", "Own_Name": "BLM", "Loc_Own": "US Bureau of Land Management", "Mang_Type": "STAT", "Mang_Name": "SFW", "Loc_Mang": "Colorado Parks & Wildlife", "Des_Tp": "SP", "Loc_Ds": "State Parks", "Unit_Nm": "Arkansas Headwaters Recreation Area - Spikebuck (Recreation and Public Purposes Site)", "Loc_Nm": "Arkansas Headwaters RA - Spikebuck (R&PP Site)", "State_Nm": "CO", "Agg_Src": "CNHP_PADUS4_0Easement_COMaP_Public_v20230223_CO", "GIS_Src": "Colorado Parks & Wildlife GIS - CPWParcels", "Src_Date": "2023/02/23", "GIS_Acres": 6, "Source_PAID": "", "WDPA_Cd": 0, "Pub_Access": "OA", "Access_Src": "COMaP", "Access_Dt": "2023", "GAP_Sts": "4", "GAPCdSrc": "GAP - Default", "GAPCdDt": "2024", "IUCN_Cat": "Unassigned", "IUCNCtSrc": "GAP - Default", "IUCNCtDt": "2024", "Date_Est": "", "Comments": "", "Term": null, "Duration": null, "d_FeatClass": "Fee", "d_Category": "Other", "d_Own_Type": "Federal", "d_Own_Name": "Bureau of Land Management", "d_Mang_Type": "State", "d_Mang_Name": "State Fish and Wildlife", "d_Des_Tp": "State Park", "d_State_Nm": "Colorado", "d_Pub_Access": "Open Access", "d_GAP_Sts": "4 - no known mandate for biodiversity protection", "d_IUCN_Cat": "Unassigned", "Shape_Length": 914.49472262135566, "Shape_Area": 22984.027972137526, "cpwParkName": "Arkansas Headwaters Recreation Area", "source": "USGS PAD-US" }, "geometry": { "type": "Polygon", "coordinates": [ [ [ -105.461464108799987, 38.458698994599992 ], [ -105.466285131999982, 38.45813452689999 ], [ -105.466321654799998, 38.458374996399989 ], [ -105.462600764299992, 38.459113387099997 ], [ -105.461464108799987, 38.458698994599992 ] ] ] } },
{ "type": "Feature", "properties": { "FeatClass": "Fee", "Category": "Other", "Own_Type": "FED", "Own_Name": "BLM", "Loc_Own": "US Bureau of Land Management", "Mang_Type": "STAT", "Mang_Name": "SFW", "Loc_Mang": "Colorado Parks & Wildlife", "Des_Tp": "SP", "Loc_Ds": "State Parks", "Unit_Nm": "Arkansas Headwaters Recreation Area - Stone Bridge (Recreation and Public Purposes Site)", "Loc_Nm": "Arkansas Headwaters RA - Stone Bridge (R&PP Site)", "State_Nm": "CO", "Agg_Src": "CNHP_PADUS4_0Easement_COMaP_Public_v20230223_CO", "GIS_Src": "Colorado Parks & Wildlife GIS - CPWParcels", "Src_Date": "2023/02/23", "GIS_Acres": 69, "Source_PAID": "", "WDPA_Cd": 0, "Pub_Access": "OA", "Access_Src": "COMaP", "Access_Dt": "2023", "GAP_Sts": "4", "GAPCdSrc": "GAP - Default", "GAPCdDt": "2024", "IUCN_Cat": "Unassigned", "IUCNCtSrc": "GAP - Default", "IUCNCtDt": "2024", "Date_Est": "", "Comments": "", "Term": null, "Duration": null, "d_FeatClass": "Fee", "d_Category": "Other", "d_Own_Type": "Federal", "d_Own_Name": "Bureau of Land Management", "d_Mang_Type": "State", "d_Mang_Name": "State Fish and Wildlife", "d_Des_Tp": "State Park", "d_State_Nm": "Colorado", "d_Pub_Access": "Open Access", "d_GAP_Sts": "4 - no known mandate for biodiversity protection", "d_IUCN_Cat": "Unassigned", "Shape_Length": 3245.2525826238848, "Shape_Area": 279756.87210392539, "cpwParkName": "Arkansas Headwaters Recreation Area", "source": "USGS PAD-US" }, "geometry": { "type": "Polygon", "coordinates": [ [ [ -106.063754795299985, 38.613847197399991 ], [ -106.059246416500002, 38.615166169599995 ], [ -106.065796484199993, 38.608039902999984 ], [ -106.065772946699994, 38.611627494499999 ], [ -106.0695830465, 38.61523941139999 ], [ -106.063450880900007, 38.615200259799998 ], [ -106.063754795299985, 38.613847197399991 ] ] ] } },
{ "type": "Feature", "properties": { "FeatClass": "Fee", "Category": "Other", "Own_Type": "FED", "Own_Name": "BLM", "Loc_Own": "US Bureau of Land Management", "Mang_Type": "STAT", "Mang_Name": "SFW", "Loc_Mang": "Colorado Parks & Wildlife", "Des_Tp": "SP", "Loc_Ds": "State Parks", "Unit_Nm": "Arkansas Headwaters Recreation Area - Stone Cabin", "Loc_Nm": "Arkansas Headwaters RA - Stone Cabin", "State_Nm": "CO", "Agg_Src": "CNHP_PADUS4_0Easement_COMaP_Public_v20230223_CO", "GIS_Src": "Colorado Parks & Wildlife GIS - CPWParcels", "Src_Date": "2015/08/04", "GIS_Acres": 125, "Source_PAID": "", "WDPA_Cd": 0, "Pub_Access": "OA", "Access_Src": "COMaP", "Access_Dt": "2023", "GAP_Sts": "4", "GAPCdSrc": "GAP - Default", "GAPCdDt": "2024", "IUCN_Cat": "Unassigned", "IUCNCtSrc": "GAP - Default", "IUCNCtDt": "2024", "Date_Est": "1989", "Comments": "", "Term": null, "Duration": null, "d_FeatClass": "Fee", "d_Category": "Other", "d_Own_Type": "Federal", "d_Own_Name": "Bureau of Land Management", "d_Mang_Type": "State", "d_Mang_Name": "State Fish and Wildlife", "d_Des_Tp": "State Park", "d_State_Nm": "Colorado", "d_Pub_Access": "Open Access", "d_GAP_Sts": "4 - no known mandate for biodiversity protection", "d_IUCN_Cat": "Unassigned", "Shape_Length": 5178.8220621819191, "Shape_Area": 506920.70766536507, "cpwParkName": "Arkansas Headwaters Recreation Area", "source": "USGS PAD-US" }, "geometry": { "type": "Polygon", "coordinates": [ [ [ -106.234973395099999, 39.021151687 ], [ -106.234371063099999, 39.015384832299993 ], [ -106.235930583699982, 39.015808833 ], [ -106.237420170799979, 39.013320786599991 ], [ -106.2422360013, 39.012482736899997 ], [ -106.238790091099986, 39.016897424 ], [ -106.241471851, 39.020493999499998 ], [ -106.241416055499997, 39.023914648299993 ], [ -106.235652533199982, 39.021311734399994 ], [ -106.241386438999982, 39.025730980999988 ], [ -106.234973395099999, 39.021151687 ] ] ] } },
{ "type": "Feature", "properties": { "FeatClass": "Fee", "Category": "Other", "Own_Type": "FED", "Own_Name": "BLM", "Loc_Own": "US Bureau of Land Management", "Mang_Type": "STAT", "Mang_Name": "SFW", "Loc_Mang": "Colorado Parks & Wildlife", "Des_Tp": "SP", "Loc_Ds": "State Parks", "Unit_Nm": "Arkansas Headwaters Recreation Area - Texas Creek", "Loc_Nm": "Arkansas Headwaters RA - Texas Creek", "State_Nm": "CO", "Agg_Src": "CNHP_PADUS4_0Easement_COMaP_Public_v20230223_CO", "GIS_Src": "Colorado Parks & Wildlife GIS - CPWParcels", "Src_Date": "2015/08/04", "GIS_Acres": 424, "Source_PAID": "", "WDPA_Cd": 0, "Pub_Access": "OA", "Access_Src": "COMaP", "Access_Dt": "2023", "GAP_Sts": "4", "GAPCdSrc": "GAP - Default", "GAPCdDt": "2024", "IUCN_Cat": "Unassigned", "IUCNCtSrc": "GAP - Default", "IUCNCtDt": "2024", "Date_Est": "1989", "Comments": "", "Term": null, "Duration": null, "d_FeatClass": "Fee", "d_Category": "Other", "d_Own_Type": "Federal", "d_Own_Name": "Bureau of Land Management", "d_Mang_Type": "State", "d_Mang_Name": "State Fish and Wildlife", "d_Des_Tp": "State Park", "d_State_Nm": "Colorado", "d_Pub_Access": "Open Access", "d_GAP_Sts": "4 - no known mandate for biodiversity protection", "d_IUCN_Cat": "Unassigned", "Shape_Length": 38476.275481253157, "Shape_Area": 1717812.7513054095, "cpwParkName": "Arkansas Headwaters Recreation Area", "source": "USGS PAD-US" }, "geometry": { "type": "MultiPolygon", "coordinates": [ [ [ [ -105.590794737899984, 38.410789747800003 ], [ -105.589199609399984, 38.4094951147 ], [ -105.593810613299979, 38.409099901399991 ], [ -105.597373043800005, 38.410084216299992 ], [ -105.597185029100018, 38.41183882419999 ], [ -105.590794737899984, 38.410789747800003 ] ] ], [ [ [ -105.4422591533, 38.473601560399999 ], [ -105.450340828, 38.470993289399992 ], [ -105.452699319299995, 38.464386066499991 ], [ -105.457320188100013, 38.459520406199999 ], [ -105.486143327499988, 38.456839249699996 ], [ -105.490614061100004, 38.453855994399987 ], [ -105.490613323099993, 38.448224078800003 ], [ -105.491513643399983, 38.45398741759999 ], [ -105.496389656699989, 38.453301863199989 ], [ -105.501068393099999, 38.455822601900003 ], [ -105.505440452300007, 38.455368492300003 ], [ -105.512322824899982, 38.456490293500003 ], [ -105.515505819300003, 38.454635528899992 ], [ -105.519218270400003, 38.450098196799985 ], [ -105.522508490599989, 38.448534610199992 ], [ -105.523519395700006, 38.445947673799992 ], [ -105.528261782300007, 38.444907331700001 ], [ -105.530229065300006, 38.441944094899995 ], [ -105.540261806, 38.441593055299997 ], [ -105.540887422299988, 38.4397040582 ], [ -105.539071330799999, 38.436903392 ], [ -105.542997612199983, 38.4300038262 ], [ -105.545290043600005, 38.429296917699986 ], [ -105.551698072600004, 38.429677052299994 ], [ -105.554222581199994, 38.426539154 ], [ -105.557915720500006, 38.425901666599991 ], [ -105.561410321200015, 38.423118994499994 ], [ -105.568674164299992, 38.425239529799988 ], [ -105.57378662619999, 38.420126154299993 ], [ -105.575041802, 38.413513506799994 ], [ -105.577504413699998, 38.410274686299992 ], [ -105.580018301299987, 38.409248770599994 ], [ -105.58348527470001, 38.409503150599996 ], [ -105.583324957000016, 38.4104245304 ], [ -105.587740948199993, 38.410048348699988 ], [ -105.580946012899986, 38.41253745569999 ], [ -105.578345154399983, 38.411695649199984 ], [ -105.579587160900005, 38.41358701059999 ], [ -105.568613685, 38.426193813799998 ], [ -105.561420949099997, 38.424346188899989 ], [ -105.554719634400016, 38.427323675900006 ], [ -105.552089244100003, 38.430092492399993 ], [ -105.543600100299997, 38.430308630699997 ], [ -105.540441102599985, 38.436363096799994 ], [ -105.541752934900003, 38.439900353899993 ], [ -105.540849132699989, 38.441886019 ], [ -105.532507853799999, 38.443438358199991 ], [ -105.524861167799997, 38.446334217 ], [ -105.515919617099996, 38.454831616499995 ], [ -105.512522102999981, 38.456797017499994 ], [ -105.501869680399992, 38.456262188399997 ], [ -105.494981906699991, 38.454239662099987 ], [ -105.489782352700004, 38.455169513900003 ], [ -105.486238556900005, 38.457645965499999 ], [ -105.482907271200006, 38.458353355600003 ], [ -105.458881633999979, 38.459838282199989 ], [ -105.455027083700003, 38.462656892199995 ], [ -105.450719100399994, 38.471901154999983 ], [ -105.4422591533, 38.473601560399999 ] ] ] ] } },
{ "type": "Feature", "properties": { "FeatClass": "Fee", "Category": "Other", "Own_Type": "FED", "Own_Name": "USFS", "Loc_Own": "USDA Forest Service - Pike & San Isabel National Forests/Cimarron & Comanche National Grasslands", "Mang_Type": "STAT", "Mang_Name": "SFW", "Loc_Mang": "Colorado Parks & Wildlife", "Des_Tp": "SP", "Loc_Ds": "State Parks", "Unit_Nm": "Arkansas Headwaters Recreation Area - Crystal Lakes", "Loc_Nm": "Arkansas Headwaters RA - Crystal Lakes", "State_Nm": "CO", "Agg_Src": "CNHP_PADUS4_0Easement_COMaP_Public_v20230223_CO", "GIS_Src": "Colorado Parks & Wildlife GIS - CPWParcels", "Src_Date": "2015/08/04", "GIS_Acres": 84, "Source_PAID": "", "WDPA_Cd": 0, "Pub_Access": "OA", "Access_Src": "COMaP", "Access_Dt": "2023", "GAP_Sts": "4", "GAPCdSrc": "GAP - Default", "GAPCdDt": "2024", "IUCN_Cat": "Unassigned", "IUCNCtSrc": "GAP - Default", "IUCNCtDt": "2024", "Date_Est": "1989", "Comments": "", "Term": null, "Duration": null, "d_FeatClass": "Fee", "d_Category": "Other", "d_Own_Type": "Federal", "d_Own_Name": "Forest Service", "d_Mang_Type": "State", "d_Mang_Name": "State Fish and Wildlife", "d_Des_Tp": "State Park", "d_State_Nm": "Colorado", "d_Pub_Access": "Open Access", "d_GAP_Sts": "4 - no known mandate for biodiversity protection", "d_IUCN_Cat": "Unassigned", "Shape_Length": 3721.7016709959153, "Shape_Area": 339307.66565528436, "cpwParkName": "Arkansas Headwaters Recreation Area", "source": "USGS PAD-US" }, "geometry": { "type": "Polygon", "coordinates": [ [ [ -106.338420846299996, 39.197214604 ], [ -106.336822705099991, 39.195365667599994 ], [ -106.337450956099985, 39.194021699499991 ], [ -106.336073487299984, 39.194532107800001 ], [ -106.335175103200001, 39.193560825899993 ], [ -106.337297705699982, 39.191767281499992 ], [ -106.335939215999986, 39.191740598799996 ], [ -106.335904805, 39.189923391199997 ], [ -106.33342050409999, 39.18992453109999 ], [ -106.333385818599979, 39.186293651799993 ], [ -106.33610404209999, 39.186300040900001 ], [ -106.340959330499985, 39.195353225900007 ], [ -106.340547054000012, 39.197217571399996 ], [ -106.338420846299996, 39.197214604 ] ] ] } },
{ "type": "Feature", "properties": { "FeatClass": "Fee", "Category": "Other", "Own_Type": "FED", "Own_Name": "USFS", "Loc_Own": "USDA Forest Service - Pike & San Isabel National Forests/Cimarron & Comanche National Grasslands", "Mang_Type": "STAT", "Mang_Name": "SFW", "Loc_Mang": "Colorado Parks & Wildlife", "Des_Tp": "SP", "Loc_Ds": "State Parks", "Unit_Nm": "Arkansas Headwaters Recreation Area - Elephant Rock", "Loc_Nm": "Arkansas Headwaters RA - Elephant Rock", "State_Nm": "CO", "Agg_Src": "CNHP_PADUS4_0Easement_COMaP_Public_v20230223_CO", "GIS_Src": "Colorado Parks & Wildlife GIS - CPWParcels", "Src_Date": "2015/08/04", "GIS_Acres": 29, "Source_PAID": "", "WDPA_Cd": 0, "Pub_Access": "OA", "Access_Src": "COMaP", "Access_Dt": "2023", "GAP_Sts": "4", "GAPCdSrc": "GAP - Default", "GAPCdDt": "2024", "IUCN_Cat": "Unassigned", "IUCNCtSrc": "GAP - Default", "IUCNCtDt": "2024", "Date_Est": "1989", "Comments": "", "Term": null, "Duration": null, "d_FeatClass": "Fee", "d_Category": "Other", "d_Own_Type": "Federal", "d_Own_Name": "Forest Service", "d_Mang_Type": "State", "d_Mang_Name": "State Fish and Wildlife", "d_Des_Tp": "State Park", "d_State_Nm": "Colorado", "d_Pub_Access": "Open Access", "d_GAP_Sts": "4 - no known mandate for biodiversity protection", "d_IUCN_Cat": "Unassigned", "Shape_Length": 1753.1149813836196, "Shape_Area": 117654.62777978716, "cpwParkName": "Arkansas Headwaters Recreation Area", "source": "USGS PAD-US" }, "geometry": { "type": "Polygon", "coordinates": [ [ [ -106.153735415100002, 38.885842522699996 ], [ -106.152772473599981, 38.886237432199998 ], [ -106.149982644399984, 38.882738497899986 ], [ -106.154868568, 38.882759471799986 ], [ -106.154712106800005, 38.887215406799996 ], [ -106.153735415100002, 38.885842522699996 ] ] ] } },
{ "type": "Feature", "properties": { "FeatClass": "Fee", "Category": "Other", "Own_Type": "FED", "Own_Name": "USFS", "Loc_Own": "USDA Forest Service - Pike & San Isabel National Forests/Cimarron & Comanche National Grasslands", "Mang_Type": "STAT", "Mang_Name": "SFW", "Loc_Mang": "Colorado Parks & Wildlife", "Des_Tp": "SP", "Loc_Ds": "State Parks", "Unit_Nm": "Arkansas Headwaters Recreation Area - Numbers", "Loc_Nm": "Arkansas Headwaters RA - Numbers", "State_Nm": "CO", "Agg_Src": "CNHP_PADUS4_0Easement_COMaP_Public_v20230223_CO", "GIS_Src": "Colorado Parks & Wildlife GIS - CPWParcels", "Src_Date": "2015/08/04", "GIS_Acres": 170, "Source_PAID": "", "WDPA_Cd": 0, "Pub_Access": "OA", "Access_Src": "COMaP", "Access_Dt": "2023", "GAP_Sts": "4", "GAPCdSrc": "GAP - Default", "GAPCdDt": "2024", "IUCN_Cat": "Unassigned", "IUCNCtSrc": "GAP - Default", "IUCNCtDt": "2024", "Date_Est": "1989", "Comments": "", "Term": null, "Duration": null, "d_FeatClass": "Fee", "d_Category": "Other", "d_Own_Type": "Federal", "d_Own_Name": "Forest Service", "d_Mang_Type": "State", "d_Mang_Name": "State Fish and Wildlife", "d_Des_Tp": "State Park", "d_State_Nm": "Colorado", "d_Pub_Access": "Open Access", "d_GAP_Sts": "4 - no known mandate for biodiversity protection", "d_IUCN_Cat": "Unassigned", "Shape_Length": 9402.6018900226572, "Shape_Area": 687763.58788643079, "cpwParkName": "Arkansas Headwaters Recreation Area", "source": "USGS PAD-US" }, "geometry": { "type": "Polygon", "coordinates": [ [ [ -106.220209768700002, 38.998502476699997 ], [ -106.214249825299987, 38.989112235499995 ], [ -106.2137639603, 38.987454402099992 ], [ -106.2134717056, 38.986132727 ], [ -106.213321537400006, 38.985729189600001 ], [ -106.211973410799999, 38.979936181499994 ], [ -106.213611110499983, 38.981798517599984 ], [ -106.213764037600001, 38.987387454899995 ], [ -106.21564237539998, 38.991269943599995 ], [ -106.219508649900007, 38.995158208900001 ], [ -106.214651453800002, 38.987332675 ], [ -106.213180438099997, 38.979378299899999 ], [ -106.214407868, 38.976378702199987 ], [ -106.2190383473, 38.985984693799992 ], [ -106.222817757899989, 38.998395953599996 ], [ -106.220209768700002, 38.998502476699997 ] ] ] } },
{ "type": "Feature", "properties": { "FeatClass": "Fee", "Category": "Other", "Own_Type": "FED", "Own_Name": "USFS", "Loc_Own": "USDA Forest Service - Pike & San Isabel National Forests/Cimarron & Comanche National Grasslands", "Mang_Type": "STAT", "Mang_Name": "SFW", "Loc_Mang": "Colorado Parks & Wildlife", "Des_Tp": "SP", "Loc_Ds": "State Parks", "Unit_Nm": "Arkansas Headwaters Recreation Area - USFS Site", "Loc_Nm": "Arkansas Headwaters RA - USFS Site", "State_Nm": "CO", "Agg_Src": "CNHP_PADUS4_0Easement_COMaP_Public_v20230223_CO", "GIS_Src": "Colorado Parks & Wildlife GIS - CPWParcels", "Src_Date": "2015/08/04", "GIS_Acres": 3, "Source_PAID": "", "WDPA_Cd": 0, "Pub_Access": "OA", "Access_Src": "COMaP", "Access_Dt": "2023", "GAP_Sts": "4", "GAPCdSrc": "GAP - Default", "GAPCdDt": "2024", "IUCN_Cat": "Unassigned", "IUCNCtSrc": "GAP - Default", "IUCNCtDt": "2024", "Date_Est": "1989", "Comments": "", "Term": null, "Duration": null, "d_FeatClass": "Fee", "d_Category": "Other", "d_Own_Type": "Federal", "d_Own_Name": "Forest Service", "d_Mang_Type": "State", "d_Mang_Name": "State Fish and Wildlife", "d_Des_Tp": "State Park", "d_State_Nm": "Colorado", "d_Pub_Access": "Open Access", "d_GAP_Sts": "4 - no known mandate for biodiversity protection", "d_IUCN_Cat": "Unassigned", "Shape_Length": 947.88911467051071, "Shape_Area": 11901.144399471672, "cpwParkName": "Arkansas Headwaters Recreation Area", "source": "USGS PAD-US" }, "geometry": { "type": "MultiPolygon", "coordinates": [ [ [ [ -106.162652834300005, 38.912196595699996 ], [ -106.163102650699983, 38.912207305399996 ], [ -106.163154709199986, 38.912839034599983 ], [ -106.162652834300005, 38.912196595699996 ] ] ], [ [ [ -106.182341954699993, 38.941709268099984 ], [ -106.182485515799996, 38.941314160199994 ], [ -106.182473572700005, 38.94183204969999 ], [ -106.182341954699993, 38.941709268099984 ] ] ], [ [ [ -106.205718061400006, 38.971378344199984 ], [ -106.205696420999985, 38.970498586 ], [ -106.207239260199984, 38.970458308099985 ], [ -106.207228958299993, 38.9712247955 ], [ -106.205718061400006, 38.971378344199984 ] ] ], [ [ [ -106.283340302899987, 39.085792751199996 ], [ -106.283415485399999, 39.085577276899997 ], [ -106.283417303700006, 39.085958494199986 ], [ -106.283340302899987, 39.085792751199996 ] ] ] ] } },
{ "type": "Feature", "properties": { "FeatClass": "Fee", "Category": "Other", "Own_Type": "LOC", "Own_Name": "CITY", "Loc_Own": "Canon City", "Mang_Type": "STAT", "Mang_Name": "SFW", "Loc_Mang": "Colorado Parks & Wildlife", "Des_Tp": "SP", "Loc_Ds": "State Parks", "Unit_Nm": "Arkansas Headwaters Recreation Area - Centennial Park", "Loc_Nm": "Arkansas Headwaters RA - Centennial Park", "State_Nm": "CO", "Agg_Src": "CNHP_PADUS4_0Easement_COMaP_Public_v20230223_CO", "GIS_Src": "Colorado Parks & Wildlife GIS - CPWParcels", "Src_Date": "2023/02/23", "GIS_Acres": 17, "Source_PAID": "", "WDPA_Cd": 0, "Pub_Access": "OA", "Access_Src": "GAP - Default", "Access_Dt": "2024", "GAP_Sts": "4", "GAPCdSrc": "GAP - Default", "GAPCdDt": "2024", "IUCN_Cat": "Unassigned", "IUCNCtSrc": "GAP - Default", "IUCNCtDt": "2024", "Date_Est": "", "Comments": "", "Term": null, "Duration": null, "d_FeatClass": "Fee", "d_Category": "Other", "d_Own_Type": "Local Government", "d_Own_Name": "City Land", "d_Mang_Type": "State", "d_Mang_Name": "State Fish and Wildlife", "d_Des_Tp": "State Park", "d_State_Nm": "Colorado", "d_Pub_Access": "Open Access", "d_GAP_Sts": "4 - no known mandate for biodiversity protection", "d_IUCN_Cat": "Unassigned", "Shape_Length": 1354.406076525976, "Shape_Area": 68100.484245069892, "cpwParkName": "Arkansas Headwaters Recreation Area", "source": "USGS PAD-US" }, "geometry": { "type": "MultiPolygon", "coordinates": [ [ [ [ -105.241273679900004, 38.436590581600001 ], [ -105.240295815, 38.434692090399999 ], [ -105.243645032399982, 38.434173636600001 ], [ -105.243764766499993, 38.435983827599991 ], [ -105.241273679900004, 38.436590581600001 ] ] ], [ [ [ -105.245543985399991, 38.435010868199996 ], [ -105.243935338599996, 38.435296886199993 ], [ -105.2455259595, 38.434853447899997 ], [ -105.245543985399991, 38.435010868199996 ] ] ] ] } },
{ "type": "Feature", "properties": { "FeatClass": "Fee", "Category": "Other", "Own_Type": "LOC", "Own_Name": "CITY", "Loc_Own": "Canon City", "Mang_Type": "STAT", "Mang_Name": "SFW", "Loc_Mang": "Colorado Parks & Wildlife", "Des_Tp": "SP", "Loc_Ds": "State Parks", "Unit_Nm": "Arkansas Headwaters Recreation Area - Pathfinder Park", "Loc_Nm": "Arkansas Headwaters RA - Pathfinder Park", "State_Nm": "CO", "Agg_Src": "CNHP_PADUS4_0Easement_COMaP_Public_v20230223_CO", "GIS_Src": "Colorado Parks & Wildlife GIS - CPWParcels", "Src_Date": "2023/02/23", "GIS_Acres": 161, "Source_PAID": "", "WDPA_Cd": 0, "Pub_Access": "OA", "Access_Src": "COMaP", "Access_Dt": "2023", "GAP_Sts": "4", "GAPCdSrc": "GAP - Default", "GAPCdDt": "2024", "IUCN_Cat": "Unassigned", "IUCNCtSrc": "GAP - Default", "IUCNCtDt": "2024", "Date_Est": "", "Comments": "", "Term": null, "Duration": null, "d_FeatClass": "Fee", "d_Category": "Other", "d_Own_Type": "Local Government", "d_Own_Name": "City Land", "d_Mang_Type": "State", "d_Mang_Name": "State Fish and Wildlife", "d_Des_Tp": "State Park", "d_State_Nm": "Colorado", "d_Pub_Access": "Open Access", "d_GAP_Sts": "4 - no known mandate for biodiversity protection", "d_IUCN_Cat": "Unassigned", "Shape_Length": 5263.3632220215977, "Shape_Area": 650399.37014717015, "cpwParkName": "Arkansas Headwaters Recreation Area", "source": "USGS PAD-US" }, "geometry": { "type": "Polygon", "coordinates": [ [ [ -105.133782165900001, 38.403779744499985 ], [ -105.133777712, 38.404569286300003 ], [ -105.139164817500003, 38.405410435500002 ], [ -105.142897883100005, 38.407369001299998 ], [ -105.145681100399997, 38.407404134199993 ], [ -105.145384908899999, 38.405487567800002 ], [ -105.153132972600005, 38.407384324200002 ], [ -105.153604993599984, 38.41247131339999 ], [ -105.150914739599983, 38.413409627299991 ], [ -105.147837636700004, 38.412927209299987 ], [ -105.140882457900005, 38.407466276100003 ], [ -105.136822550600002, 38.407200343999989 ], [ -105.133099463500002, 38.405379160299987 ], [ -105.133782165900001, 38.403779744499985 ] ] ] } },
{ "type": "Feature", "properties": { "FeatClass": "Fee", "Category": "Other", "Own_Type": "LOC", "Own_Name": "CITY", "Loc_Own": "Canon City", "Mang_Type": "STAT", "Mang_Name": "SFW", "Loc_Mang": "Colorado Parks & Wildlife", "Des_Tp": "SP", "Loc_Ds": "State Parks", "Unit_Nm": "Arkansas Headwaters Recreation Area - River Station", "Loc_Nm": "Arkansas Headwaters RA - River Station", "State_Nm": "CO", "Agg_Src": "CNHP_PADUS4_0Easement_COMaP_Public_v20230223_CO", "GIS_Src": "Colorado Parks & Wildlife GIS - CPWParcels", "Src_Date": "2023/02/23", "GIS_Acres": 9, "Source_PAID": "", "WDPA_Cd": 0, "Pub_Access": "OA", "Access_Src": "COMaP", "Access_Dt": "2023", "GAP_Sts": "4", "GAPCdSrc": "GAP - Default", "GAPCdDt": "2024", "IUCN_Cat": "Unassigned", "IUCNCtSrc": "GAP - Default", "IUCNCtDt": "2024", "Date_Est": "", "Comments": "", "Term": null, "Duration": null, "d_FeatClass": "Fee", "d_Category": "Other", "d_Own_Type": "Local Government", "d_Own_Name": "City Land", "d_Mang_Type": "State", "d_Mang_Name": "State Fish and Wildlife", "d_Des_Tp": "State Park", "d_State_Nm": "Colorado", "d_Pub_Access": "Open Access", "d_GAP_Sts": "4 - no known mandate for biodiversity protection", "d_IUCN_Cat": "Unassigned", "Shape_Length": 1516.9455899050201, "Shape_Area": 37142.117031282978, "cpwParkName": "Arkansas Headwaters Recreation Area", "source": "USGS PAD-US" }, "geometry": { "type": "MultiPolygon", "coordinates": [ [ [ [ -105.240026237500004, 38.437273515 ], [ -105.241389951800016, 38.437814953499995 ], [ -105.238409358799998, 38.438856199699991 ], [ -105.240026237500004, 38.437273515 ] ] ], [ [ [ -105.241534622199993, 38.437754427500003 ], [ -105.24163377619999, 38.437480119599989 ], [ -105.241815382599995, 38.437600018399991 ], [ -105.241534622199993, 38.437754427500003 ] ] ], [ [ [ -105.242008152899999, 38.437486878299993 ], [ -105.241073179999987, 38.436784733699994 ], [ -105.243907564799983, 38.4360591656 ], [ -105.242008152899999, 38.437486878299993 ] ] ] ] } },
{ "type": "Feature", "properties": { "FeatClass": "Fee", "Category": "Other", "Own_Type": "LOC", "Own_Name": "CITY", "Loc_Own": "Canon City", "Mang_Type": "STAT", "Mang_Name": "SFW", "Loc_Mang": "Colorado Parks & Wildlife", "Des_Tp": "SP", "Loc_Ds": "State Parks", "Unit_Nm": "Arkansas Headwaters Recreation Area - River Walk", "Loc_Nm": "Arkansas Headwaters RA - River Walk", "State_Nm": "CO", "Agg_Src": "CNHP_PADUS4_0Easement_COMaP_Public_v20230223_CO", "GIS_Src": "Colorado Parks & Wildlife GIS - CPWParcels", "Src_Date": "2023/02/23", "GIS_Acres": 17, "Source_PAID": "", "WDPA_Cd": 0, "Pub_Access": "OA", "Access_Src": "COMaP", "Access_Dt": "2023", "GAP_Sts": "4", "GAPCdSrc": "GAP - Default", "GAPCdDt": "2024", "IUCN_Cat": "Unassigned", "IUCNCtSrc": "GAP - Default", "IUCNCtDt": "2024", "Date_Est": "", "Comments": "", "Term": null, "Duration": null, "d_FeatClass": "Fee", "d_Category": "Other", "d_Own_Type": "Local Government", "d_Own_Name": "City Land", "d_Mang_Type": "State", "d_Mang_Name": "State Fish and Wildlife", "d_Des_Tp": "State Park", "d_State_Nm": "Colorado", "d_Pub_Access": "Open Access", "d_GAP_Sts": "4 - no known mandate for biodiversity protection", "d_IUCN_Cat": "Unassigned", "Shape_Length": 2345.9480525639437, "Shape_Area": 69131.465291315108, "cpwParkName": "Arkansas Headwaters Recreation Area", "source": "USGS PAD-US" }, "geometry": { "type": "MultiPolygon", "coordinates": [ [ [ [ -105.197849798600004, 38.432704943 ], [ -105.198736346600001, 38.432431427700003 ], [ -105.199771136300001, 38.433849316799993 ], [ -105.198807666299999, 38.432816417799998 ], [ -105.197849798600004, 38.432704943 ] ] ], [ [ [ -105.203972182800001, 38.435008288 ], [ -105.201801810399999, 38.434993861499983 ], [ -105.199562535399991, 38.432359037399998 ], [ -105.202988115699995, 38.433399175899993 ], [ -105.203972182800001, 38.435008288 ] ] ], [ [ [ -105.238330770800005, 38.438622039 ], [ -105.238617617699987, 38.437922162600003 ], [ -105.238871691, 38.43809904079999 ], [ -105.238330770800005, 38.438622039 ] ] ], [ [ [ -105.236438206399995, 38.439313547299996 ], [ -105.235889938200003, 38.439002581999986 ], [ -105.237625562700003, 38.438879367299982 ], [ -105.236438206399995, 38.439313547299996 ] ] ] ] } },
{ "type": "Feature", "properties": { "FeatClass": "Fee", "Category": "Other", "Own_Type": "LOC", "Own_Name": "CITY", "Loc_Own": "City of Aurora", "Mang_Type": "STAT", "Mang_Name": "SFW", "Loc_Mang": "Colorado Parks & Wildlife", "Des_Tp": "SP", "Loc_Ds": "State Parks", "Unit_Nm": "Arkansas Headwaters Recreation Area - Hayden Ranch", "Loc_Nm": "Arkansas Headwaters RA - Hayden Ranch", "State_Nm": "CO", "Agg_Src": "CNHP_PADUS4_0Easement_COMaP_Public_v20230223_CO", "GIS_Src": "Colorado Parks & Wildlife GIS - CPWParcels", "Src_Date": "2023/02/23", "GIS_Acres": 378, "Source_PAID": "", "WDPA_Cd": 0, "Pub_Access": "OA", "Access_Src": "COMaP", "Access_Dt": "2023", "GAP_Sts": "4", "GAPCdSrc": "GAP - Default", "GAPCdDt": "2024", "IUCN_Cat": "Unassigned", "IUCNCtSrc": "GAP - Default", "IUCNCtDt": "2024", "Date_Est": "", "Comments": "", "Term": null, "Duration": null, "d_FeatClass": "Fee", "d_Category": "Other", "d_Own_Type": "Local Government", "d_Own_Name": "City Land", "d_Mang_Type": "State", "d_Mang_Name": "State Fish and Wildlife", "d_Des_Tp": "State Park", "d_State_Nm": "Colorado", "d_Pub_Access": "Open Access", "d_GAP_Sts": "4 - no known mandate for biodiversity protection", "d_IUCN_Cat": "Unassigned", "Shape_Length": 17053.790944294691, "Shape_Area": 1528593.1562771006, "cpwParkName": "Arkansas Headwaters Recreation Area", "source": "USGS PAD-US" }, "geometry": { "type": "MultiPolygon", "coordinates": [ [ [ [ -106.297098766399998, 39.103627783599983 ], [ -106.292739463700002, 39.10159067 ], [ -106.292703030400006, 39.100018881300002 ], [ -106.297098766399998, 39.103627783599983 ] ] ], [ [ [ -106.302187286199981, 39.112436769799992 ], [ -106.299015263899989, 39.110961754900003 ], [ -106.297482720299996, 39.103916937899996 ], [ -106.307571316099995, 39.117822529299985 ], [ -106.3052999529, 39.118164648899992 ], [ -106.303429300299996, 39.116490249599984 ], [ -106.302187286199981, 39.112436769799992 ] ] ], [ [ [ -106.306816217199994, 39.118778809499993 ], [ -106.309370604399987, 39.119828669100002 ], [ -106.310608567299994, 39.121806689099998 ], [ -106.309497079099984, 39.121848844399999 ], [ -106.306816217199994, 39.118778809499993 ] ] ], [ [ [ -106.315885314599996, 39.147090572399996 ], [ -106.317245524299992, 39.142659166499996 ], [ -106.31697224749999, 39.135509633299996 ], [ -106.313676946100003, 39.129356235299994 ], [ -106.311642927899996, 39.128591508499994 ], [ -106.311464455199982, 39.123370284 ], [ -106.3173437, 39.135572360600001 ], [ -106.32403937559998, 39.162065493500002 ], [ -106.319807487199995, 39.163993488 ], [ -106.31845043929998, 39.160963733899997 ], [ -106.319264364299983, 39.158558853899997 ], [ -106.317409644499989, 39.156364324599991 ], [ -106.318467957600006, 39.155371589099992 ], [ -106.316545650599991, 39.153067957699996 ], [ -106.317732735299984, 39.148633178499999 ], [ -106.315885314599996, 39.147090572399996 ] ] ], [ [ [ -106.325192889199982, 39.168174059599991 ], [ -106.32582109259998, 39.167204945800002 ], [ -106.326366888699994, 39.1681585806 ], [ -106.325192889199982, 39.168174059599991 ] ] ] ] } },
{ "type": "Feature", "properties": { "FeatClass": "Fee", "Category": "Other", "Own_Type": "LOC", "Own_Name": "CITY", "Loc_Own": "City of Florence", "Mang_Type": "STAT", "Mang_Name": "SFW", "Loc_Mang": "Colorado Parks & Wildlife", "Des_Tp": "SP", "Loc_Ds": "State Parks", "Unit_Nm": "Arkansas Headwaters Recreation Area - Blue Heron", "Loc_Nm": "Arkansas Headwaters RA - Blue Heron", "State_Nm": "CO", "Agg_Src": "CNHP_PADUS4_0Easement_COMaP_Public_v20230223_CO", "GIS_Src": "Colorado Parks & Wildlife GIS - CPWParcels", "Src_Date": "2023/02/23", "GIS_Acres": 25, "Source_PAID": "", "WDPA_Cd": 0, "Pub_Access": "OA", "Access_Src": "COMaP", "Access_Dt": "2023", "GAP_Sts": "4", "GAPCdSrc": "GAP - Default", "GAPCdDt": "2024", "IUCN_Cat": "Unassigned", "IUCNCtSrc": "GAP - Default", "IUCNCtDt": "2024", "Date_Est": "", "Comments": "", "Term": null, "Duration": null, "d_FeatClass": "Fee", "d_Category": "Other", "d_Own_Type": "Local Government", "d_Own_Name": "City Land", "d_Mang_Type": "State", "d_Mang_Name": "State Fish and Wildlife", "d_Des_Tp": "State Park", "d_State_Nm": "Colorado", "d_Pub_Access": "Open Access", "d_GAP_Sts": "4 - no known mandate for biodiversity protection", "d_IUCN_Cat": "Unassigned", "Shape_Length": 1466.1411219846204, "Shape_Area": 100565.39870169634, "cpwParkName": "Arkansas Headwaters Recreation Area", "source": "USGS PAD-US" }, "geometry": { "type": "Polygon", "coordinates": [ [ [ -105.071042364099981, 38.391604714099998 ], [ -105.069240973799992, 38.3901091177 ], [ -105.074734700499988, 38.389054772299986 ], [ -105.074726357099991, 38.391329632199998 ], [ -105.071042364099981, 38.391604714099998 ] ] ] } },
{ "type": "Feature", "properties": { "FeatClass": "Fee", "Category": "Other", "Own_Type": "LOC", "Own_Name": "CITY", "Loc_Own": "City of Florence", "Mang_Type": "STAT", "Mang_Name": "SFW", "Loc_Mang": "Colorado Parks & Wildlife", "Des_Tp": "SP", "Loc_Ds": "State Parks", "Unit_Nm": "Arkansas Headwaters Recreation Area - Florence River Park", "Loc_Nm": "Arkansas Headwaters RA - Florence River Park", "State_Nm": "CO", "Agg_Src": "CNHP_PADUS4_0Easement_COMaP_Public_v20230223_CO", "GIS_Src": "Colorado Parks & Wildlife GIS - CPWParcels", "Src_Date": "2023/02/23", "GIS_Acres": 3, "Source_PAID": "", "WDPA_Cd": 0, "Pub_Access": "OA", "Access_Src": "COMaP", "Access_Dt": "2023", "GAP_Sts": "4", "GAPCdSrc": "GAP - Default", "GAPCdDt": "2024", "IUCN_Cat": "Unassigned", "IUCNCtSrc": "GAP - Default", "IUCNCtDt": "2024", "Date_Est": "", "Comments": "", "Term": null, "Duration": null, "d_FeatClass": "Fee", "d_Category": "Other", "d_Own_Type": "Local Government", "d_Own_Name": "City Land", "d_Mang_Type": "State", "d_Mang_Name": "State Fish and Wildlife", "d_Des_Tp": "State Park", "d_State_Nm": "Colorado", "d_Pub_Access": "Open Access", "d_GAP_Sts": "4 - no known mandate for biodiversity protection", "d_IUCN_Cat": "Unassigned", "Shape_Length": 627.25556024371292, "Shape_Area": 10586.561973919523, "cpwParkName": "Arkansas Headwaters Recreation Area", "source": "USGS PAD-US" }, "geometry": { "type": "Polygon", "coordinates": [ [ [ -105.11509535419998, 38.399526615399999 ], [ -105.115621619799981, 38.398052875099985 ], [ -105.116532531, 38.3983269728 ], [ -105.116204466799999, 38.399546052899993 ], [ -105.11509535419998, 38.399526615399999 ] ] ] } },
{ "type": "Feature", "properties": { "FeatClass": "Fee", "Category": "Other", "Own_Type": "LOC", "Own_Name": "CITY", "Loc_Own": "City of Salida", "Mang_Type": "STAT", "Mang_Name": "SFW", "Loc_Mang": "Colorado Parks & Wildlife", "Des_Tp": "SP", "Loc_Ds": "State Parks", "Unit_Nm": "Arkansas Headwaters Recreation Area - Visitors Center", "Loc_Nm": "Arkansas Headwaters RA - Visitors Center", "State_Nm": "CO", "Agg_Src": "CNHP_PADUS4_0Easement_COMaP_Public_v20230223_CO", "GIS_Src": "Colorado Parks & Wildlife GIS - CPWParcels", "Src_Date": "2023/02/23", "GIS_Acres": 0, "Source_PAID": "", "WDPA_Cd": 0, "Pub_Access": "OA", "Access_Src": "COMaP", "Access_Dt": "2023", "GAP_Sts": "4", "GAPCdSrc": "GAP - Default", "GAPCdDt": "2024", "IUCN_Cat": "Unassigned", "IUCNCtSrc": "GAP - Default", "IUCNCtDt": "2024", "Date_Est": "", "Comments": "", "Term": null, "Duration": null, "d_FeatClass": "Fee", "d_Category": "Other", "d_Own_Type": "Local Government", "d_Own_Name": "City Land", "d_Mang_Type": "State", "d_Mang_Name": "State Fish and Wildlife", "d_Des_Tp": "State Park", "d_State_Nm": "Colorado", "d_Pub_Access": "Open Access", "d_GAP_Sts": "4 - no known mandate for biodiversity protection", "d_IUCN_Cat": "Unassigned", "Shape_Length": 147.63825894232943, "Shape_Area": 1215.0758187402964, "cpwParkName": "Arkansas Headwaters Recreation Area", "source": "USGS PAD-US" }, "geometry": { "type": "Polygon", "coordinates": [ [ [ -105.992232079699988, 38.537975604 ], [ -105.992478738499983, 38.537554389699984 ], [ -105.992634556499979, 38.537691702099984 ], [ -105.992232079699988, 38.537975604 ] ] ] } },
{ "type": "Feature", "properties": { "FeatClass": "Fee", "Category": "Other", "Own_Type": "LOC", "Own_Name": "CITY", "Loc_Own": "Town of Buena Vista", "Mang_Type": "STAT", "Mang_Name": "SFW", "Loc_Mang": "Colorado Parks & Wildlife", "Des_Tp": "SP", "Loc_Ds": "State Parks", "Unit_Nm": "Arkansas Headwaters Recreation Area - Town of Buena", "Loc_Nm": "Arkansas Headwaters RA - Town of Buena", "State_Nm": "CO", "Agg_Src": "CNHP_PADUS4_0Easement_COMaP_Public_v20230223_CO", "GIS_Src": "Colorado Parks & Wildlife GIS - CPWParcels", "Src_Date": "2023/02/23", "GIS_Acres": 5, "Source_PAID": "", "WDPA_Cd": 0, "Pub_Access": "OA", "Access_Src": "COMaP", "Access_Dt": "2023", "GAP_Sts": "4", "GAPCdSrc": "GAP - Default", "GAPCdDt": "2024", "IUCN_Cat": "Unassigned", "IUCNCtSrc": "GAP - Default", "IUCNCtDt": "2024", "Date_Est": "", "Comments": "", "Term": null, "Duration": null, "d_FeatClass": "Fee", "d_Category": "Other", "d_Own_Type": "Local Government", "d_Own_Name": "City Land", "d_Mang_Type": "State", "d_Mang_Name": "State Fish and Wildlife", "d_Des_Tp": "State Park", "d_State_Nm": "Colorado", "d_Pub_Access": "Open Access", "d_GAP_Sts": "4 - no known mandate for biodiversity protection", "d_IUCN_Cat": "Unassigned", "Shape_Length": 2752.9255197387661, "Shape_Area": 18504.559765954113, "cpwParkName": "Arkansas Headwaters Recreation Area", "source": "USGS PAD-US" }, "geometry": { "type": "MultiPolygon", "coordinates": [ [ [ [ -106.123109470599985, 38.835640852700003 ], [ -106.122778686900006, 38.835423947599985 ], [ -106.123119948, 38.835450812300003 ], [ -106.123109470599985, 38.835640852700003 ] ] ], [ [ [ -106.121860587399979, 38.836904444300004 ], [ -106.119816272, 38.836659600499999 ], [ -106.118251064799992, 38.835757539099994 ], [ -106.121860587399979, 38.836904444300004 ] ] ], [ [ [ -106.120117874599984, 38.837414419299996 ], [ -106.118613320899982, 38.836190713499995 ], [ -106.120573194399981, 38.837630468199997 ], [ -106.120117874599984, 38.837414419299996 ] ] ], [ [ [ -106.12295824029998, 38.839460060899995 ], [ -106.11820823639998, 38.839349282299985 ], [ -106.117976677200005, 38.839258689399983 ], [ -106.122426534899986, 38.839307757699999 ], [ -106.12074062, 38.837724082 ], [ -106.12295824029998, 38.839460060899995 ] ] ], [ [ [ -106.131561831, 38.842537847499983 ], [ -106.13149184149998, 38.842211508699997 ], [ -106.131653075, 38.842511118799997 ], [ -106.131561831, 38.842537847499983 ] ] ] ] } },
{ "type": "Feature", "properties": { "FeatClass": "Fee", "Category": "Other", "Own_Type": "LOC", "Own_Name": "CITY", "Loc_Own": "Town of Buena Vista", "Mang_Type": "STAT", "Mang_Name": "SFW", "Loc_Mang": "Colorado Parks & Wildlife", "Des_Tp": "SP", "Loc_Ds": "State Parks", "Unit_Nm": "Arkansas Headwaters Recreation Area - Town of Buena", "Loc_Nm": "Arkansas Headwaters RA - Town of Buena", "State_Nm": "CO", "Agg_Src": "CNHP_PADUS4_0Easement_COMaP_Public_v20230223_CO", "GIS_Src": "Colorado Parks & Wildlife GIS - CPWParcelUpdate_2019+Control", "Src_Date": "2023/02/23", "GIS_Acres": 4, "Source_PAID": "", "WDPA_Cd": 0, "Pub_Access": "OA", "Access_Src": "GAP - Default", "Access_Dt": "2024", "GAP_Sts": "4", "GAPCdSrc": "GAP - Default", "GAPCdDt": "2024", "IUCN_Cat": "Unassigned", "IUCNCtSrc": "GAP - Default", "IUCNCtDt": "2024", "Date_Est": "", "Comments": "", "Term": null, "Duration": null, "d_FeatClass": "Fee", "d_Category": "Other", "d_Own_Type": "Local Government", "d_Own_Name": "City Land", "d_Mang_Type": "State", "d_Mang_Name": "State Fish and Wildlife", "d_Des_Tp": "State Park", "d_State_Nm": "Colorado", "d_Pub_Access": "Open Access", "d_GAP_Sts": "4 - no known mandate for biodiversity protection", "d_IUCN_Cat": "Unassigned", "Shape_Length": 745.44593536470393, "Shape_Area": 15488.642458556484, "cpwParkName": "Arkansas Headwaters Recreation Area", "source": "USGS PAD-US" }, "geometry": { "type": "MultiPolygon", "coordinates": [ [ [ [ -106.130712765099986, 38.839632389599991 ], [ -106.130729695800014, 38.83853635989999 ], [ -106.131332644999986, 38.839453251599991 ], [ -106.130712765099986, 38.839632389599991 ] ] ], [ [ [ -106.13067898769998, 38.839866599599993 ], [ -106.1318269681, 38.840428240299993 ], [ -106.132010505599979, 38.84080743549999 ], [ -106.130672207699988, 38.8406752932 ], [ -106.13067898769998, 38.839866599599993 ] ] ] ] } },
{ "type": "Feature", "properties": { "FeatClass": "Fee", "Category": "Other", "Own_Type": "LOC", "Own_Name": "CNTY", "Loc_Own": "Fremont County", "Mang_Type": "STAT", "Mang_Name": "SFW", "Loc_Mang": "Colorado Parks & Wildlife", "Des_Tp": "SP", "Loc_Ds": "State Parks", "Unit_Nm": "Arkansas Headwaters Recreation Area - Florence River Park", "Loc_Nm": "Arkansas Headwaters RA - Florence River Park", "State_Nm": "CO", "Agg_Src": "CNHP_PADUS4_0Easement_COMaP_Public_v20230223_CO", "GIS_Src": "Colorado Parks & Wildlife GIS - CPWParcels", "Src_Date": "2023/02/23", "GIS_Acres": 9, "Source_PAID": "", "WDPA_Cd": 0, "Pub_Access": "OA", "Access_Src": "COMaP", "Access_Dt": "2023", "GAP_Sts": "4", "GAPCdSrc": "GAP - Default", "GAPCdDt": "2024", "IUCN_Cat": "Unassigned", "IUCNCtSrc": "GAP - Default", "IUCNCtDt": "2024", "Date_Est": "", "Comments": "", "Term": null, "Duration": null, "d_FeatClass": "Fee", "d_Category": "Other", "d_Own_Type": "Local Government", "d_Own_Name": "County Land", "d_Mang_Type": "State", "d_Mang_Name": "State Fish and Wildlife", "d_Des_Tp": "State Park", "d_State_Nm": "Colorado", "d_Pub_Access": "Open Access", "d_GAP_Sts": "4 - no known mandate for biodiversity protection", "d_IUCN_Cat": "Unassigned", "Shape_Length": 907.4662109200151, "Shape_Area": 36812.55509407862, "cpwParkName": "Arkansas Headwaters Recreation Area", "source": "USGS PAD-US" }, "geometry": { "type": "Polygon", "coordinates": [ [ [ -105.110639621, 38.398048457799987 ], [ -105.110905936900011, 38.399462023799998 ], [ -105.107048127899986, 38.399468008699991 ], [ -105.107053946999983, 38.398976375700002 ], [ -105.110639621, 38.398048457799987 ] ] ] } },
{ "type": "Feature", "properties": { "FeatClass": "Fee", "Category": "Other", "Own_Type": "LOC", "Own_Name": "CNTY", "Loc_Own": "Fremont County", "Mang_Type": "STAT", "Mang_Name": "SFW", "Loc_Mang": "Colorado Parks & Wildlife", "Des_Tp": "SP", "Loc_Ds": "State Parks", "Unit_Nm": "Arkansas Headwaters Recreation Area - Pathfinder Park", "Loc_Nm": "Arkansas Headwaters RA - Pathfinder Park", "State_Nm": "CO", "Agg_Src": "CNHP_PADUS4_0Easement_COMaP_Public_v20230223_CO", "GIS_Src": "Colorado Parks & Wildlife GIS - CPWParcels", "Src_Date": "2023/02/23", "GIS_Acres": 46, "Source_PAID": "", "WDPA_Cd": 0, "Pub_Access": "OA", "Access_Src": "COMaP", "Access_Dt": "2023", "GAP_Sts": "4", "GAPCdSrc": "GAP - Default", "GAPCdDt": "2024", "IUCN_Cat": "Unassigned", "IUCNCtSrc": "GAP - Default", "IUCNCtDt": "2024", "Date_Est": "", "Comments": "", "Term": null, "Duration": null, "d_FeatClass": "Fee", "d_Category": "Other", "d_Own_Type": "Local Government", "d_Own_Name": "County Land", "d_Mang_Type": "State", "d_Mang_Name": "State Fish and Wildlife", "d_Des_Tp": "State Park", "d_State_Nm": "Colorado", "d_Pub_Access": "Open Access", "d_GAP_Sts": "4 - no known mandate for biodiversity protection", "d_IUCN_Cat": "Unassigned", "Shape_Length": 2866.4355687395951, "Shape_Area": 184532.97298760372, "cpwParkName": "Arkansas Headwaters Recreation Area", "source": "USGS PAD-US" }, "geometry": { "type": "Polygon", "coordinates": [ [ [ -105.133782165900001, 38.403779744499985 ], [ -105.139807759500002, 38.405250829899998 ], [ -105.141024807199997, 38.403457178899991 ], [ -105.145384908899999, 38.405487567800002 ], [ -105.145681100399997, 38.407404134199993 ], [ -105.139819170300001, 38.406477616899998 ], [ -105.133782165900001, 38.403779744499985 ] ] ] } },
{ "type": "Feature", "properties": { "FeatClass": "Fee", "Category": "Other", "Own_Type": "LOC", "Own_Name": "CNTY", "Loc_Own": "Fremont County", "Mang_Type": "STAT", "Mang_Name": "SFW", "Loc_Mang": "Colorado Parks & Wildlife", "Des_Tp": "SP", "Loc_Ds": "State Parks", "Unit_Nm": "Arkansas Headwaters Recreation Area - River Walk", "Loc_Nm": "Arkansas Headwaters RA - River Walk", "State_Nm": "CO", "Agg_Src": "CNHP_PADUS4_0Easement_COMaP_Public_v20230223_CO", "GIS_Src": "Colorado Parks & Wildlife GIS - CPWParcels", "Src_Date": "2023/02/23", "GIS_Acres": 97, "Source_PAID": "", "WDPA_Cd": 0, "Pub_Access": "OA", "Access_Src": "COMaP", "Access_Dt": "2023", "GAP_Sts": "4", "GAPCdSrc": "GAP - Default", "GAPCdDt": "2024", "IUCN_Cat": "Unassigned", "IUCNCtSrc": "GAP - Default", "IUCNCtDt": "2024", "Date_Est": "", "Comments": "", "Term": null, "Duration": null, "d_FeatClass": "Fee", "d_Category": "Other", "d_Own_Type": "Local Government", "d_Own_Name": "County Land", "d_Mang_Type": "State", "d_Mang_Name": "State Fish and Wildlife", "d_Des_Tp": "State Park", "d_State_Nm": "Colorado", "d_Pub_Access": "Open Access", "d_GAP_Sts": "4 - no known mandate for biodiversity protection", "d_IUCN_Cat": "Unassigned", "Shape_Length": 8155.1302425735275, "Shape_Area": 391403.67531077994, "cpwParkName": "Arkansas Headwaters Recreation Area", "source": "USGS PAD-US" }, "geometry": { "type": "MultiPolygon", "coordinates": [ [ [ [ -105.208737619499999, 38.437271307399996 ], [ -105.215432529999987, 38.438295406100004 ], [ -105.221471393099989, 38.438621882200003 ], [ -105.222705565099986, 38.439829838400001 ], [ -105.21153548289999, 38.440278836899992 ], [ -105.206490610499984, 38.438631058999988 ], [ -105.208737619499999, 38.437271307399996 ] ] ], [ [ [ -105.229398685599989, 38.438525015299987 ], [ -105.222696583900003, 38.439378669 ], [ -105.222670789899993, 38.438396307499993 ], [ -105.229398685599989, 38.438525015299987 ] ] ], [ [ [ -105.215766169499986, 38.4380513057 ], [ -105.209104345199989, 38.436696785400002 ], [ -105.212054157799997, 38.436893054099997 ], [ -105.215699236299997, 38.437930266400002 ], [ -105.217988971799983, 38.437702864299986 ], [ -105.215766169499986, 38.4380513057 ] ] ], [ [ [ -105.20556508979999, 38.438082403300001 ], [ -105.202724762800003, 38.435861248399995 ], [ -105.2058214005, 38.437867023699994 ], [ -105.20556508979999, 38.438082403300001 ] ] ], [ [ [ -105.208740043899994, 38.436997701 ], [ -105.208737619499999, 38.437271307399996 ], [ -105.2086083879, 38.437302276699988 ], [ -105.2062348786, 38.437548595199999 ], [ -105.208740043899994, 38.436997701 ] ] ], [ [ [ -105.198497716399999, 38.432117958200003 ], [ -105.197779345299992, 38.432783072599996 ], [ -105.196889906399988, 38.432124408299991 ], [ -105.198497716399999, 38.432117958200003 ] ] ] ] } },
{ "type": "Feature", "properties": { "FeatClass": "Fee", "Category": "Other", "Own_Type": "LOC", "Own_Name": "CNTY", "Loc_Own": "Lake County", "Mang_Type": "STAT", "Mang_Name": "SFW", "Loc_Mang": "Colorado Parks & Wildlife", "Des_Tp": "SP", "Loc_Ds": "State Parks", "Unit_Nm": "Arkansas Headwaters Recreation Area - Hayden Meadows", "Loc_Nm": "Arkansas Headwaters RA - Hayden Meadows", "State_Nm": "CO", "Agg_Src": "CNHP_PADUS4_0Easement_COMaP_Public_v20230223_CO", "GIS_Src": "Colorado Parks & Wildlife GIS - CPWParcels", "Src_Date": "2023/02/23", "GIS_Acres": 60, "Source_PAID": "", "WDPA_Cd": 0, "Pub_Access": "OA", "Access_Src": "COMaP", "Access_Dt": "2023", "GAP_Sts": "4", "GAPCdSrc": "GAP - Default", "GAPCdDt": "2024", "IUCN_Cat": "Unassigned", "IUCNCtSrc": "GAP - Default", "IUCNCtDt": "2024", "Date_Est": "", "Comments": "", "Term": null, "Duration": null, "d_FeatClass": "Fee", "d_Category": "Other", "d_Own_Type": "Local Government", "d_Own_Name": "County Land", "d_Mang_Type": "State", "d_Mang_Name": "State Fish and Wildlife", "d_Des_Tp": "State Park", "d_State_Nm": "Colorado", "d_Pub_Access": "Open Access", "d_GAP_Sts": "4 - no known mandate for biodiversity protection", "d_IUCN_Cat": "Unassigned", "Shape_Length": 1990.2197086469355, "Shape_Area": 242799.92569486168, "cpwParkName": "Arkansas Headwaters Recreation Area", "source": "USGS PAD-US" }, "geometry": { "type": "Polygon", "coordinates": [ [ [ -106.319415202599984, 39.1682327587 ], [ -106.319807487199995, 39.163993488 ], [ -106.32403937559998, 39.162065493500002 ], [ -106.324999681500003, 39.165386062399989 ], [ -106.323393069100007, 39.168176606499991 ], [ -106.319415202599984, 39.1682327587 ] ] ] } },
{ "type": "Feature", "properties": { "FeatClass": "Fee", "Category": "Other", "Own_Type": "PVT", "Own_Name": "PVT", "Loc_Own": "Private", "Mang_Type": "STAT", "Mang_Name": "SFW", "Loc_Mang": "Colorado Parks & Wildlife", "Des_Tp": "SP", "Loc_Ds": "State Parks", "Unit_Nm": "Arkansas Headwaters Recreation Area - Pink House", "Loc_Nm": "Arkansas Headwaters RA - Pink House", "State_Nm": "CO", "Agg_Src": "CNHP_PADUS4_0Easement_COMaP_Public_v20230223_CO", "GIS_Src": "Colorado Parks & Wildlife GIS - CPWParcels", "Src_Date": "2023/02/23", "GIS_Acres": 5, "Source_PAID": "", "WDPA_Cd": 0, "Pub_Access": "OA", "Access_Src": "COMaP", "Access_Dt": "2023", "GAP_Sts": "4", "GAPCdSrc": "GAP - Default", "GAPCdDt": "2024", "IUCN_Cat": "Unassigned", "IUCNCtSrc": "GAP - Default", "IUCNCtDt": "2024", "Date_Est": "", "Comments": "", "Term": null, "Duration": null, "d_FeatClass": "Fee", "d_Category": "Other", "d_Own_Type": "Private", "d_Own_Name": "Private", "d_Mang_Type": "State", "d_Mang_Name": "State Fish and Wildlife", "d_Des_Tp": "State Park", "d_State_Nm": "Colorado", "d_Pub_Access": "Open Access", "d_GAP_Sts": "4 - no known mandate for biodiversity protection", "d_IUCN_Cat": "Unassigned", "Shape_Length": 748.26282956308853, "Shape_Area": 19706.497425685302, "cpwParkName": "Arkansas Headwaters Recreation Area", "source": "USGS PAD-US" }, "geometry": { "type": "Polygon", "coordinates": [ [ [ -105.265790904900001, 38.432663360199996 ], [ -105.262652182999986, 38.432807456399992 ], [ -105.266024384799991, 38.432110645199998 ], [ -105.265790904900001, 38.432663360199996 ] ] ] } },
{ "type": "Feature", "properties": { "FeatClass": "Fee", "Category": "Other", "Own_Type": "STAT", "Own_Name": "SLB", "Loc_Own": "Colorado State Land Board", "Mang_Type": "STAT", "Mang_Name": "SFW", "Loc_Mang": "Colorado Parks & Wildlife", "Des_Tp": "SP", "Loc_Ds": "State Parks", "Unit_Nm": "Arkansas Headwaters Recreation Area - Beaver Creek", "Loc_Nm": "Arkansas Headwaters RA - Beaver Creek", "State_Nm": "CO", "Agg_Src": "CNHP_PADUS4_0Easement_COMaP_Public_v20230223_CO", "GIS_Src": "Colorado Parks & Wildlife GIS - CPWParcels", "Src_Date": "2023/02/23", "GIS_Acres": 3, "Source_PAID": "", "WDPA_Cd": 0, "Pub_Access": "OA", "Access_Src": "COMaP", "Access_Dt": "2023", "GAP_Sts": "4", "GAPCdSrc": "GAP - Default", "GAPCdDt": "2024", "IUCN_Cat": "Unassigned", "IUCNCtSrc": "GAP - Default", "IUCNCtDt": "2024", "Date_Est": "", "Comments": "", "Term": null, "Duration": null, "d_FeatClass": "Fee", "d_Category": "Other", "d_Own_Type": "State", "d_Own_Name": "State Land Board", "d_Mang_Type": "State", "d_Mang_Name": "State Fish and Wildlife", "d_Des_Tp": "State Park", "d_State_Nm": "Colorado", "d_Pub_Access": "Open Access", "d_GAP_Sts": "4 - no known mandate for biodiversity protection", "d_IUCN_Cat": "Unassigned", "Shape_Length": 671.4369988191263, "Shape_Area": 13942.62885003163, "cpwParkName": "Arkansas Headwaters Recreation Area", "source": "USGS PAD-US" }, "geometry": { "type": "Polygon", "coordinates": [ [ [ -104.972993521, 38.37409062359999 ], [ -104.974487056399994, 38.373542965600002 ], [ -104.976474101500003, 38.374050260899992 ], [ -104.972993521, 38.37409062359999 ] ] ] } },
{ "type": "Feature", "properties": { "FeatClass": "Fee", "Category": "Other", "Own_Type": "STAT", "Own_Name": "SLB", "Loc_Own": "Colorado State Land Board", "Mang_Type": "STAT", "Mang_Name": "SFW", "Loc_Mang": "Colorado Parks & Wildlife", "Des_Tp": "SP", "Loc_Ds": "State Parks", "Unit_Nm": "Arkansas Headwaters Recreation Area - Canon Trading Post", "Loc_Nm": "Arkansas Headwaters RA - Canon Trading Post", "State_Nm": "CO", "Agg_Src": "CNHP_PADUS4_0Easement_COMaP_Public_v20230223_CO", "GIS_Src": "Colorado Parks & Wildlife GIS - CPWParcels", "Src_Date": "2023/02/23", "GIS_Acres": 4, "Source_PAID": "", "WDPA_Cd": 0, "Pub_Access": "OA", "Access_Src": "COMaP", "Access_Dt": "2023", "GAP_Sts": "4", "GAPCdSrc": "GAP - Default", "GAPCdDt": "2024", "IUCN_Cat": "Unassigned", "IUCNCtSrc": "GAP - Default", "IUCNCtDt": "2024", "Date_Est": "", "Comments": "", "Term": null, "Duration": null, "d_FeatClass": "Fee", "d_Category": "Other", "d_Own_Type": "State", "d_Own_Name": "State Land Board", "d_Mang_Type": "State", "d_Mang_Name": "State Fish and Wildlife", "d_Des_Tp": "State Park", "d_State_Nm": "Colorado", "d_Pub_Access": "Open Access", "d_GAP_Sts": "4 - no known mandate for biodiversity protection", "d_IUCN_Cat": "Unassigned", "Shape_Length": 646.63988087305302, "Shape_Area": 17869.604057404053, "cpwParkName": "Arkansas Headwaters Recreation Area", "source": "USGS PAD-US" }, "geometry": { "type": "Polygon", "coordinates": [ [ [ -105.7020949825, 38.369173005199997 ], [ -105.704305393499979, 38.368905181700001 ], [ -105.702168500699997, 38.370689339099989 ], [ -105.7020949825, 38.369173005199997 ] ] ] } },
{ "type": "Feature", "properties": { "FeatClass": "Fee", "Category": "Other", "Own_Type": "STAT", "Own_Name": "SLB", "Loc_Own": "Colorado State Land Board", "Mang_Type": "STAT", "Mang_Name": "SFW", "Loc_Mang": "Colorado Parks & Wildlife", "Des_Tp": "SP", "Loc_Ds": "State Parks", "Unit_Nm": "Arkansas Headwaters Recreation Area - Cotopaxi", "Loc_Nm": "Arkansas Headwaters RA - Cotopaxi", "State_Nm": "CO", "Agg_Src": "CNHP_PADUS4_0Easement_COMaP_Public_v20230223_CO", "GIS_Src": "Colorado Parks & Wildlife GIS - CPWParcels", "Src_Date": "2023/02/23", "GIS_Acres": 5, "Source_PAID": "", "WDPA_Cd": 0, "Pub_Access": "OA", "Access_Src": "COMaP", "Access_Dt": "2023", "GAP_Sts": "4", "GAPCdSrc": "GAP - Default", "GAPCdDt": "2024", "IUCN_Cat": "Unassigned", "IUCNCtSrc": "GAP - Default", "IUCNCtDt": "2024", "Date_Est": "", "Comments": "", "Term": null, "Duration": null, "d_FeatClass": "Fee", "d_Category": "Other", "d_Own_Type": "State", "d_Own_Name": "State Land Board", "d_Mang_Type": "State", "d_Mang_Name": "State Fish and Wildlife", "d_Des_Tp": "State Park", "d_State_Nm": "Colorado", "d_Pub_Access": "Open Access", "d_GAP_Sts": "4 - no known mandate for biodiversity protection", "d_IUCN_Cat": "Unassigned", "Shape_Length": 881.01863590168318, "Shape_Area": 21084.601011382358, "cpwParkName": "Arkansas Headwaters Recreation Area", "source": "USGS PAD-US" }, "geometry": { "type": "Polygon", "coordinates": [ [ [ -105.694180060500003, 38.372973397599992 ], [ -105.692823613799987, 38.37229235729999 ], [ -105.69749430009999, 38.372309672199989 ], [ -105.694180060500003, 38.372973397599992 ] ] ] } },
{ "type": "Feature", "properties": { "FeatClass": "Fee", "Category": "Other", "Own_Type": "STAT", "Own_Name": "SLB", "Loc_Own": "Colorado State Land Board", "Mang_Type": "STAT", "Mang_Name": "SFW", "Loc_Mang": "Colorado Parks & Wildlife", "Des_Tp": "SP", "Loc_Ds": "State Parks", "Unit_Nm": "Arkansas Headwaters Recreation Area - Nonans Peak", "Loc_Nm": "Arkansas Headwaters RA - Nonans Peak", "State_Nm": "CO", "Agg_Src": "CNHP_PADUS4_0Easement_COMaP_Public_v20230223_CO", "GIS_Src": "Colorado Parks & Wildlife GIS - CPWParcels", "Src_Date": "2023/02/23", "GIS_Acres": 37, "Source_PAID": "", "WDPA_Cd": 0, "Pub_Access": "OA", "Access_Src": "COMaP", "Access_Dt": "2023", "GAP_Sts": "4", "GAPCdSrc": "GAP - Default", "GAPCdDt": "2024", "IUCN_Cat": "Unassigned", "IUCNCtSrc": "GAP - Default", "IUCNCtDt": "2024", "Date_Est": "", "Comments": "", "Term": null, "Duration": null, "d_FeatClass": "Fee", "d_Category": "Other", "d_Own_Type": "State", "d_Own_Name": "State Land Board", "d_Mang_Type": "State", "d_Mang_Name": "State Fish and Wildlife", "d_Des_Tp": "State Park", "d_State_Nm": "Colorado", "d_Pub_Access": "Open Access", "d_GAP_Sts": "4 - no known mandate for biodiversity protection", "d_IUCN_Cat": "Unassigned", "Shape_Length": 3784.2982071285824, "Shape_Area": 147860.61949442068, "cpwParkName": "Arkansas Headwaters Recreation Area", "source": "USGS PAD-US" }, "geometry": { "type": "Polygon", "coordinates": [ [ [ -105.291144194699996, 38.438489879599999 ], [ -105.282993681199997, 38.43415892489999 ], [ -105.273515957899988, 38.432643437099991 ], [ -105.273224050899984, 38.431858806400001 ], [ -105.283800207699997, 38.433420168799998 ], [ -105.286133212600006, 38.435793018299989 ], [ -105.290065155399986, 38.436541617 ], [ -105.291144194699996, 38.438489879599999 ] ] ] } },
{ "type": "Feature", "properties": { "FeatClass": "Easement", "Category": "Easement", "Own_Type": "PVT", "Own_Name": "PVT", "Loc_Own": "PVT", "Mang_Type": "STAT", "Mang_Name": "SPR", "Loc_Mang": "Colorado Department of Natural Resources, Parks and Wildlife", "Des_Tp": "UNKE", "Loc_Ds": "UNK", "Unit_Nm": "Arkansas Headwaters RA - Arkansas River Ranch", "Loc_Nm": "Arkansas Headwaters RA - Arkansas River Ranch", "State_Nm": "CO", "Agg_Src": "NCED_PADUS4_0Easement_NCED_for_PADUS_07282023", "GIS_Src": "Colorado Parks & Wildlife GIS - CPWParcels", "Src_Date": "2020/07/29", "GIS_Acres": 60, "Source_PAID": "1065889", "WDPA_Cd": 0, "Pub_Access": "OA", "Access_Src": "NCED", "Access_Dt": "2023", "GAP_Sts": "4", "GAPCdSrc": "NCED", "GAPCdDt": "2023", "IUCN_Cat": "Unassigned", "IUCNCtSrc": "GAP - Default", "IUCNCtDt": "2024", "Date_Est": "2015", "Comments": " ", "Term": 0, "Duration": "PERM", "d_FeatClass": "Easement", "d_Category": "Easement", "d_Own_Type": "Private", "d_Own_Name": "Private", "d_Mang_Type": "State", "d_Mang_Name": "State Park and Recreation", "d_Des_Tp": "Unknown Easement", "d_State_Nm": "Colorado", "d_Pub_Access": "Open Access", "d_GAP_Sts": "4 - no known mandate for biodiversity protection", "d_IUCN_Cat": "Unassigned", "Shape_Length": 4846.7145534659221, "Shape_Area": 242334.32056462343, "cpwParkName": "Arkansas Headwaters Recreation Area", "source": "USGS PAD-US" }, "geometry": { "type": "Polygon", "coordinates": [ [ [ -106.314731745499984, 39.160484484099996 ], [ -106.314695114499983, 39.146582289699985 ], [ -106.312369988899988, 39.146592352099994 ], [ -106.312883160799998, 39.144326175499991 ], [ -106.315264860199989, 39.144322402399993 ], [ -106.315679534799997, 39.15447623859999 ], [ -106.318166614899994, 39.155454139699998 ], [ -106.316245957299984, 39.157657701699996 ], [ -106.317909419399996, 39.160479376600001 ], [ -106.314731745499984, 39.160484484099996 ] ] ] } },
{ "type": "Feature", "properties": { "FeatClass": "Easement", "Category": "Easement", "Own_Type": "PVT", "Own_Name": "PVT", "Loc_Own": "PVT", "Mang_Type": "STAT", "Mang_Name": "SPR", "Loc_Mang": "Colorado Department of Natural Resources, Parks and Wildlife", "Des_Tp": "UNKE", "Loc_Ds": "UNK", "Unit_Nm": "Arkansas Headwaters RA - Arkansas River Ranch", "Loc_Nm": "Arkansas Headwaters RA - Arkansas River Ranch", "State_Nm": "CO", "Agg_Src": "NCED_PADUS4_0Easement_NCED_for_PADUS_07282023", "GIS_Src": "Colorado Parks & Wildlife GIS - CPWParcels", "Src_Date": "2020/07/29", "GIS_Acres": 41, "Source_PAID": "1065890", "WDPA_Cd": 0, "Pub_Access": "OA", "Access_Src": "NCED", "Access_Dt": "2023", "GAP_Sts": "4", "GAPCdSrc": "NCED", "GAPCdDt": "2023", "IUCN_Cat": "Unassigned", "IUCNCtSrc": "GAP - Default", "IUCNCtDt": "2024", "Date_Est": "2015", "Comments": " ", "Term": 0, "Duration": "PERM", "d_FeatClass": "Easement", "d_Category": "Easement", "d_Own_Type": "Private", "d_Own_Name": "Private", "d_Mang_Type": "State", "d_Mang_Name": "State Park and Recreation", "d_Des_Tp": "Unknown Easement", "d_State_Nm": "Colorado", "d_Pub_Access": "Open Access", "d_GAP_Sts": "4 - no known mandate for biodiversity protection", "d_IUCN_Cat": "Unassigned", "Shape_Length": 2605.9879650036428, "Shape_Area": 165531.07592842844, "cpwParkName": "Arkansas Headwaters Recreation Area", "source": "USGS PAD-US" }, "geometry": { "type": "Polygon", "coordinates": [ [ [ -106.310832094299997, 39.142735234199996 ], [ -106.31004775129999, 39.135850180799991 ], [ -106.308780059499981, 39.135846512100002 ], [ -106.310065460199979, 39.132836842800003 ], [ -106.312945053299998, 39.140864979600003 ], [ -106.31229545799998, 39.1427255097 ], [ -106.310832094299997, 39.142735234199996 ] ] ] } },
{ "type": "Feature", "properties": { "FeatClass": "Easement", "Category": "Easement", "Own_Type": "PVT", "Own_Name": "PVT", "Loc_Own": "PVT", "Mang_Type": "STAT", "Mang_Name": "SPR", "Loc_Mang": "Colorado State Parks", "Des_Tp": "RANE", "Loc_Ds": "RAN", "Unit_Nm": "Arkansas Headwaters State Park/Colorado Wetlands Initiative Legacy", "Loc_Nm": "Arkansas Headwaters State Park/Colorado Wetlands Initiative Legacy", "State_Nm": "CO", "Agg_Src": "NCED_PADUS4_0Easement_NCED_for_PADUS_07282023", "GIS_Src": "Colorado Division of Wildlife", "Src_Date": "2010/08/09", "GIS_Acres": 149, "Source_PAID": "23354", "WDPA_Cd": 0, "Pub_Access": "OA", "Access_Src": "NCED", "Access_Dt": "2023", "GAP_Sts": "4", "GAPCdSrc": "NCED", "GAPCdDt": "2023", "IUCN_Cat": "Unassigned", "IUCNCtSrc": "GAP - Default", "IUCNCtDt": "2024", "Date_Est": "2000", "Comments": "", "Term": 0, "Duration": "PERM", "d_FeatClass": "Easement", "d_Category": "Easement", "d_Own_Type": "Private", "d_Own_Name": "Private", "d_Mang_Type": "State", "d_Mang_Name": "State Park and Recreation", "d_Des_Tp": "Ranch Easement", "d_State_Nm": "Colorado", "d_Pub_Access": "Open Access", "d_GAP_Sts": "4 - no known mandate for biodiversity protection", "d_IUCN_Cat": "Unassigned", "Shape_Length": 3872.0343128543836, "Shape_Area": 602261.00216453767, "cpwParkName": "Arkansas Headwaters Recreation Area", "source": "USGS PAD-US" }, "geometry": { "type": "Polygon", "coordinates": [ [ [ -106.312432686400001, 39.138788811299996 ], [ -106.310133109599988, 39.130000366300003 ], [ -106.312181726, 39.12870850089999 ], [ -106.316904645700006, 39.135758152900003 ], [ -106.316904455900001, 39.142647705799995 ], [ -106.312299308199997, 39.142714014399999 ], [ -106.312432686400001, 39.138788811299996 ] ] ] } },
{ "type": "Feature", "properties": { "FeatClass": "Easement", "Category": "Easement", "Own_Type": "PVT", "Own_Name": "PVT", "Loc_Own": "Private", "Mang_Type": "STAT", "Mang_Name": "SFW", "Loc_Mang": "Colorado Parks & Wildlife", "Des_Tp": "RECE", "Loc_Ds": "State Parks", "Unit_Nm": "Arkansas Headwaters Recreation Area - Arkansas River Ranch", "Loc_Nm": "Arkansas Headwaters RA - Arkansas River Ranch", "State_Nm": "CO", "Agg_Src": "CNHP_PADUS4_0Easement_COMaP_Public_v20230223_CO", "GIS_Src": "Colorado Parks & Wildlife GIS - CPWParcels", "Src_Date": "2015/08/04", "GIS_Acres": 60, "Source_PAID": "", "WDPA_Cd": 0, "Pub_Access": "OA", "Access_Src": "COMaP", "Access_Dt": "2023", "GAP_Sts": "4", "GAPCdSrc": "GAP - Default", "GAPCdDt": "2024", "IUCN_Cat": "Unassigned", "IUCNCtSrc": "GAP - Default", "IUCNCtDt": "2024", "Date_Est": "1999", "Comments": "", "Term": null, "Duration": null, "d_FeatClass": "Easement", "d_Category": "Easement", "d_Own_Type": "Private", "d_Own_Name": "Private", "d_Mang_Type": "State", "d_Mang_Name": "State Fish and Wildlife", "d_Des_Tp": "Recreation or Education Easement", "d_State_Nm": "Colorado", "d_Pub_Access": "Open Access", "d_GAP_Sts": "4 - no known mandate for biodiversity protection", "d_IUCN_Cat": "Unassigned", "Shape_Length": 4846.7159105690889, "Shape_Area": 242334.37473555066, "cpwParkName": "Arkansas Headwaters Recreation Area", "source": "USGS PAD-US" }, "geometry": { "type": "Polygon", "coordinates": [ [ [ -106.314742089399999, 39.160490732299998 ], [ -106.314705457399995, 39.146588536 ], [ -106.312380330400003, 39.146598598699988 ], [ -106.312893503200002, 39.144332422 ], [ -106.315275202799981, 39.144328648699997 ], [ -106.315689878, 39.154482486699997 ], [ -106.318176959599981, 39.155460387499986 ], [ -106.31625630089998, 39.157663949799996 ], [ -106.31791976469998, 39.160485624399996 ], [ -106.314742089399999, 39.160490732299998 ] ] ] } },
{ "type": "Feature", "properties": { "FeatClass": "Easement", "Category": "Easement", "Own_Type": "PVT", "Own_Name": "PVT", "Loc_Own": "Private", "Mang_Type": "STAT", "Mang_Name": "SFW", "Loc_Mang": "Colorado Parks & Wildlife", "Des_Tp": "RECE", "Loc_Ds": "State Parks", "Unit_Nm": "Arkansas Headwaters Recreation Area - Arkansas River Ranch", "Loc_Nm": "Arkansas Headwaters RA - Arkansas River Ranch", "State_Nm": "CO", "Agg_Src": "CNHP_PADUS4_0Easement_COMaP_Public_v20230223_CO", "GIS_Src": "Colorado Parks & Wildlife GIS - CPWParcels", "Src_Date": "2015/08/04", "GIS_Acres": 41, "Source_PAID": "", "WDPA_Cd": 0, "Pub_Access": "OA", "Access_Src": "COMaP", "Access_Dt": "2023", "GAP_Sts": "4", "GAPCdSrc": "GAP - Default", "GAPCdDt": "2024", "IUCN_Cat": "Unassigned", "IUCNCtSrc": "GAP - Default", "IUCNCtDt": "2024", "Date_Est": "2001", "Comments": "", "Term": null, "Duration": null, "d_FeatClass": "Easement", "d_Category": "Easement", "d_Own_Type": "Private", "d_Own_Name": "Private", "d_Mang_Type": "State", "d_Mang_Name": "State Fish and Wildlife", "d_Des_Tp": "Recreation or Education Easement", "d_State_Nm": "Colorado", "d_Pub_Access": "Open Access", "d_GAP_Sts": "4 - no known mandate for biodiversity protection", "d_IUCN_Cat": "Unassigned", "Shape_Length": 2605.9885657803479, "Shape_Area": 165531.12942958309, "cpwParkName": "Arkansas Headwaters Recreation Area", "source": "USGS PAD-US" }, "geometry": { "type": "Polygon", "coordinates": [ [ [ -106.3108424351, 39.142741480899993 ], [ -106.31005809189999, 39.135856425699998 ], [ -106.308790398900001, 39.135852757199999 ], [ -106.310075800500002, 39.132843087699989 ], [ -106.312955395100005, 39.140871225199987 ], [ -106.312305798899999, 39.142731756299995 ], [ -106.3108424351, 39.142741480899993 ] ] ] } },
{ "type": "Feature", "properties": { "FeatClass": "Easement", "Category": "Easement", "Own_Type": "PVT", "Own_Name": "PVT", "Loc_Own": "Private", "Mang_Type": "STAT", "Mang_Name": "SFW", "Loc_Mang": "Colorado Parks & Wildlife", "Des_Tp": "RECE", "Loc_Ds": "State Parks", "Unit_Nm": "Arkansas Headwaters Recreation Area - Arkansas River Ranch", "Loc_Nm": "Arkansas Headwaters RA - Arkansas River Ranch", "State_Nm": "CO", "Agg_Src": "CNHP_PADUS4_0Easement_COMaP_Public_v20230223_CO", "GIS_Src": "Colorado Parks & Wildlife GIS - CPWParcels", "Src_Date": "2015/08/04", "GIS_Acres": 146, "Source_PAID": "", "WDPA_Cd": 0, "Pub_Access": "XA", "Access_Src": "GAP - Default", "Access_Dt": "2024", "GAP_Sts": "4", "GAPCdSrc": "GAP - Default", "GAPCdDt": "2024", "IUCN_Cat": "Unassigned", "IUCNCtSrc": "GAP - Default", "IUCNCtDt": "2024", "Date_Est": "", "Comments": "", "Term": null, "Duration": null, "d_FeatClass": "Easement", "d_Category": "Easement", "d_Own_Type": "Private", "d_Own_Name": "Private", "d_Mang_Type": "State", "d_Mang_Name": "State Fish and Wildlife", "d_Des_Tp": "Recreation or Education Easement", "d_State_Nm": "Colorado", "d_Pub_Access": "Closed", "d_GAP_Sts": "4 - no known mandate for biodiversity protection", "d_IUCN_Cat": "Unassigned", "Shape_Length": 4107.2689396543119, "Shape_Area": 589942.9727241603, "cpwParkName": "Arkansas Headwaters Recreation Area", "source": "USGS PAD-US" }, "geometry": { "type": "Polygon", "coordinates": [ [ [ -106.3125015225, 39.142724689599987 ], [ -106.313119090599997, 39.140791674200003 ], [ -106.30969207539998, 39.130169892699996 ], [ -106.311552600399992, 39.130001318200001 ], [ -106.311642929099989, 39.1285915084 ], [ -106.313676946100003, 39.129356235299994 ], [ -106.316992073999984, 39.13559891309999 ], [ -106.317234319799994, 39.142693090099996 ], [ -106.3125015225, 39.142724689599987 ] ] ] } },
{ "type": "Feature", "properties": { "FeatClass": "Fee", "Category": "Fee", "Own_Type": "JNT", "Own_Name": "JNT", "Loc_Own": "Colorado State Parks/The Conservation Fund/Private/Farmers Res and Irrig Co.", "Mang_Type": "STAT", "Mang_Name": "SPR", "Loc_Mang": "Colorado State Parks", "Des_Tp": "SP", "Loc_Ds": "State Parks", "Unit_Nm": "Barr Lake", "Loc_Nm": "Barr Lake State Park", "State_Nm": "CO", "Agg_Src": "CNHP_PADUS1_3_COMaP_v9_public_mmf_gdb_CO", "GIS_Src": "Colorado State Parks - col_bou_stpark_44_polys.shp", "Src_Date": "2005/04/15", "GIS_Acres": 2682, "Source_PAID": "COMaP_9912", "WDPA_Cd": 0, "Pub_Access": "OA", "Access_Src": "CNHP COMaP", "Access_Dt": "2016", "GAP_Sts": "4", "GAPCdSrc": "GAP - Default", "GAPCdDt": "2024", "IUCN_Cat": "Unassigned", "IUCNCtSrc": "GAP - Default", "IUCNCtDt": "2024", "Date_Est": "", "Comments": "", "Term": null, "Duration": null, "d_FeatClass": "Fee", "d_Category": "Fee", "d_Own_Type": "Joint", "d_Own_Name": "Joint", "d_Mang_Type": "State", "d_Mang_Name": "State Park and Recreation", "d_Des_Tp": "State Park", "d_State_Nm": "Colorado", "d_Pub_Access": "Open Access", "d_GAP_Sts": "4 - no known mandate for biodiversity protection", "d_IUCN_Cat": "Unassigned", "Shape_Length": 19231.515645215892, "Shape_Area": 10854346.584741414, "cpwParkName": "Barr Lake State Park", "source": "USGS PAD-US" }, "geometry": { "type": "Polygon", "coordinates": [ [ [ -104.752224155499988, 39.9681481346 ], [ -104.752286033099992, 39.957849229699995 ], [ -104.74283361640002, 39.957867831499996 ], [ -104.742853836899982, 39.951344133200003 ], [ -104.740967487, 39.950496091499993 ], [ -104.73343679029999, 39.952706762199995 ], [ -104.7343713777, 39.951760085599993 ], [ -104.733431485599979, 39.951754793099987 ], [ -104.733453148099983, 39.947909791899995 ], [ -104.735020205199987, 39.94791554439999 ], [ -104.735034884300006, 39.945167330899984 ], [ -104.733467889400004, 39.945161567699998 ], [ -104.733443148299997, 39.943344472199996 ], [ -104.742884457700001, 39.943338270300004 ], [ -104.742882098099983, 39.932446455199994 ], [ -104.752337754899983, 39.932449723199994 ], [ -104.752347488999987, 39.928823928499988 ], [ -104.754147784899999, 39.928825708300003 ], [ -104.754154248500001, 39.932757223899998 ], [ -104.756606509999983, 39.931653833099993 ], [ -104.759273965399984, 39.932715022500005 ], [ -104.760462998700021, 39.930296577500002 ], [ -104.75914502549999, 39.930290803599995 ], [ -104.759150765800001, 39.928828014099992 ], [ -104.771198534699991, 39.928829304399997 ], [ -104.771214180299992, 39.925206309899991 ], [ -104.782185356699998, 39.925616159699999 ], [ -104.785904990299997, 39.929898295500003 ], [ -104.784461757199992, 39.934391624499995 ], [ -104.785600751100006, 39.93872659409999 ], [ -104.781937804600005, 39.941893789699996 ], [ -104.779575015199995, 39.941910210199993 ], [ -104.779923712599981, 39.940960605400001 ], [ -104.774018656500004, 39.94242827339999 ], [ -104.773158557, 39.945640691799994 ], [ -104.775116680599993, 39.946603266899992 ], [ -104.775438542100005, 39.948401250499991 ], [ -104.759695329799982, 39.963185859899994 ], [ -104.752224155499988, 39.9681481346 ] ] ] } },
{ "type": "Feature", "properties": { "FeatClass": "Fee", "Category": "Fee", "Own_Type": "STAT", "Own_Name": "SFW", "Loc_Own": "Colorado Parks & Wildlife", "Mang_Type": "STAT", "Mang_Name": "SFW", "Loc_Mang": "Colorado Parks & Wildlife", "Des_Tp": "SP", "Loc_Ds": "State Parks", "Unit_Nm": "Barr Lake State Park", "Loc_Nm": "Barr Lake State Park", "State_Nm": "CO", "Agg_Src": "CNHP_PADUS4_0Easement_COMaP_Public_v20230223_CO", "GIS_Src": "Colorado Parks & Wildlife GIS - CPWParcels", "Src_Date": "2015/08/04", "GIS_Acres": 144, "Source_PAID": "", "WDPA_Cd": 0, "Pub_Access": "OA", "Access_Src": "CNHP COMaP", "Access_Dt": "2016", "GAP_Sts": "4", "GAPCdSrc": "GAP - Default", "GAPCdDt": "2024", "IUCN_Cat": "Unassigned", "IUCNCtSrc": "GAP - Default", "IUCNCtDt": "2024", "Date_Est": "2000", "Comments": "Funding Partners: GOCO, Colorado State Parks, TCF.", "Term": null, "Duration": null, "d_FeatClass": "Fee", "d_Category": "Fee", "d_Own_Type": "State", "d_Own_Name": "State Fish and Wildlife", "d_Mang_Type": "State", "d_Mang_Name": "State Fish and Wildlife", "d_Des_Tp": "State Park", "d_State_Nm": "Colorado", "d_Pub_Access": "Open Access", "d_GAP_Sts": "4 - no known mandate for biodiversity protection", "d_IUCN_Cat": "Unassigned", "Shape_Length": 3046.3567953584579, "Shape_Area": 581397.02761672495, "cpwParkName": "Barr Lake State Park", "source": "USGS PAD-US" }, "geometry": { "type": "Polygon", "coordinates": [ [ [ -104.733542282800016, 39.95269739119999 ], [ -104.740835052599991, 39.950493324299991 ], [ -104.74284483789998, 39.951379930599991 ], [ -104.7428800502, 39.958001711999984 ], [ -104.73341792730001, 39.9580368413 ], [ -104.733542282800016, 39.95269739119999 ] ] ] } },
{ "type": "Feature", "properties": { "FeatClass": "Fee", "Category": "Fee", "Own_Type": "STAT", "Own_Name": "SFW", "Loc_Own": "Colorado Parks & Wildlife", "Mang_Type": "STAT", "Mang_Name": "SFW", "Loc_Mang": "Colorado Parks & Wildlife", "Des_Tp": "SP", "Loc_Ds": "State Parks", "Unit_Nm": "Barr Lake State Park", "Loc_Nm": "Barr Lake State Park", "State_Nm": "CO", "Agg_Src": "CNHP_PADUS4_0Easement_COMaP_Public_v20230223_CO", "GIS_Src": "Colorado Parks & Wildlife GIS - CPWParcels", "Src_Date": "2015/08/04", "GIS_Acres": 48, "Source_PAID": "", "WDPA_Cd": 0, "Pub_Access": "XA", "Access_Src": "CNHP COMaP", "Access_Dt": "2016", "GAP_Sts": "4", "GAPCdSrc": "GAP - Default", "GAPCdDt": "2024", "IUCN_Cat": "Unassigned", "IUCNCtSrc": "GAP - Default", "IUCNCtDt": "2024", "Date_Est": "1995", "Comments": "Funding Partners: GOCO, Colorado State Parks, TCF.", "Term": null, "Duration": null, "d_FeatClass": "Fee", "d_Category": "Fee", "d_Own_Type": "State", "d_Own_Name": "State Fish and Wildlife", "d_Mang_Type": "State", "d_Mang_Name": "State Fish and Wildlife", "d_Des_Tp": "State Park", "d_State_Nm": "Colorado", "d_Pub_Access": "Closed", "d_GAP_Sts": "4 - no known mandate for biodiversity protection", "d_IUCN_Cat": "Unassigned", "Shape_Length": 2592.0141289532439, "Shape_Area": 192614.04832594199, "cpwParkName": "Barr Lake State Park", "source": "USGS PAD-US" }, "geometry": { "type": "Polygon", "coordinates": [ [ [ -104.782320177900004, 39.926082119100002 ], [ -104.787935256699981, 39.92883873 ], [ -104.787944793600005, 39.93084144529999 ], [ -104.789869308799979, 39.93083763149999 ], [ -104.789516448900002, 39.933698653899995 ], [ -104.784721375199979, 39.932840347699987 ], [ -104.785764693699988, 39.930170059600002 ], [ -104.782320177900004, 39.926082119100002 ] ] ] } },
{ "type": "Feature", "properties": { "FeatClass": "Fee", "Category": "Fee", "Own_Type": "STAT", "Own_Name": "SFW", "Loc_Own": "Colorado Parks & Wildlife", "Mang_Type": "STAT", "Mang_Name": "SFW", "Loc_Mang": "Colorado Parks & Wildlife", "Des_Tp": "SP", "Loc_Ds": "State Parks", "Unit_Nm": "Barr Lake State Park", "Loc_Nm": "Barr Lake State Park", "State_Nm": "CO", "Agg_Src": "CNHP_PADUS4_0Easement_COMaP_Public_v20230223_CO", "GIS_Src": "Colorado Parks & Wildlife GIS - CPWParcels", "Src_Date": "2023/02/23", "GIS_Acres": 595, "Source_PAID": "", "WDPA_Cd": 0, "Pub_Access": "OA", "Access_Src": "COMaP", "Access_Dt": "2023", "GAP_Sts": "4", "GAPCdSrc": "GAP - Default", "GAPCdDt": "2024", "IUCN_Cat": "Unassigned", "IUCNCtSrc": "GAP - Default", "IUCNCtDt": "2024", "Date_Est": "", "Comments": "", "Term": null, "Duration": null, "d_FeatClass": "Fee", "d_Category": "Fee", "d_Own_Type": "State", "d_Own_Name": "State Fish and Wildlife", "d_Mang_Type": "State", "d_Mang_Name": "State Fish and Wildlife", "d_Des_Tp": "State Park", "d_State_Nm": "Colorado", "d_Pub_Access": "Open Access", "d_GAP_Sts": "4 - no known mandate for biodiversity protection", "d_IUCN_Cat": "Unassigned", "Shape_Length": 18607.754193000826, "Shape_Area": 2409486.2018665494, "cpwParkName": "Barr Lake State Park", "source": "USGS PAD-US" }, "geometry": { "type": "MultiPolygon", "coordinates": [ [ [ [ -104.771197253999986, 39.9288294666 ], [ -104.771216684400002, 39.925369996100002 ], [ -104.775770563600005, 39.925209965599997 ], [ -104.7757276265, 39.928977767099987 ], [ -104.771197253999986, 39.9288294666 ] ] ], [ [ [ -104.782365110400008, 39.926035977299996 ], [ -104.776065865, 39.925045242399996 ], [ -104.781944022800005, 39.925527584 ], [ -104.787935256699981, 39.92883873 ], [ -104.782365110400008, 39.926035977299996 ] ] ], [ [ [ -104.763154363500007, 39.930903324499994 ], [ -104.760411935900009, 39.931592960699994 ], [ -104.759148759799984, 39.928923029699988 ], [ -104.771196251, 39.928911667500003 ], [ -104.767887607999981, 39.931906233599996 ], [ -104.763154363500007, 39.930903324499994 ] ] ], [ [ [ -104.733431485599979, 39.951754793099987 ], [ -104.733453148099983, 39.947909791899995 ], [ -104.735020205199987, 39.94791554439999 ], [ -104.733478051099993, 39.943266703599996 ], [ -104.742723978499981, 39.943338802399985 ], [ -104.742884101200005, 39.93245016129999 ], [ -104.752336536799987, 39.93245003949999 ], [ -104.7523518852, 39.928832343 ], [ -104.754147789599983, 39.928831965699992 ], [ -104.754154248500001, 39.932757223899998 ], [ -104.751260749199986, 39.9353259341 ], [ -104.752309496299986, 39.939993949 ], [ -104.751346265600006, 39.941064744 ], [ -104.748142740999981, 39.940910080199991 ], [ -104.743792132099983, 39.942601257 ], [ -104.747603934599994, 39.947401407799994 ], [ -104.742347039099982, 39.947763255099993 ], [ -104.739121097399988, 39.951039191299998 ], [ -104.733431485599979, 39.951754793099987 ] ] ], [ [ [ -104.75233507039998, 39.962074011599995 ], [ -104.755211347199989, 39.959188955199991 ], [ -104.762030107399994, 39.961099928299994 ], [ -104.752224155499988, 39.9681481346 ], [ -104.75233507039998, 39.962074011599995 ] ] ] ] } },
{ "type": "Feature", "properties": { "FeatClass": "Fee", "Category": "Fee", "Own_Type": "STAT", "Own_Name": "SFW", "Loc_Own": "Colorado Parks & Wildlife", "Mang_Type": "STAT", "Mang_Name": "SFW", "Loc_Mang": "Colorado Parks & Wildlife", "Des_Tp": "SP", "Loc_Ds": "State Parks", "Unit_Nm": "Barr Lake State Park", "Loc_Nm": "Barr Lake State Park", "State_Nm": "CO", "Agg_Src": "CNHP_PADUS4_0Easement_COMaP_Public_v20230223_CO", "GIS_Src": "Colorado Parks & Wildlife GIS - CPWParcels", "Src_Date": "2023/02/23", "GIS_Acres": 80, "Source_PAID": "", "WDPA_Cd": 0, "Pub_Access": "XA", "Access_Src": "COMaP", "Access_Dt": "2023", "GAP_Sts": "4", "GAPCdSrc": "GAP - Default", "GAPCdDt": "2024", "IUCN_Cat": "Unassigned", "IUCNCtSrc": "GAP - Default", "IUCNCtDt": "2024", "Date_Est": "", "Comments": "", "Term": null, "Duration": null, "d_FeatClass": "Fee", "d_Category": "Fee", "d_Own_Type": "State", "d_Own_Name": "State Fish and Wildlife", "d_Mang_Type": "State", "d_Mang_Name": "State Fish and Wildlife", "d_Des_Tp": "State Park", "d_State_Nm": "Colorado", "d_Pub_Access": "Closed", "d_GAP_Sts": "4 - no known mandate for biodiversity protection", "d_IUCN_Cat": "Unassigned", "Shape_Length": 2410.5176101050565, "Shape_Area": 324302.28345339926, "cpwParkName": "Barr Lake State Park", "source": "USGS PAD-US" }, "geometry": { "type": "Polygon", "coordinates": [ [ [ -104.761802703599997, 39.917953482099996 ], [ -104.771245826300003, 39.917953843500001 ], [ -104.771229576099984, 39.921578989199993 ], [ -104.761792181100006, 39.921559932399994 ], [ -104.761802703599997, 39.917953482099996 ] ] ] } },
{ "type": "Feature", "properties": { "FeatClass": "Easement", "Category": "Easement", "Own_Type": "DIST", "Own_Name": "REG", "Loc_Own": "DIST", "Mang_Type": "STAT", "Mang_Name": "SPR", "Loc_Mang": "Colorado Department of Natural Resources, Parks and Wildlife", "Des_Tp": "UNKE", "Loc_Ds": "UNK", "Unit_Nm": "Barr Lake State Park", "Loc_Nm": "Barr Lake State Park", "State_Nm": "CO", "Agg_Src": "NCED_PADUS4_0Easement_NCED_for_PADUS_07282023", "GIS_Src": "Colorado Parks & Wildlife GIS - CPWParcels", "Src_Date": "2020/07/29", "GIS_Acres": 15, "Source_PAID": "1065892", "WDPA_Cd": 0, "Pub_Access": "XA", "Access_Src": "NCED", "Access_Dt": "2023", "GAP_Sts": "4", "GAPCdSrc": "NCED", "GAPCdDt": "2023", "IUCN_Cat": "Unassigned", "IUCNCtSrc": "GAP - Default", "IUCNCtDt": "2024", "Date_Est": "2015", "Comments": " ", "Term": 0, "Duration": "PERM", "d_FeatClass": "Easement", "d_Category": "Easement", "d_Own_Type": "Regional Agency Special District", "d_Own_Name": "Regional Agency Land", "d_Mang_Type": "State", "d_Mang_Name": "State Park and Recreation", "d_Des_Tp": "Unknown Easement", "d_State_Nm": "Colorado", "d_Pub_Access": "Closed", "d_GAP_Sts": "4 - no known mandate for biodiversity protection", "d_IUCN_Cat": "Unassigned", "Shape_Length": 1058.0798383051128, "Shape_Area": 59501.961050459642, "cpwParkName": "Barr Lake State Park", "source": "USGS PAD-US" }, "geometry": { "type": "Polygon", "coordinates": [ [ [ -104.763615450799989, 39.955341103800002 ], [ -104.766556247400004, 39.956410226 ], [ -104.764447270800005, 39.958581839600001 ], [ -104.763208872399986, 39.956115121499991 ], [ -104.763615450799989, 39.955341103800002 ] ] ] } },
{ "type": "Feature", "properties": { "FeatClass": "Easement", "Category": "Easement", "Own_Type": "DIST", "Own_Name": "REG", "Loc_Own": "DIST", "Mang_Type": "STAT", "Mang_Name": "SPR", "Loc_Mang": "Colorado Department of Natural Resources, Parks and Wildlife", "Des_Tp": "UNKE", "Loc_Ds": "UNK", "Unit_Nm": "Barr Lake State Park", "Loc_Nm": "Barr Lake State Park", "State_Nm": "CO", "Agg_Src": "NCED_PADUS4_0Easement_NCED_for_PADUS_07282023", "GIS_Src": "Colorado Parks & Wildlife GIS - CPWParcels", "Src_Date": "2020/07/29", "GIS_Acres": 1984, "Source_PAID": "1065893", "WDPA_Cd": 0, "Pub_Access": "OA", "Access_Src": "NCED", "Access_Dt": "2023", "GAP_Sts": "4", "GAPCdSrc": "NCED", "GAPCdDt": "2023", "IUCN_Cat": "Unassigned", "IUCNCtSrc": "GAP - Default", "IUCNCtDt": "2024", "Date_Est": "2015", "Comments": " ", "Term": 0, "Duration": "PERM", "d_FeatClass": "Easement", "d_Category": "Easement", "d_Own_Type": "Regional Agency Special District", "d_Own_Name": "Regional Agency Land", "d_Mang_Type": "State", "d_Mang_Name": "State Park and Recreation", "d_Des_Tp": "Unknown Easement", "d_State_Nm": "Colorado", "d_Pub_Access": "Open Access", "d_GAP_Sts": "4 - no known mandate for biodiversity protection", "d_IUCN_Cat": "Unassigned", "Shape_Length": 16379.288938379064, "Shape_Area": 8028106.3716180548, "cpwParkName": "Barr Lake State Park", "source": "USGS PAD-US" }, "geometry": { "type": "Polygon", "coordinates": [ [ [ -104.74286997279998, 39.957995245399999 ], [ -104.742834761599994, 39.951373464899994 ], [ -104.741030221699987, 39.950576018100001 ], [ -104.742616031599979, 39.948265621499992 ], [ -104.74824017509998, 39.94765831769999 ], [ -104.744454241, 39.942806402400002 ], [ -104.751924354300002, 39.941401879699995 ], [ -104.753060704399999, 39.939714154400001 ], [ -104.751964819799994, 39.935365179899996 ], [ -104.753478835999985, 39.933438679899993 ], [ -104.756550846699994, 39.932224694199995 ], [ -104.759479777500005, 39.933102257800002 ], [ -104.762906630499998, 39.93134275229999 ], [ -104.768024939299991, 39.932292171699991 ], [ -104.771471218799988, 39.929232289699996 ], [ -104.77606690959999, 39.929216586 ], [ -104.776063844299983, 39.92549514209999 ], [ -104.78207555729999, 39.926158382699995 ], [ -104.785754609799994, 39.930163600599997 ], [ -104.784451681899995, 39.934385171899997 ], [ -104.785590673599984, 39.938720129099998 ], [ -104.781927722399985, 39.941887326600003 ], [ -104.779564938299998, 39.941903749199987 ], [ -104.779913634600007, 39.940954144499997 ], [ -104.774008577700002, 39.94242180309999 ], [ -104.773148482400003, 39.945634229199996 ], [ -104.775106608200005, 39.94659680609999 ], [ -104.775428457099991, 39.948394786099996 ], [ -104.762020034299994, 39.961093457399997 ], [ -104.755201267300009, 39.959182489699998 ], [ -104.752324985499996, 39.962067554299999 ], [ -104.752310357300018, 39.957969877799989 ], [ -104.74286997279998, 39.957995245399999 ] ], [ [ -104.766556247400004, 39.956410226 ], [ -104.763404282300002, 39.95546681039999 ], [ -104.763821437399997, 39.958422894099996 ], [ -104.766556247400004, 39.956410226 ] ] ] } },
{ "type": "Feature", "properties": { "FeatClass": "Easement", "Category": "Easement", "Own_Type": "PVT", "Own_Name": "PVT", "Loc_Own": "PVT", "Mang_Type": "STAT", "Mang_Name": "SPR", "Loc_Mang": "Colorado Department of Natural Resources, Parks and Wildlife", "Des_Tp": "UNKE", "Loc_Ds": "UNK", "Unit_Nm": "Barr Lake State Park", "Loc_Nm": "Barr Lake State Park", "State_Nm": "CO", "Agg_Src": "NCED_PADUS4_0Easement_NCED_for_PADUS_07282023", "GIS_Src": "Colorado Parks & Wildlife GIS - CPWParcels", "Src_Date": "2020/07/29", "GIS_Acres": 92, "Source_PAID": "1065891", "WDPA_Cd": 0, "Pub_Access": "XA", "Access_Src": "NCED", "Access_Dt": "2023", "GAP_Sts": "4", "GAPCdSrc": "NCED", "GAPCdDt": "2023", "IUCN_Cat": "Unassigned", "IUCNCtSrc": "GAP - Default", "IUCNCtDt": "2024", "Date_Est": "2015", "Comments": " ", "Term": 0, "Duration": "PERM", "d_FeatClass": "Easement", "d_Category": "Easement", "d_Own_Type": "Private", "d_Own_Name": "Private", "d_Mang_Type": "State", "d_Mang_Name": "State Park and Recreation", "d_Des_Tp": "Unknown Easement", "d_State_Nm": "Colorado", "d_Pub_Access": "Closed", "d_GAP_Sts": "4 - no known mandate for biodiversity protection", "d_IUCN_Cat": "Unassigned", "Shape_Length": 14686.699783219858, "Shape_Area": 373675.85726834286, "cpwParkName": "Barr Lake State Park", "source": "USGS PAD-US" }, "geometry": { "type": "Polygon", "coordinates": [ [ [ -104.733428221200001, 39.952760527099997 ], [ -104.739111022700001, 39.951032725199994 ], [ -104.742336963400007, 39.947756790299991 ], [ -104.747593857300004, 39.947394943500001 ], [ -104.743782057099992, 39.942594793199994 ], [ -104.74813266469998, 39.940903616799993 ], [ -104.751336188999986, 39.941058280899995 ], [ -104.752345232600007, 39.939700032 ], [ -104.751324231500007, 39.934997355500009 ], [ -104.753450450299994, 39.932897776499992 ], [ -104.756596434200006, 39.931647369499991 ], [ -104.759263887, 39.932708561099993 ], [ -104.760021750999982, 39.931743220399994 ], [ -104.762645843499982, 39.930923723 ], [ -104.767877528900001, 39.931899772899996 ], [ -104.768728602, 39.930384294099994 ], [ -104.771294412200007, 39.928817131099997 ], [ -104.775717546, 39.928971307099999 ], [ -104.774961674299988, 39.926237810599986 ], [ -104.775760482400003, 39.92520350569999 ], [ -104.782381629299991, 39.926050429500002 ], [ -104.776063844299983, 39.92549514209999 ], [ -104.77606690959999, 39.929216586 ], [ -104.771471218799988, 39.929232289699996 ], [ -104.768024939299991, 39.932292171699991 ], [ -104.762906630499998, 39.93134275229999 ], [ -104.759479777500005, 39.933102257800002 ], [ -104.756550846699994, 39.932224694199995 ], [ -104.753740255799997, 39.933230540299995 ], [ -104.752012372899998, 39.935152646 ], [ -104.753060704399999, 39.939714154400001 ], [ -104.751863043599982, 39.9414653575 ], [ -104.744454241, 39.942806402400002 ], [ -104.748140085900005, 39.947762424799997 ], [ -104.742616031599979, 39.948265621499992 ], [ -104.741030221699987, 39.950576018100001 ], [ -104.733428221200001, 39.952760527099997 ] ] ] } },
{ "type": "Feature", "properties": { "FeatClass": "Easement", "Category": "Easement", "Own_Type": "DIST", "Own_Name": "RWD", "Loc_Own": "Farmers Reservoir & Irrigation Co", "Mang_Type": "STAT", "Mang_Name": "SFW", "Loc_Mang": "Colorado Parks & Wildlife", "Des_Tp": "RECE", "Loc_Ds": "State Parks", "Unit_Nm": "Barr Lake State Park", "Loc_Nm": "Barr Lake State Park", "State_Nm": "CO", "Agg_Src": "CNHP_PADUS4_0Easement_COMaP_Public_v20230223_CO", "GIS_Src": "Colorado Parks & Wildlife GIS - CPWParcels", "Src_Date": "2015/08/04", "GIS_Acres": 1984, "Source_PAID": "", "WDPA_Cd": 0, "Pub_Access": "OA", "Access_Src": "COMaP", "Access_Dt": "2023", "GAP_Sts": "4", "GAPCdSrc": "GAP - Default", "GAPCdDt": "2024", "IUCN_Cat": "Unassigned", "IUCNCtSrc": "GAP - Default", "IUCNCtDt": "2024", "Date_Est": "1975", "Comments": "", "Term": null, "Duration": null, "d_FeatClass": "Easement", "d_Category": "Easement", "d_Own_Type": "Regional Agency Special District", "d_Own_Name": "Regional Water Districts", "d_Mang_Type": "State", "d_Mang_Name": "State Fish and Wildlife", "d_Des_Tp": "Recreation or Education Easement", "d_State_Nm": "Colorado", "d_Pub_Access": "Open Access", "d_GAP_Sts": "4 - no known mandate for biodiversity protection", "d_IUCN_Cat": "Unassigned", "Shape_Length": 16379.291567811488, "Shape_Area": 8028108.6593816271, "cpwParkName": "Barr Lake State Park", "source": "USGS PAD-US" }, "geometry": { "type": "Polygon", "coordinates": [ [ [ -104.7428800502, 39.958001711999984 ], [ -104.74284483789998, 39.951379930599991 ], [ -104.741040296399987, 39.950582483199994 ], [ -104.742626107399985, 39.948272086299994 ], [ -104.748250252499986, 39.947664782 ], [ -104.744464316099979, 39.942812866199993 ], [ -104.751934431, 39.941408342799988 ], [ -104.753070780899989, 39.939720617399999 ], [ -104.751974895699988, 39.935371643 ], [ -104.753488911600002, 39.933445141999989 ], [ -104.756560923600006, 39.932231155899984 ], [ -104.75948985479998, 39.933108719299995 ], [ -104.762916709099983, 39.93134921339999 ], [ -104.768035018399999, 39.932298632400006 ], [ -104.771481298999987, 39.929238750099984 ], [ -104.776076990199996, 39.929223045999983 ], [ -104.776073924299979, 39.925501601199983 ], [ -104.782085640399984, 39.926164841999984 ], [ -104.785764693699988, 39.930170059600002 ], [ -104.784461765200007, 39.934391632 ], [ -104.785600758899989, 39.93872659 ], [ -104.7819378067, 39.941893787799998 ], [ -104.779575021200003, 39.941910210699994 ], [ -104.779923717399981, 39.940960605900003 ], [ -104.774018660199999, 39.942428265099998 ], [ -104.773158563999985, 39.945640691299992 ], [ -104.775116691500003, 39.946603268799997 ], [ -104.775438540699994, 39.948401248799996 ], [ -104.762030116299982, 39.961099923199995 ], [ -104.755211347199989, 39.959188955199991 ], [ -104.752335064299999, 39.96207402009999 ], [ -104.752320436700003, 39.957976343499993 ], [ -104.7428800502, 39.958001711999984 ] ], [ [ -104.766566330200007, 39.956416690499992 ], [ -104.763414363600006, 39.955473275199999 ], [ -104.763831519099995, 39.958429358899991 ], [ -104.766566330200007, 39.956416690499992 ] ] ] } },
{ "type": "Feature", "properties": { "FeatClass": "Easement", "Category": "Easement", "Own_Type": "DIST", "Own_Name": "RWD", "Loc_Own": "Farmers Reservoir & Irrigation Co", "Mang_Type": "STAT", "Mang_Name": "SFW", "Loc_Mang": "Colorado Parks & Wildlife", "Des_Tp": "RECE", "Loc_Ds": "State Parks", "Unit_Nm": "Barr Lake State Park", "Loc_Nm": "Barr Lake State Park", "State_Nm": "CO", "Agg_Src": "CNHP_PADUS4_0Easement_COMaP_Public_v20230223_CO", "GIS_Src": "Colorado Parks & Wildlife GIS - CPWParcels", "Src_Date": "2015/08/04", "GIS_Acres": 15, "Source_PAID": "", "WDPA_Cd": 0, "Pub_Access": "XA", "Access_Src": "COMaP", "Access_Dt": "2023", "GAP_Sts": "4", "GAPCdSrc": "GAP - Default", "GAPCdDt": "2024", "IUCN_Cat": "Unassigned", "IUCNCtSrc": "GAP - Default", "IUCNCtDt": "2024", "Date_Est": "1975", "Comments": "", "Term": null, "Duration": null, "d_FeatClass": "Easement", "d_Category": "Easement", "d_Own_Type": "Regional Agency Special District", "d_Own_Name": "Regional Water Districts", "d_Mang_Type": "State", "d_Mang_Name": "State Fish and Wildlife", "d_Des_Tp": "Recreation or Education Easement", "d_State_Nm": "Colorado", "d_Pub_Access": "Closed", "d_GAP_Sts": "4 - no known mandate for biodiversity protection", "d_IUCN_Cat": "Unassigned", "Shape_Length": 1058.0800277608992, "Shape_Area": 59501.988064683639, "cpwParkName": "Barr Lake State Park", "source": "USGS PAD-US" }, "geometry": { "type": "Polygon", "coordinates": [ [ [ -104.763625531900004, 39.955347567699995 ], [ -104.766566330200007, 39.956416690499992 ], [ -104.764457352600004, 39.958588304299994 ], [ -104.76321895369999, 39.9561215863 ], [ -104.763625531900004, 39.955347567699995 ] ] ] } },
{ "type": "Feature", "properties": { "FeatClass": "Easement", "Category": "Easement", "Own_Type": "PVT", "Own_Name": "PVT", "Loc_Own": "Private", "Mang_Type": "STAT", "Mang_Name": "SFW", "Loc_Mang": "Colorado Parks & Wildlife", "Des_Tp": "RECE", "Loc_Ds": "State Parks", "Unit_Nm": "Barr Lake State Park", "Loc_Nm": "Barr Lake State Park", "State_Nm": "CO", "Agg_Src": "CNHP_PADUS4_0Easement_COMaP_Public_v20230223_CO", "GIS_Src": "Colorado Parks & Wildlife GIS - CPWParcels", "Src_Date": "2015/08/04", "GIS_Acres": 4, "Source_PAID": "", "WDPA_Cd": 0, "Pub_Access": "XA", "Access_Src": "COMaP", "Access_Dt": "2023", "GAP_Sts": "4", "GAPCdSrc": "GAP - Default", "GAPCdDt": "2024", "IUCN_Cat": "Unassigned", "IUCNCtSrc": "GAP - Default", "IUCNCtDt": "2024", "Date_Est": "1980", "Comments": "", "Term": null, "Duration": null, "d_FeatClass": "Easement", "d_Category": "Easement", "d_Own_Type": "Private", "d_Own_Name": "Private", "d_Mang_Type": "State", "d_Mang_Name": "State Fish and Wildlife", "d_Des_Tp": "Recreation or Education Easement", "d_State_Nm": "Colorado", "d_Pub_Access": "Closed", "d_GAP_Sts": "4 - no known mandate for biodiversity protection", "d_IUCN_Cat": "Unassigned", "Shape_Length": 1070.489912818887, "Shape_Area": 15166.364417490406, "cpwParkName": "Barr Lake State Park", "source": "USGS PAD-US" }, "geometry": { "type": "Polygon", "coordinates": [ [ [ -104.783607003900002, 39.921640486699992 ], [ -104.783428353299996, 39.925202903599988 ], [ -104.782605159499994, 39.925981603199993 ], [ -104.783085527699981, 39.925114093399991 ], [ -104.783607003900002, 39.921640486699992 ] ] ] } },
{ "type": "Feature", "properties": { "FeatClass": "Easement", "Category": "Easement", "Own_Type": "PVT", "Own_Name": "PVT", "Loc_Own": "Private", "Mang_Type": "STAT", "Mang_Name": "SFW", "Loc_Mang": "Colorado Parks & Wildlife", "Des_Tp": "RECE", "Loc_Ds": "State Parks", "Unit_Nm": "Barr Lake State Park", "Loc_Nm": "Barr Lake State Park", "State_Nm": "CO", "Agg_Src": "CNHP_PADUS4_0Easement_COMaP_Public_v20230223_CO", "GIS_Src": "Colorado Parks & Wildlife GIS - CPWParcels", "Src_Date": "2015/08/04", "GIS_Acres": 92, "Source_PAID": "", "WDPA_Cd": 0, "Pub_Access": "XA", "Access_Src": "COMaP", "Access_Dt": "2023", "GAP_Sts": "4", "GAPCdSrc": "GAP - Default", "GAPCdDt": "2024", "IUCN_Cat": "Unassigned", "IUCNCtSrc": "GAP - Default", "IUCNCtDt": "2024", "Date_Est": "1980", "Comments": "", "Term": null, "Duration": null, "d_FeatClass": "Easement", "d_Category": "Easement", "d_Own_Type": "Private", "d_Own_Name": "Private", "d_Mang_Type": "State", "d_Mang_Name": "State Fish and Wildlife", "d_Des_Tp": "Recreation or Education Easement", "d_State_Nm": "Colorado", "d_Pub_Access": "Closed", "d_GAP_Sts": "4 - no known mandate for biodiversity protection", "d_IUCN_Cat": "Unassigned", "Shape_Length": 14686.701685109709, "Shape_Area": 373675.94791598577, "cpwParkName": "Barr Lake State Park", "source": "USGS PAD-US" }, "geometry": { "type": "Polygon", "coordinates": [ [ [ -104.733438295699997, 39.952766993699989 ], [ -104.739121097399988, 39.951039191299998 ], [ -104.742347039099982, 39.947763255099993 ], [ -104.747603934599994, 39.947401407799994 ], [ -104.743792132099983, 39.942601257 ], [ -104.748142740999981, 39.940910080199991 ], [ -104.751346265600006, 39.941064744 ], [ -104.752355309099997, 39.939706495 ], [ -104.751334308300002, 39.935003817599998 ], [ -104.753460527100003, 39.932904238500001 ], [ -104.756606511, 39.931653831299997 ], [ -104.759273964199991, 39.932715022599993 ], [ -104.760031829400006, 39.931749681799992 ], [ -104.762655921900006, 39.930930184199994 ], [ -104.767887607999981, 39.931906233599996 ], [ -104.768738682099979, 39.930390754699999 ], [ -104.77130449229999, 39.92882359139999 ], [ -104.7757276265, 39.928977767099987 ], [ -104.774971754299983, 39.926244270700003 ], [ -104.775770563600005, 39.925209965599997 ], [ -104.78239171120002, 39.926056888899993 ], [ -104.776073924299979, 39.925501601199983 ], [ -104.776076990199996, 39.929223045999983 ], [ -104.771481298999987, 39.929238750099984 ], [ -104.768035018399999, 39.932298632400006 ], [ -104.762916709099983, 39.93134921339999 ], [ -104.75948985479998, 39.933108719299995 ], [ -104.756560923600006, 39.932231155899984 ], [ -104.753750332599992, 39.933237002299997 ], [ -104.752022448699989, 39.93515910819999 ], [ -104.753070780899989, 39.939720617399999 ], [ -104.751873120499994, 39.941471821399993 ], [ -104.744464316099979, 39.942812866199993 ], [ -104.748150162100004, 39.947768889199999 ], [ -104.742626107399985, 39.948272086299994 ], [ -104.741040296399987, 39.950582483199994 ], [ -104.733438295699997, 39.952766993699989 ] ] ] } },
{ "type": "Feature", "properties": { "FeatClass": "Easement", "Category": "Easement", "Own_Type": "PVT", "Own_Name": "PVT", "Loc_Own": "Private", "Mang_Type": "STAT", "Mang_Name": "SFW", "Loc_Mang": "Colorado Parks & Wildlife", "Des_Tp": "RECE", "Loc_Ds": "State Parks", "Unit_Nm": "Barr Lake State Park", "Loc_Nm": "Barr Lake State Park", "State_Nm": "CO", "Agg_Src": "CNHP_PADUS4_0Easement_COMaP_Public_v20230223_CO", "GIS_Src": "Colorado Parks & Wildlife GIS - CPWParcelUpdate_2019+Control", "Src_Date": "2019/08/22", "GIS_Acres": 3, "Source_PAID": "", "WDPA_Cd": 0, "Pub_Access": "XA", "Access_Src": "COMaP", "Access_Dt": "2023", "GAP_Sts": "4", "GAPCdSrc": "GAP - Default", "GAPCdDt": "2024", "IUCN_Cat": "Unassigned", "IUCNCtSrc": "GAP - Default", "IUCNCtDt": "2024", "Date_Est": "1977", "Comments": "", "Term": null, "Duration": null, "d_FeatClass": "Easement", "d_Category": "Easement", "d_Own_Type": "Private", "d_Own_Name": "Private", "d_Mang_Type": "State", "d_Mang_Name": "State Fish and Wildlife", "d_Des_Tp": "Recreation or Education Easement", "d_State_Nm": "Colorado", "d_Pub_Access": "Closed", "d_GAP_Sts": "4 - no known mandate for biodiversity protection", "d_IUCN_Cat": "Unassigned", "Shape_Length": 733.58870438684119, "Shape_Area": 13066.014139583012, "cpwParkName": "Barr Lake State Park", "source": "USGS PAD-US" }, "geometry": { "type": "Polygon", "coordinates": [ [ [ -104.759148759799984, 39.928923029699988 ], [ -104.759145024399999, 39.93029080449999 ], [ -104.760431578799995, 39.93109423029999 ], [ -104.759009419899982, 39.931124921399991 ], [ -104.759148759799984, 39.928923029699988 ] ] ] } },
{ "type": "Feature", "properties": { "FeatClass": "Easement", "Category": "Easement", "Own_Type": "PVT", "Own_Name": "PVT", "Loc_Own": "Private", "Mang_Type": "STAT", "Mang_Name": "SFW", "Loc_Mang": "Colorado Parks & Wildlife", "Des_Tp": "RECE", "Loc_Ds": "State Parks", "Unit_Nm": "Barr Lake State Park", "Loc_Nm": "Barr Lake State Park", "State_Nm": "CO", "Agg_Src": "CNHP_PADUS4_0Easement_COMaP_Public_v20230223_CO", "GIS_Src": "Colorado Parks & Wildlife GIS - CPWParcelUpdate_2019+Control", "Src_Date": "2019/08/22", "GIS_Acres": 8, "Source_PAID": "", "WDPA_Cd": 0, "Pub_Access": "XA", "Access_Src": "COMaP", "Access_Dt": "2023", "GAP_Sts": "4", "GAPCdSrc": "GAP - Default", "GAPCdDt": "2024", "IUCN_Cat": "Unassigned", "IUCNCtSrc": "GAP - Default", "IUCNCtDt": "2024", "Date_Est": "1995", "Comments": "", "Term": null, "Duration": null, "d_FeatClass": "Easement", "d_Category": "Easement", "d_Own_Type": "Private", "d_Own_Name": "Private", "d_Mang_Type": "State", "d_Mang_Name": "State Fish and Wildlife", "d_Des_Tp": "Recreation or Education Easement", "d_State_Nm": "Colorado", "d_Pub_Access": "Closed", "d_GAP_Sts": "4 - no known mandate for biodiversity protection", "d_IUCN_Cat": "Unassigned", "Shape_Length": 736.61086571588964, "Shape_Area": 33354.961286182093, "cpwParkName": "Barr Lake State Park", "source": "USGS PAD-US" }, "geometry": { "type": "Polygon", "coordinates": [ [ [ -104.787944793600005, 39.93084144529999 ], [ -104.787931448500004, 39.928987258699998 ], [ -104.789803850099986, 39.92899070259999 ], [ -104.789870474200001, 39.930838066099994 ], [ -104.787944793600005, 39.93084144529999 ] ] ] } },
{ "type": "Feature", "properties": { "FeatClass": "Easement", "Category": "Easement", "Own_Type": "PVT", "Own_Name": "PVT", "Loc_Own": "Private", "Mang_Type": "STAT", "Mang_Name": "SFW", "Loc_Mang": "Colorado Parks & Wildlife", "Des_Tp": "RECE", "Loc_Ds": "State Parks", "Unit_Nm": "Barr Lake State Park", "Loc_Nm": "Barr Lake State Park", "State_Nm": "CO", "Agg_Src": "CNHP_PADUS4_0Easement_COMaP_Public_v20230223_CO", "GIS_Src": "Colorado Parks & Wildlife GIS - CPWParcelUpdate_2019+Control", "Src_Date": "2019/08/22", "GIS_Acres": 5, "Source_PAID": "", "WDPA_Cd": 0, "Pub_Access": "XA", "Access_Src": "COMaP", "Access_Dt": "2023", "GAP_Sts": "4", "GAPCdSrc": "GAP - Default", "GAPCdDt": "2024", "IUCN_Cat": "Unassigned", "IUCNCtSrc": "GAP - Default", "IUCNCtDt": "2024", "Date_Est": "1997", "Comments": "", "Term": null, "Duration": null, "d_FeatClass": "Easement", "d_Category": "Easement", "d_Own_Type": "Private", "d_Own_Name": "Private", "d_Mang_Type": "State", "d_Mang_Name": "State Fish and Wildlife", "d_Des_Tp": "Recreation or Education Easement", "d_State_Nm": "Colorado", "d_Pub_Access": "Closed", "d_GAP_Sts": "4 - no known mandate for biodiversity protection", "d_IUCN_Cat": "Unassigned", "Shape_Length": 571.74185540640315, "Shape_Area": 18709.112095636094, "cpwParkName": "Barr Lake State Park", "source": "USGS PAD-US" }, "geometry": { "type": "Polygon", "coordinates": [ [ [ -104.777326215799988, 39.9432466011 ], [ -104.776147446799982, 39.943252052199988 ], [ -104.776011494799988, 39.9418734562 ], [ -104.777341653699992, 39.941578730799996 ], [ -104.777326215799988, 39.9432466011 ] ] ] } },
{ "type": "Feature", "properties": { "FeatClass": "Easement", "Category": "Easement", "Own_Type": "PVT", "Own_Name": "PVT", "Loc_Own": "Private", "Mang_Type": "STAT", "Mang_Name": "SFW", "Loc_Mang": "Colorado Parks & Wildlife", "Des_Tp": "RECE", "Loc_Ds": "State Parks", "Unit_Nm": "Barr Lake State Park", "Loc_Nm": "Barr Lake State Park", "State_Nm": "CO", "Agg_Src": "CNHP_PADUS4_0Easement_COMaP_Public_v20230223_CO", "GIS_Src": "Colorado Parks & Wildlife GIS - CPWParcelUpdate_2019+Control", "Src_Date": "2019/08/22", "GIS_Acres": 81, "Source_PAID": "", "WDPA_Cd": 0, "Pub_Access": "XA", "Access_Src": "COMaP", "Access_Dt": "2023", "GAP_Sts": "4", "GAPCdSrc": "GAP - Default", "GAPCdDt": "2024", "IUCN_Cat": "Unassigned", "IUCNCtSrc": "GAP - Default", "IUCNCtDt": "2024", "Date_Est": "1998", "Comments": "Funding Partners: Colorado State Parks, TCF, GOCO.", "Term": null, "Duration": null, "d_FeatClass": "Easement", "d_Category": "Easement", "d_Own_Type": "Private", "d_Own_Name": "Private", "d_Mang_Type": "State", "d_Mang_Name": "State Fish and Wildlife", "d_Des_Tp": "Recreation or Education Easement", "d_State_Nm": "Colorado", "d_Pub_Access": "Closed", "d_GAP_Sts": "4 - no known mandate for biodiversity protection", "d_IUCN_Cat": "Unassigned", "Shape_Length": 2414.2151449911353, "Shape_Area": 325777.88169787626, "cpwParkName": "Barr Lake State Park", "source": "USGS PAD-US" }, "geometry": { "type": "Polygon", "coordinates": [ [ [ -104.742895256199986, 39.928816441499997 ], [ -104.7523518852, 39.928832343 ], [ -104.752336536799987, 39.93245003949999 ], [ -104.742884101200005, 39.93245016129999 ], [ -104.742895256199986, 39.928816441499997 ] ] ] } },
{ "type": "Feature", "properties": { "FeatClass": "Easement", "Category": "Easement", "Own_Type": "PVT", "Own_Name": "PVT", "Loc_Own": "Private", "Mang_Type": "STAT", "Mang_Name": "SFW", "Loc_Mang": "Colorado Parks & Wildlife", "Des_Tp": "RECE", "Loc_Ds": "State Parks", "Unit_Nm": "Barr Lake State Park", "Loc_Nm": "Barr Lake State Park", "State_Nm": "CO", "Agg_Src": "CNHP_PADUS4_0Easement_COMaP_Public_v20230223_CO", "GIS_Src": "Colorado Parks & Wildlife GIS - CPWParcelUpdate_2019+Control", "Src_Date": "2019/08/22", "GIS_Acres": 63, "Source_PAID": "", "WDPA_Cd": 0, "Pub_Access": "XA", "Access_Src": "COMaP", "Access_Dt": "2023", "GAP_Sts": "4", "GAPCdSrc": "GAP - Default", "GAPCdDt": "2024", "IUCN_Cat": "Unassigned", "IUCNCtSrc": "GAP - Default", "IUCNCtDt": "2024", "Date_Est": "2000", "Comments": "", "Term": null, "Duration": null, "d_FeatClass": "Easement", "d_Category": "Easement", "d_Own_Type": "Private", "d_Own_Name": "Private", "d_Mang_Type": "State", "d_Mang_Name": "State Fish and Wildlife", "d_Des_Tp": "Recreation or Education Easement", "d_State_Nm": "Colorado", "d_Pub_Access": "Closed", "d_GAP_Sts": "4 - no known mandate for biodiversity protection", "d_IUCN_Cat": "Unassigned", "Shape_Length": 2073.4183837277883, "Shape_Area": 254378.80111700093, "cpwParkName": "Barr Lake State Park", "source": "USGS PAD-US" }, "geometry": { "type": "Polygon", "coordinates": [ [ [ -104.776689569400006, 39.925007954900003 ], [ -104.775971308300001, 39.921640243 ], [ -104.783613044, 39.921600251599983 ], [ -104.782748939099989, 39.925622003299985 ], [ -104.776689569400006, 39.925007954900003 ] ] ] } },
{ "type": "Feature", "properties": { "FeatClass": "Easement", "Category": "Easement", "Own_Type": "PVT", "Own_Name": "PVT", "Loc_Own": "Private", "Mang_Type": "STAT", "Mang_Name": "SFW", "Loc_Mang": "Colorado Parks & Wildlife", "Des_Tp": "RECE", "Loc_Ds": "State Parks", "Unit_Nm": "Barr Lake State Park", "Loc_Nm": "Barr Lake State Park", "State_Nm": "CO", "Agg_Src": "CNHP_PADUS4_0Easement_COMaP_Public_v20230223_CO", "GIS_Src": "Colorado Parks & Wildlife GIS - CPWParcelUpdate_2019+Control", "Src_Date": "2019/08/22", "GIS_Acres": 77, "Source_PAID": "", "WDPA_Cd": 0, "Pub_Access": "XA", "Access_Src": "COMaP", "Access_Dt": "2023", "GAP_Sts": "4", "GAPCdSrc": "GAP - Default", "GAPCdDt": "2024", "IUCN_Cat": "Unassigned", "IUCNCtSrc": "GAP - Default", "IUCNCtDt": "2024", "Date_Est": "2000", "Comments": "", "Term": null, "Duration": null, "d_FeatClass": "Easement", "d_Category": "Easement", "d_Own_Type": "Private", "d_Own_Name": "Private", "d_Mang_Type": "State", "d_Mang_Name": "State Fish and Wildlife", "d_Des_Tp": "Recreation or Education Easement", "d_State_Nm": "Colorado", "d_Pub_Access": "Closed", "d_GAP_Sts": "4 - no known mandate for biodiversity protection", "d_IUCN_Cat": "Unassigned", "Shape_Length": 2545.397808886557, "Shape_Area": 312901.35537238215, "cpwParkName": "Barr Lake State Park", "source": "USGS PAD-US" }, "geometry": { "type": "Polygon", "coordinates": [ [ [ -104.782605159499994, 39.925981603199993 ], [ -104.783963287500001, 39.921628403399993 ], [ -104.787739102399982, 39.921586495699998 ], [ -104.787732954399999, 39.923398998199993 ], [ -104.78990867329999, 39.923387444699991 ], [ -104.789897161100001, 39.926907674200002 ], [ -104.787614632100002, 39.926918628 ], [ -104.787587897500003, 39.928751319199989 ], [ -104.782605159499994, 39.925981603199993 ] ] ] } },
{ "type": "Feature", "properties": { "FeatClass": "Fee", "Category": "Fee", "Own_Type": "DIST", "Own_Name": "REG", "Loc_Own": "Greeley and Loveland Irrigation Co", "Mang_Type": "STAT", "Mang_Name": "SFW", "Loc_Mang": "Colorado Parks & Wildlife", "Des_Tp": "SP", "Loc_Ds": "State Parks", "Unit_Nm": "Boyd Lake State Park", "Loc_Nm": "Boyd Lake State Park", "State_Nm": "CO", "Agg_Src": "CNHP_PADUS4_0Easement_COMaP_Public_v20230223_CO", "GIS_Src": "Colorado Parks & Wildlife GIS - CPWParcels", "Src_Date": "2023/02/23", "GIS_Acres": 1674, "Source_PAID": "", "WDPA_Cd": 0, "Pub_Access": "OA", "Access_Src": "CNHP COMaP", "Access_Dt": "2016", "GAP_Sts": "4", "GAPCdSrc": "GAP - Default", "GAPCdDt": "2024", "IUCN_Cat": "Unassigned", "IUCNCtSrc": "GAP - Default", "IUCNCtDt": "2024", "Date_Est": "", "Comments": "", "Term": null, "Duration": null, "d_FeatClass": "Fee", "d_Category": "Fee", "d_Own_Type": "Regional Agency Special District", "d_Own_Name": "Regional Agency Land", "d_Mang_Type": "State", "d_Mang_Name": "State Fish and Wildlife", "d_Des_Tp": "State Park", "d_State_Nm": "Colorado", "d_Pub_Access": "Open Access", "d_GAP_Sts": "4 - no known mandate for biodiversity protection", "d_IUCN_Cat": "Unassigned", "Shape_Length": 18872.885627785505, "Shape_Area": 6775529.6394147128, "cpwParkName": "Boyd Lake State Park", "source": "USGS PAD-US" }, "geometry": { "type": "Polygon", "coordinates": [ [ [ -105.043088079100002, 40.463787854199992 ], [ -105.040581778900005, 40.463178830700002 ], [ -105.033117489, 40.457034658699996 ], [ -105.033554341400006, 40.452886941099997 ], [ -105.028763269099997, 40.452867106499994 ], [ -105.024927276900002, 40.449033556100005 ], [ -105.023868558199993, 40.443892302 ], [ -105.030886944100004, 40.439009911900001 ], [ -105.029380090700002, 40.43658960949999 ], [ -105.025262199099998, 40.435206168100002 ], [ -105.026658352099986, 40.433717881799986 ], [ -105.023134398799982, 40.429275551099991 ], [ -105.022918627399989, 40.423561907299991 ], [ -105.025366924000011, 40.41954824159999 ], [ -105.023490686399981, 40.414997589800002 ], [ -105.024756249, 40.411430705 ], [ -105.033427491799998, 40.412873831 ], [ -105.039279939099984, 40.411951115299999 ], [ -105.042584310099997, 40.4132601839 ], [ -105.042113131999983, 40.419398269099993 ], [ -105.040877895500003, 40.42041775469999 ], [ -105.043884793299995, 40.420945785799994 ], [ -105.040584384200002, 40.423273873199996 ], [ -105.044777996399986, 40.424960056 ], [ -105.039163630800005, 40.428060793499988 ], [ -105.039798498899984, 40.429783074399985 ], [ -105.0382809587, 40.432135035699993 ], [ -105.039811871200001, 40.435087218699998 ], [ -105.03785767479998, 40.436258444199993 ], [ -105.045238029199979, 40.439796435299996 ], [ -105.045341992099992, 40.441063892699994 ], [ -105.03837399919999, 40.439246753099994 ], [ -105.043342794899985, 40.443566454299997 ], [ -105.040852906699996, 40.446908870899996 ], [ -105.041849496100014, 40.452449707199989 ], [ -105.039865369200001, 40.457096997099995 ], [ -105.043210501899992, 40.461820421299997 ], [ -105.043088079100002, 40.463787854199992 ] ] ] } },
{ "type": "Feature", "properties": { "FeatClass": "Fee", "Category": "Fee", "Own_Type": "STAT", "Own_Name": "SFW", "Loc_Own": "Colorado Parks & Wildlife", "Mang_Type": "STAT", "Mang_Name": "SFW", "Loc_Mang": "Colorado Parks & Wildlife", "Des_Tp": "SP", "Loc_Ds": "State Parks", "Unit_Nm": "Boyd Lake State Park", "Loc_Nm": "Boyd Lake State Park", "State_Nm": "CO", "Agg_Src": "CNHP_PADUS4_0Easement_COMaP_Public_v20230223_CO", "GIS_Src": "Colorado Parks & Wildlife GIS - CPWParcels", "Src_Date": "2023/02/23", "GIS_Acres": 201, "Source_PAID": "", "WDPA_Cd": 0, "Pub_Access": "OA", "Access_Src": "CNHP COMaP", "Access_Dt": "2016", "GAP_Sts": "4", "GAPCdSrc": "GAP - Default", "GAPCdDt": "2024", "IUCN_Cat": "Unassigned", "IUCNCtSrc": "GAP - Default", "IUCNCtDt": "2024", "Date_Est": "", "Comments": "", "Term": null, "Duration": null, "d_FeatClass": "Fee", "d_Category": "Fee", "d_Own_Type": "State", "d_Own_Name": "State Fish and Wildlife", "d_Mang_Type": "State", "d_Mang_Name": "State Fish and Wildlife", "d_Des_Tp": "State Park", "d_State_Nm": "Colorado", "d_Pub_Access": "Open Access", "d_GAP_Sts": "4 - no known mandate for biodiversity protection", "d_IUCN_Cat": "Unassigned", "Shape_Length": 8538.3479519986031, "Shape_Area": 814163.71599731769, "cpwParkName": "Boyd Lake State Park", "source": "USGS PAD-US" }, "geometry": { "type": "MultiPolygon", "coordinates": [ [ [ [ -105.038134421199985, 40.436372087499997 ], [ -105.039811871200001, 40.435087218699998 ], [ -105.0382809587, 40.432135035699993 ], [ -105.039798498899984, 40.429783074399985 ], [ -105.039163630800005, 40.428060793499988 ], [ -105.04489516789998, 40.424943424799999 ], [ -105.045359941599997, 40.439838763899985 ], [ -105.038134421199985, 40.436372087499997 ] ] ], [ [ [ -105.043342794899985, 40.443566454299997 ], [ -105.03837399919999, 40.439246753099994 ], [ -105.045529704200007, 40.441185393700003 ], [ -105.041384142699982, 40.440938438099991 ], [ -105.043891729199999, 40.443459311799998 ], [ -105.041968618200002, 40.447242671899993 ], [ -105.042821763899994, 40.451025033699999 ], [ -105.041359586899986, 40.451025551900003 ], [ -105.040814366799992, 40.447265627099995 ], [ -105.043342794899985, 40.443566454299997 ] ] ] ] } },
{ "type": "Feature", "properties": { "FeatClass": "Fee", "Category": "Fee", "Own_Type": "STAT", "Own_Name": "SFW", "Loc_Own": "Colorado Parks & Wildlife", "Mang_Type": "STAT", "Mang_Name": "SFW", "Loc_Mang": "Colorado Parks & Wildlife", "Des_Tp": "SP", "Loc_Ds": "State Parks", "Unit_Nm": "Boyd Lake State Park", "Loc_Nm": "Boyd Lake State Park", "State_Nm": "CO", "Agg_Src": "CNHP_PADUS4_0Easement_COMaP_Public_v20230223_CO", "GIS_Src": "Colorado Parks & Wildlife GIS - CPWParcels", "Src_Date": "2023/02/23", "GIS_Acres": 101, "Source_PAID": "", "WDPA_Cd": 0, "Pub_Access": "OA", "Access_Src": "COMaP", "Access_Dt": "2023", "GAP_Sts": "4", "GAPCdSrc": "GAP - Default", "GAPCdDt": "2024", "IUCN_Cat": "Unassigned", "IUCNCtSrc": "GAP - Default", "IUCNCtDt": "2024", "Date_Est": "", "Comments": "Boyd Lake - Northwest OS Acq. (Hirsch and Greeley-Loveland Irr. Co. Parcels)", "Term": null, "Duration": null, "d_FeatClass": "Fee", "d_Category": "Fee", "d_Own_Type": "State", "d_Own_Name": "State Fish and Wildlife", "d_Mang_Type": "State", "d_Mang_Name": "State Fish and Wildlife", "d_Des_Tp": "State Park", "d_State_Nm": "Colorado", "d_Pub_Access": "Open Access", "d_GAP_Sts": "4 - no known mandate for biodiversity protection", "d_IUCN_Cat": "Unassigned", "Shape_Length": 4695.7564932472096, "Shape_Area": 407026.03898799524, "cpwParkName": "Boyd Lake State Park", "source": "USGS PAD-US" }, "geometry": { "type": "MultiPolygon", "coordinates": [ [ [ [ -105.040998979699992, 40.459558422099995 ], [ -105.039895628799982, 40.456559945 ], [ -105.041359586899986, 40.451025551900003 ], [ -105.042821763899994, 40.451025033699999 ], [ -105.042591760700006, 40.452017734899997 ], [ -105.0440349215, 40.4520065265 ], [ -105.043916642899987, 40.459503610599995 ], [ -105.040998979699992, 40.459558422099995 ] ] ], [ [ [ -105.041936853599992, 40.447579962500001 ], [ -105.043770174700001, 40.4445567944 ], [ -105.041384142699982, 40.440938438099991 ], [ -105.042850907699986, 40.440681069100002 ], [ -105.045509292600002, 40.441837872299999 ], [ -105.045464071299989, 40.445608602399986 ], [ -105.045014573100005, 40.447603546199993 ], [ -105.041936853599992, 40.447579962500001 ] ] ] ] } },
{ "type": "Feature", "properties": { "FeatClass": "Designation", "Category": "Other", "Own_Type": "PVT", "Own_Name": "PVT", "Loc_Own": "State", "Mang_Type": "STAT", "Mang_Name": "SPR", "Loc_Mang": "Colorado State Parks", "Des_Tp": "PREC", "Loc_Ds": "Recreation or Education", "Unit_Nm": "Boyd Lake State Park/Heinricy Open Space", "Loc_Nm": "Boyd Lake State Park/Heinricy OS", "State_Nm": "CO", "Agg_Src": "TPL_PADUS1_3_Conservation_Almanac_Database_US_Nov2011_gdb", "GIS_Src": "\"COMap\" Colorado Ownership, Management, and Protection v.8", "Src_Date": "2010/07/20", "GIS_Acres": 0, "Source_PAID": "10202071", "WDPA_Cd": 0, "Pub_Access": "XA", "Access_Src": "TPL", "Access_Dt": "2016", "GAP_Sts": "4", "GAPCdSrc": "GAP - Default", "GAPCdDt": "2024", "IUCN_Cat": "Unassigned", "IUCNCtSrc": "GAP - Default", "IUCNCtDt": "2024", "Date_Est": "1997", "Comments": "", "Term": null, "Duration": null, "d_FeatClass": "Designation", "d_Category": "Other", "d_Own_Type": "Private", "d_Own_Name": "Private", "d_Mang_Type": "State", "d_Mang_Name": "State Park and Recreation", "d_Des_Tp": "Private Recreation or Education", "d_State_Nm": "Colorado", "d_Pub_Access": "Closed", "d_GAP_Sts": "4 - no known mandate for biodiversity protection", "d_IUCN_Cat": "Unassigned", "Shape_Length": 325.75610896750953, "Shape_Area": 1290.8555215646127, "cpwParkName": "Boyd Lake State Park", "source": "USGS PAD-US" }, "geometry": { "type": "Polygon", "coordinates": [ [ [ -105.043383631099999, 40.424347517199998 ], [ -105.042022732700005, 40.4243820286 ], [ -105.041736577699979, 40.424186973299989 ], [ -105.043383631099999, 40.424347517199998 ] ] ] } },
{ "type": "Feature", "properties": { "FeatClass": "Easement", "Category": "Easement", "Own_Type": "STAT", "Own_Name": "OTHS", "Loc_Own": "STAT", "Mang_Type": "NGO", "Mang_Name": "NGO", "Loc_Mang": "Bayou Land Conservancy", "Des_Tp": "OTHE", "Loc_Ds": "OTH", "Unit_Nm": "Boyd Lake State Park-Heinricy Property Acquisition", "Loc_Nm": "Boyd Lake State Park-Heinricy Property Acquisition", "State_Nm": "CO", "Agg_Src": "NCED_PADUS4_0Easement_NCED_for_PADUS_07282023", "GIS_Src": "Colorado Division of Wildlife", "Src_Date": "2010/08/11", "GIS_Acres": 19, "Source_PAID": "23643", "WDPA_Cd": 0, "Pub_Access": "XA", "Access_Src": "NCED", "Access_Dt": "2023", "GAP_Sts": "4", "GAPCdSrc": "NCED", "GAPCdDt": "2023", "IUCN_Cat": "Unassigned", "IUCNCtSrc": "GAP - Default", "IUCNCtDt": "2024", "Date_Est": "1997", "Comments": "", "Term": 0, "Duration": "PERM", "d_FeatClass": "Easement", "d_Category": "Easement", "d_Own_Type": "State", "d_Own_Name": "Other or Unknown State Land", "d_Mang_Type": "Non-Governmental Organization", "d_Mang_Name": "Non-Governmental Organization", "d_Des_Tp": "Other Easement", "d_State_Nm": "Colorado", "d_Pub_Access": "Closed", "d_GAP_Sts": "4 - no known mandate for biodiversity protection", "d_IUCN_Cat": "Unassigned", "Shape_Length": 1218.8484622235103, "Shape_Area": 76885.578776491049, "cpwParkName": "Boyd Lake State Park", "source": "USGS PAD-US" }, "geometry": { "type": "Polygon", "coordinates": [ [ [ -105.045003501099998, 40.424674914699999 ], [ -105.040689890600007, 40.42364227689999 ], [ -105.041083533899993, 40.422406954499991 ], [ -105.044092374400009, 40.421786238299994 ], [ -105.045003501099998, 40.424674914699999 ] ] ] } },
{ "type": "Feature", "properties": { "FeatClass": "Easement", "Category": "Easement", "Own_Type": "STAT", "Own_Name": "OTHS", "Loc_Own": "STAT", "Mang_Type": "NGO", "Mang_Name": "NGO", "Loc_Mang": "Bayou Land Conservancy", "Des_Tp": "OTHE", "Loc_Ds": "OTH", "Unit_Nm": "Boyd Lake State Park-Heinricy Property Acquisition", "Loc_Nm": "Boyd Lake State Park-Heinricy Property Acquisition", "State_Nm": "CO", "Agg_Src": "NCED_PADUS4_0Easement_NCED_for_PADUS_07282023", "GIS_Src": "Colorado Division of Wildlife", "Src_Date": "2010/08/11", "GIS_Acres": 8, "Source_PAID": "23669", "WDPA_Cd": 0, "Pub_Access": "XA", "Access_Src": "NCED", "Access_Dt": "2023", "GAP_Sts": "4", "GAPCdSrc": "NCED", "GAPCdDt": "2023", "IUCN_Cat": "Unassigned", "IUCNCtSrc": "GAP - Default", "IUCNCtDt": "2024", "Date_Est": "1997", "Comments": "", "Term": 0, "Duration": "PERM", "d_FeatClass": "Easement", "d_Category": "Easement", "d_Own_Type": "State", "d_Own_Name": "Other or Unknown State Land", "d_Mang_Type": "Non-Governmental Organization", "d_Mang_Name": "Non-Governmental Organization", "d_Des_Tp": "Other Easement", "d_State_Nm": "Colorado", "d_Pub_Access": "Closed", "d_GAP_Sts": "4 - no known mandate for biodiversity protection", "d_IUCN_Cat": "Unassigned", "Shape_Length": 902.32150089081574, "Shape_Area": 30477.118085787173, "cpwParkName": "Boyd Lake State Park", "source": "USGS PAD-US" }, "geometry": { "type": "Polygon", "coordinates": [ [ [ -105.045445537600003, 40.4282007415 ], [ -105.044884913, 40.42493692859999 ], [ -105.045097792999982, 40.42487369 ], [ -105.046484031600002, 40.425351274099995 ], [ -105.045445537600003, 40.4282007415 ] ] ] } },
{ "type": "Feature", "properties": { "FeatClass": "Easement", "Category": "Easement", "Own_Type": "STAT", "Own_Name": "OTHS", "Loc_Own": "STAT", "Mang_Type": "NGO", "Mang_Name": "NGO", "Loc_Mang": "Bayou Land Conservancy", "Des_Tp": "RECE", "Loc_Ds": "REC", "Unit_Nm": "Boyd Lake State Park/Heinricy OS", "Loc_Nm": "Boyd Lake State Park/Heinricy OS", "State_Nm": "CO", "Agg_Src": "NCED_PADUS4_0Easement_NCED_for_PADUS_07282023", "GIS_Src": "Colorado Division of Wildlife", "Src_Date": "2010/08/11", "GIS_Acres": 0, "Source_PAID": "23636", "WDPA_Cd": 0, "Pub_Access": "XA", "Access_Src": "NCED", "Access_Dt": "2023", "GAP_Sts": "4", "GAPCdSrc": "NCED", "GAPCdDt": "2023", "IUCN_Cat": "Unassigned", "IUCNCtSrc": "GAP - Default", "IUCNCtDt": "2024", "Date_Est": "1997", "Comments": "", "Term": 0, "Duration": "PERM", "d_FeatClass": "Easement", "d_Category": "Easement", "d_Own_Type": "State", "d_Own_Name": "Other or Unknown State Land", "d_Mang_Type": "Non-Governmental Organization", "d_Mang_Name": "Non-Governmental Organization", "d_Des_Tp": "Recreation or Education Easement", "d_State_Nm": "Colorado", "d_Pub_Access": "Closed", "d_GAP_Sts": "4 - no known mandate for biodiversity protection", "d_IUCN_Cat": "Unassigned", "Shape_Length": 209.46434656797121, "Shape_Area": 955.90995003624926, "cpwParkName": "Boyd Lake State Park", "source": "USGS PAD-US" }, "geometry": { "type": "Polygon", "coordinates": [ [ [ -105.041965304299993, 40.424308184299996 ], [ -105.041921532499984, 40.424163895399992 ], [ -105.042858715399987, 40.424257066799996 ], [ -105.041965304299993, 40.424308184299996 ] ] ] } },
{ "type": "Feature", "properties": { "FeatClass": "Easement", "Category": "Easement", "Own_Type": "STAT", "Own_Name": "OTHS", "Loc_Own": "STAT", "Mang_Type": "NGO", "Mang_Name": "NGO", "Loc_Mang": "Bayou Land Conservancy", "Des_Tp": "RECE", "Loc_Ds": "REC", "Unit_Nm": "Boyd Lake State Park/Heinricy OS", "Loc_Nm": "Boyd Lake State Park/Heinricy OS", "State_Nm": "CO", "Agg_Src": "NCED_PADUS4_0Easement_NCED_for_PADUS_07282023", "GIS_Src": "Colorado Division of Wildlife", "Src_Date": "2010/08/11", "GIS_Acres": 2, "Source_PAID": "23670", "WDPA_Cd": 0, "Pub_Access": "XA", "Access_Src": "NCED", "Access_Dt": "2023", "GAP_Sts": "4", "GAPCdSrc": "NCED", "GAPCdDt": "2023", "IUCN_Cat": "Unassigned", "IUCNCtSrc": "GAP - Default", "IUCNCtDt": "2024", "Date_Est": "1997", "Comments": "", "Term": 0, "Duration": "PERM", "d_FeatClass": "Easement", "d_Category": "Easement", "d_Own_Type": "State", "d_Own_Name": "Other or Unknown State Land", "d_Mang_Type": "Non-Governmental Organization", "d_Mang_Name": "Non-Governmental Organization", "d_Des_Tp": "Recreation or Education Easement", "d_State_Nm": "Colorado", "d_Pub_Access": "Closed", "d_GAP_Sts": "4 - no known mandate for biodiversity protection", "d_IUCN_Cat": "Unassigned", "Shape_Length": 466.81380512947811, "Shape_Area": 9901.9643275032813, "cpwParkName": "Boyd Lake State Park", "source": "USGS PAD-US" }, "geometry": { "type": "Polygon", "coordinates": [ [ [ -105.044092374400009, 40.421786238299994 ], [ -105.043145452500013, 40.421060939699991 ], [ -105.044628855699997, 40.420400409699994 ], [ -105.044092374400009, 40.421786238299994 ] ] ] } },
{ "type": "Feature", "properties": { "FeatClass": "Easement", "Category": "Easement", "Own_Type": "STAT", "Own_Name": "SFW", "Loc_Own": "Colorado Parks & Wildlife", "Mang_Type": "STAT", "Mang_Name": "SFW", "Loc_Mang": "Colorado Parks & Wildlife", "Des_Tp": "RECE", "Loc_Ds": "State Parks", "Unit_Nm": "Boyd Lake State Park", "Loc_Nm": "Boyd Lake State Park", "State_Nm": "CO", "Agg_Src": "CNHP_PADUS4_0Easement_COMaP_Public_v20230223_CO", "GIS_Src": "Colorado Parks & Wildlife GIS - CPWParcels", "Src_Date": "2015/08/04", "GIS_Acres": 8, "Source_PAID": "", "WDPA_Cd": 0, "Pub_Access": "XA", "Access_Src": "GAP - Default", "Access_Dt": "2024", "GAP_Sts": "4", "GAPCdSrc": "GAP - Default", "GAPCdDt": "2024", "IUCN_Cat": "Unassigned", "IUCNCtSrc": "GAP - Default", "IUCNCtDt": "2024", "Date_Est": "", "Comments": "Formerly held by Legacy Land Trust. Funding Partners: GOCO, LLT.", "Term": null, "Duration": null, "d_FeatClass": "Easement", "d_Category": "Easement", "d_Own_Type": "State", "d_Own_Name": "State Fish and Wildlife", "d_Mang_Type": "State", "d_Mang_Name": "State Fish and Wildlife", "d_Des_Tp": "Recreation or Education Easement", "d_State_Nm": "Colorado", "d_Pub_Access": "Closed", "d_GAP_Sts": "4 - no known mandate for biodiversity protection", "d_IUCN_Cat": "Unassigned", "Shape_Length": 941.45730531008758, "Shape_Area": 30496.843917023849, "cpwParkName": "Boyd Lake State Park", "source": "USGS PAD-US" }, "geometry": { "type": "Polygon", "coordinates": [ [ [ -105.045399911899992, 40.428329524199995 ], [ -105.045535131, 40.426961146099998 ], [ -105.045108007699994, 40.42488018009999 ], [ -105.04649421649998, 40.425357800399993 ], [ -105.045399911899992, 40.428329524199995 ] ] ] } },
{ "type": "Feature", "properties": { "FeatClass": "Easement", "Category": "Easement", "Own_Type": "STAT", "Own_Name": "SFW", "Loc_Own": "Colorado Parks & Wildlife", "Mang_Type": "STAT", "Mang_Name": "SFW", "Loc_Mang": "Colorado Parks & Wildlife", "Des_Tp": "RECE", "Loc_Ds": "State Parks", "Unit_Nm": "Boyd Lake State Park", "Loc_Nm": "Boyd Lake State Park", "State_Nm": "CO", "Agg_Src": "CNHP_PADUS4_0Easement_COMaP_Public_v20230223_CO", "GIS_Src": "Colorado Parks & Wildlife GIS - CPWParcels", "Src_Date": "2015/08/04", "GIS_Acres": 22, "Source_PAID": "", "WDPA_Cd": 0, "Pub_Access": "XA", "Access_Src": "GAP - Default", "Access_Dt": "2024", "GAP_Sts": "4", "GAPCdSrc": "GAP - Default", "GAPCdDt": "2024", "IUCN_Cat": "Unassigned", "IUCNCtSrc": "GAP - Default", "IUCNCtDt": "2024", "Date_Est": "", "Comments": "Formerly held by Legacy Land Trust. Funding Partners: GOCO, LLT.", "Term": null, "Duration": null, "d_FeatClass": "Easement", "d_Category": "Easement", "d_Own_Type": "State", "d_Own_Name": "State Fish and Wildlife", "d_Mang_Type": "State", "d_Mang_Name": "State Fish and Wildlife", "d_Des_Tp": "Recreation or Education Easement", "d_State_Nm": "Colorado", "d_Pub_Access": "Closed", "d_GAP_Sts": "4 - no known mandate for biodiversity protection", "d_IUCN_Cat": "Unassigned", "Shape_Length": 1559.5840377252116, "Shape_Area": 88232.190799679345, "cpwParkName": "Boyd Lake State Park", "source": "USGS PAD-US" }, "geometry": { "type": "Polygon", "coordinates": [ [ [ -105.045001916699988, 40.424721996599992 ], [ -105.040584384200002, 40.423273873199996 ], [ -105.044639074500012, 40.420406946999982 ], [ -105.045001916699988, 40.424721996599992 ] ] ] } },
{ "type": "Feature", "properties": { "FeatClass": "Fee", "Category": "Fee", "Own_Type": "STAT", "Own_Name": "SFW", "Loc_Own": "Colorado Parks & Wildlife", "Mang_Type": "STAT", "Mang_Name": "SFW", "Loc_Mang": "Colorado Parks & Wildlife", "Des_Tp": "SP", "Loc_Ds": "State Parks", "Unit_Nm": "Castlewood Canyon State Park", "Loc_Nm": "Castlewood Canyon State Park", "State_Nm": "CO", "Agg_Src": "CNHP_PADUS4_0Easement_COMaP_Public_v20230223_CO", "GIS_Src": "Colorado Parks & Wildlife GIS - CPWParcels", "Src_Date": "2015/08/04", "GIS_Acres": 181, "Source_PAID": "", "WDPA_Cd": 0, "Pub_Access": "OA", "Access_Src": "GAP - Default", "Access_Dt": "2024", "GAP_Sts": "4", "GAPCdSrc": "GAP - Default", "GAPCdDt": "2024", "IUCN_Cat": "Unassigned", "IUCNCtSrc": "GAP - Default", "IUCNCtDt": "2024", "Date_Est": "", "Comments": "Funding Partners: GOCO, Colorado State Parks.", "Term": null, "Duration": null, "d_FeatClass": "Fee", "d_Category": "Fee", "d_Own_Type": "State", "d_Own_Name": "State Fish and Wildlife", "d_Mang_Type": "State", "d_Mang_Name": "State Fish and Wildlife", "d_Des_Tp": "State Park", "d_State_Nm": "Colorado", "d_Pub_Access": "Open Access", "d_GAP_Sts": "4 - no known mandate for biodiversity protection", "d_IUCN_Cat": "Unassigned", "Shape_Length": 5103.6153656750694, "Shape_Area": 731578.54126345564, "cpwParkName": "Castlewood Canyon State Park", "source": "USGS PAD-US" }, "geometry": { "type": "Polygon", "coordinates": [ [ [ -104.765842977700004, 39.365974228599995 ], [ -104.766968058100005, 39.362345861400001 ], [ -104.765854581699983, 39.362335286599993 ], [ -104.768842111699982, 39.362295543799995 ], [ -104.7695065148, 39.360920597499998 ], [ -104.770409920099979, 39.355049544299995 ], [ -104.768757666300004, 39.351402961300003 ], [ -104.775181107999984, 39.351361678599986 ], [ -104.775223897499984, 39.362384905699997 ], [ -104.770528076, 39.362364197899993 ], [ -104.770528836599979, 39.365972042300001 ], [ -104.765842977700004, 39.365974228599995 ] ] ] } },
{ "type": "Feature", "properties": { "FeatClass": "Fee", "Category": "Fee", "Own_Type": "STAT", "Own_Name": "SFW", "Loc_Own": "Colorado Parks & Wildlife", "Mang_Type": "STAT", "Mang_Name": "SFW", "Loc_Mang": "Colorado Parks & Wildlife", "Des_Tp": "SP", "Loc_Ds": "State Parks", "Unit_Nm": "Castlewood Canyon State Park", "Loc_Nm": "Castlewood Canyon State Park", "State_Nm": "CO", "Agg_Src": "CNHP_PADUS4_0Easement_COMaP_Public_v20230223_CO", "GIS_Src": "Colorado Parks & Wildlife GIS - CPWParcels", "Src_Date": "2015/08/04", "GIS_Acres": 69, "Source_PAID": "", "WDPA_Cd": 0, "Pub_Access": "OA", "Access_Src": "CNHP COMaP", "Access_Dt": "2016", "GAP_Sts": "4", "GAPCdSrc": "GAP - Default", "GAPCdDt": "2024", "IUCN_Cat": "Unassigned", "IUCNCtSrc": "GAP - Default", "IUCNCtDt": "2024", "Date_Est": "1996", "Comments": "Warranty deed to State Parks.  Funding Partners: GOCO, Colorado State Parks.", "Term": null, "Duration": null, "d_FeatClass": "Fee", "d_Category": "Fee", "d_Own_Type": "State", "d_Own_Name": "State Fish and Wildlife", "d_Mang_Type": "State", "d_Mang_Name": "State Fish and Wildlife", "d_Des_Tp": "State Park", "d_State_Nm": "Colorado", "d_Pub_Access": "Open Access", "d_GAP_Sts": "4 - no known mandate for biodiversity protection", "d_IUCN_Cat": "Unassigned", "Shape_Length": 2599.2018145076959, "Shape_Area": 280605.84461610101, "cpwParkName": "Castlewood Canyon State Park", "source": "USGS PAD-US" }, "geometry": { "type": "Polygon", "coordinates": [ [ [ -104.728336494399997, 39.318574846399983 ], [ -104.730612498200003, 39.318581884899992 ], [ -104.730713380499992, 39.322165116599983 ], [ -104.73413251769999, 39.322130887299998 ], [ -104.734009082999989, 39.325843423299993 ], [ -104.728352774399994, 39.325816392900002 ], [ -104.728336494399997, 39.318574846399983 ] ] ] } },
{ "type": "Feature", "properties": { "FeatClass": "Fee", "Category": "Fee", "Own_Type": "STAT", "Own_Name": "SFW", "Loc_Own": "Colorado Parks & Wildlife", "Mang_Type": "STAT", "Mang_Name": "SFW", "Loc_Mang": "Colorado Parks & Wildlife", "Des_Tp": "SP", "Loc_Ds": "State Parks", "Unit_Nm": "Castlewood Canyon State Park", "Loc_Nm": "Castlewood Canyon State Park", "State_Nm": "CO", "Agg_Src": "CNHP_PADUS4_0Easement_COMaP_Public_v20230223_CO", "GIS_Src": "Colorado Parks & Wildlife GIS - CPWParcels", "Src_Date": "2015/08/04", "GIS_Acres": 398, "Source_PAID": "", "WDPA_Cd": 0, "Pub_Access": "XA", "Access_Src": "CNHP COMaP", "Access_Dt": "2016", "GAP_Sts": "4", "GAPCdSrc": "GAP - Default", "GAPCdDt": "2024", "IUCN_Cat": "Unassigned", "IUCNCtSrc": "GAP - Default", "IUCNCtDt": "2024", "Date_Est": "1998", "Comments": "Funding Partners: GOCO, Colorado State Parks.", "Term": null, "Duration": null, "d_FeatClass": "Fee", "d_Category": "Fee", "d_Own_Type": "State", "d_Own_Name": "State Fish and Wildlife", "d_Mang_Type": "State", "d_Mang_Name": "State Fish and Wildlife", "d_Des_Tp": "State Park", "d_State_Nm": "Colorado", "d_Pub_Access": "Closed", "d_GAP_Sts": "4 - no known mandate for biodiversity protection", "d_IUCN_Cat": "Unassigned", "Shape_Length": 5912.2392531997939, "Shape_Area": 1609879.3644228789, "cpwParkName": "Castlewood Canyon State Park", "source": "USGS PAD-US" }, "geometry": { "type": "Polygon", "coordinates": [ [ [ -104.710033423699997, 39.332225314399999 ], [ -104.71004568539999, 39.318604465799993 ], [ -104.720364001899995, 39.318600036 ], [ -104.720317971499995, 39.323472003199996 ], [ -104.730574522099985, 39.3304884211 ], [ -104.710033423699997, 39.332225314399999 ] ] ] } },
{ "type": "Feature", "properties": { "FeatClass": "Fee", "Category": "Fee", "Own_Type": "STAT", "Own_Name": "SFW", "Loc_Own": "Colorado Parks & Wildlife", "Mang_Type": "STAT", "Mang_Name": "SFW", "Loc_Mang": "Colorado Parks & Wildlife", "Des_Tp": "SP", "Loc_Ds": "State Parks", "Unit_Nm": "Castlewood Canyon State Park", "Loc_Nm": "Castlewood Canyon State Park", "State_Nm": "CO", "Agg_Src": "CNHP_PADUS4_0Easement_COMaP_Public_v20230223_CO", "GIS_Src": "Colorado Parks & Wildlife GIS - CPWParcels", "Src_Date": "2023/02/23", "GIS_Acres": 911, "Source_PAID": "", "WDPA_Cd": 0, "Pub_Access": "OA", "Access_Src": "CNHP COMaP", "Access_Dt": "2016", "GAP_Sts": "4", "GAPCdSrc": "GAP - Default", "GAPCdDt": "2024", "IUCN_Cat": "Unassigned", "IUCNCtSrc": "GAP - Default", "IUCNCtDt": "2024", "Date_Est": "1998", "Comments": "", "Term": null, "Duration": null, "d_FeatClass": "Fee", "d_Category": "Fee", "d_Own_Type": "State", "d_Own_Name": "State Fish and Wildlife", "d_Mang_Type": "State", "d_Mang_Name": "State Fish and Wildlife", "d_Des_Tp": "State Park", "d_State_Nm": "Colorado", "d_Pub_Access": "Open Access", "d_GAP_Sts": "4 - no known mandate for biodiversity protection", "d_IUCN_Cat": "Unassigned", "Shape_Length": 12913.974069367116, "Shape_Area": 3688571.2135386611, "cpwParkName": "Castlewood Canyon State Park", "source": "USGS PAD-US" }, "geometry": { "type": "Polygon", "coordinates": [ [ [ -104.751398624700002, 39.342168444 ], [ -104.739637638100007, 39.337137147200004 ], [ -104.738126751600007, 39.334858466899995 ], [ -104.734334904799979, 39.334210049399999 ], [ -104.735205421700002, 39.322840222799996 ], [ -104.743160848699986, 39.332779208599995 ], [ -104.74633041429999, 39.3326510594 ], [ -104.754621576700004, 39.337169877499989 ], [ -104.759889609200002, 39.338050435899987 ], [ -104.758886291400003, 39.341307301399993 ], [ -104.761082773599981, 39.34131910779999 ], [ -104.761119388799997, 39.344101298199995 ], [ -104.765896974099988, 39.344068477499981 ], [ -104.76795438729998, 39.345135908300001 ], [ -104.767505344399993, 39.349858158499984 ], [ -104.770409920099979, 39.355049544299995 ], [ -104.768842111699982, 39.362295543799995 ], [ -104.765854581699983, 39.362335286599993 ], [ -104.764477438399979, 39.358613736899983 ], [ -104.761186299900004, 39.35865207829999 ], [ -104.758261366499994, 39.354947037699993 ], [ -104.755987340399997, 39.355000888900008 ], [ -104.757070228699988, 39.352966675799998 ], [ -104.751398624700002, 39.342168444 ] ] ] } },
{ "type": "Feature", "properties": { "FeatClass": "Fee", "Category": "Fee", "Own_Type": "STAT", "Own_Name": "SFW", "Loc_Own": "Colorado Parks & Wildlife", "Mang_Type": "STAT", "Mang_Name": "SFW", "Loc_Mang": "Colorado Parks & Wildlife", "Des_Tp": "SP", "Loc_Ds": "State Parks", "Unit_Nm": "Castlewood Canyon State Park", "Loc_Nm": "Castlewood Canyon State Park", "State_Nm": "CO", "Agg_Src": "CNHP_PADUS4_0Easement_COMaP_Public_v20230223_CO", "GIS_Src": "Colorado Parks & Wildlife GIS - CPWParcels", "Src_Date": "2023/02/23", "GIS_Acres": 224, "Source_PAID": "", "WDPA_Cd": 0, "Pub_Access": "RA", "Access_Src": "COMaP", "Access_Dt": "2023", "GAP_Sts": "4", "GAPCdSrc": "GAP - Default", "GAPCdDt": "2024", "IUCN_Cat": "Unassigned", "IUCNCtSrc": "GAP - Default", "IUCNCtDt": "2024", "Date_Est": "", "Comments": "", "Term": null, "Duration": null, "d_FeatClass": "Fee", "d_Category": "Fee", "d_Own_Type": "State", "d_Own_Name": "State Fish and Wildlife", "d_Mang_Type": "State", "d_Mang_Name": "State Fish and Wildlife", "d_Des_Tp": "State Park", "d_State_Nm": "Colorado", "d_Pub_Access": "Restricted Access", "d_GAP_Sts": "4 - no known mandate for biodiversity protection", "d_IUCN_Cat": "Unassigned", "Shape_Length": 4988.2717176433152, "Shape_Area": 908346.1234942528, "cpwParkName": "Castlewood Canyon State Park", "source": "USGS PAD-US" }, "geometry": { "type": "Polygon", "coordinates": [ [ [ -104.720374502099986, 39.318849898700002 ], [ -104.728336494399997, 39.318574846399983 ], [ -104.728352774399994, 39.325816392900002 ], [ -104.734180767699982, 39.326036745799996 ], [ -104.733978103200002, 39.333267580899985 ], [ -104.720317971499995, 39.323472003199996 ], [ -104.720374502099986, 39.318849898700002 ] ] ] } },
{ "type": "Feature", "properties": { "FeatClass": "Fee", "Category": "Fee", "Own_Type": "STAT", "Own_Name": "SFW", "Loc_Own": "Colorado Parks & Wildlife", "Mang_Type": "STAT", "Mang_Name": "SFW", "Loc_Mang": "Colorado Parks & Wildlife", "Des_Tp": "SP", "Loc_Ds": "State Parks", "Unit_Nm": "Castlewood Canyon State Park", "Loc_Nm": "Castlewood Canyon State Park", "State_Nm": "CO", "Agg_Src": "CNHP_PADUS4_0Easement_COMaP_Public_v20230223_CO", "GIS_Src": "Colorado Parks & Wildlife GIS - CPWParcels", "Src_Date": "2023/02/23", "GIS_Acres": 17, "Source_PAID": "", "WDPA_Cd": 0, "Pub_Access": "XA", "Access_Src": "COMaP", "Access_Dt": "2023", "GAP_Sts": "4", "GAPCdSrc": "GAP - Default", "GAPCdDt": "2024", "IUCN_Cat": "Unassigned", "IUCNCtSrc": "GAP - Default", "IUCNCtDt": "2024", "Date_Est": "", "Comments": "Land Acquisitions - Kinsella Purchase", "Term": null, "Duration": null, "d_FeatClass": "Fee", "d_Category": "Fee", "d_Own_Type": "State", "d_Own_Name": "State Fish and Wildlife", "d_Mang_Type": "State", "d_Mang_Name": "State Fish and Wildlife", "d_Des_Tp": "State Park", "d_State_Nm": "Colorado", "d_Pub_Access": "Closed", "d_GAP_Sts": "4 - no known mandate for biodiversity protection", "d_IUCN_Cat": "Unassigned", "Shape_Length": 1377.7964673484616, "Shape_Area": 67854.824890931734, "cpwParkName": "Castlewood Canyon State Park", "source": "USGS PAD-US" }, "geometry": { "type": "Polygon", "coordinates": [ [ [ -104.761082773599981, 39.34131910779999 ], [ -104.761133670500001, 39.339794613199999 ], [ -104.7646960294, 39.337462794499992 ], [ -104.762958543400003, 39.340004404999988 ], [ -104.763790215699998, 39.340845301399995 ], [ -104.761082773599981, 39.34131910779999 ] ] ] } },
{ "type": "Feature", "properties": { "FeatClass": "Fee", "Category": "Fee", "Own_Type": "STAT", "Own_Name": "SLB", "Loc_Own": "Colorado State Land Board", "Mang_Type": "STAT", "Mang_Name": "SFW", "Loc_Mang": "Colorado Parks & Wildlife", "Des_Tp": "SP", "Loc_Ds": "State Parks", "Unit_Nm": "Castlewood Canyon State Park", "Loc_Nm": "Castlewood Canyon State Park", "State_Nm": "CO", "Agg_Src": "CNHP_PADUS4_0Easement_COMaP_Public_v20230223_CO", "GIS_Src": "Colorado Parks & Wildlife GIS - CPWParcels", "Src_Date": "2015/08/04", "GIS_Acres": 30, "Source_PAID": "", "WDPA_Cd": 0, "Pub_Access": "OA", "Access_Src": "CNHP COMaP", "Access_Dt": "2016", "GAP_Sts": "4", "GAPCdSrc": "GAP - Default", "GAPCdDt": "2024", "IUCN_Cat": "Unassigned", "IUCNCtSrc": "GAP - Default", "IUCNCtDt": "2024", "Date_Est": "1996", "Comments": "Warranty deed to SLB.  Funding Partners: GOCO, SLB.", "Term": null, "Duration": null, "d_FeatClass": "Fee", "d_Category": "Fee", "d_Own_Type": "State", "d_Own_Name": "State Land Board", "d_Mang_Type": "State", "d_Mang_Name": "State Fish and Wildlife", "d_Des_Tp": "State Park", "d_State_Nm": "Colorado", "d_Pub_Access": "Open Access", "d_GAP_Sts": "4 - no known mandate for biodiversity protection", "d_IUCN_Cat": "Unassigned", "Shape_Length": 1410.0596550370101, "Shape_Area": 122421.12564408679, "cpwParkName": "Castlewood Canyon State Park", "source": "USGS PAD-US" }, "geometry": { "type": "Polygon", "coordinates": [ [ [ -104.730612498200003, 39.318581884899992 ], [ -104.734346887799987, 39.318593451799991 ], [ -104.73413251769999, 39.322130887299998 ], [ -104.730713380499992, 39.322165116599983 ], [ -104.730612498200003, 39.318581884899992 ] ] ] } },
{ "type": "Feature", "properties": { "FeatClass": "Fee", "Category": "Fee", "Own_Type": "STAT", "Own_Name": "SLB", "Loc_Own": "Colorado State Land Board", "Mang_Type": "STAT", "Mang_Name": "SFW", "Loc_Mang": "Colorado Parks & Wildlife", "Des_Tp": "SP", "Loc_Ds": "State Parks", "Unit_Nm": "Castlewood Canyon State Park", "Loc_Nm": "Castlewood Canyon State Park", "State_Nm": "CO", "Agg_Src": "CNHP_PADUS4_0Easement_COMaP_Public_v20230223_CO", "GIS_Src": "Colorado Parks & Wildlife GIS - CPWParcels", "Src_Date": "2023/02/23", "GIS_Acres": 477, "Source_PAID": "", "WDPA_Cd": 0, "Pub_Access": "OA", "Access_Src": "CNHP COMaP", "Access_Dt": "2016", "GAP_Sts": "4", "GAPCdSrc": "GAP - Default", "GAPCdDt": "2024", "IUCN_Cat": "Unassigned", "IUCNCtSrc": "GAP - Default", "IUCNCtDt": "2024", "Date_Est": "1998", "Comments": "", "Term": null, "Duration": null, "d_FeatClass": "Fee", "d_Category": "Fee", "d_Own_Type": "State", "d_Own_Name": "State Land Board", "d_Mang_Type": "State", "d_Mang_Name": "State Fish and Wildlife", "d_Des_Tp": "State Park", "d_State_Nm": "Colorado", "d_Pub_Access": "Open Access", "d_GAP_Sts": "4 - no known mandate for biodiversity protection", "d_IUCN_Cat": "Unassigned", "Shape_Length": 6019.239329382598, "Shape_Area": 1931177.0116548424, "cpwParkName": "Castlewood Canyon State Park", "source": "USGS PAD-US" }, "geometry": { "type": "Polygon", "coordinates": [ [ [ -104.734346887799987, 39.318593451799991 ], [ -104.718990576500005, 39.318582652699995 ], [ -104.7189271803, 39.3113403511 ], [ -104.7236142048, 39.311348572799993 ], [ -104.723565619999988, 39.304136081099998 ], [ -104.735527523499982, 39.304213649 ], [ -104.734346887799987, 39.318593451799991 ] ] ] } },
{ "type": "Feature", "properties": { "FeatClass": "Easement", "Category": "Easement", "Own_Type": "PVT", "Own_Name": "PVT", "Loc_Own": "Private", "Mang_Type": "STAT", "Mang_Name": "SFW", "Loc_Mang": "Colorado Parks & Wildlife", "Des_Tp": "RECE", "Loc_Ds": "State Parks", "Unit_Nm": "Castlewood Canyon State Park", "Loc_Nm": "Castlewood Canyon State Park", "State_Nm": "CO", "Agg_Src": "CNHP_PADUS4_0Easement_COMaP_Public_v20230223_CO", "GIS_Src": "Colorado Parks & Wildlife GIS - CPWParcelUpdate_2019+Control", "Src_Date": "2019/08/22", "GIS_Acres": 250, "Source_PAID": "", "WDPA_Cd": 0, "Pub_Access": "XA", "Access_Src": "COMaP", "Access_Dt": "2023", "GAP_Sts": "4", "GAPCdSrc": "GAP - Default", "GAPCdDt": "2024", "IUCN_Cat": "Unassigned", "IUCNCtSrc": "GAP - Default", "IUCNCtDt": "2024", "Date_Est": "1995", "Comments": "", "Term": null, "Duration": null, "d_FeatClass": "Easement", "d_Category": "Easement", "d_Own_Type": "Private", "d_Own_Name": "Private", "d_Mang_Type": "State", "d_Mang_Name": "State Fish and Wildlife", "d_Des_Tp": "Recreation or Education Easement", "d_State_Nm": "Colorado", "d_Pub_Access": "Closed", "d_GAP_Sts": "4 - no known mandate for biodiversity protection", "d_IUCN_Cat": "Unassigned", "Shape_Length": 4907.8353891721526, "Shape_Area": 1010158.9828127651, "cpwParkName": "Castlewood Canyon State Park", "source": "USGS PAD-US" }, "geometry": { "type": "Polygon", "coordinates": [ [ [ -104.742496675200002, 39.33764842459999 ], [ -104.751408401800006, 39.342173151200001 ], [ -104.757070228699988, 39.352966675799998 ], [ -104.755987340399997, 39.355000888900008 ], [ -104.742441044499984, 39.344226084299997 ], [ -104.742496675200002, 39.33764842459999 ] ] ] } },
{ "type": "Feature", "properties": { "FeatClass": "Easement", "Category": "Easement", "Own_Type": "STAT", "Own_Name": "SFW", "Loc_Own": "Colorado Parks & Wildlife", "Mang_Type": "STAT", "Mang_Name": "SFW", "Loc_Mang": "Colorado Parks & Wildlife", "Des_Tp": "RECE", "Loc_Ds": "State Parks", "Unit_Nm": "Castlewood Canyon State Park", "Loc_Nm": "Castlewood Canyon State Park", "State_Nm": "CO", "Agg_Src": "CNHP_PADUS4_0Easement_COMaP_Public_v20230223_CO", "GIS_Src": "Colorado Parks & Wildlife GIS - CPWParcels", "Src_Date": "2015/08/04", "GIS_Acres": 12, "Source_PAID": "", "WDPA_Cd": 0, "Pub_Access": "XA", "Access_Src": "GAP - Default", "Access_Dt": "2024", "GAP_Sts": "4", "GAPCdSrc": "GAP - Default", "GAPCdDt": "2024", "IUCN_Cat": "Unassigned", "IUCNCtSrc": "GAP - Default", "IUCNCtDt": "2024", "Date_Est": "", "Comments": "CE amended with Rec. No. 9720602 on 19970422 to modify boundary of south parcel .  Funding Partners: GOCO, Colorado State Parks, Douglas County Land Conservancy.", "Term": null, "Duration": null, "d_FeatClass": "Easement", "d_Category": "Easement", "d_Own_Type": "State", "d_Own_Name": "State Fish and Wildlife", "d_Mang_Type": "State", "d_Mang_Name": "State Fish and Wildlife", "d_Des_Tp": "Recreation or Education Easement", "d_State_Nm": "Colorado", "d_Pub_Access": "Closed", "d_GAP_Sts": "4 - no known mandate for biodiversity protection", "d_IUCN_Cat": "Unassigned", "Shape_Length": 1114.844412430579, "Shape_Area": 49090.660392891295, "cpwParkName": "Castlewood Canyon State Park", "source": "USGS PAD-US" }, "geometry": { "type": "Polygon", "coordinates": [ [ [ -104.769962111400005, 39.351373956899991 ], [ -104.767505344399993, 39.349858158499984 ], [ -104.768599116399983, 39.347153980599991 ], [ -104.769962111400005, 39.351373956899991 ] ] ] } },
{ "type": "Feature", "properties": { "FeatClass": "Easement", "Category": "Easement", "Own_Type": "STAT", "Own_Name": "SFW", "Loc_Own": "Colorado Parks & Wildlife", "Mang_Type": "STAT", "Mang_Name": "SFW", "Loc_Mang": "Colorado Parks & Wildlife", "Des_Tp": "RECE", "Loc_Ds": "State Parks", "Unit_Nm": "Castlewood Canyon State Park", "Loc_Nm": "Castlewood Canyon State Park", "State_Nm": "CO", "Agg_Src": "CNHP_PADUS4_0Easement_COMaP_Public_v20230223_CO", "GIS_Src": "Colorado Parks & Wildlife GIS - CPWParcels", "Src_Date": "2015/08/04", "GIS_Acres": 20, "Source_PAID": "", "WDPA_Cd": 0, "Pub_Access": "XA", "Access_Src": "GAP - Default", "Access_Dt": "2024", "GAP_Sts": "4", "GAPCdSrc": "GAP - Default", "GAPCdDt": "2024", "IUCN_Cat": "Unassigned", "IUCNCtSrc": "GAP - Default", "IUCNCtDt": "2024", "Date_Est": "", "Comments": "CE amended with Rec. No. 9720602 on 19970422 to modify boundary of south parcel .  Funding Partners: GOCO, Colorado State Parks, Douglas County Land Conservancy.", "Term": null, "Duration": null, "d_FeatClass": "Easement", "d_Category": "Easement", "d_Own_Type": "State", "d_Own_Name": "State Fish and Wildlife", "d_Mang_Type": "State", "d_Mang_Name": "State Fish and Wildlife", "d_Des_Tp": "Recreation or Education Easement", "d_State_Nm": "Colorado", "d_Pub_Access": "Closed", "d_GAP_Sts": "4 - no known mandate for biodiversity protection", "d_IUCN_Cat": "Unassigned", "Shape_Length": 1261.50448939891, "Shape_Area": 79132.657902178631, "cpwParkName": "Castlewood Canyon State Park", "source": "USGS PAD-US" }, "geometry": { "type": "Polygon", "coordinates": [ [ [ -104.761082842499988, 39.341363387699992 ], [ -104.762124685100005, 39.341239239299995 ], [ -104.765896974099988, 39.344068477499981 ], [ -104.761119388799997, 39.344101298199995 ], [ -104.761082842499988, 39.341363387699992 ] ] ] } },
{ "type": "Feature", "properties": { "FeatClass": "Fee", "Category": "Fee", "Own_Type": "FED", "Own_Name": "USACE", "Loc_Own": "US Army Corp of Engineers", "Mang_Type": "STAT", "Mang_Name": "SFW", "Loc_Mang": "Colorado Parks & Wildlife", "Des_Tp": "SP", "Loc_Ds": "State Parks", "Unit_Nm": "Chatfield State Park", "Loc_Nm": "Chatfield State Park", "State_Nm": "CO", "Agg_Src": "CNHP_PADUS4_0Easement_COMaP_Public_v20230223_CO", "GIS_Src": "Colorado Parks & Wildlife GIS - CPWParcels", "Src_Date": "2023/02/23", "GIS_Acres": 5845, "Source_PAID": "", "WDPA_Cd": 0, "Pub_Access": "OA", "Access_Src": "GAP - Default", "Access_Dt": "2024", "GAP_Sts": "4", "GAPCdSrc": "GAP - Default", "GAPCdDt": "2024", "IUCN_Cat": "Unassigned", "IUCNCtSrc": "GAP - Default", "IUCNCtDt": "2024", "Date_Est": "", "Comments": "", "Term": null, "Duration": null, "d_FeatClass": "Fee", "d_Category": "Fee", "d_Own_Type": "Federal", "d_Own_Name": "Army Corps of Engineers", "d_Mang_Type": "State", "d_Mang_Name": "State Fish and Wildlife", "d_Des_Tp": "State Park", "d_State_Nm": "Colorado", "d_Pub_Access": "Open Access", "d_GAP_Sts": "4 - no known mandate for biodiversity protection", "d_IUCN_Cat": "Unassigned", "Shape_Length": 37054.403207136456, "Shape_Area": 23653455.162893489, "cpwParkName": "Chatfield State Park", "source": "USGS PAD-US" }, "geometry": { "type": "MultiPolygon", "coordinates": [ [ [ [ -105.063258741599981, 39.5154154202 ], [ -105.064426320600006, 39.515415840599999 ], [ -105.064982690899981, 39.516205402499999 ], [ -105.063965382499987, 39.51620411719999 ], [ -105.063258741599981, 39.5154154202 ] ] ], [ [ [ -105.034298793699989, 39.563585587699997 ], [ -105.037123760299991, 39.562198078 ], [ -105.039890602299991, 39.563019137799998 ], [ -105.042855582499996, 39.561476072999987 ], [ -105.042711612499986, 39.558882693299992 ], [ -105.04823302, 39.561893272499994 ], [ -105.050097793999981, 39.560204217499994 ], [ -105.046083968299982, 39.557997685999986 ], [ -105.045132415200001, 39.552574719499987 ], [ -105.0409131296, 39.556705581199999 ], [ -105.04440158029999, 39.552571235799995 ], [ -105.044787349599986, 39.548661448599987 ], [ -105.040750622199994, 39.5387037502 ], [ -105.030485901299997, 39.527109624099992 ], [ -105.028412477200007, 39.521828003799996 ], [ -105.028451571299982, 39.517666443199992 ], [ -105.03022351, 39.5176629678 ], [ -105.030246424699996, 39.515878930199996 ], [ -105.026698611499995, 39.514513564199994 ], [ -105.028508832599996, 39.510391270299998 ], [ -105.030239815200005, 39.509457396599991 ], [ -105.03312176659999, 39.510242134499983 ], [ -105.036720279099981, 39.517624447399996 ], [ -105.054563967399986, 39.530126960299995 ], [ -105.068653122599983, 39.530039207299993 ], [ -105.071019015100021, 39.529013366400001 ], [ -105.068307486099997, 39.527254684600003 ], [ -105.068312384, 39.525896252 ], [ -105.071009165399985, 39.524503766199992 ], [ -105.067021619099989, 39.522993522899995 ], [ -105.068680883, 39.521066756099991 ], [ -105.068667734900004, 39.518109624899992 ], [ -105.065420932400002, 39.517138557499997 ], [ -105.064945580599996, 39.5157500603 ], [ -105.071056331899982, 39.515159660599998 ], [ -105.072459825099997, 39.512292225099991 ], [ -105.070688499199989, 39.512308219499992 ], [ -105.06957532929998, 39.507432049199991 ], [ -105.071535788399984, 39.507413829799987 ], [ -105.071898044, 39.509034886199984 ], [ -105.074131012300001, 39.509726791799991 ], [ -105.07577764909999, 39.504163594 ], [ -105.076927925699991, 39.504157810300001 ], [ -105.081517474899997, 39.497769861 ], [ -105.077945961799983, 39.492760374199996 ], [ -105.087368693200006, 39.492723327599982 ], [ -105.087377398, 39.49483681800001 ], [ -105.089782156799984, 39.494809022 ], [ -105.096718539400001, 39.4902986377 ], [ -105.096721073500007, 39.4926508207 ], [ -105.094386007599979, 39.492661539199993 ], [ -105.092108164500004, 39.495058276399995 ], [ -105.091483097399987, 39.504100481599984 ], [ -105.087686829299997, 39.51420495939999 ], [ -105.094116240600002, 39.527158313500003 ], [ -105.094672845, 39.531582135999983 ], [ -105.084686422199994, 39.552308635399996 ], [ -105.067127538500017, 39.5650079117 ], [ -105.046042213900009, 39.567394007399997 ], [ -105.034298793699989, 39.563585587699997 ] ] ] ] } },
{ "type": "Feature", "properties": { "FeatClass": "Fee", "Category": "Fee", "Own_Type": "FED", "Own_Name": "USACE", "Loc_Own": "US Army Corp of Engineers", "Mang_Type": "STAT", "Mang_Name": "SFW", "Loc_Mang": "Colorado Parks & Wildlife", "Des_Tp": "SP", "Loc_Ds": "State Parks", "Unit_Nm": "Cherry Creek State Park", "Loc_Nm": "Cherry Creek State Park", "State_Nm": "CO", "Agg_Src": "CNHP_PADUS4_0Easement_COMaP_Public_v20230223_CO", "GIS_Src": "Colorado Parks & Wildlife GIS - CPWParcels", "Src_Date": "2023/02/23", "GIS_Acres": 4388, "Source_PAID": "", "WDPA_Cd": 0, "Pub_Access": "OA", "Access_Src": "CNHP COMaP", "Access_Dt": "2016", "GAP_Sts": "4", "GAPCdSrc": "GAP - Default", "GAPCdDt": "2024", "IUCN_Cat": "Unassigned", "IUCNCtSrc": "GAP - Default", "IUCNCtDt": "2024", "Date_Est": "", "Comments": "", "Term": null, "Duration": null, "d_FeatClass": "Fee", "d_Category": "Fee", "d_Own_Type": "Federal", "d_Own_Name": "Army Corps of Engineers", "d_Mang_Type": "State", "d_Mang_Name": "State Fish and Wildlife", "d_Des_Tp": "State Park", "d_State_Nm": "Colorado", "d_Pub_Access": "Open Access", "d_GAP_Sts": "4 - no known mandate for biodiversity protection", "d_IUCN_Cat": "Unassigned", "Shape_Length": 22249.779237528717, "Shape_Area": 17758285.340517074, "cpwParkName": "Cherry Creek State Park", "source": "USGS PAD-US" }, "geometry": { "type": "Polygon", "coordinates": [ [ [ -104.840146857499988, 39.657203348799996 ], [ -104.834928679800001, 39.655384021099998 ], [ -104.832465875099984, 39.65329878 ], [ -104.829009898799995, 39.647332263300001 ], [ -104.829101500199997, 39.638668110199994 ], [ -104.832602833399989, 39.638656683299992 ], [ -104.828730987200018, 39.634681370799996 ], [ -104.82885802349999, 39.6240370712 ], [ -104.825665036, 39.620963790599987 ], [ -104.8206966666, 39.621071410600003 ], [ -104.819297337600005, 39.617381191499994 ], [ -104.810990663699982, 39.610541003999984 ], [ -104.813162391, 39.609462714899998 ], [ -104.819878144699985, 39.609484871 ], [ -104.81996483, 39.602245672399995 ], [ -104.824564305799996, 39.602279178399996 ], [ -104.824547719600005, 39.605889653599995 ], [ -104.831419068200006, 39.605935682899997 ], [ -104.831446014299985, 39.604127460900003 ], [ -104.833778948799988, 39.604148385899997 ], [ -104.833773150899987, 39.605938479400002 ], [ -104.836110258299982, 39.605947310599994 ], [ -104.836132534399994, 39.604135868099995 ], [ -104.838477233199981, 39.604148428800002 ], [ -104.838456653600005, 39.605952716899999 ], [ -104.844315459499995, 39.605972074899995 ], [ -104.847785839499991, 39.604153997599994 ], [ -104.847704678999989, 39.612301261699983 ], [ -104.851391149899982, 39.61230583119999 ], [ -104.851358767299999, 39.615033173299992 ], [ -104.854890950300003, 39.615032898800003 ], [ -104.854827235200005, 39.618676148900001 ], [ -104.859493392900006, 39.618676584799992 ], [ -104.859441174599979, 39.624125333799995 ], [ -104.871205790799991, 39.624141388399991 ], [ -104.871167402500006, 39.626865699100001 ], [ -104.875735571199982, 39.626864728699992 ], [ -104.875767393399997, 39.631391393599998 ], [ -104.877406795599981, 39.632239125 ], [ -104.871380376599987, 39.642428769299997 ], [ -104.8435008087, 39.65693869719999 ], [ -104.840146857499988, 39.657203348799996 ] ] ] } },
{ "type": "Feature", "properties": { "FeatClass": "Fee", "Category": "Fee", "Own_Type": "STAT", "Own_Name": "SFW", "Loc_Own": "Colorado Parks & Wildlife", "Mang_Type": "STAT", "Mang_Name": "SFW", "Loc_Mang": "Colorado Parks & Wildlife", "Des_Tp": "SP", "Loc_Ds": "State Parks", "Unit_Nm": "Cherry Creek State Park", "Loc_Nm": "Cherry Creek State Park", "State_Nm": "CO", "Agg_Src": "CNHP_PADUS4_0Easement_COMaP_Public_v20230223_CO", "GIS_Src": "Colorado Parks & Wildlife GIS - CPWParcels", "Src_Date": "2015/08/04", "GIS_Acres": 10, "Source_PAID": "", "WDPA_Cd": 0, "Pub_Access": "OA", "Access_Src": "CNHP COMaP", "Access_Dt": "2016", "GAP_Sts": "4", "GAPCdSrc": "GAP - Default", "GAPCdDt": "2024", "IUCN_Cat": "Unassigned", "IUCNCtSrc": "GAP - Default", "IUCNCtDt": "2024", "Date_Est": "2003", "Comments": "Funding Partners: GOCO, TPL, City of Centennial.", "Term": null, "Duration": null, "d_FeatClass": "Fee", "d_Category": "Fee", "d_Own_Type": "State", "d_Own_Name": "State Fish and Wildlife", "d_Mang_Type": "State", "d_Mang_Name": "State Fish and Wildlife", "d_Des_Tp": "State Park", "d_State_Nm": "Colorado", "d_Pub_Access": "Open Access", "d_GAP_Sts": "4 - no known mandate for biodiversity protection", "d_IUCN_Cat": "Unassigned", "Shape_Length": 981.06167390124904, "Shape_Area": 42207.025537385605, "cpwParkName": "Cherry Creek State Park", "source": "USGS PAD-US" }, "geometry": { "type": "Polygon", "coordinates": [ [ [ -104.819919760099992, 39.606177138499994 ], [ -104.815774362799985, 39.605396435800003 ], [ -104.819936946899986, 39.604244993099989 ], [ -104.819919760099992, 39.606177138499994 ] ] ] } },
{ "type": "Feature", "properties": { "FeatClass": "Fee", "Category": "Fee", "Own_Type": "STAT", "Own_Name": "SFW", "Loc_Own": "Colorado Parks & Wildlife", "Mang_Type": "STAT", "Mang_Name": "SFW", "Loc_Mang": "Colorado Parks & Wildlife", "Des_Tp": "SP", "Loc_Ds": "State Parks", "Unit_Nm": "Cherry Creek State Park", "Loc_Nm": "Cherry Creek State Park", "State_Nm": "CO", "Agg_Src": "CNHP_PADUS4_0Easement_COMaP_Public_v20230223_CO", "GIS_Src": "Colorado Parks & Wildlife GIS - CPWParcels", "Src_Date": "2023/02/23", "GIS_Acres": 20, "Source_PAID": "", "WDPA_Cd": 0, "Pub_Access": "OA", "Access_Src": "CNHP COMaP", "Access_Dt": "2016", "GAP_Sts": "4", "GAPCdSrc": "GAP - Default", "GAPCdDt": "2024", "IUCN_Cat": "Unassigned", "IUCNCtSrc": "GAP - Default", "IUCNCtDt": "2024", "Date_Est": "", "Comments": "", "Term": null, "Duration": null, "d_FeatClass": "Fee", "d_Category": "Fee", "d_Own_Type": "State", "d_Own_Name": "State Fish and Wildlife", "d_Mang_Type": "State", "d_Mang_Name": "State Fish and Wildlife", "d_Des_Tp": "State Park", "d_State_Nm": "Colorado", "d_Pub_Access": "Open Access", "d_GAP_Sts": "4 - no known mandate for biodiversity protection", "d_IUCN_Cat": "Unassigned", "Shape_Length": 1290.4731951596464, "Shape_Area": 81245.794604709663, "cpwParkName": "Cherry Creek State Park", "source": "USGS PAD-US" }, "geometry": { "type": "Polygon", "coordinates": [ [ [ -104.818073612500001, 39.609442893699985 ], [ -104.817189408399997, 39.606993742100002 ], [ -104.816796132700006, 39.605718715599998 ], [ -104.819919760099992, 39.606177138499994 ], [ -104.819878144699985, 39.609484871 ], [ -104.818073612500001, 39.609442893699985 ] ] ] } },
{ "type": "Feature", "properties": { "FeatClass": "Easement", "Category": "Easement", "Own_Type": "PVT", "Own_Name": "PVT", "Loc_Own": "Private", "Mang_Type": "STAT", "Mang_Name": "SFW", "Loc_Mang": "Colorado Parks & Wildlife", "Des_Tp": "RECE", "Loc_Ds": "State Parks", "Unit_Nm": "Cherry Creek State Park", "Loc_Nm": "Cherry Creek State Park", "State_Nm": "CO", "Agg_Src": "CNHP_PADUS4_0Easement_COMaP_Public_v20230223_CO", "GIS_Src": "Colorado Parks & Wildlife GIS - CPWParcelUpdate_2019+Control", "Src_Date": "2019/08/22", "GIS_Acres": 9, "Source_PAID": "", "WDPA_Cd": 0, "Pub_Access": "XA", "Access_Src": "COMaP", "Access_Dt": "2023", "GAP_Sts": "4", "GAPCdSrc": "GAP - Default", "GAPCdDt": "2024", "IUCN_Cat": "Unassigned", "IUCNCtSrc": "GAP - Default", "IUCNCtDt": "2024", "Date_Est": "2004", "Comments": "", "Term": null, "Duration": null, "d_FeatClass": "Easement", "d_Category": "Easement", "d_Own_Type": "Private", "d_Own_Name": "Private", "d_Mang_Type": "State", "d_Mang_Name": "State Fish and Wildlife", "d_Des_Tp": "Recreation or Education Easement", "d_State_Nm": "Colorado", "d_Pub_Access": "Closed", "d_GAP_Sts": "4 - no known mandate for biodiversity protection", "d_IUCN_Cat": "Unassigned", "Shape_Length": 1375.8412529354323, "Shape_Area": 34825.450169206531, "cpwParkName": "Cherry Creek State Park", "source": "USGS PAD-US" }, "geometry": { "type": "Polygon", "coordinates": [ [ [ -104.81195459189999, 39.60648265479999 ], [ -104.813839066999989, 39.6059517606 ], [ -104.8133438351, 39.605006302599989 ], [ -104.811677801199991, 39.605941134499993 ], [ -104.811200752800005, 39.605030669299992 ], [ -104.813757618799983, 39.604904599399987 ], [ -104.814645109099999, 39.605616574300001 ], [ -104.813767847399987, 39.606557153899999 ], [ -104.81195459189999, 39.60648265479999 ] ] ] } },
{ "type": "Feature", "properties": { "FeatClass": "Fee", "Category": "Fee", "Own_Type": "LOC", "Own_Name": "CITY", "Loc_Own": "City of Colorado Springs", "Mang_Type": "STAT", "Mang_Name": "SPR", "Loc_Mang": "Colorado State Parks", "Des_Tp": "SP", "Loc_Ds": "State Parks", "Unit_Nm": "Cheyenne Mountain", "Loc_Nm": "Cheyenne Mountain State Park", "State_Nm": "CO", "Agg_Src": "CNHP_PADUS1_3_COMaP_v9_public_mmf_gdb_CO", "GIS_Src": "Colorado State Parks - col_bou_stpark_44_polys.shp", "Src_Date": "2009/00/00", "GIS_Acres": 222, "Source_PAID": "COMaP_10223", "WDPA_Cd": 0, "Pub_Access": "OA", "Access_Src": "CNHP COMaP", "Access_Dt": "2016", "GAP_Sts": "4", "GAPCdSrc": "GAP - Default", "GAPCdDt": "2024", "IUCN_Cat": "Unassigned", "IUCNCtSrc": "GAP - Default", "IUCNCtDt": "2024", "Date_Est": "2007", "Comments": "", "Term": null, "Duration": null, "d_FeatClass": "Fee", "d_Category": "Fee", "d_Own_Type": "Local Government", "d_Own_Name": "City Land", "d_Mang_Type": "State", "d_Mang_Name": "State Park and Recreation", "d_Des_Tp": "State Park", "d_State_Nm": "Colorado", "d_Pub_Access": "Open Access", "d_GAP_Sts": "4 - no known mandate for biodiversity protection", "d_IUCN_Cat": "Unassigned", "Shape_Length": 7088.7732392872604, "Shape_Area": 899009.77680840925, "cpwParkName": "Cheyenne Mountain State Park", "source": "USGS PAD-US" }, "geometry": { "type": "MultiPolygon", "coordinates": [ [ [ [ -104.849523889799997, 38.722998988500002 ], [ -104.849476349399993, 38.715829799399998 ], [ -104.858642599600003, 38.715850339800006 ], [ -104.8587021596, 38.719470659999985 ], [ -104.854101310700003, 38.719461480100001 ], [ -104.854143080399993, 38.723082700099994 ], [ -104.849523889799997, 38.722998988500002 ] ] ], [ [ [ -104.85147147009998, 38.73750525909999 ], [ -104.851477243799991, 38.7351866964 ], [ -104.849662021599997, 38.735183098899995 ], [ -104.84964760939998, 38.733933410599995 ], [ -104.854218296200003, 38.733983904699997 ], [ -104.854173187699999, 38.727606147199999 ], [ -104.857251353399988, 38.727609946099996 ], [ -104.857235857299997, 38.735396011100001 ], [ -104.858981671, 38.735398130199989 ], [ -104.858807255800002, 38.737050603499988 ], [ -104.85147147009998, 38.73750525909999 ] ] ] ] } },
{ "type": "Feature", "properties": { "FeatClass": "Fee", "Category": "Fee", "Own_Type": "LOC", "Own_Name": "CITY", "Loc_Own": "City of Colorado Springs", "Mang_Type": "STAT", "Mang_Name": "SPR", "Loc_Mang": "Colorado State Parks", "Des_Tp": "SP", "Loc_Ds": "State Parks", "Unit_Nm": "Cheyenne Mountain", "Loc_Nm": "Cheyenne Mountain State Park", "State_Nm": "CO", "Agg_Src": "CNHP_PADUS1_3_COMaP_v9_public_mmf_gdb_CO", "GIS_Src": "Colorado State Parks - col_bou_stpark_44_polys.shp", "Src_Date": "2009/00/00", "GIS_Acres": 105, "Source_PAID": "COMaP_10608", "WDPA_Cd": 0, "Pub_Access": "OA", "Access_Src": "CNHP COMaP", "Access_Dt": "2016", "GAP_Sts": "4", "GAPCdSrc": "GAP - Default", "GAPCdDt": "2024", "IUCN_Cat": "Unassigned", "IUCNCtSrc": "GAP - Default", "IUCNCtDt": "2024", "Date_Est": "2008", "Comments": "", "Term": null, "Duration": null, "d_FeatClass": "Fee", "d_Category": "Fee", "d_Own_Type": "Local Government", "d_Own_Name": "City Land", "d_Mang_Type": "State", "d_Mang_Name": "State Park and Recreation", "d_Des_Tp": "State Park", "d_State_Nm": "Colorado", "d_Pub_Access": "Open Access", "d_GAP_Sts": "4 - no known mandate for biodiversity protection", "d_IUCN_Cat": "Unassigned", "Shape_Length": 3417.4333672160778, "Shape_Area": 425260.36053151847, "cpwParkName": "Cheyenne Mountain State Park", "source": "USGS PAD-US" }, "geometry": { "type": "Polygon", "coordinates": [ [ [ -104.854165584200004, 38.72760613749999 ], [ -104.854167400400001, 38.726712361499999 ], [ -104.864909899599994, 38.726725274299994 ], [ -104.859094534500002, 38.735398266299995 ], [ -104.857235857299997, 38.735396011100001 ], [ -104.857251353399988, 38.727609946099996 ], [ -104.854165584200004, 38.72760613749999 ] ] ] } },
{ "type": "Feature", "properties": { "FeatClass": "Fee", "Category": "Fee", "Own_Type": "LOC", "Own_Name": "CITY", "Loc_Own": "City of Colorado Springs", "Mang_Type": "STAT", "Mang_Name": "SFW", "Loc_Mang": "Colorado Parks & Wildlife", "Des_Tp": "SP", "Loc_Ds": "State Parks", "Unit_Nm": "Cheyenne Mountain State Park", "Loc_Nm": "Cheyenne Mountain State Park", "State_Nm": "CO", "Agg_Src": "CNHP_PADUS4_0Easement_COMaP_Public_v20230223_CO", "GIS_Src": "Colorado Parks & Wildlife GIS - CPWParcels", "Src_Date": "2023/02/23", "GIS_Acres": 103, "Source_PAID": "", "WDPA_Cd": 0, "Pub_Access": "OA", "Access_Src": "COMaP", "Access_Dt": "2023", "GAP_Sts": "4", "GAPCdSrc": "GAP - Default", "GAPCdDt": "2024", "IUCN_Cat": "Unassigned", "IUCNCtSrc": "GAP - Default", "IUCNCtDt": "2024", "Date_Est": "", "Comments": "", "Term": null, "Duration": null, "d_FeatClass": "Fee", "d_Category": "Fee", "d_Own_Type": "Local Government", "d_Own_Name": "City Land", "d_Mang_Type": "State", "d_Mang_Name": "State Fish and Wildlife", "d_Des_Tp": "State Park", "d_State_Nm": "Colorado", "d_Pub_Access": "Open Access", "d_GAP_Sts": "4 - no known mandate for biodiversity protection", "d_IUCN_Cat": "Unassigned", "Shape_Length": 4130.5995822728537, "Shape_Area": 417022.75248045643, "cpwParkName": "Cheyenne Mountain State Park", "source": "USGS PAD-US" }, "geometry": { "type": "MultiPolygon", "coordinates": [ [ [ [ -104.854111339900001, 38.720331031399994 ], [ -104.854795917, 38.720057452299997 ], [ -104.854802529300002, 38.720331982699996 ], [ -104.854111339900001, 38.720331031399994 ] ] ], [ [ [ -104.855857011999987, 38.720463277999983 ], [ -104.856435251, 38.719737362799982 ], [ -104.854101310700003, 38.719461480100001 ], [ -104.858700294599984, 38.719470656 ], [ -104.858727831799996, 38.720956456299994 ], [ -104.855857011999987, 38.720463277999983 ] ] ], [ [ [ -104.849565266, 38.726621280399996 ], [ -104.849524389899997, 38.723074411199995 ], [ -104.854143080399993, 38.723082700099994 ], [ -104.854125872299988, 38.721590882199997 ], [ -104.858728998, 38.722219558400006 ], [ -104.85876957169998, 38.72671801349999 ], [ -104.849565266, 38.726621280399996 ] ] ] ] } },
{ "type": "Feature", "properties": { "FeatClass": "Designation", "Category": "Other", "Own_Type": "PVT", "Own_Name": "PVT", "Loc_Own": "Local Government", "Mang_Type": "STAT", "Mang_Name": "SPR", "Loc_Mang": "Colorado State Parks", "Des_Tp": "PREC", "Loc_Ds": "Recreation or Education", "Unit_Nm": "Cheyenne Mountain State Park", "Loc_Nm": "Cheyenne Mountain State Park", "State_Nm": "CO", "Agg_Src": "TPL_PADUS1_3_Conservation_Almanac_Database_US_Nov2011_gdb", "GIS_Src": "\"COMap\" Colorado Ownership, Management, and Protection v.8", "Src_Date": "2010/07/20", "GIS_Acres": 292, "Source_PAID": "10202268", "WDPA_Cd": 0, "Pub_Access": "OA", "Access_Src": "TPL", "Access_Dt": "2016", "GAP_Sts": "4", "GAPCdSrc": "GAP - Default", "GAPCdDt": "2024", "IUCN_Cat": "Unassigned", "IUCNCtSrc": "GAP - Default", "IUCNCtDt": "2024", "Date_Est": "", "Comments": "", "Term": null, "Duration": null, "d_FeatClass": "Designation", "d_Category": "Other", "d_Own_Type": "Private", "d_Own_Name": "Private", "d_Mang_Type": "State", "d_Mang_Name": "State Park and Recreation", "d_Des_Tp": "Private Recreation or Education", "d_State_Nm": "Colorado", "d_Pub_Access": "Open Access", "d_GAP_Sts": "4 - no known mandate for biodiversity protection", "d_IUCN_Cat": "Unassigned", "Shape_Length": 9389.3799950558969, "Shape_Area": 1180029.595824111, "cpwParkName": "Cheyenne Mountain State Park", "source": "USGS PAD-US" }, "geometry": { "type": "Polygon", "coordinates": [ [ [ -104.858657677699981, 38.752062015599989 ], [ -104.860097523299999, 38.74634428169999 ], [ -104.861671952099996, 38.747110402600001 ], [ -104.863232022399998, 38.746304432799995 ], [ -104.865701176799988, 38.742447804299992 ], [ -104.864837416399993, 38.739036222699994 ], [ -104.866117571599986, 38.735438689 ], [ -104.858968652300007, 38.735372872399992 ], [ -104.864862647999985, 38.72675107629999 ], [ -104.867965068299981, 38.726774483699984 ], [ -104.867942400900006, 38.730396889399991 ], [ -104.863551644599994, 38.730363735099992 ], [ -104.863529300499991, 38.732174854799993 ], [ -104.8679310582, 38.732208092299992 ], [ -104.867578983399994, 38.752129847900001 ], [ -104.858657677699981, 38.752062015599989 ] ], [ [ -104.865733626400001, 38.747915659799993 ], [ -104.865138322299984, 38.746140107 ], [ -104.864122192799996, 38.747903482499993 ], [ -104.865733626400001, 38.747915659799993 ] ] ] } },
{ "type": "Feature", "properties": { "FeatClass": "Easement", "Category": "Easement", "Own_Type": "STAT", "Own_Name": "OTHS", "Loc_Own": "STAT", "Mang_Type": "NGO", "Mang_Name": "NGO", "Loc_Mang": "Colorado Open Lands", "Des_Tp": "CONE", "Loc_Ds": "ENV", "Unit_Nm": "Cheyenne Mountain State Park", "Loc_Nm": "Cheyenne Mountain State Park", "State_Nm": "CO", "Agg_Src": "NCED_PADUS4_0Easement_NCED_for_PADUS_07282023", "GIS_Src": "Colorado Parks & Wildlife GIS - CPWParcels", "Src_Date": "2023/06/26", "GIS_Acres": 187, "Source_PAID": "10503430", "WDPA_Cd": 0, "Pub_Access": "OA", "Access_Src": "NCED", "Access_Dt": "2023", "GAP_Sts": "4", "GAPCdSrc": "NCED", "GAPCdDt": "2023", "IUCN_Cat": "Unassigned", "IUCNCtSrc": "GAP - Default", "IUCNCtDt": "2024", "Date_Est": "2009", "Comments": "State Parks", "Term": 0, "Duration": "PERM", "d_FeatClass": "Easement", "d_Category": "Easement", "d_Own_Type": "State", "d_Own_Name": "Other or Unknown State Land", "d_Mang_Type": "Non-Governmental Organization", "d_Mang_Name": "Non-Governmental Organization", "d_Des_Tp": "Conservation Easement", "d_State_Nm": "Colorado", "d_Pub_Access": "Open Access", "d_GAP_Sts": "4 - no known mandate for biodiversity protection", "d_IUCN_Cat": "Unassigned", "Shape_Length": 5828.3360046426642, "Shape_Area": 755266.69066098542, "cpwParkName": "Cheyenne Mountain State Park", "source": "USGS PAD-US" }, "geometry": { "type": "Polygon", "coordinates": [ [ [ -104.858660732899992, 38.752080983599988 ], [ -104.858704758399995, 38.748533245200001 ], [ -104.860100577500006, 38.746363249799984 ], [ -104.861675007900004, 38.7471293706 ], [ -104.864037790799998, 38.745277527299983 ], [ -104.8659277366, 38.741753751600001 ], [ -104.864840470600001, 38.73905519249999 ], [ -104.866120627100003, 38.7354576587 ], [ -104.867913841899991, 38.735466516 ], [ -104.867582041999981, 38.752148814799995 ], [ -104.858660732899992, 38.752080983599988 ] ], [ [ -104.865736682100021, 38.747934627799992 ], [ -104.865141376599979, 38.746159075 ], [ -104.864125248099981, 38.747922450499992 ], [ -104.865736682100021, 38.747934627799992 ] ] ] } },
{ "type": "Feature", "properties": { "FeatClass": "Easement", "Category": "Easement", "Own_Type": "STAT", "Own_Name": "OTHS", "Loc_Own": "STAT", "Mang_Type": "NGO", "Mang_Name": "NGO", "Loc_Mang": "Colorado Open Lands", "Des_Tp": "CONE", "Loc_Ds": "ENV", "Unit_Nm": "Cheyenne Mountain State Park", "Loc_Nm": "Cheyenne Mountain State Park", "State_Nm": "CO", "Agg_Src": "NCED_PADUS4_0Easement_NCED_for_PADUS_07282023", "GIS_Src": "Colorado Parks & Wildlife GIS - CPWParcels", "Src_Date": "2023/06/26", "GIS_Acres": 79, "Source_PAID": "10503431", "WDPA_Cd": 0, "Pub_Access": "OA", "Access_Src": "NCED", "Access_Dt": "2023", "GAP_Sts": "4", "GAPCdSrc": "NCED", "GAPCdDt": "2023", "IUCN_Cat": "Unassigned", "IUCNCtSrc": "GAP - Default", "IUCNCtDt": "2024", "Date_Est": "2008", "Comments": "State Parks", "Term": 0, "Duration": "PERM", "d_FeatClass": "Easement", "d_Category": "Easement", "d_Own_Type": "State", "d_Own_Name": "Other or Unknown State Land", "d_Mang_Type": "Non-Governmental Organization", "d_Mang_Name": "Non-Governmental Organization", "d_Des_Tp": "Conservation Easement", "d_State_Nm": "Colorado", "d_Pub_Access": "Open Access", "d_GAP_Sts": "4 - no known mandate for biodiversity protection", "d_IUCN_Cat": "Unassigned", "Shape_Length": 2965.9149433010148, "Shape_Area": 319632.04073070409, "cpwParkName": "Cheyenne Mountain State Park", "source": "USGS PAD-US" }, "geometry": { "type": "Polygon", "coordinates": [ [ [ -104.858799043499985, 38.735449044599996 ], [ -104.866120627100003, 38.7354576587 ], [ -104.864837525699997, 38.740617754 ], [ -104.860630314199994, 38.744410905799995 ], [ -104.860644615199988, 38.737052570299994 ], [ -104.858797289399988, 38.737044315699983 ], [ -104.858799043499985, 38.735449044599996 ] ] ] } },
{ "type": "Feature", "properties": { "FeatClass": "Easement", "Category": "Easement", "Own_Type": "STAT", "Own_Name": "OTHS", "Loc_Own": "STAT", "Mang_Type": "NGO", "Mang_Name": "NGO", "Loc_Mang": "Colorado Open Lands", "Des_Tp": "UNKE", "Loc_Ds": "UNK", "Unit_Nm": "Cheyenne Mountain State Park", "Loc_Nm": "Cheyenne Mountain State Park", "State_Nm": "CO", "Agg_Src": "NCED_PADUS4_0Easement_NCED_for_PADUS_07282023", "GIS_Src": "Colorado Parks & Wildlife GIS - CPWParcels", "Src_Date": "2020/07/29", "GIS_Acres": 104, "Source_PAID": "1065105", "WDPA_Cd": 0, "Pub_Access": "OA", "Access_Src": "NCED", "Access_Dt": "2023", "GAP_Sts": "4", "GAPCdSrc": "NCED", "GAPCdDt": "2023", "IUCN_Cat": "Unassigned", "IUCNCtSrc": "GAP - Default", "IUCNCtDt": "2024", "Date_Est": "2015", "Comments": " ", "Term": 0, "Duration": "PERM", "d_FeatClass": "Easement", "d_Category": "Easement", "d_Own_Type": "State", "d_Own_Name": "Other or Unknown State Land", "d_Mang_Type": "Non-Governmental Organization", "d_Mang_Name": "Non-Governmental Organization", "d_Des_Tp": "Unknown Easement", "d_State_Nm": "Colorado", "d_Pub_Access": "Open Access", "d_GAP_Sts": "4 - no known mandate for biodiversity protection", "d_IUCN_Cat": "Unassigned", "Shape_Length": 3662.6971054746082, "Shape_Area": 419851.43952772085, "cpwParkName": "Cheyenne Mountain State Park", "source": "USGS PAD-US" }, "geometry": { "type": "Polygon", "coordinates": [ [ [ -104.854251234799989, 38.737105751 ], [ -104.857407910399999, 38.736929822 ], [ -104.857314693599989, 38.743080695899991 ], [ -104.8539859296, 38.748414767899995 ], [ -104.849598253799982, 38.748409204099993 ], [ -104.849605859799979, 38.744783474499982 ], [ -104.85423653769999, 38.744336111299987 ], [ -104.854251234799989, 38.737105751 ] ] ] } },
{ "type": "Feature", "properties": { "FeatClass": "Easement", "Category": "Easement", "Own_Type": "STAT", "Own_Name": "OTHS", "Loc_Own": "STAT", "Mang_Type": "NGO", "Mang_Name": "NGO", "Loc_Mang": "Colorado Open Lands", "Des_Tp": "UNKE", "Loc_Ds": "UNK", "Unit_Nm": "Cheyenne Mountain State Park", "Loc_Nm": "Cheyenne Mountain State Park", "State_Nm": "CO", "Agg_Src": "NCED_PADUS4_0Easement_NCED_for_PADUS_07282023", "GIS_Src": "Colorado Parks & Wildlife GIS - CPWParcels", "Src_Date": "2020/07/29", "GIS_Acres": 105, "Source_PAID": "1065106", "WDPA_Cd": 0, "Pub_Access": "OA", "Access_Src": "NCED", "Access_Dt": "2023", "GAP_Sts": "4", "GAPCdSrc": "NCED", "GAPCdDt": "2023", "IUCN_Cat": "Unassigned", "IUCNCtSrc": "GAP - Default", "IUCNCtDt": "2024", "Date_Est": "2015", "Comments": " ", "Term": 0, "Duration": "PERM", "d_FeatClass": "Easement", "d_Category": "Easement", "d_Own_Type": "State", "d_Own_Name": "Other or Unknown State Land", "d_Mang_Type": "Non-Governmental Organization", "d_Mang_Name": "Non-Governmental Organization", "d_Des_Tp": "Unknown Easement", "d_State_Nm": "Colorado", "d_Pub_Access": "Open Access", "d_GAP_Sts": "4 - no known mandate for biodiversity protection", "d_IUCN_Cat": "Unassigned", "Shape_Length": 3386.7247805303009, "Shape_Area": 424100.09115467704, "cpwParkName": "Cheyenne Mountain State Park", "source": "USGS PAD-US" }, "geometry": { "type": "Polygon", "coordinates": [ [ [ -104.857314693599989, 38.743080695899991 ], [ -104.857358910100004, 38.737037868399995 ], [ -104.860644615199988, 38.737052570299994 ], [ -104.860246314400001, 38.746177920899996 ], [ -104.8587480005, 38.748533438300001 ], [ -104.853925399299996, 38.748511753399988 ], [ -104.857314693599989, 38.743080695899991 ] ] ] } },
{ "type": "Feature", "properties": { "FeatClass": "Easement", "Category": "Easement", "Own_Type": "STAT", "Own_Name": "OTHS", "Loc_Own": "STAT", "Mang_Type": "STAT", "Mang_Name": "SPR", "Loc_Mang": "Colorado State Parks", "Des_Tp": "RECE", "Loc_Ds": "REC", "Unit_Nm": "Cheyenne Mountain State Park", "Loc_Nm": "Cheyenne Mountain State Park", "State_Nm": "CO", "Agg_Src": "NCED_PADUS4_0Easement_NCED_for_PADUS_07282023", "GIS_Src": "Black Canyon Regional Land Trust", "Src_Date": "2010/08/09", "GIS_Acres": 643, "Source_PAID": "82342", "WDPA_Cd": 0, "Pub_Access": "OA", "Access_Src": "NCED", "Access_Dt": "2023", "GAP_Sts": "4", "GAPCdSrc": "NCED", "GAPCdDt": "2023", "IUCN_Cat": "Unassigned", "IUCNCtSrc": "GAP - Default", "IUCNCtDt": "2024", "Date_Est": "2000", "Comments": "", "Term": 0, "Duration": "PERM", "d_FeatClass": "Easement", "d_Category": "Easement", "d_Own_Type": "State", "d_Own_Name": "Other or Unknown State Land", "d_Mang_Type": "State", "d_Mang_Name": "State Park and Recreation", "d_Des_Tp": "Recreation or Education Easement", "d_State_Nm": "Colorado", "d_Pub_Access": "Open Access", "d_GAP_Sts": "4 - no known mandate for biodiversity protection", "d_IUCN_Cat": "Unassigned", "Shape_Length": 13550.99777228835, "Shape_Area": 2600923.4748925306, "cpwParkName": "Cheyenne Mountain State Park", "source": "USGS PAD-US" }, "geometry": { "type": "Polygon", "coordinates": [ [ [ -104.840299457399993, 38.734804236599999 ], [ -104.8414387049, 38.723124661199996 ], [ -104.830800295499984, 38.723170640399999 ], [ -104.82463006, 38.71951907479999 ], [ -104.819012130600001, 38.720572931399985 ], [ -104.821442811199987, 38.716760115599996 ], [ -104.820136466199983, 38.715743653899992 ], [ -104.830661226399997, 38.715907724299996 ], [ -104.830767346599984, 38.721355743699995 ], [ -104.840010521099998, 38.721264616499994 ], [ -104.839959823899989, 38.715825485400003 ], [ -104.849466350900002, 38.715823590499987 ], [ -104.849555486900002, 38.726634370100001 ], [ -104.854157464500005, 38.726704765699985 ], [ -104.854208321599984, 38.733977657499985 ], [ -104.849562996100005, 38.733896004299993 ], [ -104.849655639700003, 38.7302571042 ], [ -104.844805125799994, 38.7303024685 ], [ -104.84488106649998, 38.735385699899993 ], [ -104.843168574399982, 38.737113858699999 ], [ -104.836442334099999, 38.737641802799999 ], [ -104.840299457399993, 38.734804236599999 ] ] ] } },
{ "type": "Feature", "properties": { "FeatClass": "Easement", "Category": "Easement", "Own_Type": "STAT", "Own_Name": "OTHS", "Loc_Own": "STAT", "Mang_Type": "STAT", "Mang_Name": "SPR", "Loc_Mang": "Colorado State Parks", "Des_Tp": "RECE", "Loc_Ds": "REC", "Unit_Nm": "Cheyenne Mountain State Park", "Loc_Nm": "Cheyenne Mountain State Park", "State_Nm": "CO", "Agg_Src": "NCED_PADUS4_0Easement_NCED_for_PADUS_07282023", "GIS_Src": "Boulder County GIS Department", "Src_Date": "2010/08/09", "GIS_Acres": 1034, "Source_PAID": "23387", "WDPA_Cd": 0, "Pub_Access": "OA", "Access_Src": "NCED", "Access_Dt": "2023", "GAP_Sts": "4", "GAPCdSrc": "NCED", "GAPCdDt": "2023", "IUCN_Cat": "Unassigned", "IUCNCtSrc": "GAP - Default", "IUCNCtDt": "2024", "Date_Est": "2000", "Comments": "", "Term": 0, "Duration": "PERM", "d_FeatClass": "Easement", "d_Category": "Easement", "d_Own_Type": "State", "d_Own_Name": "Other or Unknown State Land", "d_Mang_Type": "State", "d_Mang_Name": "State Park and Recreation", "d_Des_Tp": "Recreation or Education Easement", "d_State_Nm": "Colorado", "d_Pub_Access": "Open Access", "d_GAP_Sts": "4 - no known mandate for biodiversity protection", "d_IUCN_Cat": "Unassigned", "Shape_Length": 10014.515280385565, "Shape_Area": 4182786.2974230195, "cpwParkName": "Cheyenne Mountain State Park", "source": "USGS PAD-US" }, "geometry": { "type": "Polygon", "coordinates": [ [ [ -104.819012130600001, 38.720572931399985 ], [ -104.82463006, 38.71951907479999 ], [ -104.830800295499984, 38.723170640399999 ], [ -104.8414387049, 38.723124661199996 ], [ -104.841503971700007, 38.726693959400002 ], [ -104.840136334500002, 38.726702846899983 ], [ -104.840299457399993, 38.734804236599999 ], [ -104.836442334099999, 38.737641802799999 ], [ -104.831016546100003, 38.737684612699994 ], [ -104.831095999, 38.742260466499992 ], [ -104.828965932299994, 38.743362568599998 ], [ -104.827694592100002, 38.742032711899995 ], [ -104.820558850099999, 38.742684931899994 ], [ -104.814856757499996, 38.74007660609999 ], [ -104.819026825999984, 38.737501537299991 ], [ -104.8165831986, 38.73517488209999 ], [ -104.809558346899991, 38.735145939399992 ], [ -104.817363853, 38.729959124 ], [ -104.819074153499997, 38.726055863399999 ], [ -104.819012130600001, 38.720572931399985 ] ] ] } },
{ "type": "Feature", "properties": { "FeatClass": "Easement", "Category": "Easement", "Own_Type": "LOC", "Own_Name": "CITY", "Loc_Own": "City of Colorado Springs", "Mang_Type": "STAT", "Mang_Name": "SFW", "Loc_Mang": "Colorado Parks & Wildlife", "Des_Tp": "RECE", "Loc_Ds": "State Parks", "Unit_Nm": "Cheyenne Mountain State Park", "Loc_Nm": "Cheyenne Mountain State Park", "State_Nm": "CO", "Agg_Src": "CNHP_PADUS4_0Easement_COMaP_Public_v20230223_CO", "GIS_Src": "Colorado Parks & Wildlife GIS - CPWParcels", "Src_Date": "2015/08/04", "GIS_Acres": 119, "Source_PAID": "", "WDPA_Cd": 0, "Pub_Access": "OA", "Access_Src": "COMaP", "Access_Dt": "2023", "GAP_Sts": "4", "GAPCdSrc": "GAP - Default", "GAPCdDt": "2024", "IUCN_Cat": "Unassigned", "IUCNCtSrc": "GAP - Default", "IUCNCtDt": "2024", "Date_Est": "2007", "Comments": "", "Term": null, "Duration": null, "d_FeatClass": "Easement", "d_Category": "Easement", "d_Own_Type": "Local Government", "d_Own_Name": "City Land", "d_Mang_Type": "State", "d_Mang_Name": "State Fish and Wildlife", "d_Des_Tp": "Recreation or Education Easement", "d_State_Nm": "Colorado", "d_Pub_Access": "Open Access", "d_GAP_Sts": "4 - no known mandate for biodiversity protection", "d_IUCN_Cat": "Unassigned", "Shape_Length": 3207.396144649992, "Shape_Area": 482261.85592353839, "cpwParkName": "Cheyenne Mountain State Park", "source": "USGS PAD-US" }, "geometry": { "type": "Polygon", "coordinates": [ [ [ -104.849524389899997, 38.723074411199995 ], [ -104.849476349399993, 38.715829799399998 ], [ -104.858642599600003, 38.715850339800006 ], [ -104.8587021596, 38.719470659999985 ], [ -104.854101310700003, 38.719461480100001 ], [ -104.854143080399993, 38.723082700099994 ], [ -104.849524389899997, 38.723074411199995 ] ] ] } },
{ "type": "Feature", "properties": { "FeatClass": "Easement", "Category": "Easement", "Own_Type": "LOC", "Own_Name": "CITY", "Loc_Own": "City of Colorado Springs", "Mang_Type": "STAT", "Mang_Name": "SFW", "Loc_Mang": "Colorado Parks & Wildlife", "Des_Tp": "RECE", "Loc_Ds": "State Parks", "Unit_Nm": "Cheyenne Mountain State Park", "Loc_Nm": "Cheyenne Mountain State Park", "State_Nm": "CO", "Agg_Src": "CNHP_PADUS4_0Easement_COMaP_Public_v20230223_CO", "GIS_Src": "Colorado Parks & Wildlife GIS - CPWParcels", "Src_Date": "2015/08/04", "GIS_Acres": 103, "Source_PAID": "", "WDPA_Cd": 0, "Pub_Access": "XA", "Access_Src": "GAP - Default", "Access_Dt": "2024", "GAP_Sts": "4", "GAPCdSrc": "GAP - Default", "GAPCdDt": "2024", "IUCN_Cat": "Unassigned", "IUCNCtSrc": "GAP - Default", "IUCNCtDt": "2024", "Date_Est": "", "Comments": "", "Term": null, "Duration": null, "d_FeatClass": "Easement", "d_Category": "Easement", "d_Own_Type": "Local Government", "d_Own_Name": "City Land", "d_Mang_Type": "State", "d_Mang_Name": "State Fish and Wildlife", "d_Des_Tp": "Recreation or Education Easement", "d_State_Nm": "Colorado", "d_Pub_Access": "Closed", "d_GAP_Sts": "4 - no known mandate for biodiversity protection", "d_IUCN_Cat": "Unassigned", "Shape_Length": 3881.3770946309364, "Shape_Area": 416747.91440085531, "cpwParkName": "Cheyenne Mountain State Park", "source": "USGS PAD-US" }, "geometry": { "type": "Polygon", "coordinates": [ [ [ -104.851471378100001, 38.737541980799996 ], [ -104.851477243799991, 38.7351866964 ], [ -104.849662021599997, 38.735183098899995 ], [ -104.84964760939998, 38.733933410599995 ], [ -104.854218296200003, 38.733983904699997 ], [ -104.854173187699999, 38.727606147199999 ], [ -104.857251353399988, 38.727609946099996 ], [ -104.857235857299997, 38.735396011100001 ], [ -104.858981671, 38.735398130199989 ], [ -104.858807255800002, 38.737050603499988 ], [ -104.851471378100001, 38.737541980799996 ] ] ] } },
{ "type": "Feature", "properties": { "FeatClass": "Easement", "Category": "Easement", "Own_Type": "LOC", "Own_Name": "CITY", "Loc_Own": "City of Colorado Springs", "Mang_Type": "STAT", "Mang_Name": "SFW", "Loc_Mang": "Colorado Parks & Wildlife", "Des_Tp": "RECE", "Loc_Ds": "State Parks", "Unit_Nm": "Cheyenne Mountain State Park", "Loc_Nm": "Cheyenne Mountain State Park", "State_Nm": "CO", "Agg_Src": "CNHP_PADUS4_0Easement_COMaP_Public_v20230223_CO", "GIS_Src": "Colorado Parks & Wildlife GIS - CPWParcels", "Src_Date": "2015/08/04", "GIS_Acres": 626, "Source_PAID": "", "WDPA_Cd": 0, "Pub_Access": "XA", "Access_Src": "GAP - Default", "Access_Dt": "2024", "GAP_Sts": "4", "GAPCdSrc": "GAP - Default", "GAPCdDt": "2024", "IUCN_Cat": "Unassigned", "IUCNCtSrc": "GAP - Default", "IUCNCtDt": "2024", "Date_Est": "", "Comments": "Formerly held by Colorado Open Lands", "Term": null, "Duration": null, "d_FeatClass": "Easement", "d_Category": "Easement", "d_Own_Type": "Local Government", "d_Own_Name": "City Land", "d_Mang_Type": "State", "d_Mang_Name": "State Fish and Wildlife", "d_Des_Tp": "Recreation or Education Easement", "d_State_Nm": "Colorado", "d_Pub_Access": "Closed", "d_GAP_Sts": "4 - no known mandate for biodiversity protection", "d_IUCN_Cat": "Unassigned", "Shape_Length": 13134.321093940667, "Shape_Area": 2533899.4922003904, "cpwParkName": "Cheyenne Mountain State Park", "source": "USGS PAD-US" }, "geometry": { "type": "Polygon", "coordinates": [ [ [ -104.830810272199983, 38.723176906199996 ], [ -104.820908943600003, 38.717641495400002 ], [ -104.821440630699996, 38.716509514 ], [ -104.820104705, 38.71571701269999 ], [ -104.830671233100006, 38.7159140443 ], [ -104.83077733479999, 38.721362039899994 ], [ -104.84004796, 38.721270042800008 ], [ -104.839969804800006, 38.715831806499992 ], [ -104.849476349399993, 38.715829799399998 ], [ -104.849565488999986, 38.726640625500004 ], [ -104.854167400400001, 38.726712361499999 ], [ -104.854218296200003, 38.733983904699997 ], [ -104.84964760939998, 38.733933410599995 ], [ -104.849665604500004, 38.730263412499994 ], [ -104.844815045999979, 38.730308720299995 ], [ -104.844891840200006, 38.735429431500002 ], [ -104.843213872100009, 38.737095308199997 ], [ -104.836452308099993, 38.737648131199997 ], [ -104.840309426199994, 38.734810531799994 ], [ -104.840146246200007, 38.726709151499996 ], [ -104.841513967699996, 38.726700256199997 ], [ -104.841448717099993, 38.72313091369999 ], [ -104.830810272199983, 38.723176906199996 ] ] ] } },
{ "type": "Feature", "properties": { "FeatClass": "Easement", "Category": "Easement", "Own_Type": "LOC", "Own_Name": "CITY", "Loc_Own": "City of Colorado Springs", "Mang_Type": "STAT", "Mang_Name": "SFW", "Loc_Mang": "Colorado Parks & Wildlife", "Des_Tp": "RECE", "Loc_Ds": "State Parks", "Unit_Nm": "Cheyenne Mountain State Park", "Loc_Nm": "Cheyenne Mountain State Park", "State_Nm": "CO", "Agg_Src": "CNHP_PADUS4_0Easement_COMaP_Public_v20230223_CO", "GIS_Src": "Colorado Parks & Wildlife GIS - CPWParcels", "Src_Date": "2015/08/04", "GIS_Acres": 105, "Source_PAID": "", "WDPA_Cd": 0, "Pub_Access": "XA", "Access_Src": "GAP - Default", "Access_Dt": "2024", "GAP_Sts": "4", "GAPCdSrc": "GAP - Default", "GAPCdDt": "2024", "IUCN_Cat": "Unassigned", "IUCNCtSrc": "GAP - Default", "IUCNCtDt": "2024", "Date_Est": "2008", "Comments": "", "Term": null, "Duration": null, "d_FeatClass": "Easement", "d_Category": "Easement", "d_Own_Type": "Local Government", "d_Own_Name": "City Land", "d_Mang_Type": "State", "d_Mang_Name": "State Fish and Wildlife", "d_Des_Tp": "Recreation or Education Easement", "d_State_Nm": "Colorado", "d_Pub_Access": "Closed", "d_GAP_Sts": "4 - no known mandate for biodiversity protection", "d_IUCN_Cat": "Unassigned", "Shape_Length": 3417.4333672151815, "Shape_Area": 425260.36758744187, "cpwParkName": "Cheyenne Mountain State Park", "source": "USGS PAD-US" }, "geometry": { "type": "Polygon", "coordinates": [ [ [ -104.854173187699999, 38.727606147199999 ], [ -104.854167400400001, 38.726712361499999 ], [ -104.864909899599994, 38.726725274299994 ], [ -104.859094534500002, 38.735398266299995 ], [ -104.857235857299997, 38.735396011100001 ], [ -104.857251353399988, 38.727609946099996 ], [ -104.854173187699999, 38.727606147199999 ] ] ] } },
{ "type": "Feature", "properties": { "FeatClass": "Easement", "Category": "Easement", "Own_Type": "LOC", "Own_Name": "CITY", "Loc_Own": "City of Colorado Springs", "Mang_Type": "STAT", "Mang_Name": "SFW", "Loc_Mang": "Colorado Parks & Wildlife", "Des_Tp": "RECE", "Loc_Ds": "State Parks", "Unit_Nm": "Cheyenne Mountain State Park", "Loc_Nm": "Cheyenne Mountain State Park", "State_Nm": "CO", "Agg_Src": "CNHP_PADUS4_0Easement_COMaP_Public_v20230223_CO", "GIS_Src": "Colorado Parks & Wildlife GIS - CPWParcels", "Src_Date": "2023/02/23", "GIS_Acres": 105, "Source_PAID": "", "WDPA_Cd": 0, "Pub_Access": "XA", "Access_Src": "GAP - Default", "Access_Dt": "2024", "GAP_Sts": "4", "GAPCdSrc": "GAP - Default", "GAPCdDt": "2024", "IUCN_Cat": "Unassigned", "IUCNCtSrc": "GAP - Default", "IUCNCtDt": "2024", "Date_Est": "", "Comments": "", "Term": null, "Duration": null, "d_FeatClass": "Easement", "d_Category": "Easement", "d_Own_Type": "Local Government", "d_Own_Name": "City Land", "d_Mang_Type": "State", "d_Mang_Name": "State Fish and Wildlife", "d_Des_Tp": "Recreation or Education Easement", "d_State_Nm": "Colorado", "d_Pub_Access": "Closed", "d_GAP_Sts": "4 - no known mandate for biodiversity protection", "d_IUCN_Cat": "Unassigned", "Shape_Length": 3869.8925242340588, "Shape_Area": 424762.78399317584, "cpwParkName": "Cheyenne Mountain State Park", "source": "USGS PAD-US" }, "geometry": { "type": "Polygon", "coordinates": [ [ [ -104.867923808900002, 38.735472803099988 ], [ -104.858981671, 38.735398130199989 ], [ -104.864875668400003, 38.726776333299995 ], [ -104.86797809319998, 38.726799740199986 ], [ -104.86795542889999, 38.730422146599985 ], [ -104.863564665200002, 38.730388992200005 ], [ -104.863542320199997, 38.732200112 ], [ -104.867944078299999, 38.732233349200001 ], [ -104.867923808900002, 38.735472803099988 ] ] ] } },
{ "type": "Feature", "properties": { "FeatClass": "Easement", "Category": "Easement", "Own_Type": "STAT", "Own_Name": "SFW", "Loc_Own": "Colorado Parks & Wildlife", "Mang_Type": "STAT", "Mang_Name": "SFW", "Loc_Mang": "Colorado Parks & Wildlife", "Des_Tp": "RECE", "Loc_Ds": "State Parks", "Unit_Nm": "Cheyenne Mountain State Park", "Loc_Nm": "Cheyenne Mountain State Park", "State_Nm": "CO", "Agg_Src": "CNHP_PADUS4_0Easement_COMaP_Public_v20230223_CO", "GIS_Src": "Colorado Parks & Wildlife GIS - CPWParcels", "Src_Date": "2015/08/04", "GIS_Acres": 1056, "Source_PAID": "", "WDPA_Cd": 0, "Pub_Access": "XA", "Access_Src": "GAP - Default", "Access_Dt": "2024", "GAP_Sts": "4", "GAPCdSrc": "GAP - Default", "GAPCdDt": "2024", "IUCN_Cat": "Unassigned", "IUCNCtSrc": "GAP - Default", "IUCNCtDt": "2024", "Date_Est": "", "Comments": "Funding Partners: GOCO, Colorado State Parks.", "Term": null, "Duration": null, "d_FeatClass": "Easement", "d_Category": "Easement", "d_Own_Type": "State", "d_Own_Name": "State Fish and Wildlife", "d_Mang_Type": "State", "d_Mang_Name": "State Fish and Wildlife", "d_Des_Tp": "Recreation or Education Easement", "d_State_Nm": "Colorado", "d_Pub_Access": "Closed", "d_GAP_Sts": "4 - no known mandate for biodiversity protection", "d_IUCN_Cat": "Unassigned", "Shape_Length": 10371.907137044507, "Shape_Area": 4273254.1368992208, "cpwParkName": "Cheyenne Mountain State Park", "source": "USGS PAD-US" }, "geometry": { "type": "Polygon", "coordinates": [ [ [ -104.828975934499979, 38.743368898299984 ], [ -104.827704558299985, 38.742039007400003 ], [ -104.820568771099985, 38.742691225 ], [ -104.814866722399998, 38.740082902700003 ], [ -104.81903675869998, 38.737507857399983 ], [ -104.816673810099999, 38.735339974499986 ], [ -104.809193271799984, 38.735349660199986 ], [ -104.81716949150001, 38.730165983399985 ], [ -104.819075421199997, 38.726117096899991 ], [ -104.8188957988, 38.72085883159999 ], [ -104.820908943600003, 38.717641495400002 ], [ -104.830810272199983, 38.723176906199996 ], [ -104.841448717099993, 38.72313091369999 ], [ -104.841513967699996, 38.726700256199997 ], [ -104.840146246200007, 38.726709151499996 ], [ -104.840309426199994, 38.734810531799994 ], [ -104.836452308099993, 38.737648131199997 ], [ -104.831026477399988, 38.737690940100002 ], [ -104.831106015, 38.742266745699993 ], [ -104.828975934499979, 38.743368898299984 ] ] ] } },
{ "type": "Feature", "properties": { "FeatClass": "Easement", "Category": "Easement", "Own_Type": "STAT", "Own_Name": "SFW", "Loc_Own": "Colorado Parks & Wildlife", "Mang_Type": "STAT", "Mang_Name": "SFW", "Loc_Mang": "Colorado Parks & Wildlife", "Des_Tp": "RECE", "Loc_Ds": "State Parks", "Unit_Nm": "Cheyenne Mountain State Park", "Loc_Nm": "Cheyenne Mountain State Park", "State_Nm": "CO", "Agg_Src": "CNHP_PADUS4_0Easement_COMaP_Public_v20230223_CO", "GIS_Src": "Colorado Parks & Wildlife GIS - CPWParcels", "Src_Date": "2023/02/23", "GIS_Acres": 187, "Source_PAID": "", "WDPA_Cd": 0, "Pub_Access": "XA", "Access_Src": "GAP - Default", "Access_Dt": "2024", "GAP_Sts": "4", "GAPCdSrc": "GAP - Default", "GAPCdDt": "2024", "IUCN_Cat": "Unassigned", "IUCNCtSrc": "GAP - Default", "IUCNCtDt": "2024", "Date_Est": "", "Comments": "", "Term": null, "Duration": null, "d_FeatClass": "Easement", "d_Category": "Easement", "d_Own_Type": "State", "d_Own_Name": "State Fish and Wildlife", "d_Mang_Type": "State", "d_Mang_Name": "State Fish and Wildlife", "d_Des_Tp": "Recreation or Education Easement", "d_State_Nm": "Colorado", "d_Pub_Access": "Closed", "d_GAP_Sts": "4 - no known mandate for biodiversity protection", "d_IUCN_Cat": "Unassigned", "Shape_Length": 5828.3365995815111, "Shape_Area": 755266.93636868161, "cpwParkName": "Cheyenne Mountain State Park", "source": "USGS PAD-US" }, "geometry": { "type": "Polygon", "coordinates": [ [ [ -104.858670699299992, 38.752087273400001 ], [ -104.858714725499993, 38.748539534899983 ], [ -104.860110544400001, 38.746369539399993 ], [ -104.861684974999989, 38.74713566 ], [ -104.86404775779998, 38.745283816499992 ], [ -104.865937704299981, 38.741760038800003 ], [ -104.86485043899998, 38.739061479699991 ], [ -104.866130593899982, 38.735463945899987 ], [ -104.867923808900002, 38.735472803099988 ], [ -104.867592012699987, 38.752155104499991 ], [ -104.858670699299992, 38.752087273400001 ] ], [ [ -104.865746650899979, 38.74794091679999 ], [ -104.865151345, 38.746165364099994 ], [ -104.864135216700006, 38.747928739699994 ], [ -104.865746650899979, 38.74794091679999 ] ] ] } },
{ "type": "Feature", "properties": { "FeatClass": "Easement", "Category": "Easement", "Own_Type": "STAT", "Own_Name": "SLB", "Loc_Own": "Colorado State Land Board", "Mang_Type": "STAT", "Mang_Name": "SFW", "Loc_Mang": "Colorado Parks & Wildlife", "Des_Tp": "RECE", "Loc_Ds": "State Parks", "Unit_Nm": "Cheyenne Mountain State Park", "Loc_Nm": "Cheyenne Mountain State Park", "State_Nm": "CO", "Agg_Src": "CNHP_PADUS4_0Easement_COMaP_Public_v20230223_CO", "GIS_Src": "Colorado Parks & Wildlife GIS - CPWParcels", "Src_Date": "2015/08/04", "GIS_Acres": 79, "Source_PAID": "", "WDPA_Cd": 0, "Pub_Access": "XA", "Access_Src": "GAP - Default", "Access_Dt": "2024", "GAP_Sts": "4", "GAPCdSrc": "GAP - Default", "GAPCdDt": "2024", "IUCN_Cat": "Unassigned", "IUCNCtSrc": "GAP - Default", "IUCNCtDt": "2024", "Date_Est": "", "Comments": "", "Term": null, "Duration": null, "d_FeatClass": "Easement", "d_Category": "Easement", "d_Own_Type": "State", "d_Own_Name": "State Land Board", "d_Mang_Type": "State", "d_Mang_Name": "State Fish and Wildlife", "d_Des_Tp": "Recreation or Education Easement", "d_State_Nm": "Colorado", "d_Pub_Access": "Closed", "d_GAP_Sts": "4 - no known mandate for biodiversity protection", "d_IUCN_Cat": "Unassigned", "Shape_Length": 2965.9152806097118, "Shape_Area": 319632.16223366011, "cpwParkName": "Cheyenne Mountain State Park", "source": "USGS PAD-US" }, "geometry": { "type": "Polygon", "coordinates": [ [ [ -104.858809008399987, 38.735455331599987 ], [ -104.866130593899982, 38.735463945899987 ], [ -104.864847493200017, 38.740624042199997 ], [ -104.86064028189999, 38.744417194299999 ], [ -104.860654581800006, 38.737058858 ], [ -104.858807255800002, 38.737050603499988 ], [ -104.858809008399987, 38.735455331599987 ] ] ] } },
{ "type": "Feature", "properties": { "FeatClass": "Easement", "Category": "Easement", "Own_Type": "STAT", "Own_Name": "SLB", "Loc_Own": "Colorado State Land Board", "Mang_Type": "STAT", "Mang_Name": "SFW", "Loc_Mang": "Colorado Parks & Wildlife", "Des_Tp": "RECE", "Loc_Ds": "State Parks", "Unit_Nm": "Cheyenne Mountain State Park", "Loc_Nm": "Cheyenne Mountain State Park", "State_Nm": "CO", "Agg_Src": "CNHP_PADUS4_0Easement_COMaP_Public_v20230223_CO", "GIS_Src": "Colorado Parks & Wildlife GIS - CPWParcels", "Src_Date": "2015/08/04", "GIS_Acres": 104, "Source_PAID": "", "WDPA_Cd": 0, "Pub_Access": "XA", "Access_Src": "GAP - Default", "Access_Dt": "2024", "GAP_Sts": "4", "GAPCdSrc": "GAP - Default", "GAPCdDt": "2024", "IUCN_Cat": "Unassigned", "IUCNCtSrc": "GAP - Default", "IUCNCtDt": "2024", "Date_Est": "", "Comments": "", "Term": null, "Duration": null, "d_FeatClass": "Easement", "d_Category": "Easement", "d_Own_Type": "State", "d_Own_Name": "State Land Board", "d_Mang_Type": "State", "d_Mang_Name": "State Fish and Wildlife", "d_Des_Tp": "Recreation or Education Easement", "d_State_Nm": "Colorado", "d_Pub_Access": "Closed", "d_GAP_Sts": "4 - no known mandate for biodiversity protection", "d_IUCN_Cat": "Unassigned", "Shape_Length": 3662.6977689570067, "Shape_Area": 419851.58675552974, "cpwParkName": "Cheyenne Mountain State Park", "source": "USGS PAD-US" }, "geometry": { "type": "Polygon", "coordinates": [ [ [ -104.854261199699991, 38.737112039300001 ], [ -104.857417876699984, 38.736936109899993 ], [ -104.857324659699984, 38.743086984800001 ], [ -104.853995895099999, 38.748421058 ], [ -104.849608218899988, 38.748415494599989 ], [ -104.849615824300002, 38.744789764099984 ], [ -104.854246503700011, 38.744342400500003 ], [ -104.854261199699991, 38.737112039300001 ] ] ] } },
{ "type": "Feature", "properties": { "FeatClass": "Easement", "Category": "Easement", "Own_Type": "STAT", "Own_Name": "SLB", "Loc_Own": "Colorado State Land Board", "Mang_Type": "STAT", "Mang_Name": "SFW", "Loc_Mang": "Colorado Parks & Wildlife", "Des_Tp": "RECE", "Loc_Ds": "State Parks", "Unit_Nm": "Cheyenne Mountain State Park", "Loc_Nm": "Cheyenne Mountain State Park", "State_Nm": "CO", "Agg_Src": "CNHP_PADUS4_0Easement_COMaP_Public_v20230223_CO", "GIS_Src": "Colorado Parks & Wildlife GIS - CPWParcels", "Src_Date": "2015/08/04", "GIS_Acres": 105, "Source_PAID": "", "WDPA_Cd": 0, "Pub_Access": "XA", "Access_Src": "GAP - Default", "Access_Dt": "2024", "GAP_Sts": "4", "GAPCdSrc": "GAP - Default", "GAPCdDt": "2024", "IUCN_Cat": "Unassigned", "IUCNCtSrc": "GAP - Default", "IUCNCtDt": "2024", "Date_Est": "", "Comments": "", "Term": null, "Duration": null, "d_FeatClass": "Easement", "d_Category": "Easement", "d_Own_Type": "State", "d_Own_Name": "State Land Board", "d_Mang_Type": "State", "d_Mang_Name": "State Fish and Wildlife", "d_Des_Tp": "Recreation or Education Easement", "d_State_Nm": "Colorado", "d_Pub_Access": "Closed", "d_GAP_Sts": "4 - no known mandate for biodiversity protection", "d_IUCN_Cat": "Unassigned", "Shape_Length": 3386.7252996630878, "Shape_Area": 424100.20315755869, "cpwParkName": "Cheyenne Mountain State Park", "source": "USGS PAD-US" }, "geometry": { "type": "Polygon", "coordinates": [ [ [ -104.857324659699984, 38.743086984800001 ], [ -104.857368876400002, 38.737044156299987 ], [ -104.860654581800006, 38.737058858 ], [ -104.860256281199995, 38.746184209600003 ], [ -104.858757967599985, 38.748539727999983 ], [ -104.853935365799984, 38.74851804259999 ], [ -104.857324659699984, 38.743086984800001 ] ] ] } },
{ "type": "Feature", "properties": { "FeatClass": "Fee", "Category": "Fee", "Own_Type": "FED", "Own_Name": "USBR", "Loc_Own": "US Bureau of Reclamation", "Mang_Type": "STAT", "Mang_Name": "SPR", "Loc_Mang": "Colorado State Parks", "Des_Tp": "SP", "Loc_Ds": "State Parks", "Unit_Nm": "Crawford State Park", "Loc_Nm": "Crawford State Park", "State_Nm": "CO", "Agg_Src": "USGS_PADUS1_4Fee_USBR_PADUS1_3", "GIS_Src": "Colorado State Parks - col_bou_stpark_44_polys.shp", "Src_Date": "2005/04/15", "GIS_Acres": 642, "Source_PAID": "", "WDPA_Cd": 0, "Pub_Access": "OA", "Access_Src": "CNHP COMaP", "Access_Dt": "2016", "GAP_Sts": "4", "GAPCdSrc": "GAP - Default", "GAPCdDt": "2024", "IUCN_Cat": "Unassigned", "IUCNCtSrc": "GAP - Default", "IUCNCtDt": "2024", "Date_Est": "", "Comments": "", "Term": null, "Duration": null, "d_FeatClass": "Fee", "d_Category": "Fee", "d_Own_Type": "Federal", "d_Own_Name": "Bureau of Reclamation", "d_Mang_Type": "State", "d_Mang_Name": "State Park and Recreation", "d_Des_Tp": "State Park", "d_State_Nm": "Colorado", "d_Pub_Access": "Open Access", "d_GAP_Sts": "4 - no known mandate for biodiversity protection", "d_IUCN_Cat": "Unassigned", "Shape_Length": 10772.076748946751, "Shape_Area": 2596777.5046307635, "cpwParkName": "Crawford State Park", "source": "USGS PAD-US" }, "geometry": { "type": "MultiPolygon", "coordinates": [ [ [ [ -107.598938262499999, 38.663697048999985 ], [ -107.598059118799995, 38.6637680332 ], [ -107.598061126900006, 38.663677475499995 ], [ -107.598938262499999, 38.663697048999985 ] ] ], [ [ [ -107.599373148499993, 38.663766534099992 ], [ -107.60512760730002, 38.671101591799989 ], [ -107.60676899809998, 38.671141542100003 ], [ -107.605624396099998, 38.692829454799998 ], [ -107.604173175199989, 38.690739555099988 ], [ -107.600811010799987, 38.692809038299984 ], [ -107.599966657199985, 38.696292987699991 ], [ -107.597419235199993, 38.693110546399993 ], [ -107.591573321599981, 38.69208978959999 ], [ -107.596477565499995, 38.678322379199983 ], [ -107.5935058795, 38.678312217799984 ], [ -107.593528406099992, 38.674688638 ], [ -107.597219366, 38.674924485 ], [ -107.596272980899997, 38.671050552799997 ], [ -107.6007356585, 38.670294158199994 ], [ -107.598791164699989, 38.6685233973 ], [ -107.601122401399991, 38.668527137399984 ], [ -107.599373148499993, 38.663766534099992 ] ] ] ] } },
{ "type": "Feature", "properties": { "FeatClass": "Fee", "Category": "Fee", "Own_Type": "FED", "Own_Name": "USBR", "Loc_Own": "US Bureau of Reclamation", "Mang_Type": "STAT", "Mang_Name": "SFW", "Loc_Mang": "Colorado Parks & Wildlife", "Des_Tp": "SP", "Loc_Ds": "State Parks", "Unit_Nm": "Crawford State Park", "Loc_Nm": "Crawford State Park", "State_Nm": "CO", "Agg_Src": "CNHP_PADUS4_0Easement_COMaP_Public_v20230223_CO", "GIS_Src": "Colorado Parks & Wildlife GIS - CPWParcels", "Src_Date": "2019/11/14", "GIS_Acres": 761, "Source_PAID": "", "WDPA_Cd": 0, "Pub_Access": "OA", "Access_Src": "GAP - Default", "Access_Dt": "2024", "GAP_Sts": "4", "GAPCdSrc": "GAP - Default", "GAPCdDt": "2024", "IUCN_Cat": "Unassigned", "IUCNCtSrc": "GAP - Default", "IUCNCtDt": "2024", "Date_Est": "1994", "Comments": "", "Term": null, "Duration": null, "d_FeatClass": "Fee", "d_Category": "Fee", "d_Own_Type": "Federal", "d_Own_Name": "Bureau of Reclamation", "d_Mang_Type": "State", "d_Mang_Name": "State Fish and Wildlife", "d_Des_Tp": "State Park", "d_State_Nm": "Colorado", "d_Pub_Access": "Open Access", "d_GAP_Sts": "4 - no known mandate for biodiversity protection", "d_IUCN_Cat": "Unassigned", "Shape_Length": 11331.664152814095, "Shape_Area": 3080746.0100645977, "cpwParkName": "Crawford State Park", "source": "USGS PAD-US" }, "geometry": { "type": "Polygon", "coordinates": [ [ [ -107.597926133899989, 38.693511032399989 ], [ -107.591573321599981, 38.69208978959999 ], [ -107.59157950940002, 38.690964279499994 ], [ -107.593817467999983, 38.688152110600001 ], [ -107.596477565499995, 38.678322379199983 ], [ -107.5935058795, 38.678312217799984 ], [ -107.593528406099992, 38.674688638 ], [ -107.597219366, 38.674924485 ], [ -107.596272980899997, 38.671050552799997 ], [ -107.6007356585, 38.670294158199994 ], [ -107.598791164699989, 38.6685233973 ], [ -107.601122401399991, 38.668527137399984 ], [ -107.599373148499993, 38.663766534099992 ], [ -107.60512760730002, 38.671101591799989 ], [ -107.60676899809998, 38.671141542100003 ], [ -107.605504503600002, 38.681975252799994 ], [ -107.610130247300006, 38.681996422699989 ], [ -107.610329729499995, 38.692825039900001 ], [ -107.605037799299993, 38.692827022399989 ], [ -107.604173175199989, 38.690739555099988 ], [ -107.600811010799987, 38.692809038299984 ], [ -107.599966657199985, 38.696292987699991 ], [ -107.597926133899989, 38.693511032399989 ] ] ] } },
{ "type": "Feature", "properties": { "FeatClass": "Fee", "Category": "Fee", "Own_Type": "FED", "Own_Name": "USBR", "Loc_Own": "US Bureau of Reclamation", "Mang_Type": "STAT", "Mang_Name": "SFW", "Loc_Mang": "Colorado Parks & Wildlife", "Des_Tp": "SP", "Loc_Ds": "State Parks", "Unit_Nm": "Crawford State Park", "Loc_Nm": "Crawford State Park", "State_Nm": "CO", "Agg_Src": "CNHP_PADUS4_0Easement_COMaP_Public_v20230223_CO", "GIS_Src": "Colorado Parks & Wildlife GIS - CPWParcels", "Src_Date": "2023/02/23", "GIS_Acres": 0, "Source_PAID": "", "WDPA_Cd": 0, "Pub_Access": "OA", "Access_Src": "GAP - Default", "Access_Dt": "2024", "GAP_Sts": "4", "GAPCdSrc": "GAP - Default", "GAPCdDt": "2024", "IUCN_Cat": "Unassigned", "IUCNCtSrc": "GAP - Default", "IUCNCtDt": "2024", "Date_Est": "", "Comments": "", "Term": null, "Duration": null, "d_FeatClass": "Fee", "d_Category": "Fee", "d_Own_Type": "Federal", "d_Own_Name": "Bureau of Reclamation", "d_Mang_Type": "State", "d_Mang_Name": "State Fish and Wildlife", "d_Des_Tp": "State Park", "d_State_Nm": "Colorado", "d_Pub_Access": "Open Access", "d_GAP_Sts": "4 - no known mandate for biodiversity protection", "d_IUCN_Cat": "Unassigned", "Shape_Length": 237.41001441948032, "Shape_Area": 870.39399293406734, "cpwParkName": "Crawford State Park", "source": "USGS PAD-US" }, "geometry": { "type": "Polygon", "coordinates": [ [ [ -107.598938262499999, 38.663697048999985 ], [ -107.598059118799995, 38.6637680332 ], [ -107.598061126900006, 38.663677475499995 ], [ -107.598938262499999, 38.663697048999985 ] ] ] } },
{ "type": "Feature", "properties": { "FeatClass": "Fee", "Category": "Fee", "Own_Type": "STAT", "Own_Name": "SFW", "Loc_Own": "Colorado Parks & Wildlife", "Mang_Type": "STAT", "Mang_Name": "SFW", "Loc_Mang": "Colorado Parks & Wildlife", "Des_Tp": "SP", "Loc_Ds": "State Parks", "Unit_Nm": "Eldorado Canyon State Park", "Loc_Nm": "Eldorado Canyon State Park", "State_Nm": "CO", "Agg_Src": "CNHP_PADUS4_0Easement_COMaP_Public_v20230223_CO", "GIS_Src": "Colorado Parks & Wildlife GIS - CPWParcels", "Src_Date": "2023/02/23", "GIS_Acres": 1095, "Source_PAID": "", "WDPA_Cd": 0, "Pub_Access": "OA", "Access_Src": "CNHP COMaP", "Access_Dt": "2016", "GAP_Sts": "4", "GAPCdSrc": "GAP - Default", "GAPCdDt": "2024", "IUCN_Cat": "Unassigned", "IUCNCtSrc": "GAP - Default", "IUCNCtDt": "2024", "Date_Est": "", "Comments": "", "Term": null, "Duration": null, "d_FeatClass": "Fee", "d_Category": "Fee", "d_Own_Type": "State", "d_Own_Name": "State Fish and Wildlife", "d_Mang_Type": "State", "d_Mang_Name": "State Fish and Wildlife", "d_Des_Tp": "State Park", "d_State_Nm": "Colorado", "d_Pub_Access": "Open Access", "d_GAP_Sts": "4 - no known mandate for biodiversity protection", "d_IUCN_Cat": "Unassigned", "Shape_Length": 21783.865569641606, "Shape_Area": 4429496.1517404309, "cpwParkName": "Eldorado Canyon State Park", "source": "USGS PAD-US" }, "geometry": { "type": "MultiPolygon", "coordinates": [ [ [ [ -105.309182454699993, 39.90639090669999 ], [ -105.308860359600004, 39.8989200973 ], [ -105.313546688900004, 39.898917167100002 ], [ -105.313868291599988, 39.906415791800001 ], [ -105.309182454699993, 39.90639090669999 ] ] ], [ [ [ -105.295350616899995, 39.913647045399991 ], [ -105.295244754099983, 39.909973371599996 ], [ -105.3046312548, 39.910099763399991 ], [ -105.304478485599986, 39.90636579049999 ], [ -105.309173371, 39.906390860800002 ], [ -105.309296825299995, 39.910100886099997 ], [ -105.313961541699996, 39.910101822799994 ], [ -105.314058794899992, 39.913881520499991 ], [ -105.295350616899995, 39.913647045399991 ] ] ], [ [ [ -105.276301068799995, 39.932599964699996 ], [ -105.275475163400003, 39.932470827599992 ], [ -105.276207181900006, 39.932350505400002 ], [ -105.276301068799995, 39.932599964699996 ] ] ], [ [ [ -105.29488435239999, 39.935136522899988 ], [ -105.276447403899994, 39.935080762799998 ], [ -105.277174840200004, 39.933952782899993 ], [ -105.281058895899989, 39.934287054799995 ], [ -105.281396314899993, 39.931923393899993 ], [ -105.281370458299989, 39.931087420900006 ], [ -105.280151208299998, 39.93186035 ], [ -105.277971066099994, 39.931023799699993 ], [ -105.280815517499988, 39.930400404499991 ], [ -105.276556075499997, 39.928017164599993 ], [ -105.2952213632, 39.927800175299993 ], [ -105.29488435239999, 39.935136522899988 ] ] ], [ [ [ -105.327894444500004, 39.93704445129999 ], [ -105.323438574499988, 39.936624448299995 ], [ -105.323646939699984, 39.921279862099993 ], [ -105.337220409599993, 39.923134472099996 ], [ -105.342224630099992, 39.928797162199984 ], [ -105.338226658099998, 39.932311652599985 ], [ -105.340014858500012, 39.933369617 ], [ -105.340950750299996, 39.931884734900002 ], [ -105.343337114199997, 39.934657291899995 ], [ -105.345352964300005, 39.93418730949999 ], [ -105.345426633599999, 39.934727688800002 ], [ -105.333605965299995, 39.934883833799994 ], [ -105.333492234, 39.936924918099997 ], [ -105.330360621299988, 39.937771783799995 ], [ -105.329117774599993, 39.93953675769999 ], [ -105.327894444500004, 39.93704445129999 ] ] ] ] } },
{ "type": "Feature", "properties": { "FeatClass": "Fee", "Category": "Fee", "Own_Type": "STAT", "Own_Name": "SFW", "Loc_Own": "Colorado Parks & Wildlife", "Mang_Type": "STAT", "Mang_Name": "SFW", "Loc_Mang": "Colorado Parks & Wildlife", "Des_Tp": "SP", "Loc_Ds": "State Parks", "Unit_Nm": "Eldorado Canyon State Park", "Loc_Nm": "Eldorado Canyon State Park", "State_Nm": "CO", "Agg_Src": "CNHP_PADUS4_0Easement_COMaP_Public_v20230223_CO", "GIS_Src": "Colorado Parks & Wildlife GIS - CPWParcels", "Src_Date": "2023/02/23", "GIS_Acres": 38, "Source_PAID": "", "WDPA_Cd": 0, "Pub_Access": "OA", "Access_Src": "COMaP", "Access_Dt": "2023", "GAP_Sts": "4", "GAPCdSrc": "GAP - Default", "GAPCdDt": "2024", "IUCN_Cat": "Unassigned", "IUCNCtSrc": "GAP - Default", "IUCNCtDt": "2024", "Date_Est": "", "Comments": "Buffer Acquisitions - Rice Estate - Eldorado Canyon", "Term": null, "Duration": null, "d_FeatClass": "Fee", "d_Category": "Fee", "d_Own_Type": "State", "d_Own_Name": "State Fish and Wildlife", "d_Mang_Type": "State", "d_Mang_Name": "State Fish and Wildlife", "d_Des_Tp": "State Park", "d_State_Nm": "Colorado", "d_Pub_Access": "Open Access", "d_GAP_Sts": "4 - no known mandate for biodiversity protection", "d_IUCN_Cat": "Unassigned", "Shape_Length": 1574.0663560039432, "Shape_Area": 154259.9853660579, "cpwParkName": "Eldorado Canyon State Park", "source": "USGS PAD-US" }, "geometry": { "type": "Polygon", "coordinates": [ [ [ -105.290728337499985, 39.927867203099993 ], [ -105.290740265699981, 39.924173743199994 ], [ -105.295247119300001, 39.924252093799993 ], [ -105.2952213632, 39.927800175299993 ], [ -105.290728337499985, 39.927867203099993 ] ] ] } },
{ "type": "Feature", "properties": { "FeatClass": "Fee", "Category": "Fee", "Own_Type": "STAT", "Own_Name": "SFW", "Loc_Own": "Colorado Parks & Wildlife", "Mang_Type": "STAT", "Mang_Name": "SFW", "Loc_Mang": "Colorado Parks & Wildlife", "Des_Tp": "SP", "Loc_Ds": "State Parks", "Unit_Nm": "Eldorado Canyon State Park", "Loc_Nm": "Eldorado Canyon State Park", "State_Nm": "CO", "Agg_Src": "CNHP_PADUS4_0Easement_COMaP_Public_v20230223_CO", "GIS_Src": "Colorado Parks & Wildlife GIS - CPWParcels", "Src_Date": "2023/02/23", "GIS_Acres": 160, "Source_PAID": "", "WDPA_Cd": 0, "Pub_Access": "OA", "Access_Src": "COMaP", "Access_Dt": "2023", "GAP_Sts": "4", "GAPCdSrc": "GAP - Default", "GAPCdDt": "2024", "IUCN_Cat": "Unassigned", "IUCNCtSrc": "GAP - Default", "IUCNCtDt": "2024", "Date_Est": "", "Comments": "Buffer Land Acquisitions - Rice - Eldorado Canyon", "Term": null, "Duration": null, "d_FeatClass": "Fee", "d_Category": "Fee", "d_Own_Type": "State", "d_Own_Name": "State Fish and Wildlife", "d_Mang_Type": "State", "d_Mang_Name": "State Fish and Wildlife", "d_Des_Tp": "State Park", "d_State_Nm": "Colorado", "d_Pub_Access": "Open Access", "d_GAP_Sts": "4 - no known mandate for biodiversity protection", "d_IUCN_Cat": "Unassigned", "Shape_Length": 4038.8178090611073, "Shape_Area": 645509.45539531321, "cpwParkName": "Eldorado Canyon State Park", "source": "USGS PAD-US" }, "geometry": { "type": "Polygon", "coordinates": [ [ [ -105.314256180599997, 39.935638316799988 ], [ -105.3148649038, 39.928394543099998 ], [ -105.319559685200005, 39.928110374699997 ], [ -105.319352933399983, 39.924534006899982 ], [ -105.3238593823, 39.924348559199998 ], [ -105.323812376899994, 39.931649900399997 ], [ -105.319205656400001, 39.931901398799994 ], [ -105.318947258600005, 39.935569167899985 ], [ -105.314256180599997, 39.935638316799988 ] ] ] } },
{ "type": "Feature", "properties": { "FeatClass": "Fee", "Category": "Other", "Own_Type": "LOC", "Own_Name": "CITY", "Loc_Own": "City of Boulder", "Mang_Type": "STAT", "Mang_Name": "SFW", "Loc_Mang": "Colorado Parks & Wildlife", "Des_Tp": "SP", "Loc_Ds": "State Parks", "Unit_Nm": "Eldorado Canyon State Park", "Loc_Nm": "Eldorado Canyon State Park", "State_Nm": "CO", "Agg_Src": "CNHP_PADUS4_0Easement_COMaP_Public_v20230223_CO", "GIS_Src": "Colorado Parks & Wildlife GIS - CPWParcels", "Src_Date": "2023/02/23", "GIS_Acres": 74, "Source_PAID": "", "WDPA_Cd": 0, "Pub_Access": "OA", "Access_Src": "CNHP COMaP", "Access_Dt": "2016", "GAP_Sts": "4", "GAPCdSrc": "GAP - Default", "GAPCdDt": "2024", "IUCN_Cat": "Unassigned", "IUCNCtSrc": "GAP - Default", "IUCNCtDt": "2024", "Date_Est": "", "Comments": "", "Term": null, "Duration": null, "d_FeatClass": "Fee", "d_Category": "Other", "d_Own_Type": "Local Government", "d_Own_Name": "City Land", "d_Mang_Type": "State", "d_Mang_Name": "State Fish and Wildlife", "d_Des_Tp": "State Park", "d_State_Nm": "Colorado", "d_Pub_Access": "Open Access", "d_GAP_Sts": "4 - no known mandate for biodiversity protection", "d_IUCN_Cat": "Unassigned", "Shape_Length": 3249.9122000806501, "Shape_Area": 299085.30043145566, "cpwParkName": "Eldorado Canyon State Park", "source": "USGS PAD-US" }, "geometry": { "type": "MultiPolygon", "coordinates": [ [ [ [ -105.290539525100002, 39.93775489419999 ], [ -105.290521797, 39.935095320299986 ], [ -105.295214492900001, 39.935101644799992 ], [ -105.295200635699999, 39.93772967919999 ], [ -105.290539525100002, 39.93775489419999 ] ] ], [ [ [ -105.286371662700006, 39.927913485 ], [ -105.28622300169998, 39.92430023139999 ], [ -105.29066342729999, 39.922334064099999 ], [ -105.290728337499985, 39.927867203099993 ], [ -105.286371662700006, 39.927913485 ] ] ] ] } },
{ "type": "Feature", "properties": { "FeatClass": "Fee", "Category": "Fee", "Own_Type": "DIST", "Own_Name": "RWD", "Loc_Own": "Denver Water Board", "Mang_Type": "DIST", "Mang_Name": "RWD", "Loc_Mang": "Denver Water Board", "Des_Tp": "POTH", "Loc_Ds": "Non-Governmental Lands", "Unit_Nm": "Eleven Mile Canyon Reservoir", "Loc_Nm": "Eleven Mile Canyon Reservoir", "State_Nm": "CO", "Agg_Src": "CNHP_PADUS4_0Easement_COMaP_Public_v20230223_CO", "GIS_Src": "Colorado State Parks - col_bou_stpark_44_polys.shp", "Src_Date": "2023/02/23", "GIS_Acres": 590, "Source_PAID": "", "WDPA_Cd": 0, "Pub_Access": "XA", "Access_Src": "COMaP", "Access_Dt": "2023", "GAP_Sts": "4", "GAPCdSrc": "GAP - Default", "GAPCdDt": "2024", "IUCN_Cat": "Unassigned", "IUCNCtSrc": "GAP - Default", "IUCNCtDt": "2024", "Date_Est": "", "Comments": "", "Term": null, "Duration": null, "d_FeatClass": "Fee", "d_Category": "Fee", "d_Own_Type": "Regional Agency Special District", "d_Own_Name": "Regional Water Districts", "d_Mang_Type": "Regional Agency Special District", "d_Mang_Name": "Regional Water Districts", "d_Des_Tp": "Private Other or Unknown", "d_State_Nm": "Colorado", "d_Pub_Access": "Closed", "d_GAP_Sts": "4 - no known mandate for biodiversity protection", "d_IUCN_Cat": "Unassigned", "Shape_Length": 13855.226355970957, "Shape_Area": 2388599.9660831275, "cpwParkName": "Eleven Mile State Park", "source": "USGS PAD-US" }, "geometry": { "type": "MultiPolygon", "coordinates": [ [ [ [ -105.470616578799991, 38.909201720999988 ], [ -105.470749739799999, 38.901959877399996 ], [ -105.473067011099999, 38.901958442199991 ], [ -105.472359007099982, 38.8905776876 ], [ -105.476109248799986, 38.890637234899991 ], [ -105.476468156799996, 38.898362375 ], [ -105.48110854319998, 38.898356318299996 ], [ -105.481433417099993, 38.923826863599992 ], [ -105.478134686699988, 38.9238259117 ], [ -105.477569259999981, 38.909197361700002 ], [ -105.470616578799991, 38.909201720999988 ] ] ], [ [ [ -105.565683488399984, 38.950723355499996 ], [ -105.565917327099996, 38.943530690699994 ], [ -105.569303176499986, 38.943368754100007 ], [ -105.57028647369998, 38.950498922 ], [ -105.565683488399984, 38.950723355499996 ] ] ], [ [ [ -105.532905144400004, 38.951884488399983 ], [ -105.532934772299996, 38.948359820299991 ], [ -105.537651688099984, 38.948190089299992 ], [ -105.537563347399981, 38.955381142299998 ], [ -105.532905144400004, 38.951884488399983 ] ] ] ] } },
{ "type": "Feature", "properties": { "FeatClass": "Fee", "Category": "Fee", "Own_Type": "DIST", "Own_Name": "RWD", "Loc_Own": "Denver Water Board", "Mang_Type": "STAT", "Mang_Name": "SFW", "Loc_Mang": "Colorado Parks & Wildlife", "Des_Tp": "SP", "Loc_Ds": "State Parks", "Unit_Nm": "Eleven Mile State Park", "Loc_Nm": "Eleven Mile State Park", "State_Nm": "CO", "Agg_Src": "CNHP_PADUS4_0Easement_COMaP_Public_v20230223_CO", "GIS_Src": "Colorado Parks & Wildlife GIS - CPWParcels", "Src_Date": "2023/02/23", "GIS_Acres": 7576, "Source_PAID": "", "WDPA_Cd": 0, "Pub_Access": "OA", "Access_Src": "CNHP COMaP", "Access_Dt": "2016", "GAP_Sts": "4", "GAPCdSrc": "GAP - Default", "GAPCdDt": "2024", "IUCN_Cat": "Unassigned", "IUCNCtSrc": "GAP - Default", "IUCNCtDt": "2024", "Date_Est": "1932", "Comments": "", "Term": null, "Duration": null, "d_FeatClass": "Fee", "d_Category": "Fee", "d_Own_Type": "Regional Agency Special District", "d_Own_Name": "Regional Water Districts", "d_Mang_Type": "State", "d_Mang_Name": "State Fish and Wildlife", "d_Des_Tp": "State Park", "d_State_Nm": "Colorado", "d_Pub_Access": "Open Access", "d_GAP_Sts": "4 - no known mandate for biodiversity protection", "d_IUCN_Cat": "Unassigned", "Shape_Length": 37524.053481427996, "Shape_Area": 30660568.323116463, "cpwParkName": "Eleven Mile State Park", "source": "USGS PAD-US" }, "geometry": { "type": "Polygon", "coordinates": [ [ [ -105.551599151299996, 38.965736024199984 ], [ -105.551723517699983, 38.958491074799994 ], [ -105.547311202899991, 38.9586901586 ], [ -105.544824104100002, 38.957043847499996 ], [ -105.542329113899996, 38.957161256900001 ], [ -105.542348358400005, 38.955348587 ], [ -105.539853319, 38.955451557899991 ], [ -105.539900323499992, 38.953803637500002 ], [ -105.537581658499988, 38.954373958499986 ], [ -105.537651688099984, 38.948190089299992 ], [ -105.532934772299996, 38.948359820299991 ], [ -105.532854750499979, 38.955617060899989 ], [ -105.528171054099985, 38.9557986039 ], [ -105.528130504499984, 38.959669111299995 ], [ -105.518771477199991, 38.960184166899992 ], [ -105.51877813119998, 38.95615903769999 ], [ -105.51411551519999, 38.956447628399999 ], [ -105.514127099499987, 38.952741919600001 ], [ -105.504824945400003, 38.953182605599991 ], [ -105.504841731599996, 38.949493952899999 ], [ -105.509486644300011, 38.949285579599987 ], [ -105.509503408399993, 38.945608490699996 ], [ -105.500213610800017, 38.946001978299996 ], [ -105.500678479, 38.931272419099997 ], [ -105.480629925900004, 38.930932208299986 ], [ -105.482202445799985, 38.916464786600002 ], [ -105.48110854319998, 38.898356318299996 ], [ -105.476468156799996, 38.898362375 ], [ -105.476101130700002, 38.891707489199987 ], [ -105.480737434100007, 38.891731109199995 ], [ -105.480748967299988, 38.894206037499984 ], [ -105.485511864299994, 38.894304728399995 ], [ -105.485872016499997, 38.899944714199982 ], [ -105.488197058400004, 38.899992265599991 ], [ -105.488124030199998, 38.898620552 ], [ -105.492772949599996, 38.898715102699988 ], [ -105.492895943700006, 38.900088626 ], [ -105.500200374900004, 38.902083826800002 ], [ -105.518841842100002, 38.901449352100002 ], [ -105.518966125199981, 38.915803445099996 ], [ -105.523608526299995, 38.915710076800003 ], [ -105.523633647899985, 38.919404840899993 ], [ -105.54222947549998, 38.91899987619999 ], [ -105.542246439899984, 38.926333866199982 ], [ -105.547039243300006, 38.926022417 ], [ -105.547041178300006, 38.929777200099984 ], [ -105.556496229499984, 38.929428734099993 ], [ -105.556636854499999, 38.942792711899983 ], [ -105.565917327099996, 38.943530690699994 ], [ -105.565683488399984, 38.950723355499996 ], [ -105.57028647369998, 38.950498922 ], [ -105.570198836099991, 38.954114629700001 ], [ -105.574851453099981, 38.953887204099992 ], [ -105.574796035199995, 38.960853053799994 ], [ -105.572553572, 38.960973315299988 ], [ -105.572503783399981, 38.96280464929999 ], [ -105.570076857099991, 38.962992782499995 ], [ -105.570144178299984, 38.96478733979999 ], [ -105.551599151299996, 38.965736024199984 ] ] ] } },
{ "type": "Feature", "properties": { "FeatClass": "Fee", "Category": "Other", "Own_Type": "STAT", "Own_Name": "SLB", "Loc_Own": "Colorado State Land Board", "Mang_Type": "STAT", "Mang_Name": "SFW", "Loc_Mang": "Colorado Parks & Wildlife", "Des_Tp": "SOTH", "Loc_Ds": "State Land Board Public Access Program - Seasonal Access", "Unit_Nm": "Eleven Mile State Trust Lands", "Loc_Nm": "Eleven Mile STL", "State_Nm": "CO", "Agg_Src": "CNHP_PADUS4_0Easement_COMaP_Public_v20230223_CO", "GIS_Src": "Colorado Parks & Wildlife GIS - CPWParcels", "Src_Date": "2023/02/23", "GIS_Acres": 269, "Source_PAID": "", "WDPA_Cd": 0, "Pub_Access": "RA", "Access_Src": "CNHP COMaP", "Access_Dt": "2016", "GAP_Sts": "4", "GAPCdSrc": "GAP - Default", "GAPCdDt": "2024", "IUCN_Cat": "Unassigned", "IUCNCtSrc": "GAP - Default", "IUCNCtDt": "2024", "Date_Est": "1932", "Comments": "", "Term": null, "Duration": null, "d_FeatClass": "Fee", "d_Category": "Other", "d_Own_Type": "State", "d_Own_Name": "State Land Board", "d_Mang_Type": "State", "d_Mang_Name": "State Fish and Wildlife", "d_Des_Tp": "State Other or Unknown", "d_State_Nm": "Colorado", "d_Pub_Access": "Restricted Access", "d_GAP_Sts": "4 - no known mandate for biodiversity protection", "d_IUCN_Cat": "Unassigned", "Shape_Length": 6303.3392762271333, "Shape_Area": 1089298.5547620587, "cpwParkName": "Eleven Mile State Park", "source": "USGS PAD-US" }, "geometry": { "type": "MultiPolygon", "coordinates": [ [ [ [ -105.518771432099982, 38.960188078999984 ], [ -105.528130504499984, 38.959669111299995 ], [ -105.528275176299985, 38.966949171599992 ], [ -105.518872165599987, 38.967528242899995 ], [ -105.518771432099982, 38.960188078999984 ] ] ], [ [ [ -105.528130504499984, 38.959669111299995 ], [ -105.528171054099985, 38.9557986039 ], [ -105.532854750499979, 38.955617060899989 ], [ -105.532905144400004, 38.951884488399983 ], [ -105.537563347399981, 38.955381142299998 ], [ -105.537520755, 38.959150673 ], [ -105.528130504499984, 38.959669111299995 ] ] ] ] } },
{ "type": "Feature", "properties": { "FeatClass": "Easement", "Category": "Easement", "Own_Type": "STAT", "Own_Name": "OTHS", "Loc_Own": "STAT", "Mang_Type": "NGO", "Mang_Name": "NGO", "Loc_Mang": "The Nature Conservancy", "Des_Tp": "CONE", "Loc_Ds": "ENV", "Unit_Nm": "Fishers Peak State Park", "Loc_Nm": "Fishers Peak State Park", "State_Nm": "CO", "Agg_Src": "NCED_PADUS4_0Easement_NCED_for_PADUS_07282023", "GIS_Src": "GOCO - GOCO_LA.shp", "Src_Date": "2023/06/26", "GIS_Acres": 19198, "Source_PAID": "10503641", "WDPA_Cd": 0, "Pub_Access": "OA", "Access_Src": "NCED", "Access_Dt": "2023", "GAP_Sts": "4", "GAPCdSrc": "NCED", "GAPCdDt": "2023", "IUCN_Cat": "Unassigned", "IUCNCtSrc": "GAP - Default", "IUCNCtDt": "2024", "Date_Est": "2020", "Comments": "State Parks", "Term": 0, "Duration": "PERM", "d_FeatClass": "Easement", "d_Category": "Easement", "d_Own_Type": "State", "d_Own_Name": "Other or Unknown State Land", "d_Mang_Type": "Non-Governmental Organization", "d_Mang_Name": "Non-Governmental Organization", "d_Des_Tp": "Conservation Easement", "d_State_Nm": "Colorado", "d_Pub_Access": "Open Access", "d_GAP_Sts": "4 - no known mandate for biodiversity protection", "d_IUCN_Cat": "Unassigned", "Shape_Length": 53996.207508908927, "Shape_Area": 77690983.939533412, "cpwParkName": "Fishers Peak State Park", "source": "USGS PAD-US" }, "geometry": { "type": "Polygon", "coordinates": [ [ [ -104.450563944400002, 37.13374997839999 ], [ -104.450600810799983, 37.104687557299997 ], [ -104.458914831099989, 37.104826477099984 ], [ -104.462975138100006, 37.098193762699999 ], [ -104.448186869599979, 37.069233201199992 ], [ -104.444542971, 37.065449063 ], [ -104.444155665699995, 37.062572800300003 ], [ -104.455859498500004, 37.055977764300003 ], [ -104.45634878449998, 37.054625305399988 ], [ -104.445371915799981, 37.042289256299988 ], [ -104.445925289099989, 37.036560761299995 ], [ -104.450918905099982, 37.0359504985 ], [ -104.452835626299986, 37.028151447899987 ], [ -104.454158060799998, 37.025440371199998 ], [ -104.458232287900003, 37.022728748399985 ], [ -104.457946239899982, 37.021218821199987 ], [ -104.444860628300006, 37.021829619099996 ], [ -104.441826174400006, 37.022955078799995 ], [ -104.4430401252, 37.019418251199987 ], [ -104.442458974499985, 37.013201312199996 ], [ -104.439041565199986, 37.013136568299984 ], [ -104.437983685999981, 37.016586503999989 ], [ -104.436428311599983, 37.015756068899996 ], [ -104.433776818499993, 37.016653000899986 ], [ -104.4316146054, 37.012329175200001 ], [ -104.427607794199986, 37.00971546049999 ], [ -104.427302667199982, 37.005303999100001 ], [ -104.425323356299984, 37.005607927199996 ], [ -104.431511547599996, 37.001731511299994 ], [ -104.417163617499995, 36.993569115200003 ], [ -104.479492040699981, 36.993773652299993 ], [ -104.47948836179998, 36.995763225600001 ], [ -104.482371614799987, 36.998499761 ], [ -104.479770115400001, 37.008363732799999 ], [ -104.48296681059999, 37.017704155 ], [ -104.496684836300005, 37.023348326299988 ], [ -104.501096481, 37.032173995199997 ], [ -104.52031951459999, 37.048219723499997 ], [ -104.522250231699985, 37.051654514100001 ], [ -104.522181587399984, 37.061808465499993 ], [ -104.519168007899992, 37.064870483899988 ], [ -104.516468849700004, 37.070589715199993 ], [ -104.5193275277, 37.084297323500003 ], [ -104.521122706099987, 37.086084669900004 ], [ -104.521454265499983, 37.089228552800002 ], [ -104.518336460599997, 37.094219497700003 ], [ -104.520123393800006, 37.098522133299994 ], [ -104.514100610900002, 37.098423004899992 ], [ -104.514055161800002, 37.105835462899996 ], [ -104.523023509799998, 37.105763803599999 ], [ -104.519983310899988, 37.116569868699997 ], [ -104.518291329899981, 37.116761549399996 ], [ -104.518210182999979, 37.120304880399999 ], [ -104.468110380400006, 37.119497212500001 ], [ -104.468167136899993, 37.133953736800002 ], [ -104.450563944400002, 37.13374997839999 ] ] ] } },
{ "type": "Feature", "properties": { "FeatClass": "Easement", "Category": "Easement", "Own_Type": "STAT", "Own_Name": "SFW", "Loc_Own": "Colorado Parks & Wildlife", "Mang_Type": "STAT", "Mang_Name": "SFW", "Loc_Mang": "Colorado Parks & Wildlife", "Des_Tp": "RECE", "Loc_Ds": "State Parks", "Unit_Nm": "Fishers Peak State Park", "Loc_Nm": "Fishers Peak State Park", "State_Nm": "CO", "Agg_Src": "CNHP_PADUS4_0Easement_COMaP_Public_v20230223_CO", "GIS_Src": "GOCO - GOCO_LA.shp", "Src_Date": "2023/02/23", "GIS_Acres": 19198, "Source_PAID": "", "WDPA_Cd": 0, "Pub_Access": "OA", "Access_Src": "COMaP", "Access_Dt": "2023", "GAP_Sts": "4", "GAPCdSrc": "GAP - Default", "GAPCdDt": "2024", "IUCN_Cat": "Unassigned", "IUCNCtSrc": "GAP - Default", "IUCNCtDt": "2024", "Date_Est": "", "Comments": "Other Partners: The Trust for Public Land, City of Trinidad, Las Animas County", "Term": null, "Duration": null, "d_FeatClass": "Easement", "d_Category": "Easement", "d_Own_Type": "State", "d_Own_Name": "State Fish and Wildlife", "d_Mang_Type": "State", "d_Mang_Name": "State Fish and Wildlife", "d_Des_Tp": "Recreation or Education Easement", "d_State_Nm": "Colorado", "d_Pub_Access": "Open Access", "d_GAP_Sts": "4 - no known mandate for biodiversity protection", "d_IUCN_Cat": "Unassigned", "Shape_Length": 53996.215842949918, "Shape_Area": 77691007.111874804, "cpwParkName": "Fishers Peak State Park", "source": "USGS PAD-US" }, "geometry": { "type": "Polygon", "coordinates": [ [ [ -104.450573653999982, 37.133756057599989 ], [ -104.450610518499985, 37.104693632799993 ], [ -104.45892454059998, 37.104832551899996 ], [ -104.462984848099993, 37.098199836199996 ], [ -104.448196572899988, 37.069239270799997 ], [ -104.444552672399993, 37.065455132899999 ], [ -104.444165367699981, 37.06257886929999 ], [ -104.455869202800002, 37.055983832300001 ], [ -104.456358487499983, 37.054631373399999 ], [ -104.445381616099979, 37.04229532259999 ], [ -104.445934988600001, 37.036566826600001 ], [ -104.450928606199994, 37.035956564199992 ], [ -104.452845326299979, 37.028157512600004 ], [ -104.454167760499999, 37.02544643489999 ], [ -104.458241988799983, 37.022734811699991 ], [ -104.457955940499986, 37.021224883599992 ], [ -104.444870326699984, 37.021835682699994 ], [ -104.441835871599991, 37.022961142699991 ], [ -104.443049821900004, 37.0194243141 ], [ -104.442468671399979, 37.0132073742 ], [ -104.439051260699998, 37.013142630700003 ], [ -104.437993383099979, 37.016592567299988 ], [ -104.436438007299998, 37.015762132399999 ], [ -104.433786512999987, 37.016659064699994 ], [ -104.431624299, 37.012335237299993 ], [ -104.427617487099994, 37.009721523899984 ], [ -104.427312358199984, 37.005310060799992 ], [ -104.42533304840002, 37.005613989899992 ], [ -104.431521240799981, 37.001737572499998 ], [ -104.417173306099997, 36.993575176 ], [ -104.4795017446, 36.993779709099996 ], [ -104.479498064999987, 36.995769283399994 ], [ -104.482381318599991, 36.998505818599988 ], [ -104.479779820399997, 37.008369792299995 ], [ -104.482976516099981, 37.01771021519999 ], [ -104.496694545, 37.023354387 ], [ -104.501106192500004, 37.032180057299996 ], [ -104.5203292323, 37.048225786499998 ], [ -104.52225995, 37.051660576999986 ], [ -104.522191307199989, 37.061814530099994 ], [ -104.519177726899997, 37.064876549699996 ], [ -104.516478569299991, 37.070595782200002 ], [ -104.519337247099998, 37.084303391199995 ], [ -104.521132427200001, 37.086090738199992 ], [ -104.52146398710002, 37.089234622 ], [ -104.518346182599984, 37.09422556709999 ], [ -104.520133116599993, 37.098528203499988 ], [ -104.514110332200005, 37.09842907649999 ], [ -104.514064884, 37.105841534599996 ], [ -104.523033232900005, 37.105769875299991 ], [ -104.519993035200017, 37.116575941599997 ], [ -104.518301054199995, 37.116767623299999 ], [ -104.518219907800002, 37.120310954299995 ], [ -104.468120092800007, 37.119503289299999 ], [ -104.468176851399988, 37.133959815199987 ], [ -104.450573653999982, 37.133756057599989 ] ] ] } },
{ "type": "Feature", "properties": { "FeatClass": "Fee", "Category": "Fee", "Own_Type": "STAT", "Own_Name": "SPR", "Loc_Own": "Colorado State Parks", "Mang_Type": "STAT", "Mang_Name": "SPR", "Loc_Mang": "Colorado State Parks", "Des_Tp": "SP", "Loc_Ds": "State Parks", "Unit_Nm": "Golden Gate Canyon", "Loc_Nm": "Golden Gate Canyon State Park", "State_Nm": "CO", "Agg_Src": "CNHP_PADUS1_3_COMaP_v9_public_mmf_gdb_CO", "GIS_Src": "Colorado State Parks - col_bou_stpark_44_polys.shp", "Src_Date": "2005/04/15", "GIS_Acres": 66, "Source_PAID": "COMaP_11449", "WDPA_Cd": 0, "Pub_Access": "OA", "Access_Src": "CNHP COMaP", "Access_Dt": "2016", "GAP_Sts": "4", "GAPCdSrc": "GAP - Default", "GAPCdDt": "2024", "IUCN_Cat": "Unassigned", "IUCNCtSrc": "GAP - Default", "IUCNCtDt": "2024", "Date_Est": "", "Comments": "", "Term": null, "Duration": null, "d_FeatClass": "Fee", "d_Category": "Fee", "d_Own_Type": "State", "d_Own_Name": "State Park and Recreation", "d_Mang_Type": "State", "d_Mang_Name": "State Park and Recreation", "d_Des_Tp": "State Park", "d_State_Nm": "Colorado", "d_Pub_Access": "Open Access", "d_GAP_Sts": "4 - no known mandate for biodiversity protection", "d_IUCN_Cat": "Unassigned", "Shape_Length": 6286.8758896397676, "Shape_Area": 268080.33554375661, "cpwParkName": "Golden Gate Canyon State Park", "source": "USGS PAD-US" }, "geometry": { "type": "MultiPolygon", "coordinates": [ [ [ [ -105.461994341099981, 39.779880259099983 ], [ -105.461762689499992, 39.779484282799991 ], [ -105.461923341399995, 39.779702976699994 ], [ -105.461994341099981, 39.779880259099983 ] ] ], [ [ [ -105.46518317109998, 39.79020468329999 ], [ -105.465191768999986, 39.790015449 ], [ -105.46518736409999, 39.790585933199999 ], [ -105.46518317109998, 39.79020468329999 ] ] ], [ [ [ -105.428924549099989, 39.811551049400002 ], [ -105.428917084399998, 39.80712953159999 ], [ -105.428966436300001, 39.811426031399996 ], [ -105.438145600199988, 39.811301509599986 ], [ -105.428924549099989, 39.811551049400002 ] ] ], [ [ [ -105.461094643799981, 39.810301846499996 ], [ -105.461043870200001, 39.8086014585 ], [ -105.474847574499989, 39.808484475299998 ], [ -105.474928894599984, 39.810126218699999 ], [ -105.461094643799981, 39.810301846499996 ] ] ], [ [ [ -105.470393557199984, 39.813744958599997 ], [ -105.470372857100003, 39.811994398599992 ], [ -105.472658268399996, 39.81196051749999 ], [ -105.472704590800006, 39.813768207599999 ], [ -105.470393557199984, 39.813744958599997 ] ] ] ] } },
{ "type": "Feature", "properties": { "FeatClass": "Fee", "Category": "Fee", "Own_Type": "STAT", "Own_Name": "SPR", "Loc_Own": "Colorado State Parks", "Mang_Type": "STAT", "Mang_Name": "SPR", "Loc_Mang": "Colorado State Parks", "Des_Tp": "SP", "Loc_Ds": "State Parks", "Unit_Nm": "Golden Gate Canyon", "Loc_Nm": "Golden Gate Canyon State Park", "State_Nm": "CO", "Agg_Src": "CNHP_PADUS1_3_COMaP_v9_public_mmf_gdb_CO", "GIS_Src": "Digitized based on legal descs. - gilpin_county.mdb", "Src_Date": "2007/01/20", "GIS_Acres": 56, "Source_PAID": "COMaP_11442", "WDPA_Cd": 0, "Pub_Access": "OA", "Access_Src": "CNHP_COMaP_v9_public_mmf.gdb", "Access_Dt": "2016", "GAP_Sts": "4", "GAPCdSrc": "GAP - Default", "GAPCdDt": "2021", "IUCN_Cat": "Unassigned", "IUCNCtSrc": "GAP - Default", "IUCNCtDt": "2021", "Date_Est": "1993", "Comments": "Transferred from TPL to State Parks with Rec. No. 78842 on 19930902", "Term": null, "Duration": null, "d_FeatClass": "Fee", "d_Category": "Fee", "d_Own_Type": "State", "d_Own_Name": "State Park and Recreation", "d_Mang_Type": "State", "d_Mang_Name": "State Park and Recreation", "d_Des_Tp": "State Park", "d_State_Nm": "Colorado", "d_Pub_Access": "Open Access", "d_GAP_Sts": "4 - no known mandate for biodiversity protection", "d_IUCN_Cat": "Unassigned", "Shape_Length": 2169.0111855885953, "Shape_Area": 226923.0266859488, "cpwParkName": "Golden Gate Canyon State Park", "source": "USGS PAD-US" }, "geometry": { "type": "Polygon", "coordinates": [ [ [ -105.428893076600005, 39.829863305 ], [ -105.433499640499988, 39.829103314399994 ], [ -105.433721235999982, 39.83573099449999 ], [ -105.428240069099985, 39.832138908399997 ], [ -105.4300041706, 39.830678453799997 ], [ -105.428893076600005, 39.829863305 ] ] ] } },
{ "type": "Feature", "properties": { "FeatClass": "Fee", "Category": "Fee", "Own_Type": "STAT", "Own_Name": "SFW", "Loc_Own": "Colorado Parks & Wildlife", "Mang_Type": "STAT", "Mang_Name": "SFW", "Loc_Mang": "Colorado Parks & Wildlife", "Des_Tp": "SP", "Loc_Ds": "State Parks", "Unit_Nm": "Golden Gate Canyon State Park", "Loc_Nm": "Golden Gate Canyon State Park", "State_Nm": "CO", "Agg_Src": "CNHP_PADUS4_0Easement_COMaP_Public_v20230223_CO", "GIS_Src": "Colorado Parks & Wildlife GIS - CPWParcels", "Src_Date": "2015/08/04", "GIS_Acres": 39, "Source_PAID": "", "WDPA_Cd": 0, "Pub_Access": "OA", "Access_Src": "CNHP COMaP", "Access_Dt": "2016", "GAP_Sts": "4", "GAPCdSrc": "GAP - Default", "GAPCdDt": "2024", "IUCN_Cat": "Unassigned", "IUCNCtSrc": "GAP - Default", "IUCNCtDt": "2024", "Date_Est": "1988", "Comments": "Purchased from private landowner by TPL with unknown warranty deed, TPL transferred ownership to Colorado State Parks with Rec. No. 63578.  Funding Partners: TPL, Colorado State Parks.", "Term": null, "Duration": null, "d_FeatClass": "Fee", "d_Category": "Fee", "d_Own_Type": "State", "d_Own_Name": "State Fish and Wildlife", "d_Mang_Type": "State", "d_Mang_Name": "State Fish and Wildlife", "d_Des_Tp": "State Park", "d_State_Nm": "Colorado", "d_Pub_Access": "Open Access", "d_GAP_Sts": "4 - no known mandate for biodiversity protection", "d_IUCN_Cat": "Unassigned", "Shape_Length": 1590.3953806510015, "Shape_Area": 158068.94979974089, "cpwParkName": "Golden Gate Canyon State Park", "source": "USGS PAD-US" }, "geometry": { "type": "Polygon", "coordinates": [ [ [ -105.396959694199992, 39.854818612199992 ], [ -105.396886115800001, 39.851246708599994 ], [ -105.40154017, 39.851150938899984 ], [ -105.401624311599988, 39.854716534 ], [ -105.396959694199992, 39.854818612199992 ] ] ] } },
{ "type": "Feature", "properties": { "FeatClass": "Fee", "Category": "Fee", "Own_Type": "STAT", "Own_Name": "SFW", "Loc_Own": "Colorado Parks & Wildlife", "Mang_Type": "STAT", "Mang_Name": "SFW", "Loc_Mang": "Colorado Parks & Wildlife", "Des_Tp": "SP", "Loc_Ds": "State Parks", "Unit_Nm": "Golden Gate Canyon State Park", "Loc_Nm": "Golden Gate Canyon State Park", "State_Nm": "CO", "Agg_Src": "CNHP_PADUS4_0Easement_COMaP_Public_v20230223_CO", "GIS_Src": "Colorado Parks & Wildlife GIS - CPWParcels", "Src_Date": "2015/08/04", "GIS_Acres": 592, "Source_PAID": "", "WDPA_Cd": 0, "Pub_Access": "OA", "Access_Src": "CNHP COMaP", "Access_Dt": "2016", "GAP_Sts": "4", "GAPCdSrc": "GAP - Default", "GAPCdDt": "2024", "IUCN_Cat": "Unassigned", "IUCNCtSrc": "GAP - Default", "IUCNCtDt": "2024", "Date_Est": "1991", "Comments": "Warranty deed to TPL with Rec. No. 72558 on 19911216, Transferred to State Parks with Rec. No. 72559 on 19911216.  Funding Partners: TPL, Colorado State Parks.", "Term": null, "Duration": null, "d_FeatClass": "Fee", "d_Category": "Fee", "d_Own_Type": "State", "d_Own_Name": "State Fish and Wildlife", "d_Mang_Type": "State", "d_Mang_Name": "State Fish and Wildlife", "d_Des_Tp": "State Park", "d_State_Nm": "Colorado", "d_Pub_Access": "Open Access", "d_GAP_Sts": "4 - no known mandate for biodiversity protection", "d_IUCN_Cat": "Unassigned", "Shape_Length": 9503.6549659379561, "Shape_Area": 2396427.5437310184, "cpwParkName": "Golden Gate Canyon State Park", "source": "USGS PAD-US" }, "geometry": { "type": "Polygon", "coordinates": [ [ [ -105.456711212599998, 39.821326891 ], [ -105.452048148399996, 39.821467080799991 ], [ -105.452299975700001, 39.82498200149999 ], [ -105.447409638099998, 39.825131664899992 ], [ -105.447375465099981, 39.818080983 ], [ -105.442747489699983, 39.818282604499998 ], [ -105.442744965399982, 39.816859672200003 ], [ -105.461319767399985, 39.815833820100003 ], [ -105.461094643799981, 39.810301846499996 ], [ -105.474923928600006, 39.810126285499997 ], [ -105.475038507999983, 39.811987503899992 ], [ -105.470372857100003, 39.811994398599992 ], [ -105.470613157699987, 39.824508291099995 ], [ -105.456779780399998, 39.824836203499991 ], [ -105.456711212599998, 39.821326891 ] ] ] } },
{ "type": "Feature", "properties": { "FeatClass": "Fee", "Category": "Fee", "Own_Type": "STAT", "Own_Name": "SFW", "Loc_Own": "Colorado Parks & Wildlife", "Mang_Type": "STAT", "Mang_Name": "SFW", "Loc_Mang": "Colorado Parks & Wildlife", "Des_Tp": "SP", "Loc_Ds": "State Parks", "Unit_Nm": "Golden Gate Canyon State Park", "Loc_Nm": "Golden Gate Canyon State Park", "State_Nm": "CO", "Agg_Src": "CNHP_PADUS4_0Easement_COMaP_Public_v20230223_CO", "GIS_Src": "Colorado Parks & Wildlife GIS - CPWParcels", "Src_Date": "2015/08/04", "GIS_Acres": 553, "Source_PAID": "", "WDPA_Cd": 0, "Pub_Access": "OA", "Access_Src": "CNHP COMaP", "Access_Dt": "2016", "GAP_Sts": "4", "GAPCdSrc": "GAP - Default", "GAPCdDt": "2024", "IUCN_Cat": "Unassigned", "IUCNCtSrc": "GAP - Default", "IUCNCtDt": "2024", "Date_Est": "1993", "Comments": "Purchased from private landowner by TPL Rec. No. 78838 on 19930902, Deed correction with Rec. No. 80707 on 19940228, TPL transferred ownership to Colorado State Parks with Rec. No. 78841. Funding Partners: TPL, Colorado State Parks.", "Term": null, "Duration": null, "d_FeatClass": "Fee", "d_Category": "Fee", "d_Own_Type": "State", "d_Own_Name": "State Fish and Wildlife", "d_Mang_Type": "State", "d_Mang_Name": "State Fish and Wildlife", "d_Des_Tp": "State Park", "d_State_Nm": "Colorado", "d_Pub_Access": "Open Access", "d_GAP_Sts": "4 - no known mandate for biodiversity protection", "d_IUCN_Cat": "Unassigned", "Shape_Length": 7615.6196344840791, "Shape_Area": 2236844.1184229045, "cpwParkName": "Golden Gate Canyon State Park", "source": "USGS PAD-US" }, "geometry": { "type": "Polygon", "coordinates": [ [ [ -105.442744965399982, 39.816859672200003 ], [ -105.442600986499997, 39.803976225599996 ], [ -105.451738294099997, 39.803561407799982 ], [ -105.451561676799983, 39.796351644299996 ], [ -105.456109027099998, 39.79617065170001 ], [ -105.456504768, 39.810536224599993 ], [ -105.461094643799981, 39.810301846499996 ], [ -105.461319767399985, 39.815833820100003 ], [ -105.442744965399982, 39.816859672200003 ] ] ] } },
{ "type": "Feature", "properties": { "FeatClass": "Fee", "Category": "Fee", "Own_Type": "STAT", "Own_Name": "SFW", "Loc_Own": "Colorado Parks & Wildlife", "Mang_Type": "STAT", "Mang_Name": "SFW", "Loc_Mang": "Colorado Parks & Wildlife", "Des_Tp": "SP", "Loc_Ds": "State Parks", "Unit_Nm": "Golden Gate Canyon State Park", "Loc_Nm": "Golden Gate Canyon State Park", "State_Nm": "CO", "Agg_Src": "CNHP_PADUS4_0Easement_COMaP_Public_v20230223_CO", "GIS_Src": "Colorado Parks & Wildlife GIS - CPWParcels", "Src_Date": "2015/08/04", "GIS_Acres": 495, "Source_PAID": "", "WDPA_Cd": 0, "Pub_Access": "OA", "Access_Src": "CNHP COMaP", "Access_Dt": "2016", "GAP_Sts": "4", "GAPCdSrc": "GAP - Default", "GAPCdDt": "2024", "IUCN_Cat": "Unassigned", "IUCNCtSrc": "GAP - Default", "IUCNCtDt": "2024", "Date_Est": "1993", "Comments": "Purchased from private landowner by TPL Rec. No. 78838 on 19930902, TPL transferred ownership to Colorado State Parks with Rec. No. 78841, Deed correction with Rec. No. 80707 on 19940228.  Funding Partners: TPL, Colorado State Parks.", "Term": null, "Duration": null, "d_FeatClass": "Fee", "d_Category": "Fee", "d_Own_Type": "State", "d_Own_Name": "State Fish and Wildlife", "d_Mang_Type": "State", "d_Mang_Name": "State Fish and Wildlife", "d_Des_Tp": "State Park", "d_State_Nm": "Colorado", "d_Pub_Access": "Open Access", "d_GAP_Sts": "4 - no known mandate for biodiversity protection", "d_IUCN_Cat": "Unassigned", "Shape_Length": 9764.1136495851042, "Shape_Area": 2002012.3684244333, "cpwParkName": "Golden Gate Canyon State Park", "source": "USGS PAD-US" }, "geometry": { "type": "Polygon", "coordinates": [ [ [ -105.442735151799994, 39.81123928489999 ], [ -105.428966436300001, 39.811426031399996 ], [ -105.428884012400005, 39.804250422599992 ], [ -105.433456338599996, 39.80415920290001 ], [ -105.433356697300013, 39.796953937599994 ], [ -105.451561676799983, 39.796351644299996 ], [ -105.451738294099997, 39.803561407799982 ], [ -105.442600986499997, 39.803976225599996 ], [ -105.442735151799994, 39.81123928489999 ] ], [ [ -105.438153671099982, 39.80530015 ], [ -105.434507680600007, 39.806231299799997 ], [ -105.434356624200007, 39.8101068474 ], [ -105.437663710300001, 39.809772762800002 ], [ -105.438153671099982, 39.80530015 ] ], [ [ -105.43637885, 39.802027527500002 ], [ -105.438683588899991, 39.801958919299992 ], [ -105.440604884599992, 39.799869273600002 ], [ -105.439462188899995, 39.799287892 ], [ -105.43637885, 39.802027527500002 ] ] ] } },
{ "type": "Feature", "properties": { "FeatClass": "Fee", "Category": "Fee", "Own_Type": "STAT", "Own_Name": "SFW", "Loc_Own": "Colorado Parks & Wildlife", "Mang_Type": "STAT", "Mang_Name": "SFW", "Loc_Mang": "Colorado Parks & Wildlife", "Des_Tp": "SP", "Loc_Ds": "State Parks", "Unit_Nm": "Golden Gate Canyon State Park", "Loc_Nm": "Golden Gate Canyon State Park", "State_Nm": "CO", "Agg_Src": "CNHP_PADUS4_0Easement_COMaP_Public_v20230223_CO", "GIS_Src": "Colorado Parks & Wildlife GIS - CPWParcels", "Src_Date": "2015/08/04", "GIS_Acres": 1, "Source_PAID": "", "WDPA_Cd": 0, "Pub_Access": "OA", "Access_Src": "CNHP COMaP", "Access_Dt": "2016", "GAP_Sts": "4", "GAPCdSrc": "GAP - Default", "GAPCdDt": "2024", "IUCN_Cat": "Unassigned", "IUCNCtSrc": "GAP - Default", "IUCNCtDt": "2024", "Date_Est": "1996", "Comments": "Quit claim deed to State Parks with Rec. No. 90475 on 19961126", "Term": null, "Duration": null, "d_FeatClass": "Fee", "d_Category": "Fee", "d_Own_Type": "State", "d_Own_Name": "State Fish and Wildlife", "d_Mang_Type": "State", "d_Mang_Name": "State Fish and Wildlife", "d_Des_Tp": "State Park", "d_State_Nm": "Colorado", "d_Pub_Access": "Open Access", "d_GAP_Sts": "4 - no known mandate for biodiversity protection", "d_IUCN_Cat": "Unassigned", "Shape_Length": 278.31734144788635, "Shape_Area": 3509.5795296403821, "cpwParkName": "Golden Gate Canyon State Park", "source": "USGS PAD-US" }, "geometry": { "type": "Polygon", "coordinates": [ [ [ -105.4329283629, 39.837779821799998 ], [ -105.433824507500006, 39.83800053449999 ], [ -105.433772730699999, 39.838562202099993 ], [ -105.4329283629, 39.837779821799998 ] ] ] } },
{ "type": "Feature", "properties": { "FeatClass": "Fee", "Category": "Fee", "Own_Type": "STAT", "Own_Name": "SFW", "Loc_Own": "Colorado Parks & Wildlife", "Mang_Type": "STAT", "Mang_Name": "SFW", "Loc_Mang": "Colorado Parks & Wildlife", "Des_Tp": "SP", "Loc_Ds": "State Parks", "Unit_Nm": "Golden Gate Canyon State Park", "Loc_Nm": "Golden Gate Canyon State Park", "State_Nm": "CO", "Agg_Src": "CNHP_PADUS4_0Easement_COMaP_Public_v20230223_CO", "GIS_Src": "Colorado Parks & Wildlife GIS - CPWParcels", "Src_Date": "2015/08/04", "GIS_Acres": 118, "Source_PAID": "", "WDPA_Cd": 0, "Pub_Access": "OA", "Access_Src": "CNHP COMaP", "Access_Dt": "2016", "GAP_Sts": "4", "GAPCdSrc": "GAP - Default", "GAPCdDt": "2024", "IUCN_Cat": "Unassigned", "IUCNCtSrc": "GAP - Default", "IUCNCtDt": "2024", "Date_Est": "2000", "Comments": "Warranty deed to State Parks with Rec. No. 106587 on 20001213", "Term": null, "Duration": null, "d_FeatClass": "Fee", "d_Category": "Fee", "d_Own_Type": "State", "d_Own_Name": "State Fish and Wildlife", "d_Mang_Type": "State", "d_Mang_Name": "State Fish and Wildlife", "d_Des_Tp": "State Park", "d_State_Nm": "Colorado", "d_Pub_Access": "Open Access", "d_GAP_Sts": "4 - no known mandate for biodiversity protection", "d_IUCN_Cat": "Unassigned", "Shape_Length": 3187.8474580078064, "Shape_Area": 476365.44508959888, "cpwParkName": "Golden Gate Canyon State Park", "source": "USGS PAD-US" }, "geometry": { "type": "Polygon", "coordinates": [ [ [ -105.397297207499989, 39.869145772699994 ], [ -105.397212810699983, 39.865564150499992 ], [ -105.392547077800003, 39.865694110299998 ], [ -105.392463098300013, 39.862103148400003 ], [ -105.401793810099988, 39.861861819799998 ], [ -105.401963309599992, 39.869006526500002 ], [ -105.397297207499989, 39.869145772699994 ] ] ] } },
{ "type": "Feature", "properties": { "FeatClass": "Fee", "Category": "Fee", "Own_Type": "STAT", "Own_Name": "SFW", "Loc_Own": "Colorado Parks & Wildlife", "Mang_Type": "STAT", "Mang_Name": "SFW", "Loc_Mang": "Colorado Parks & Wildlife", "Des_Tp": "SP", "Loc_Ds": "State Parks", "Unit_Nm": "Golden Gate Canyon State Park", "Loc_Nm": "Golden Gate Canyon State Park", "State_Nm": "CO", "Agg_Src": "CNHP_PADUS4_0Easement_COMaP_Public_v20230223_CO", "GIS_Src": "Colorado Parks & Wildlife GIS - CPWParcels", "Src_Date": "2015/08/04", "GIS_Acres": 36, "Source_PAID": "", "WDPA_Cd": 0, "Pub_Access": "OA", "Access_Src": "CNHP COMaP", "Access_Dt": "2016", "GAP_Sts": "4", "GAPCdSrc": "GAP - Default", "GAPCdDt": "2024", "IUCN_Cat": "Unassigned", "IUCNCtSrc": "GAP - Default", "IUCNCtDt": "2024", "Date_Est": "2005", "Comments": "Warranty deed to State Parks with Rec. No. 126922 on 20050802", "Term": null, "Duration": null, "d_FeatClass": "Fee", "d_Category": "Fee", "d_Own_Type": "State", "d_Own_Name": "State Fish and Wildlife", "d_Mang_Type": "State", "d_Mang_Name": "State Fish and Wildlife", "d_Des_Tp": "State Park", "d_State_Nm": "Colorado", "d_Pub_Access": "Open Access", "d_GAP_Sts": "4 - no known mandate for biodiversity protection", "d_IUCN_Cat": "Unassigned", "Shape_Length": 1583.1823736393239, "Shape_Area": 144148.28970463577, "cpwParkName": "Golden Gate Canyon State Park", "source": "USGS PAD-US" }, "geometry": { "type": "Polygon", "coordinates": [ [ [ -105.438153671099982, 39.80530015 ], [ -105.437663710300001, 39.809772762800002 ], [ -105.434356624200007, 39.8101068474 ], [ -105.434507680600007, 39.806231299799997 ], [ -105.438153671099982, 39.80530015 ] ] ] } },
{ "type": "Feature", "properties": { "FeatClass": "Fee", "Category": "Fee", "Own_Type": "STAT", "Own_Name": "SFW", "Loc_Own": "Colorado Parks & Wildlife", "Mang_Type": "STAT", "Mang_Name": "SFW", "Loc_Mang": "Colorado Parks & Wildlife", "Des_Tp": "SP", "Loc_Ds": "State Parks", "Unit_Nm": "Golden Gate Canyon State Park", "Loc_Nm": "Golden Gate Canyon State Park", "State_Nm": "CO", "Agg_Src": "CNHP_PADUS4_0Easement_COMaP_Public_v20230223_CO", "GIS_Src": "Colorado Parks & Wildlife GIS - CPWParcels", "Src_Date": "2023/02/23", "GIS_Acres": 7997, "Source_PAID": "", "WDPA_Cd": 0, "Pub_Access": "OA", "Access_Src": "CNHP COMaP", "Access_Dt": "2016", "GAP_Sts": "4", "GAPCdSrc": "GAP - Default", "GAPCdDt": "2024", "IUCN_Cat": "Unassigned", "IUCNCtSrc": "GAP - Default", "IUCNCtDt": "2024", "Date_Est": "", "Comments": "", "Term": null, "Duration": null, "d_FeatClass": "Fee", "d_Category": "Fee", "d_Own_Type": "State", "d_Own_Name": "State Fish and Wildlife", "d_Mang_Type": "State", "d_Mang_Name": "State Fish and Wildlife", "d_Des_Tp": "State Park", "d_State_Nm": "Colorado", "d_Pub_Access": "Open Access", "d_GAP_Sts": "4 - no known mandate for biodiversity protection", "d_IUCN_Cat": "Unassigned", "Shape_Length": 51565.294594880565, "Shape_Area": 32364498.711087659, "cpwParkName": "Golden Gate Canyon State Park", "source": "USGS PAD-US" }, "geometry": { "type": "MultiPolygon", "coordinates": [ [ [ [ -105.428924549099989, 39.811551049400002 ], [ -105.428917084399998, 39.80712953159999 ], [ -105.428966436300001, 39.811426031399996 ], [ -105.438145600199988, 39.811301509599986 ], [ -105.428924549099989, 39.811551049400002 ] ] ], [ [ [ -105.456711212599998, 39.821326891 ], [ -105.452048148399996, 39.821467080799991 ], [ -105.456718276199979, 39.821271831299988 ], [ -105.456711212599998, 39.821326891 ] ] ], [ [ [ -105.470612126899994, 39.824457170700001 ], [ -105.470395066799981, 39.813825189599989 ], [ -105.470675099399998, 39.824455577199991 ], [ -105.470612126899994, 39.824457170700001 ] ] ], [ [ [ -105.411754050599995, 39.883238133500001 ], [ -105.411506393499991, 39.876019349700002 ], [ -105.416136604100004, 39.875974478 ], [ -105.415804924199989, 39.868795315899987 ], [ -105.401889369, 39.869042404199995 ], [ -105.401978193299996, 39.872613719 ], [ -105.397498929199998, 39.872797235100002 ], [ -105.397297205399994, 39.869145783699992 ], [ -105.401963309599992, 39.869006526500002 ], [ -105.401793810099988, 39.861861819799998 ], [ -105.392463098300013, 39.862103148400003 ], [ -105.392547077800003, 39.865694110299998 ], [ -105.37774707, 39.865288553499994 ], [ -105.37793137109999, 39.868943889399993 ], [ -105.36849817220002, 39.868512049099991 ], [ -105.368707296499991, 39.872832042099994 ], [ -105.359220722800004, 39.872838018999985 ], [ -105.359118526900005, 39.869175867700001 ], [ -105.349704885699992, 39.869087435 ], [ -105.349777043699987, 39.862850868599992 ], [ -105.347592867399996, 39.862874011399995 ], [ -105.347502423299986, 39.860979581699993 ], [ -105.345132839799987, 39.860996502 ], [ -105.345090972199984, 39.857989141200001 ], [ -105.340376702699999, 39.857913978699997 ], [ -105.340477381799985, 39.854361368399992 ], [ -105.330238509, 39.854293739499994 ], [ -105.330353280999987, 39.850535346299999 ], [ -105.340394684200007, 39.850580401 ], [ -105.34038572599998, 39.847619915899983 ], [ -105.346107583199995, 39.847602985699993 ], [ -105.346125347, 39.850803931100003 ], [ -105.351928495400003, 39.851525641799988 ], [ -105.354409511100002, 39.849473549599992 ], [ -105.354372683199998, 39.845782189399991 ], [ -105.368291817300005, 39.846112525399995 ], [ -105.368832818099989, 39.846969587499999 ], [ -105.370631528399983, 39.846017193699993 ], [ -105.377943096400003, 39.846089748799997 ], [ -105.382312285299989, 39.844460539199993 ], [ -105.382324273299986, 39.851357193199995 ], [ -105.396858067, 39.851226227299996 ], [ -105.396784178399997, 39.847648651199997 ], [ -105.401421459100007, 39.847559044199997 ], [ -105.401339220099999, 39.843990776999988 ], [ -105.405968108899984, 39.843910653499989 ], [ -105.405894006299988, 39.840377036499987 ], [ -105.398141218, 39.840629191300003 ], [ -105.401727254299999, 39.839326988700002 ], [ -105.405821890699983, 39.834587622699992 ], [ -105.405747669999982, 39.829696335199998 ], [ -105.410195235299994, 39.829629609 ], [ -105.410062240499997, 39.82609023469999 ], [ -105.415333531799988, 39.826095684 ], [ -105.414539404799982, 39.822581100699978 ], [ -105.429048202299995, 39.822141204499992 ], [ -105.429084098000018, 39.818673109199992 ], [ -105.433428628799987, 39.818595976200001 ], [ -105.433499640499988, 39.829103314399994 ], [ -105.428893076600005, 39.829863305 ], [ -105.4300041706, 39.830678453799997 ], [ -105.428240069099985, 39.832138908399997 ], [ -105.433721235999982, 39.83573099449999 ], [ -105.433853799, 39.838644081299989 ], [ -105.439131864999979, 39.839993937199992 ], [ -105.442901573499995, 39.844779507199988 ], [ -105.44633258029998, 39.845293935299992 ], [ -105.447691467599995, 39.849773560399996 ], [ -105.445777899699991, 39.854420566199998 ], [ -105.449211836299995, 39.85630758029999 ], [ -105.449607476999986, 39.861074590599998 ], [ -105.445582246200004, 39.865209046299995 ], [ -105.445446072899998, 39.867449390599987 ], [ -105.445713426699982, 39.868522374699999 ], [ -105.448708940499998, 39.868513478099999 ], [ -105.448698010300006, 39.871700206999989 ], [ -105.453442144799993, 39.875769590099999 ], [ -105.453469175099997, 39.878596110700002 ], [ -105.450327851799983, 39.879751029299996 ], [ -105.449413752, 39.883016321899994 ], [ -105.411754050599995, 39.883238133500001 ] ], [ [ -105.40154017, 39.851150938899984 ], [ -105.396886115800001, 39.851246708599994 ], [ -105.396959694199992, 39.854818612199992 ], [ -105.401624311599988, 39.854716534 ], [ -105.40154017, 39.851150938899984 ] ] ] ] } },
{ "type": "Feature", "properties": { "FeatClass": "Fee", "Category": "Fee", "Own_Type": "STAT", "Own_Name": "SFW", "Loc_Own": "Colorado Parks & Wildlife", "Mang_Type": "STAT", "Mang_Name": "SFW", "Loc_Mang": "Colorado Parks & Wildlife", "Des_Tp": "SP", "Loc_Ds": "State Parks", "Unit_Nm": "Golden Gate Canyon State Park", "Loc_Nm": "Golden Gate Canyon State Park", "State_Nm": "CO", "Agg_Src": "CNHP_PADUS4_0Easement_COMaP_Public_v20230223_CO", "GIS_Src": "Colorado Parks & Wildlife GIS - CPWParcels", "Src_Date": "2023/02/23", "GIS_Acres": 233, "Source_PAID": "", "WDPA_Cd": 0, "Pub_Access": "OA", "Access_Src": "CNHP COMaP", "Access_Dt": "2016", "GAP_Sts": "4", "GAPCdSrc": "GAP - Default", "GAPCdDt": "2024", "IUCN_Cat": "Unassigned", "IUCNCtSrc": "GAP - Default", "IUCNCtDt": "2024", "Date_Est": "", "Comments": "Purchased from private landowner by TPL No. 67840 on 19891229, TPL transferred ownership to Colorado State Parks with unknown Rec. No. Funding Partners: TPL, Colorado State Parks.", "Term": null, "Duration": null, "d_FeatClass": "Fee", "d_Category": "Fee", "d_Own_Type": "State", "d_Own_Name": "State Fish and Wildlife", "d_Mang_Type": "State", "d_Mang_Name": "State Fish and Wildlife", "d_Des_Tp": "State Park", "d_State_Nm": "Colorado", "d_Pub_Access": "Open Access", "d_GAP_Sts": "4 - no known mandate for biodiversity protection", "d_IUCN_Cat": "Unassigned", "Shape_Length": 4752.4136370323067, "Shape_Area": 943004.20690051385, "cpwParkName": "Golden Gate Canyon State Park", "source": "USGS PAD-US" }, "geometry": { "type": "Polygon", "coordinates": [ [ [ -105.447392831, 39.821660902600001 ], [ -105.433367510500005, 39.822063554400003 ], [ -105.433493425500004, 39.814918743200003 ], [ -105.438102459299984, 39.814840211 ], [ -105.438145600199988, 39.811301509599986 ], [ -105.442735151799994, 39.81123928489999 ], [ -105.442747489699983, 39.818282604499998 ], [ -105.447375465099981, 39.818080983 ], [ -105.447392831, 39.821660902600001 ] ] ] } },
{ "type": "Feature", "properties": { "FeatClass": "Fee", "Category": "Fee", "Own_Type": "STAT", "Own_Name": "SFW", "Loc_Own": "Colorado Parks & Wildlife", "Mang_Type": "STAT", "Mang_Name": "SFW", "Loc_Mang": "Colorado Parks & Wildlife", "Des_Tp": "SP", "Loc_Ds": "State Parks", "Unit_Nm": "Golden Gate Canyon State Park", "Loc_Nm": "Golden Gate Canyon State Park", "State_Nm": "CO", "Agg_Src": "CNHP_PADUS4_0Easement_COMaP_Public_v20230223_CO", "GIS_Src": "Colorado Parks & Wildlife GIS - CPWParcels", "Src_Date": "2023/02/23", "GIS_Acres": 809, "Source_PAID": "", "WDPA_Cd": 0, "Pub_Access": "OA", "Access_Src": "CNHP COMaP", "Access_Dt": "2016", "GAP_Sts": "4", "GAPCdSrc": "GAP - Default", "GAPCdDt": "2024", "IUCN_Cat": "Unassigned", "IUCNCtSrc": "GAP - Default", "IUCNCtDt": "2024", "Date_Est": "", "Comments": "Warranty deed to TPL with Rec. No. 73429 on 19920326, Transferred to State Parks with unknown Rec. No. Funding Partners: TPL, Colorado State Parks.", "Term": null, "Duration": null, "d_FeatClass": "Fee", "d_Category": "Fee", "d_Own_Type": "State", "d_Own_Name": "State Fish and Wildlife", "d_Mang_Type": "State", "d_Mang_Name": "State Fish and Wildlife", "d_Des_Tp": "State Park", "d_State_Nm": "Colorado", "d_Pub_Access": "Open Access", "d_GAP_Sts": "4 - no known mandate for biodiversity protection", "d_IUCN_Cat": "Unassigned", "Shape_Length": 11735.436203748657, "Shape_Area": 3274551.7327967952, "cpwParkName": "Golden Gate Canyon State Park", "source": "USGS PAD-US" }, "geometry": { "type": "MultiPolygon", "coordinates": [ [ [ [ -105.462321942399996, 39.781484479999989 ], [ -105.451601505799985, 39.781882535 ], [ -105.45176707089999, 39.774737392099993 ], [ -105.453429098299992, 39.774698485599998 ], [ -105.461534081099984, 39.779300975799991 ], [ -105.462321942399996, 39.781484479999989 ] ] ], [ [ [ -105.456504768, 39.810536224599993 ], [ -105.456109027099998, 39.79617065170001 ], [ -105.460656419599999, 39.795989502799998 ], [ -105.460617658800004, 39.788770944199996 ], [ -105.465166856099998, 39.788654095299989 ], [ -105.465206937399984, 39.792288212599992 ], [ -105.469796039199991, 39.792192220399997 ], [ -105.469978910199984, 39.799582542099991 ], [ -105.474578515199994, 39.799525056299991 ], [ -105.474628728799999, 39.80339814469999 ], [ -105.479154915399988, 39.803481240599993 ], [ -105.479452064600011, 39.808462264899994 ], [ -105.461043870200001, 39.8086014585 ], [ -105.461094643799981, 39.810301846499996 ], [ -105.456504768, 39.810536224599993 ] ] ] ] } },
{ "type": "Feature", "properties": { "FeatClass": "Fee", "Category": "Fee", "Own_Type": "STAT", "Own_Name": "SFW", "Loc_Own": "Colorado Parks & Wildlife", "Mang_Type": "STAT", "Mang_Name": "SFW", "Loc_Mang": "Colorado Parks & Wildlife", "Des_Tp": "SP", "Loc_Ds": "State Parks", "Unit_Nm": "Golden Gate Canyon State Park", "Loc_Nm": "Golden Gate Canyon State Park", "State_Nm": "CO", "Agg_Src": "CNHP_PADUS4_0Easement_COMaP_Public_v20230223_CO", "GIS_Src": "Colorado Parks & Wildlife GIS - CPWParcels", "Src_Date": "2023/02/23", "GIS_Acres": 32, "Source_PAID": "", "WDPA_Cd": 0, "Pub_Access": "OA", "Access_Src": "CNHP COMaP", "Access_Dt": "2016", "GAP_Sts": "4", "GAPCdSrc": "GAP - Default", "GAPCdDt": "2024", "IUCN_Cat": "Unassigned", "IUCNCtSrc": "GAP - Default", "IUCNCtDt": "2024", "Date_Est": "", "Comments": "Works Property - Golden Gate Canyon SP / Land Purchases / Buffer Acquisitions", "Term": null, "Duration": null, "d_FeatClass": "Fee", "d_Category": "Fee", "d_Own_Type": "State", "d_Own_Name": "State Fish and Wildlife", "d_Mang_Type": "State", "d_Mang_Name": "State Fish and Wildlife", "d_Des_Tp": "State Park", "d_State_Nm": "Colorado", "d_Pub_Access": "Open Access", "d_GAP_Sts": "4 - no known mandate for biodiversity protection", "d_IUCN_Cat": "Unassigned", "Shape_Length": 1541.9470700735949, "Shape_Area": 127550.65596725744, "cpwParkName": "Golden Gate Canyon State Park", "source": "USGS PAD-US" }, "geometry": { "type": "Polygon", "coordinates": [ [ [ -105.453456020800004, 39.878598867099988 ], [ -105.453490998599989, 39.882998356500003 ], [ -105.449413752, 39.883016321899994 ], [ -105.450327851799983, 39.879751029299996 ], [ -105.453456020800004, 39.878598867099988 ] ] ] } },
{ "type": "Feature", "properties": { "FeatClass": "Fee", "Category": "Fee", "Own_Type": "STAT", "Own_Name": "SFW", "Loc_Own": "Colorado Parks & Wildlife", "Mang_Type": "STAT", "Mang_Name": "SFW", "Loc_Mang": "Colorado Parks & Wildlife", "Des_Tp": "SP", "Loc_Ds": "State Parks", "Unit_Nm": "Golden Gate Canyon State Park", "Loc_Nm": "Golden Gate Canyon State Park", "State_Nm": "CO", "Agg_Src": "CNHP_PADUS4_0Easement_COMaP_Public_v20230223_CO", "GIS_Src": "Colorado Parks & Wildlife GIS - CPWParcels", "Src_Date": "2023/02/23", "GIS_Acres": 427, "Source_PAID": "", "WDPA_Cd": 0, "Pub_Access": "RA", "Access_Src": "COMaP", "Access_Dt": "2023", "GAP_Sts": "4", "GAPCdSrc": "GAP - Default", "GAPCdDt": "2024", "IUCN_Cat": "Unassigned", "IUCNCtSrc": "GAP - Default", "IUCNCtDt": "2024", "Date_Est": "", "Comments": "", "Term": null, "Duration": null, "d_FeatClass": "Fee", "d_Category": "Fee", "d_Own_Type": "State", "d_Own_Name": "State Fish and Wildlife", "d_Mang_Type": "State", "d_Mang_Name": "State Fish and Wildlife", "d_Des_Tp": "State Park", "d_State_Nm": "Colorado", "d_Pub_Access": "Restricted Access", "d_GAP_Sts": "4 - no known mandate for biodiversity protection", "d_IUCN_Cat": "Unassigned", "Shape_Length": 12792.247486513877, "Shape_Area": 1726768.7115132387, "cpwParkName": "Golden Gate Canyon State Park", "source": "USGS PAD-US" }, "geometry": { "type": "MultiPolygon", "coordinates": [ [ [ [ -105.461094643799981, 39.810301846499996 ], [ -105.461043870200001, 39.8086014585 ], [ -105.474847574499989, 39.808484475299998 ], [ -105.474928894599984, 39.810126218699999 ], [ -105.461094643799981, 39.810301846499996 ] ] ], [ [ [ -105.457629665100001, 39.840729024700003 ], [ -105.453181754599981, 39.840319531899993 ], [ -105.453196718399994, 39.841025239699995 ], [ -105.452806367899981, 39.839413714699994 ], [ -105.450940121799988, 39.839461074599996 ], [ -105.4509792156, 39.840376254199988 ], [ -105.446363434, 39.83957966949999 ], [ -105.448077529499983, 39.839524738900003 ], [ -105.447409640399982, 39.825132087199997 ], [ -105.437993763, 39.825401501299993 ], [ -105.438021374300007, 39.821959873699996 ], [ -105.447392831, 39.821660902600001 ], [ -105.447409638099998, 39.825131664899992 ], [ -105.452299975700001, 39.82498200149999 ], [ -105.452799039699997, 39.835796811800002 ], [ -105.466706525599989, 39.835546693199994 ], [ -105.466807350500005, 39.839103638300003 ], [ -105.457607329, 39.83923645290001 ], [ -105.457629665100001, 39.840729024700003 ] ], [ [ -105.455336543700014, 39.839405810599999 ], [ -105.45444722069999, 39.837978612799986 ], [ -105.454446407800006, 39.839418159899985 ], [ -105.455336543700014, 39.839405810599999 ] ] ] ] } },
{ "type": "Feature", "properties": { "FeatClass": "Fee", "Category": "Other", "Own_Type": "STAT", "Own_Name": "SLB", "Loc_Own": "Colorado State Land Board", "Mang_Type": "STAT", "Mang_Name": "SFW", "Loc_Mang": "Colorado Parks & Wildlife", "Des_Tp": "SP", "Loc_Ds": "State Parks", "Unit_Nm": "Golden Gate Canyon State Park", "Loc_Nm": "Golden Gate Canyon State Park", "State_Nm": "CO", "Agg_Src": "CNHP_PADUS4_0Easement_COMaP_Public_v20230223_CO", "GIS_Src": "Colorado Parks & Wildlife GIS - CPWParcels", "Src_Date": "2023/02/23", "GIS_Acres": 619, "Source_PAID": "", "WDPA_Cd": 0, "Pub_Access": "OA", "Access_Src": "CNHP COMaP", "Access_Dt": "2016", "GAP_Sts": "4", "GAPCdSrc": "GAP - Default", "GAPCdDt": "2024", "IUCN_Cat": "Unassigned", "IUCNCtSrc": "GAP - Default", "IUCNCtDt": "2024", "Date_Est": "", "Comments": "", "Term": null, "Duration": null, "d_FeatClass": "Fee", "d_Category": "Other", "d_Own_Type": "State", "d_Own_Name": "State Land Board", "d_Mang_Type": "State", "d_Mang_Name": "State Fish and Wildlife", "d_Des_Tp": "State Park", "d_State_Nm": "Colorado", "d_Pub_Access": "Open Access", "d_GAP_Sts": "4 - no known mandate for biodiversity protection", "d_IUCN_Cat": "Unassigned", "Shape_Length": 6334.3510632341595, "Shape_Area": 2503406.3543059444, "cpwParkName": "Golden Gate Canyon State Park", "source": "USGS PAD-US" }, "geometry": { "type": "Polygon", "coordinates": [ [ [ -105.460656419599999, 39.795989502799998 ], [ -105.4424669287, 39.796713322 ], [ -105.442379543099989, 39.782218297999982 ], [ -105.460577813599997, 39.781552286099995 ], [ -105.460656419599999, 39.795989502799998 ] ] ] } },
{ "type": "Feature", "properties": { "FeatClass": "Fee", "Category": "Fee", "Own_Type": "PVT", "Own_Name": "PVT", "Loc_Own": "Private", "Mang_Type": "STAT", "Mang_Name": "SFW", "Loc_Mang": "Colorado Parks & Wildlife", "Des_Tp": "SP", "Loc_Ds": "State Parks", "Unit_Nm": "Harvey Gap State Park", "Loc_Nm": "Harvey Gap State Park", "State_Nm": "CO", "Agg_Src": "CNHP_PADUS4_0Easement_COMaP_Public_v20230223_CO", "GIS_Src": "Colorado Parks & Wildlife GIS - CPWParcels", "Src_Date": "2023/02/23", "GIS_Acres": 309, "Source_PAID": "", "WDPA_Cd": 0, "Pub_Access": "OA", "Access_Src": "CNHP COMaP", "Access_Dt": "2016", "GAP_Sts": "4", "GAPCdSrc": "GAP - Default", "GAPCdDt": "2024", "IUCN_Cat": "Unassigned", "IUCNCtSrc": "GAP - Default", "IUCNCtDt": "2024", "Date_Est": "", "Comments": "", "Term": null, "Duration": null, "d_FeatClass": "Fee", "d_Category": "Fee", "d_Own_Type": "Private", "d_Own_Name": "Private", "d_Mang_Type": "State", "d_Mang_Name": "State Fish and Wildlife", "d_Des_Tp": "State Park", "d_State_Nm": "Colorado", "d_Pub_Access": "Open Access", "d_GAP_Sts": "4 - no known mandate for biodiversity protection", "d_IUCN_Cat": "Unassigned", "Shape_Length": 5815.5561625875762, "Shape_Area": 1248665.3857312896, "cpwParkName": "Harvey Gap State Park", "source": "USGS PAD-US" }, "geometry": { "type": "Polygon", "coordinates": [ [ [ -107.655636681399997, 39.610630983499988 ], [ -107.656669415200014, 39.610633732300002 ], [ -107.656688506799981, 39.607038148599997 ], [ -107.658973153100007, 39.606226926699996 ], [ -107.662216821499996, 39.606688606199995 ], [ -107.666704043, 39.609960378399983 ], [ -107.666538303299987, 39.618046320999987 ], [ -107.662659874100001, 39.618527702799994 ], [ -107.662941483699981, 39.620277584199989 ], [ -107.658430669, 39.618001008699999 ], [ -107.657186989499991, 39.619522637 ], [ -107.658771478799991, 39.622844570399984 ], [ -107.655042940900003, 39.621488246099993 ], [ -107.654368608199988, 39.616708461 ], [ -107.655759636, 39.614765627099999 ], [ -107.655636681399997, 39.610630983499988 ] ] ] } },
{ "type": "Feature", "properties": { "FeatClass": "Fee", "Category": "Fee", "Own_Type": "FED", "Own_Name": "USBR", "Loc_Own": "US Bureau of Reclamation", "Mang_Type": "STAT", "Mang_Name": "SPR", "Loc_Mang": "Colorado State Parks", "Des_Tp": "SP", "Loc_Ds": "State Parks", "Unit_Nm": "Highline Lake State Park", "Loc_Nm": "Highline Lake State Park", "State_Nm": "CO", "Agg_Src": "USGS_PADUS1_4Fee_USBR_PADUS1_3", "GIS_Src": "Colorado State Parks - col_bou_stpark_44_polys.shp", "Src_Date": "2005/04/15", "GIS_Acres": 173, "Source_PAID": "", "WDPA_Cd": 0, "Pub_Access": "OA", "Access_Src": "CNHP COMaP", "Access_Dt": "2016", "GAP_Sts": "4", "GAPCdSrc": "GAP - Default", "GAPCdDt": "2024", "IUCN_Cat": "Unassigned", "IUCNCtSrc": "GAP - Default", "IUCNCtDt": "2024", "Date_Est": "", "Comments": "", "Term": null, "Duration": null, "d_FeatClass": "Fee", "d_Category": "Fee", "d_Own_Type": "Federal", "d_Own_Name": "Bureau of Reclamation", "d_Mang_Type": "State", "d_Mang_Name": "State Park and Recreation", "d_Des_Tp": "State Park", "d_State_Nm": "Colorado", "d_Pub_Access": "Open Access", "d_GAP_Sts": "4 - no known mandate for biodiversity protection", "d_IUCN_Cat": "Unassigned", "Shape_Length": 6009.3499118760146, "Shape_Area": 699284.97059061448, "cpwParkName": "Highline Lake State Park", "source": "USGS PAD-US" }, "geometry": { "type": "MultiPolygon", "coordinates": [ [ [ [ -108.831736954699991, 39.273421090900001 ], [ -108.832843732099988, 39.272199939499991 ], [ -108.836017330699988, 39.271136966099995 ], [ -108.835992352, 39.273132398899996 ], [ -108.833650401299991, 39.273142572099999 ], [ -108.833661865600007, 39.276214002399996 ], [ -108.831736954699991, 39.273421090900001 ] ] ], [ [ [ -108.831551499599996, 39.286407827499993 ], [ -108.829254112299992, 39.285376267499998 ], [ -108.829049196999989, 39.283949571299985 ], [ -108.833664254799999, 39.276851586599989 ], [ -108.833678002599996, 39.2805307701 ], [ -108.841056799399993, 39.280553628499995 ], [ -108.840917592499991, 39.283975151699998 ], [ -108.845349810200005, 39.28393820609999 ], [ -108.831551499599996, 39.286407827499993 ] ] ] ] } },
{ "type": "Feature", "properties": { "FeatClass": "Fee", "Category": "Fee", "Own_Type": "STAT", "Own_Name": "SFW", "Loc_Own": "Colorado Parks & Wildlife", "Mang_Type": "STAT", "Mang_Name": "SFW", "Loc_Mang": "Colorado Parks & Wildlife", "Des_Tp": "SP", "Loc_Ds": "State Parks", "Unit_Nm": "Highline Lake State Park", "Loc_Nm": "Highline Lake State Park", "State_Nm": "CO", "Agg_Src": "CNHP_PADUS4_0Easement_COMaP_Public_v20230223_CO", "GIS_Src": "Colorado Parks & Wildlife GIS - CPWParcels", "Src_Date": "2023/02/23", "GIS_Acres": 351, "Source_PAID": "", "WDPA_Cd": 0, "Pub_Access": "OA", "Access_Src": "CNHP COMaP", "Access_Dt": "2016", "GAP_Sts": "4", "GAPCdSrc": "GAP - Default", "GAPCdDt": "2024", "IUCN_Cat": "Unassigned", "IUCNCtSrc": "GAP - Default", "IUCNCtDt": "2024", "Date_Est": "", "Comments": "", "Term": null, "Duration": null, "d_FeatClass": "Fee", "d_Category": "Fee", "d_Own_Type": "State", "d_Own_Name": "State Fish and Wildlife", "d_Mang_Type": "State", "d_Mang_Name": "State Fish and Wildlife", "d_Des_Tp": "State Park", "d_State_Nm": "Colorado", "d_Pub_Access": "Open Access", "d_GAP_Sts": "4 - no known mandate for biodiversity protection", "d_IUCN_Cat": "Unassigned", "Shape_Length": 6377.9153220390835, "Shape_Area": 1419460.1041745644, "cpwParkName": "Highline Lake State Park", "source": "USGS PAD-US" }, "geometry": { "type": "MultiPolygon", "coordinates": [ [ [ [ -108.845576262799995, 39.283936198900001 ], [ -108.845617083899995, 39.282154192199989 ], [ -108.847941521600006, 39.282167951700004 ], [ -108.847910435699987, 39.283954454399996 ], [ -108.845576262799995, 39.283936198900001 ] ] ], [ [ [ -108.845319498, 39.280565689199996 ], [ -108.833678002599996, 39.2805307701 ], [ -108.833650401299991, 39.273142572099999 ], [ -108.835992352, 39.273132398899996 ], [ -108.836029298, 39.267528151100002 ], [ -108.838083158399996, 39.267535050899994 ], [ -108.837526971599985, 39.265906605200001 ], [ -108.845402744299989, 39.265968425299995 ], [ -108.843728598200002, 39.276402943400001 ], [ -108.845336485199979, 39.276825277900002 ], [ -108.845319498, 39.280565689199996 ] ] ] ] } },
{ "type": "Feature", "properties": { "FeatClass": "Fee", "Category": "Other", "Own_Type": "FED", "Own_Name": "USBR", "Loc_Own": "US Bureau of Reclamation", "Mang_Type": "STAT", "Mang_Name": "SFW", "Loc_Mang": "Colorado Parks & Wildlife", "Des_Tp": "SP", "Loc_Ds": "State Parks", "Unit_Nm": "Highline Lake State Park", "Loc_Nm": "Highline Lake State Park", "State_Nm": "CO", "Agg_Src": "CNHP_PADUS4_0Easement_COMaP_Public_v20230223_CO", "GIS_Src": "Colorado Parks & Wildlife GIS - CPWParcels", "Src_Date": "2023/02/23", "GIS_Acres": 173, "Source_PAID": "", "WDPA_Cd": 0, "Pub_Access": "OA", "Access_Src": "GAP - Default", "Access_Dt": "2024", "GAP_Sts": "4", "GAPCdSrc": "GAP - Default", "GAPCdDt": "2024", "IUCN_Cat": "Unassigned", "IUCNCtSrc": "GAP - Default", "IUCNCtDt": "2024", "Date_Est": "", "Comments": "", "Term": null, "Duration": null, "d_FeatClass": "Fee", "d_Category": "Other", "d_Own_Type": "Federal", "d_Own_Name": "Bureau of Reclamation", "d_Mang_Type": "State", "d_Mang_Name": "State Fish and Wildlife", "d_Des_Tp": "State Park", "d_State_Nm": "Colorado", "d_Pub_Access": "Open Access", "d_GAP_Sts": "4 - no known mandate for biodiversity protection", "d_IUCN_Cat": "Unassigned", "Shape_Length": 6006.2795389638477, "Shape_Area": 699320.60583365429, "cpwParkName": "Highline Lake State Park", "source": "USGS PAD-US" }, "geometry": { "type": "MultiPolygon", "coordinates": [ [ [ [ -108.831736954699991, 39.273421090900001 ], [ -108.832843732099988, 39.272199939499991 ], [ -108.836017330699988, 39.271136966099995 ], [ -108.835992352, 39.273132398899996 ], [ -108.833650401299991, 39.273142572099999 ], [ -108.833661865600007, 39.276214002399996 ], [ -108.831736954699991, 39.273421090900001 ] ] ], [ [ [ -108.831551499599996, 39.286407827499993 ], [ -108.829254112299992, 39.285376267499998 ], [ -108.829049196999989, 39.283949571299985 ], [ -108.833664254799999, 39.276851586599989 ], [ -108.833678002599996, 39.2805307701 ], [ -108.841056799399993, 39.280553628499995 ], [ -108.8409297372, 39.283957281799992 ], [ -108.845349684400006, 39.283938302 ], [ -108.831551499599996, 39.286407827499993 ] ] ] ] } },
{ "type": "Feature", "properties": { "FeatClass": "Fee", "Category": "Fee", "Own_Type": "STAT", "Own_Name": "SFW", "Loc_Own": "Colorado Parks & Wildlife", "Mang_Type": "STAT", "Mang_Name": "SFW", "Loc_Mang": "Colorado Parks & Wildlife", "Des_Tp": "SP", "Loc_Ds": "State Parks", "Unit_Nm": "Jackson Lake State Park", "Loc_Nm": "Jackson Lake State Park", "State_Nm": "CO", "Agg_Src": "CNHP_PADUS4_0Easement_COMaP_Public_v20230223_CO", "GIS_Src": "Colorado Parks & Wildlife GIS - CPWParcels", "Src_Date": "2023/02/23", "GIS_Acres": 2178, "Source_PAID": "", "WDPA_Cd": 0, "Pub_Access": "OA", "Access_Src": "CNHP COMaP", "Access_Dt": "2016", "GAP_Sts": "4", "GAPCdSrc": "GAP - Default", "GAPCdDt": "2024", "IUCN_Cat": "Unassigned", "IUCNCtSrc": "GAP - Default", "IUCNCtDt": "2024", "Date_Est": "", "Comments": "", "Term": null, "Duration": null, "d_FeatClass": "Fee", "d_Category": "Fee", "d_Own_Type": "State", "d_Own_Name": "State Fish and Wildlife", "d_Mang_Type": "State", "d_Mang_Name": "State Fish and Wildlife", "d_Des_Tp": "State Park", "d_State_Nm": "Colorado", "d_Pub_Access": "Open Access", "d_GAP_Sts": "4 - no known mandate for biodiversity protection", "d_IUCN_Cat": "Unassigned", "Shape_Length": 16723.226550487376, "Shape_Area": 8814610.3360006809, "cpwParkName": "Jackson Lake State Park", "source": "USGS PAD-US" }, "geometry": { "type": "Polygon", "coordinates": [ [ [ -104.089299398199998, 40.404309084499992 ], [ -104.07498005219999, 40.404678560299999 ], [ -104.075000323300003, 40.401028372199995 ], [ -104.055811159799987, 40.400959907899995 ], [ -104.055840892299997, 40.397255038199994 ], [ -104.05101220909998, 40.397196418299998 ], [ -104.05110092229998, 40.389793452899994 ], [ -104.055908327799983, 40.389864743 ], [ -104.055946032299985, 40.386179539300002 ], [ -104.060768773399985, 40.386254608999984 ], [ -104.060821396199984, 40.382603074399995 ], [ -104.070488546499988, 40.382730271 ], [ -104.070569141799979, 40.379056516599995 ], [ -104.075310495599979, 40.378992029199999 ], [ -104.075417144400006, 40.371578898 ], [ -104.0801366293, 40.371569324099987 ], [ -104.080132394, 40.367942983999988 ], [ -104.089641491699993, 40.367927312799992 ], [ -104.089602700699999, 40.371572264399994 ], [ -104.084866001199998, 40.371596494199999 ], [ -104.084795813599982, 40.378862668599993 ], [ -104.094303147600002, 40.378806406699994 ], [ -104.094175832799991, 40.390411033199996 ], [ -104.097472422199999, 40.393349685299995 ], [ -104.089402077699987, 40.393366358199991 ], [ -104.089299398199998, 40.404309084499992 ] ] ] } },
{ "type": "Feature", "properties": { "FeatClass": "Fee", "Category": "Fee", "Own_Type": "STAT", "Own_Name": "SLB", "Loc_Own": "Colorado State Land Board", "Mang_Type": "STAT", "Mang_Name": "SFW", "Loc_Mang": "Colorado Parks & Wildlife", "Des_Tp": "SP", "Loc_Ds": "State Parks", "Unit_Nm": "Jackson Lake State Park", "Loc_Nm": "Jackson Lake State Park", "State_Nm": "CO", "Agg_Src": "CNHP_PADUS4_0Easement_COMaP_Public_v20230223_CO", "GIS_Src": "Colorado Parks & Wildlife GIS - CPWParcels", "Src_Date": "2023/02/23", "GIS_Acres": 239, "Source_PAID": "", "WDPA_Cd": 0, "Pub_Access": "OA", "Access_Src": "CNHP COMaP", "Access_Dt": "2016", "GAP_Sts": "4", "GAPCdSrc": "GAP - Default", "GAPCdDt": "2024", "IUCN_Cat": "Unassigned", "IUCNCtSrc": "GAP - Default", "IUCNCtDt": "2024", "Date_Est": "", "Comments": "", "Term": null, "Duration": null, "d_FeatClass": "Fee", "d_Category": "Fee", "d_Own_Type": "State", "d_Own_Name": "State Land Board", "d_Mang_Type": "State", "d_Mang_Name": "State Fish and Wildlife", "d_Des_Tp": "State Park", "d_State_Nm": "Colorado", "d_Pub_Access": "Open Access", "d_GAP_Sts": "4 - no known mandate for biodiversity protection", "d_IUCN_Cat": "Unassigned", "Shape_Length": 4512.4734765064222, "Shape_Area": 968660.20671547833, "cpwParkName": "Jackson Lake State Park", "source": "USGS PAD-US" }, "geometry": { "type": "Polygon", "coordinates": [ [ [ -104.089274865899981, 40.407970447300002 ], [ -104.089402077699987, 40.393366358199991 ], [ -104.0977871284, 40.393352731099995 ], [ -104.097401361399989, 40.399969331199991 ], [ -104.095392389099985, 40.402340564799999 ], [ -104.09479797809999, 40.408002314500003 ], [ -104.089274865899981, 40.407970447300002 ] ] ] } },
{ "type": "Feature", "properties": { "FeatClass": "Fee", "Category": "Other", "Own_Type": "DIST", "Own_Name": "RWD", "Loc_Own": "Jackson Lake Reservoir and Irrigation Co.", "Mang_Type": "STAT", "Mang_Name": "SFW", "Loc_Mang": "Colorado Parks & Wildlife", "Des_Tp": "SP", "Loc_Ds": "State Parks", "Unit_Nm": "Jackson Lake State Park", "Loc_Nm": "Jackson Lake State Park", "State_Nm": "CO", "Agg_Src": "CNHP_PADUS4_0Easement_COMaP_Public_v20230223_CO", "GIS_Src": "Colorado Parks & Wildlife GIS - CPWParcels", "Src_Date": "2023/02/23", "GIS_Acres": 270, "Source_PAID": "", "WDPA_Cd": 0, "Pub_Access": "OA", "Access_Src": "COMaP", "Access_Dt": "2023", "GAP_Sts": "4", "GAPCdSrc": "GAP - Default", "GAPCdDt": "2024", "IUCN_Cat": "Unassigned", "IUCNCtSrc": "GAP - Default", "IUCNCtDt": "2024", "Date_Est": "", "Comments": "", "Term": null, "Duration": null, "d_FeatClass": "Fee", "d_Category": "Other", "d_Own_Type": "Regional Agency Special District", "d_Own_Name": "Regional Water Districts", "d_Mang_Type": "State", "d_Mang_Name": "State Fish and Wildlife", "d_Des_Tp": "State Park", "d_State_Nm": "Colorado", "d_Pub_Access": "Open Access", "d_GAP_Sts": "4 - no known mandate for biodiversity protection", "d_IUCN_Cat": "Unassigned", "Shape_Length": 15128.527503698771, "Shape_Area": 1092125.1417713803, "cpwParkName": "Jackson Lake State Park", "source": "USGS PAD-US" }, "geometry": { "type": "MultiPolygon", "coordinates": [ [ [ [ -104.081233434999987, 40.408166124600001 ], [ -104.08407855119998, 40.404428020399997 ], [ -104.089299398199998, 40.404309084499992 ], [ -104.084487395799997, 40.40918219520001 ], [ -104.081233434999987, 40.408166124600001 ] ] ], [ [ [ -104.060532827399996, 40.404309046599998 ], [ -104.056416286300006, 40.40226378349999 ], [ -104.051210464500002, 40.397198773 ], [ -104.055840892299997, 40.397255038199994 ], [ -104.055811159799987, 40.400959907899995 ], [ -104.060622786799996, 40.401009167399998 ], [ -104.060532827399996, 40.404309046599998 ] ] ], [ [ [ -104.060808217799988, 40.383598345399989 ], [ -104.060768773399985, 40.386254608999984 ], [ -104.055946032299985, 40.386179539300002 ], [ -104.055908327799983, 40.389864743 ], [ -104.05110092229998, 40.389793452899994 ], [ -104.05101220909998, 40.397196418299998 ], [ -104.047679681999981, 40.392627807099998 ], [ -104.04794392849999, 40.390400402600001 ], [ -104.060808217799988, 40.383598345399989 ] ] ], [ [ [ -104.062788508199986, 40.382624365099993 ], [ -104.074854114700003, 40.376729641200001 ], [ -104.075346147100021, 40.375316747299983 ], [ -104.075310495599979, 40.378992029199999 ], [ -104.070569141799979, 40.379056516599995 ], [ -104.070488546499988, 40.382730271 ], [ -104.062788508199986, 40.382624365099993 ] ] ], [ [ [ -104.084857485800001, 40.372478432799994 ], [ -104.086906722799995, 40.373414708099993 ], [ -104.087940370399991, 40.371644665099986 ], [ -104.0884642977, 40.371558222899992 ], [ -104.086558263899988, 40.37443623019999 ], [ -104.0882728781, 40.378815137299995 ], [ -104.084795813599982, 40.378862668599993 ], [ -104.084857485800001, 40.372478432799994 ] ] ] ] } },
{ "type": "Feature", "properties": { "FeatClass": "Fee", "Category": "Other", "Own_Type": "FED", "Own_Name": "USBR", "Loc_Own": "US Bureau of Reclamation", "Mang_Type": "STAT", "Mang_Name": "SFW", "Loc_Mang": "Colorado Parks & Wildlife", "Des_Tp": "SP", "Loc_Ds": "State Parks", "Unit_Nm": "Jackson Lake State Park", "Loc_Nm": "Jackson Lake State Park", "State_Nm": "CO", "Agg_Src": "CNHP_PADUS4_0Easement_COMaP_Public_v20230223_CO", "GIS_Src": "Colorado Parks & Wildlife GIS - CPWParcels", "Src_Date": "2023/02/23", "GIS_Acres": 266, "Source_PAID": "", "WDPA_Cd": 0, "Pub_Access": "OA", "Access_Src": "COMaP", "Access_Dt": "2023", "GAP_Sts": "4", "GAPCdSrc": "GAP - Default", "GAPCdDt": "2024", "IUCN_Cat": "Unassigned", "IUCNCtSrc": "GAP - Default", "IUCNCtDt": "2024", "Date_Est": "", "Comments": "", "Term": null, "Duration": null, "d_FeatClass": "Fee", "d_Category": "Other", "d_Own_Type": "Federal", "d_Own_Name": "Bureau of Reclamation", "d_Mang_Type": "State", "d_Mang_Name": "State Fish and Wildlife", "d_Des_Tp": "State Park", "d_State_Nm": "Colorado", "d_Pub_Access": "Open Access", "d_GAP_Sts": "4 - no known mandate for biodiversity protection", "d_IUCN_Cat": "Unassigned", "Shape_Length": 5610.9322960838854, "Shape_Area": 1076472.3479870895, "cpwParkName": "Jackson Lake State Park", "source": "USGS PAD-US" }, "geometry": { "type": "Polygon", "coordinates": [ [ [ -104.089614393600002, 40.370667286099994 ], [ -104.08974137300001, 40.35794644 ], [ -104.088415106400006, 40.357043834499983 ], [ -104.089828566099996, 40.357020383799991 ], [ -104.089864894199991, 40.355167769599994 ], [ -104.092190352699987, 40.357058694399996 ], [ -104.10739495, 40.357276263300001 ], [ -104.097594537199996, 40.363418935799999 ], [ -104.089614393600002, 40.370667286099994 ] ] ] } },
{ "type": "Feature", "properties": { "FeatClass": "Fee", "Category": "Other", "Own_Type": "FED", "Own_Name": "USBR", "Loc_Own": "US Bureau of Reclamation", "Mang_Type": "STAT", "Mang_Name": "SFW", "Loc_Mang": "Colorado Parks & Wildlife", "Des_Tp": "SP", "Loc_Ds": "State Parks", "Unit_Nm": "Jackson Lake State Park", "Loc_Nm": "Jackson Lake State Park", "State_Nm": "CO", "Agg_Src": "CNHP_PADUS4_0Easement_COMaP_Public_v20230223_CO", "GIS_Src": "Colorado Parks & Wildlife GIS - CPWParcels", "Src_Date": "2023/02/23", "GIS_Acres": 41, "Source_PAID": "", "WDPA_Cd": 0, "Pub_Access": "XA", "Access_Src": "COMaP", "Access_Dt": "2023", "GAP_Sts": "4", "GAPCdSrc": "GAP - Default", "GAPCdDt": "2024", "IUCN_Cat": "Unassigned", "IUCNCtSrc": "GAP - Default", "IUCNCtDt": "2024", "Date_Est": "", "Comments": "", "Term": null, "Duration": null, "d_FeatClass": "Fee", "d_Category": "Other", "d_Own_Type": "Federal", "d_Own_Name": "Bureau of Reclamation", "d_Mang_Type": "State", "d_Mang_Name": "State Fish and Wildlife", "d_Des_Tp": "State Park", "d_State_Nm": "Colorado", "d_Pub_Access": "Closed", "d_GAP_Sts": "4 - no known mandate for biodiversity protection", "d_IUCN_Cat": "Unassigned", "Shape_Length": 1625.2865043987817, "Shape_Area": 165153.02622371636, "cpwParkName": "Jackson Lake State Park", "source": "USGS PAD-US" }, "geometry": { "type": "Polygon", "coordinates": [ [ [ -104.099541468499979, 40.353518069799996 ], [ -104.099622859099995, 40.349880177099998 ], [ -104.104421050900001, 40.349925370699992 ], [ -104.104334460899992, 40.353581309699997 ], [ -104.099541468499979, 40.353518069799996 ] ] ] } },
{ "type": "Feature", "properties": { "FeatClass": "Fee", "Category": "Other", "Own_Type": "STAT", "Own_Name": "SFW", "Loc_Own": "Colorado Parks & Wildlife", "Mang_Type": "STAT", "Mang_Name": "SFW", "Loc_Mang": "Colorado Parks & Wildlife", "Des_Tp": "SP", "Loc_Ds": "State Parks", "Unit_Nm": "Jackson Lake State Park", "Loc_Nm": "Jackson Lake State Park", "State_Nm": "CO", "Agg_Src": "CNHP_PADUS4_0Easement_COMaP_Public_v20230223_CO", "GIS_Src": "Colorado Parks & Wildlife GIS - CPWParcels", "Src_Date": "2023/02/23", "GIS_Acres": 135, "Source_PAID": "", "WDPA_Cd": 0, "Pub_Access": "OA", "Access_Src": "CNHP COMaP", "Access_Dt": "2016", "GAP_Sts": "4", "GAPCdSrc": "GAP - Default", "GAPCdDt": "2024", "IUCN_Cat": "Unassigned", "IUCNCtSrc": "GAP - Default", "IUCNCtDt": "2024", "Date_Est": "", "Comments": "", "Term": null, "Duration": null, "d_FeatClass": "Fee", "d_Category": "Other", "d_Own_Type": "State", "d_Own_Name": "State Fish and Wildlife", "d_Mang_Type": "State", "d_Mang_Name": "State Fish and Wildlife", "d_Des_Tp": "State Park", "d_State_Nm": "Colorado", "d_Pub_Access": "Open Access", "d_GAP_Sts": "4 - no known mandate for biodiversity protection", "d_IUCN_Cat": "Unassigned", "Shape_Length": 5352.3129241629804, "Shape_Area": 544452.19033721916, "cpwParkName": "Jackson Lake State Park", "source": "USGS PAD-US" }, "geometry": { "type": "Polygon", "coordinates": [ [ [ -104.060629119500007, 40.404322382799997 ], [ -104.060622786799996, 40.401009167399998 ], [ -104.075000323300003, 40.401028372199995 ], [ -104.07498005219999, 40.404678560299999 ], [ -104.084076246299986, 40.404430138199992 ], [ -104.081233434999987, 40.408166124600001 ], [ -104.067941007599998, 40.402204709899991 ], [ -104.06720061839998, 40.403438227 ], [ -104.060629119500007, 40.404322382799997 ] ] ] } },
{ "type": "Feature", "properties": { "FeatClass": "Fee", "Category": "Fee", "Own_Type": "STAT", "Own_Name": "OTHS", "Loc_Own": "State of Colorado", "Mang_Type": "STAT", "Mang_Name": "SPR", "Loc_Mang": "Colorado Parks and Wildlife", "Des_Tp": "SP", "Loc_Ds": "SP", "Unit_Nm": "Robb-Colorado River State Park Colorado River Wildlife Area Section", "Loc_Nm": "Robb-Colorado River State Park Colorado River Wildlife Area Section", "State_Nm": "CO", "Agg_Src": "TPL_PADUS2_1_PADUS_DataDelivery_gdb", "GIS_Src": "GIS Department, Grand Junction_PADUS_DataDelivery.gdb/Albers_NA/ParkServe_Parks", "Src_Date": "2019/09/18", "GIS_Acres": 11, "Source_PAID": "08151650001", "WDPA_Cd": 0, "Pub_Access": "OA", "Access_Src": "TPL", "Access_Dt": "2019", "GAP_Sts": "4", "GAPCdSrc": "GAP - Default", "GAPCdDt": "2021", "IUCN_Cat": "Unassigned", "IUCNCtSrc": "GAP - Default", "IUCNCtDt": "2021", "Date_Est": "", "Comments": "", "Term": null, "Duration": null, "d_FeatClass": "Fee", "d_Category": "Fee", "d_Own_Type": "State", "d_Own_Name": "Other or Unknown State Land", "d_Mang_Type": "State", "d_Mang_Name": "State Park and Recreation", "d_Des_Tp": "State Park", "d_State_Nm": "Colorado", "d_Pub_Access": "Open Access", "d_GAP_Sts": "4 - no known mandate for biodiversity protection", "d_IUCN_Cat": "Unassigned", "Shape_Length": 2037.455034215353, "Shape_Area": 43069.048542570352, "cpwParkName": "James M. Robb - Colorado River State Park", "source": "USGS PAD-US" }, "geometry": { "type": "MultiPolygon", "coordinates": [ [ [ [ -108.471228506799989, 39.05920146559999 ], [ -108.469191337, 39.059079357100003 ], [ -108.469224291900005, 39.05792746929999 ], [ -108.469769243200005, 39.058041260899984 ], [ -108.471043242699992, 39.058148605 ], [ -108.471527346799988, 39.0583782605 ], [ -108.471228506799989, 39.05920146559999 ] ] ], [ [ [ -108.473308267799979, 39.059177996099997 ], [ -108.471039229699997, 39.058144698499994 ], [ -108.469220296700001, 39.057923569899998 ], [ -108.468745290699999, 39.059072049799987 ], [ -108.468781394199993, 39.057377226599996 ], [ -108.47330909119998, 39.057845313299985 ], [ -108.473308267799979, 39.059177996099997 ] ] ] ] } },
{ "type": "Feature", "properties": { "FeatClass": "Fee", "Category": "Fee", "Own_Type": "STAT", "Own_Name": "SPR", "Loc_Own": "Colorado State Parks", "Mang_Type": "STAT", "Mang_Name": "SPR", "Loc_Mang": "Colorado State Parks", "Des_Tp": "SP", "Loc_Ds": "State Parks", "Unit_Nm": "Colorado River", "Loc_Nm": "Colorado River State Park", "State_Nm": "CO", "Agg_Src": "CNHP_PADUS1_3_COMaP_v9_public_mmf_gdb_CO", "GIS_Src": "Mesa County GIS Department parcel data", "Src_Date": "2005/04/15", "GIS_Acres": 85, "Source_PAID": "COMaP_11069", "WDPA_Cd": 0, "Pub_Access": "OA", "Access_Src": "CNHP_COMaP_v9_public_mmf.gdb", "Access_Dt": "2016", "GAP_Sts": "4", "GAPCdSrc": "GAP - Default", "GAPCdDt": "2021", "IUCN_Cat": "Unassigned", "IUCNCtSrc": "GAP - Default", "IUCNCtDt": "2021", "Date_Est": "", "Comments": "", "Term": null, "Duration": null, "d_FeatClass": "Fee", "d_Category": "Fee", "d_Own_Type": "State", "d_Own_Name": "State Park and Recreation", "d_Mang_Type": "State", "d_Mang_Name": "State Park and Recreation", "d_Des_Tp": "State Park", "d_State_Nm": "Colorado", "d_Pub_Access": "Open Access", "d_GAP_Sts": "4 - no known mandate for biodiversity protection", "d_IUCN_Cat": "Unassigned", "Shape_Length": 5585.9360521185245, "Shape_Area": 345002.31991075107, "cpwParkName": "James M. Robb - Colorado River State Park", "source": "USGS PAD-US" }, "geometry": { "type": "Polygon", "coordinates": [ [ [ -108.786009313500003, 39.1682995396 ], [ -108.779164019599989, 39.170533616899988 ], [ -108.777446517900003, 39.169084353899997 ], [ -108.775896730599982, 39.16986509569999 ], [ -108.777344118399981, 39.167024178799991 ], [ -108.781182502600004, 39.167884503899991 ], [ -108.785514858899987, 39.166186584 ], [ -108.795352942699992, 39.1718663694 ], [ -108.799019953, 39.1752369493 ], [ -108.799051327200004, 39.177009035499985 ], [ -108.795171725800017, 39.172187824600002 ], [ -108.786009313500003, 39.1682995396 ] ] ] } },
{ "type": "Feature", "properties": { "FeatClass": "Fee", "Category": "Fee", "Own_Type": "LOC", "Own_Name": "CNTY", "Loc_Own": "Mesa County", "Mang_Type": "STAT", "Mang_Name": "SFW", "Loc_Mang": "Colorado Parks & Wildlife", "Des_Tp": "SP", "Loc_Ds": "State Parks", "Unit_Nm": "James M. Robb - Colorado River State Park", "Loc_Nm": "James M. Robb - Colorado River State Park", "State_Nm": "CO", "Agg_Src": "CNHP_PADUS4_0Easement_COMaP_Public_v20230223_CO", "GIS_Src": "Colorado Parks & Wildlife GIS - CPWParcels", "Src_Date": "2023/02/23", "GIS_Acres": 5, "Source_PAID": "", "WDPA_Cd": 0, "Pub_Access": "OA", "Access_Src": "COMaP", "Access_Dt": "2023", "GAP_Sts": "4", "GAPCdSrc": "GAP - Default", "GAPCdDt": "2024", "IUCN_Cat": "Unassigned", "IUCNCtSrc": "GAP - Default", "IUCNCtDt": "2024", "Date_Est": "", "Comments": "", "Term": null, "Duration": null, "d_FeatClass": "Fee", "d_Category": "Fee", "d_Own_Type": "Local Government", "d_Own_Name": "County Land", "d_Mang_Type": "State", "d_Mang_Name": "State Fish and Wildlife", "d_Des_Tp": "State Park", "d_State_Nm": "Colorado", "d_Pub_Access": "Open Access", "d_GAP_Sts": "4 - no known mandate for biodiversity protection", "d_IUCN_Cat": "Unassigned", "Shape_Length": 615.84133862701754, "Shape_Area": 22159.207352247016, "cpwParkName": "James M. Robb - Colorado River State Park", "source": "USGS PAD-US" }, "geometry": { "type": "Polygon", "coordinates": [ [ [ -108.499124663099991, 39.053431020300003 ], [ -108.501207926999982, 39.052149349899985 ], [ -108.501201308700004, 39.053682412399993 ], [ -108.499124663099991, 39.053431020300003 ] ] ] } },
{ "type": "Feature", "properties": { "FeatClass": "Fee", "Category": "Fee", "Own_Type": "STAT", "Own_Name": "SFW", "Loc_Own": "Colorado Parks & Wildlife", "Mang_Type": "STAT", "Mang_Name": "SFW", "Loc_Mang": "Colorado Parks & Wildlife", "Des_Tp": "SP", "Loc_Ds": "State Parks", "Unit_Nm": "James M. Robb - Colorado River State Park", "Loc_Nm": "James M. Robb - Colorado River State Park", "State_Nm": "CO", "Agg_Src": "CNHP_PADUS4_0Easement_COMaP_Public_v20230223_CO", "GIS_Src": "Colorado Parks & Wildlife GIS - CPWParcels", "Src_Date": "2023/02/23", "GIS_Acres": 12, "Source_PAID": "", "WDPA_Cd": 0, "Pub_Access": "OA", "Access_Src": "GAP - Default", "Access_Dt": "2024", "GAP_Sts": "4", "GAPCdSrc": "GAP - Default", "GAPCdDt": "2024", "IUCN_Cat": "Unassigned", "IUCNCtSrc": "GAP - Default", "IUCNCtDt": "2024", "Date_Est": "", "Comments": "Land Acquisitions - Colorado Riverfront Legacy - GJ Pipe (Tipping)", "Term": null, "Duration": null, "d_FeatClass": "Fee", "d_Category": "Fee", "d_Own_Type": "State", "d_Own_Name": "State Fish and Wildlife", "d_Mang_Type": "State", "d_Mang_Name": "State Fish and Wildlife", "d_Des_Tp": "State Park", "d_State_Nm": "Colorado", "d_Pub_Access": "Open Access", "d_GAP_Sts": "4 - no known mandate for biodiversity protection", "d_IUCN_Cat": "Unassigned", "Shape_Length": 2016.4626273554295, "Shape_Area": 50071.18851611398, "cpwParkName": "James M. Robb - Colorado River State Park", "source": "USGS PAD-US" }, "geometry": { "type": "Polygon", "coordinates": [ [ [ -108.627422614999986, 39.091730124 ], [ -108.628425079100012, 39.091081943900001 ], [ -108.632013140399991, 39.093890003799984 ], [ -108.630530182499982, 39.096622946499991 ], [ -108.631199097600003, 39.097558209200002 ], [ -108.631197288500005, 39.098363636 ], [ -108.630350475599997, 39.096597117899996 ], [ -108.631099715099992, 39.0947684713 ], [ -108.627422614999986, 39.091730124 ] ] ] } },
{ "type": "Feature", "properties": { "FeatClass": "Fee", "Category": "Fee", "Own_Type": "STAT", "Own_Name": "SFW", "Loc_Own": "Colorado Parks & Wildlife", "Mang_Type": "STAT", "Mang_Name": "SFW", "Loc_Mang": "Colorado Parks & Wildlife", "Des_Tp": "SP", "Loc_Ds": "State Parks", "Unit_Nm": "James M. Robb - Colorado River State Park", "Loc_Nm": "James M. Robb - Colorado River State Park", "State_Nm": "CO", "Agg_Src": "CNHP_PADUS4_0Easement_COMaP_Public_v20230223_CO", "GIS_Src": "Colorado Parks & Wildlife GIS - CPWParcels", "Src_Date": "2023/02/23", "GIS_Acres": 211, "Source_PAID": "", "WDPA_Cd": 0, "Pub_Access": "OA", "Access_Src": "GAP - Default", "Access_Dt": "2024", "GAP_Sts": "4", "GAPCdSrc": "GAP - Default", "GAPCdDt": "2024", "IUCN_Cat": "Unassigned", "IUCNCtSrc": "GAP - Default", "IUCNCtDt": "2024", "Date_Est": "", "Comments": "", "Term": null, "Duration": null, "d_FeatClass": "Fee", "d_Category": "Fee", "d_Own_Type": "State", "d_Own_Name": "State Fish and Wildlife", "d_Mang_Type": "State", "d_Mang_Name": "State Fish and Wildlife", "d_Des_Tp": "State Park", "d_State_Nm": "Colorado", "d_Pub_Access": "Open Access", "d_GAP_Sts": "4 - no known mandate for biodiversity protection", "d_IUCN_Cat": "Unassigned", "Shape_Length": 15593.158062459406, "Shape_Area": 852281.53727559571, "cpwParkName": "James M. Robb - Colorado River State Park", "source": "USGS PAD-US" }, "geometry": { "type": "MultiPolygon", "coordinates": [ [ [ [ -108.522104438599982, 39.052072026200001 ], [ -108.517456725599985, 39.051933560599984 ], [ -108.517464934299994, 39.049138423 ], [ -108.515454290499989, 39.048552204 ], [ -108.522109699500007, 39.050415512399994 ], [ -108.522104438599982, 39.052072026200001 ] ] ], [ [ [ -108.505828850499995, 39.053985604399998 ], [ -108.505828969999982, 39.051980893500001 ], [ -108.501209083700004, 39.05262190669999 ], [ -108.501209946599985, 39.051810616200001 ], [ -108.505862130599979, 39.050382012899995 ], [ -108.505866997999988, 39.048851919 ], [ -108.510468729199999, 39.0468876726 ], [ -108.510488174799988, 39.051928409399991 ], [ -108.51501528819999, 39.051928750800002 ], [ -108.510488205499996, 39.051997665499997 ], [ -108.508203159199994, 39.053983998 ], [ -108.505828850499995, 39.053985604399998 ] ] ], [ [ [ -108.491947512, 39.055576239599993 ], [ -108.4951095718, 39.054281165499994 ], [ -108.496542630999983, 39.053693538300003 ], [ -108.49647049539999, 39.055469686499997 ], [ -108.491947512, 39.055576239599993 ] ] ], [ [ [ -108.496814704900004, 39.053660763299995 ], [ -108.499137062800003, 39.052871227399983 ], [ -108.501201308700004, 39.053682412399993 ], [ -108.501188167400002, 39.055488723099991 ], [ -108.497670271599986, 39.055480616199986 ], [ -108.496814704900004, 39.053660763299995 ] ] ], [ [ [ -108.524427116100014, 39.052532536099996 ], [ -108.524429815399984, 39.051651041699998 ], [ -108.52721002989999, 39.052492310699996 ], [ -108.527811033599988, 39.053636199299994 ], [ -108.524427116100014, 39.052532536099996 ] ] ], [ [ [ -108.47144119459999, 39.058378091499996 ], [ -108.4687454683, 39.059196591499997 ], [ -108.468753873099985, 39.057564794899996 ], [ -108.466460112699991, 39.05671093969999 ], [ -108.466464755699988, 39.056279380899994 ], [ -108.469715033999989, 39.057946024799996 ], [ -108.473313129199994, 39.057840467 ], [ -108.473312305199983, 39.059181912699991 ], [ -108.474454099699997, 39.059286382799996 ], [ -108.473348573399988, 39.059302073799991 ], [ -108.47144119459999, 39.058378091499996 ] ] ], [ [ [ -108.534900997499989, 39.055560682799992 ], [ -108.535270222599991, 39.053997381 ], [ -108.533945174299987, 39.052811360399993 ], [ -108.536645574600016, 39.053390970399995 ], [ -108.534900997499989, 39.055560682799992 ] ] ], [ [ [ -108.539954869099986, 39.055144162499992 ], [ -108.539745348300002, 39.054230650699992 ], [ -108.541430767600005, 39.054537905700009 ], [ -108.539954869099986, 39.055144162499992 ] ] ], [ [ [ -108.416901443899988, 39.0803830917 ], [ -108.415323956500004, 39.081283112100003 ], [ -108.414416357299999, 39.080254130899995 ], [ -108.4178158709, 39.078980985599991 ], [ -108.422430321399986, 39.079804491299996 ], [ -108.422431586800002, 39.080845697199983 ], [ -108.416901443899988, 39.0803830917 ] ] ], [ [ [ -108.709278627599986, 39.128232136599983 ], [ -108.707440584299988, 39.128238389399989 ], [ -108.704642625399998, 39.126109565499995 ], [ -108.706397296399984, 39.123953417199999 ], [ -108.709337903899993, 39.124863077199997 ], [ -108.709278627599986, 39.128232136599983 ] ] ] ] } },
{ "type": "Feature", "properties": { "FeatClass": "Fee", "Category": "Fee", "Own_Type": "STAT", "Own_Name": "SFW", "Loc_Own": "Colorado Parks & Wildlife", "Mang_Type": "STAT", "Mang_Name": "SFW", "Loc_Mang": "Colorado Parks & Wildlife", "Des_Tp": "SP", "Loc_Ds": "State Parks", "Unit_Nm": "James M. Robb - Colorado River State Park", "Loc_Nm": "James M. Robb - Colorado River State Park", "State_Nm": "CO", "Agg_Src": "CNHP_PADUS4_0Easement_COMaP_Public_v20230223_CO", "GIS_Src": "Colorado Parks & Wildlife GIS - CPWParcels", "Src_Date": "2023/02/23", "GIS_Acres": 8, "Source_PAID": "", "WDPA_Cd": 0, "Pub_Access": "OA", "Access_Src": "GAP - Default", "Access_Dt": "2024", "GAP_Sts": "4", "GAPCdSrc": "GAP - Default", "GAPCdDt": "2024", "IUCN_Cat": "Unassigned", "IUCNCtSrc": "GAP - Default", "IUCNCtDt": "2024", "Date_Est": "", "Comments": "Land Acquisitions - Colorado Riverfront Legacy - Keisling", "Term": null, "Duration": null, "d_FeatClass": "Fee", "d_Category": "Fee", "d_Own_Type": "State", "d_Own_Name": "State Fish and Wildlife", "d_Mang_Type": "State", "d_Mang_Name": "State Fish and Wildlife", "d_Des_Tp": "State Park", "d_State_Nm": "Colorado", "d_Pub_Access": "Open Access", "d_GAP_Sts": "4 - no known mandate for biodiversity protection", "d_IUCN_Cat": "Unassigned", "Shape_Length": 709.07171693082569, "Shape_Area": 30893.041150285768, "cpwParkName": "James M. Robb - Colorado River State Park", "source": "USGS PAD-US" }, "geometry": { "type": "Polygon", "coordinates": [ [ [ -108.531639584399983, 39.052706934300005 ], [ -108.533629014200002, 39.052746308400003 ], [ -108.533629608400005, 39.054166233099991 ], [ -108.531639971399983, 39.054163705 ], [ -108.531639584399983, 39.052706934300005 ] ] ] } },
{ "type": "Feature", "properties": { "FeatClass": "Fee", "Category": "Fee", "Own_Type": "STAT", "Own_Name": "SFW", "Loc_Own": "Colorado Parks & Wildlife", "Mang_Type": "STAT", "Mang_Name": "SFW", "Loc_Mang": "Colorado Parks & Wildlife", "Des_Tp": "SP", "Loc_Ds": "State Parks", "Unit_Nm": "James M. Robb - Colorado River State Park - Connected Lakes", "Loc_Nm": "James M. Robb - Colorado River State Park - Connected Lakes", "State_Nm": "CO", "Agg_Src": "CNHP_PADUS4_0Easement_COMaP_Public_v20230223_CO", "GIS_Src": "Colorado Parks & Wildlife GIS - CPWParcels", "Src_Date": "2023/02/23", "GIS_Acres": 187, "Source_PAID": "", "WDPA_Cd": 0, "Pub_Access": "OA", "Access_Src": "GAP - Default", "Access_Dt": "2024", "GAP_Sts": "4", "GAPCdSrc": "GAP - Default", "GAPCdDt": "2024", "IUCN_Cat": "Unassigned", "IUCNCtSrc": "GAP - Default", "IUCNCtDt": "2024", "Date_Est": "", "Comments": "", "Term": null, "Duration": null, "d_FeatClass": "Fee", "d_Category": "Fee", "d_Own_Type": "State", "d_Own_Name": "State Fish and Wildlife", "d_Mang_Type": "State", "d_Mang_Name": "State Fish and Wildlife", "d_Des_Tp": "State Park", "d_State_Nm": "Colorado", "d_Pub_Access": "Open Access", "d_GAP_Sts": "4 - no known mandate for biodiversity protection", "d_IUCN_Cat": "Unassigned", "Shape_Length": 5500.0526466662413, "Shape_Area": 755679.9567143427, "cpwParkName": "James M. Robb - Colorado River State Park", "source": "USGS PAD-US" }, "geometry": { "type": "Polygon", "coordinates": [ [ [ -108.611627557600002, 39.0881780781 ], [ -108.60790913389998, 39.081500665599982 ], [ -108.603378202599998, 39.080276056499997 ], [ -108.603375604199982, 39.079228134299989 ], [ -108.605007265099999, 39.079487171699995 ], [ -108.607993884300001, 39.0812123539 ], [ -108.608064183500005, 39.077618214699996 ], [ -108.604381568199983, 39.077242497499995 ], [ -108.610840326499982, 39.07740271 ], [ -108.617166675299998, 39.083680788899983 ], [ -108.620954766899999, 39.08501419329999 ], [ -108.614741415299989, 39.088166656899986 ], [ -108.611627557600002, 39.0881780781 ] ] ] } },
{ "type": "Feature", "properties": { "FeatClass": "Fee", "Category": "Fee", "Own_Type": "STAT", "Own_Name": "SFW", "Loc_Own": "Colorado Parks & Wildlife", "Mang_Type": "STAT", "Mang_Name": "SFW", "Loc_Mang": "Colorado Parks & Wildlife", "Des_Tp": "SP", "Loc_Ds": "State Parks", "Unit_Nm": "James M. Robb - Colorado River State Park - Corn Lake", "Loc_Nm": "James M. Robb - Colorado River State Park - Corn Lake", "State_Nm": "CO", "Agg_Src": "CNHP_PADUS4_0Easement_COMaP_Public_v20230223_CO", "GIS_Src": "Colorado Parks & Wildlife GIS - CPWParcels", "Src_Date": "2023/02/23", "GIS_Acres": 41, "Source_PAID": "", "WDPA_Cd": 0, "Pub_Access": "OA", "Access_Src": "GAP - Default", "Access_Dt": "2024", "GAP_Sts": "4", "GAPCdSrc": "GAP - Default", "GAPCdDt": "2024", "IUCN_Cat": "Unassigned", "IUCNCtSrc": "GAP - Default", "IUCNCtDt": "2024", "Date_Est": "", "Comments": "", "Term": null, "Duration": null, "d_FeatClass": "Fee", "d_Category": "Fee", "d_Own_Type": "State", "d_Own_Name": "State Fish and Wildlife", "d_Mang_Type": "State", "d_Mang_Name": "State Fish and Wildlife", "d_Des_Tp": "State Park", "d_State_Nm": "Colorado", "d_Pub_Access": "Open Access", "d_GAP_Sts": "4 - no known mandate for biodiversity protection", "d_IUCN_Cat": "Unassigned", "Shape_Length": 1651.8827040516821, "Shape_Area": 164799.81598139121, "cpwParkName": "James M. Robb - Colorado River State Park", "source": "USGS PAD-US" }, "geometry": { "type": "Polygon", "coordinates": [ [ [ -108.465378331300002, 39.055126496299991 ], [ -108.466448132999986, 39.057824793199984 ], [ -108.459684470799985, 39.057810897699994 ], [ -108.461186651600002, 39.055146878599992 ], [ -108.465378331300002, 39.055126496299991 ] ] ] } },
{ "type": "Feature", "properties": { "FeatClass": "Fee", "Category": "Fee", "Own_Type": "STAT", "Own_Name": "SFW", "Loc_Own": "Colorado Parks & Wildlife", "Mang_Type": "STAT", "Mang_Name": "SFW", "Loc_Mang": "Colorado Parks & Wildlife", "Des_Tp": "SP", "Loc_Ds": "State Parks", "Unit_Nm": "James M. Robb - Colorado River State Park - Fruita", "Loc_Nm": "James M. Robb - Colorado River State Park - Fruita", "State_Nm": "CO", "Agg_Src": "CNHP_PADUS4_0Easement_COMaP_Public_v20230223_CO", "GIS_Src": "Colorado Parks & Wildlife GIS - CPWParcels", "Src_Date": "2015/08/04", "GIS_Acres": 53, "Source_PAID": "", "WDPA_Cd": 0, "Pub_Access": "OA", "Access_Src": "CNHP COMaP", "Access_Dt": "2016", "GAP_Sts": "4", "GAPCdSrc": "GAP - Default", "GAPCdDt": "2024", "IUCN_Cat": "Unassigned", "IUCNCtSrc": "GAP - Default", "IUCNCtDt": "2024", "Date_Est": "1997", "Comments": "", "Term": null, "Duration": null, "d_FeatClass": "Fee", "d_Category": "Fee", "d_Own_Type": "State", "d_Own_Name": "State Fish and Wildlife", "d_Mang_Type": "State", "d_Mang_Name": "State Fish and Wildlife", "d_Des_Tp": "State Park", "d_State_Nm": "Colorado", "d_Pub_Access": "Open Access", "d_GAP_Sts": "4 - no known mandate for biodiversity protection", "d_IUCN_Cat": "Unassigned", "Shape_Length": 2634.8598804365065, "Shape_Area": 214183.45401541429, "cpwParkName": "James M. Robb - Colorado River State Park", "source": "USGS PAD-US" }, "geometry": { "type": "Polygon", "coordinates": [ [ [ -108.741147884, 39.149803268399992 ], [ -108.742881117600007, 39.148749419200001 ], [ -108.742851571799989, 39.146159985299995 ], [ -108.743828804799989, 39.146154791 ], [ -108.747767412300021, 39.153417176 ], [ -108.742908071599985, 39.153428913899994 ], [ -108.742892376799986, 39.1498020668 ], [ -108.741147884, 39.149803268399992 ] ] ] } },
{ "type": "Feature", "properties": { "FeatClass": "Fee", "Category": "Fee", "Own_Type": "STAT", "Own_Name": "SFW", "Loc_Own": "Colorado Parks & Wildlife", "Mang_Type": "STAT", "Mang_Name": "SFW", "Loc_Mang": "Colorado Parks & Wildlife", "Des_Tp": "SP", "Loc_Ds": "State Parks", "Unit_Nm": "James M. Robb - Colorado River State Park - Fruita", "Loc_Nm": "James M. Robb - Colorado River State Park - Fruita", "State_Nm": "CO", "Agg_Src": "CNHP_PADUS4_0Easement_COMaP_Public_v20230223_CO", "GIS_Src": "Colorado Parks & Wildlife GIS - CPWParcels", "Src_Date": "2015/08/04", "GIS_Acres": 21, "Source_PAID": "", "WDPA_Cd": 0, "Pub_Access": "OA", "Access_Src": "CNHP COMaP", "Access_Dt": "2016", "GAP_Sts": "4", "GAPCdSrc": "GAP - Default", "GAPCdDt": "2024", "IUCN_Cat": "Unassigned", "IUCNCtSrc": "GAP - Default", "IUCNCtDt": "2024", "Date_Est": "1999", "Comments": "", "Term": null, "Duration": null, "d_FeatClass": "Fee", "d_Category": "Fee", "d_Own_Type": "State", "d_Own_Name": "State Fish and Wildlife", "d_Mang_Type": "State", "d_Mang_Name": "State Fish and Wildlife", "d_Des_Tp": "State Park", "d_State_Nm": "Colorado", "d_Pub_Access": "Open Access", "d_GAP_Sts": "4 - no known mandate for biodiversity protection", "d_IUCN_Cat": "Unassigned", "Shape_Length": 1605.2014208346202, "Shape_Area": 87000.900974298158, "cpwParkName": "James M. Robb - Colorado River State Park", "source": "USGS PAD-US" }, "geometry": { "type": "Polygon", "coordinates": [ [ [ -108.741324271400003, 39.153340204699994 ], [ -108.74149611739999, 39.151781466799989 ], [ -108.738338063900002, 39.149805143099996 ], [ -108.742892376799986, 39.1498020668 ], [ -108.742907677800005, 39.153337719900001 ], [ -108.741324271400003, 39.153340204699994 ] ] ] } },
{ "type": "Feature", "properties": { "FeatClass": "Fee", "Category": "Fee", "Own_Type": "STAT", "Own_Name": "SFW", "Loc_Own": "Colorado Parks & Wildlife", "Mang_Type": "STAT", "Mang_Name": "SFW", "Loc_Mang": "Colorado Parks & Wildlife", "Des_Tp": "SP", "Loc_Ds": "State Parks", "Unit_Nm": "James M. Robb - Colorado River State Park - Fruita", "Loc_Nm": "James M. Robb - Colorado River State Park - Fruita", "State_Nm": "CO", "Agg_Src": "CNHP_PADUS4_0Easement_COMaP_Public_v20230223_CO", "GIS_Src": "Colorado Parks & Wildlife GIS - CPWParcels", "Src_Date": "2023/02/23", "GIS_Acres": 45, "Source_PAID": "", "WDPA_Cd": 0, "Pub_Access": "OA", "Access_Src": "COMaP", "Access_Dt": "2023", "GAP_Sts": "4", "GAPCdSrc": "GAP - Default", "GAPCdDt": "2024", "IUCN_Cat": "Unassigned", "IUCNCtSrc": "GAP - Default", "IUCNCtDt": "2024", "Date_Est": "", "Comments": "Land Acquisitions - Colorado Riverfront Legacy - Wells", "Term": null, "Duration": null, "d_FeatClass": "Fee", "d_Category": "Fee", "d_Own_Type": "State", "d_Own_Name": "State Fish and Wildlife", "d_Mang_Type": "State", "d_Mang_Name": "State Fish and Wildlife", "d_Des_Tp": "State Park", "d_State_Nm": "Colorado", "d_Pub_Access": "Open Access", "d_GAP_Sts": "4 - no known mandate for biodiversity protection", "d_IUCN_Cat": "Unassigned", "Shape_Length": 2767.3818062824639, "Shape_Area": 181228.15213210703, "cpwParkName": "James M. Robb - Colorado River State Park", "source": "USGS PAD-US" }, "geometry": { "type": "Polygon", "coordinates": [ [ [ -108.738338064700002, 39.149805114299994 ], [ -108.739400438399983, 39.148896193799992 ], [ -108.738724012700004, 39.142720292299991 ], [ -108.740162753699991, 39.145051134500001 ], [ -108.743828804799989, 39.146154791 ], [ -108.742851571799989, 39.146159985299995 ], [ -108.742881117600007, 39.148749419200001 ], [ -108.738338064700002, 39.149805114299994 ] ] ] } },
{ "type": "Feature", "properties": { "FeatClass": "Fee", "Category": "Fee", "Own_Type": "STAT", "Own_Name": "SFW", "Loc_Own": "Colorado Parks & Wildlife", "Mang_Type": "STAT", "Mang_Name": "SFW", "Loc_Mang": "Colorado Parks & Wildlife", "Des_Tp": "SP", "Loc_Ds": "State Parks", "Unit_Nm": "James M. Robb - Colorado River State Park - Island Aces", "Loc_Nm": "James M. Robb - Colorado River State Park - Island Aces", "State_Nm": "CO", "Agg_Src": "CNHP_PADUS4_0Easement_COMaP_Public_v20230223_CO", "GIS_Src": "Colorado Parks & Wildlife GIS - CPWParcels", "Src_Date": "2023/02/23", "GIS_Acres": 38, "Source_PAID": "", "WDPA_Cd": 0, "Pub_Access": "OA", "Access_Src": "GAP - Default", "Access_Dt": "2024", "GAP_Sts": "4", "GAPCdSrc": "GAP - Default", "GAPCdDt": "2024", "IUCN_Cat": "Unassigned", "IUCNCtSrc": "GAP - Default", "IUCNCtDt": "2024", "Date_Est": "", "Comments": "", "Term": null, "Duration": null, "d_FeatClass": "Fee", "d_Category": "Fee", "d_Own_Type": "State", "d_Own_Name": "State Fish and Wildlife", "d_Mang_Type": "State", "d_Mang_Name": "State Fish and Wildlife", "d_Des_Tp": "State Park", "d_State_Nm": "Colorado", "d_Pub_Access": "Open Access", "d_GAP_Sts": "4 - no known mandate for biodiversity protection", "d_IUCN_Cat": "Unassigned", "Shape_Length": 3726.6651929806389, "Shape_Area": 153825.92304483379, "cpwParkName": "James M. Robb - Colorado River State Park", "source": "USGS PAD-US" }, "geometry": { "type": "Polygon", "coordinates": [ [ [ -108.292862026899982, 39.174031063500003 ], [ -108.292825411199985, 39.17244524369999 ], [ -108.295128495, 39.171476572899998 ], [ -108.295059358900005, 39.168808790399993 ], [ -108.297354005299994, 39.168802448099996 ], [ -108.297276483199994, 39.165174570399998 ], [ -108.299593864, 39.165169342899993 ], [ -108.299356803, 39.161541860600003 ], [ -108.300934065699991, 39.161538469600004 ], [ -108.299558365899998, 39.166702423099984 ], [ -108.292862026899982, 39.174031063500003 ] ] ] } },
{ "type": "Feature", "properties": { "FeatClass": "Fee", "Category": "Fee", "Own_Type": "STAT", "Own_Name": "SFW", "Loc_Own": "Colorado Parks & Wildlife", "Mang_Type": "STAT", "Mang_Name": "SFW", "Loc_Mang": "Colorado Parks & Wildlife", "Des_Tp": "SP", "Loc_Ds": "State Parks", "Unit_Nm": "James M. Robb - Colorado River State Park - Island Aces", "Loc_Nm": "James M. Robb - Colorado River State Park - Island Aces", "State_Nm": "CO", "Agg_Src": "CNHP_PADUS4_0Easement_COMaP_Public_v20230223_CO", "GIS_Src": "Colorado Parks & Wildlife GIS - CPWParcels", "Src_Date": "2023/02/23", "GIS_Acres": 149, "Source_PAID": "", "WDPA_Cd": 0, "Pub_Access": "OA", "Access_Src": "COMaP", "Access_Dt": "2023", "GAP_Sts": "4", "GAPCdSrc": "GAP - Default", "GAPCdDt": "2024", "IUCN_Cat": "Unassigned", "IUCNCtSrc": "GAP - Default", "IUCNCtDt": "2024", "Date_Est": "", "Comments": "", "Term": null, "Duration": null, "d_FeatClass": "Fee", "d_Category": "Fee", "d_Own_Type": "State", "d_Own_Name": "State Fish and Wildlife", "d_Mang_Type": "State", "d_Mang_Name": "State Fish and Wildlife", "d_Des_Tp": "State Park", "d_State_Nm": "Colorado", "d_Pub_Access": "Open Access", "d_GAP_Sts": "4 - no known mandate for biodiversity protection", "d_IUCN_Cat": "Unassigned", "Shape_Length": 4898.4380262100012, "Shape_Area": 604581.12413178419, "cpwParkName": "James M. Robb - Colorado River State Park", "source": "USGS PAD-US" }, "geometry": { "type": "Polygon", "coordinates": [ [ [ -108.292862026899982, 39.174031063500003 ], [ -108.299558365899998, 39.166702423099984 ], [ -108.302335685, 39.158793426899997 ], [ -108.303580319899993, 39.161532735599991 ], [ -108.306189820599997, 39.1615270255 ], [ -108.306584399499997, 39.16877683429999 ], [ -108.301969146099992, 39.168789723499998 ], [ -108.292862026899982, 39.174031063500003 ] ] ] } },
{ "type": "Feature", "properties": { "FeatClass": "Fee", "Category": "Other", "Own_Type": "FED", "Own_Name": "USBR", "Loc_Own": "US Bureau of Reclamation", "Mang_Type": "STAT", "Mang_Name": "SFW", "Loc_Mang": "Colorado Parks & Wildlife", "Des_Tp": "SP", "Loc_Ds": "State Parks", "Unit_Nm": "James M. Robb - Colorado River State Park - River Wildlife Area", "Loc_Nm": "James M. Robb - Colorado River State Park - River Wildlife Area", "State_Nm": "CO", "Agg_Src": "CNHP_PADUS4_0Easement_COMaP_Public_v20230223_CO", "GIS_Src": "Colorado Parks & Wildlife GIS - CPWParcels", "Src_Date": "2023/02/23", "GIS_Acres": 125, "Source_PAID": "", "WDPA_Cd": 0, "Pub_Access": "OA", "Access_Src": "COMaP", "Access_Dt": "2023", "GAP_Sts": "4", "GAPCdSrc": "GAP - Default", "GAPCdDt": "2024", "IUCN_Cat": "Unassigned", "IUCNCtSrc": "GAP - Default", "IUCNCtDt": "2024", "Date_Est": "", "Comments": "", "Term": null, "Duration": null, "d_FeatClass": "Fee", "d_Category": "Other", "d_Own_Type": "Federal", "d_Own_Name": "Bureau of Reclamation", "d_Mang_Type": "State", "d_Mang_Name": "State Fish and Wildlife", "d_Des_Tp": "State Park", "d_State_Nm": "Colorado", "d_Pub_Access": "Open Access", "d_GAP_Sts": "4 - no known mandate for biodiversity protection", "d_IUCN_Cat": "Unassigned", "Shape_Length": 3806.1866287410044, "Shape_Area": 505316.8036364697, "cpwParkName": "James M. Robb - Colorado River State Park", "source": "USGS PAD-US" }, "geometry": { "type": "Polygon", "coordinates": [ [ [ -108.487248774499989, 39.062832148299989 ], [ -108.477947756099994, 39.062838051699991 ], [ -108.478001235399987, 39.05836533 ], [ -108.482175508, 39.0590879855 ], [ -108.48867100679999, 39.056582551699989 ], [ -108.488700277899994, 39.059222589199997 ], [ -108.491794475299983, 39.059229953 ], [ -108.491793228, 39.061016376 ], [ -108.487248171899992, 39.061020623099992 ], [ -108.487248774499989, 39.062832148299989 ] ] ] } },
{ "type": "Feature", "properties": { "FeatClass": "Easement", "Category": "Easement", "Own_Type": "PVT", "Own_Name": "PVT", "Loc_Own": "PVT", "Mang_Type": "STAT", "Mang_Name": "SPR", "Loc_Mang": "Colorado Department of Natural Resources, Parks and Wildlife", "Des_Tp": "UNKE", "Loc_Ds": "UNK", "Unit_Nm": "James M. Robb - Colorado River State Park", "Loc_Nm": "James M. Robb - Colorado River State Park", "State_Nm": "CO", "Agg_Src": "NCED_PADUS4_0Easement_NCED_for_PADUS_07282023", "GIS_Src": "Colorado Parks & Wildlife GIS - CPWParcels", "Src_Date": "2020/07/29", "GIS_Acres": 2, "Source_PAID": "1066065", "WDPA_Cd": 0, "Pub_Access": "XA", "Access_Src": "NCED", "Access_Dt": "2023", "GAP_Sts": "4", "GAPCdSrc": "NCED", "GAPCdDt": "2023", "IUCN_Cat": "Unassigned", "IUCNCtSrc": "GAP - Default", "IUCNCtDt": "2024", "Date_Est": "2015", "Comments": " ", "Term": 0, "Duration": "PERM", "d_FeatClass": "Easement", "d_Category": "Easement", "d_Own_Type": "Private", "d_Own_Name": "Private", "d_Mang_Type": "State", "d_Mang_Name": "State Park and Recreation", "d_Des_Tp": "Unknown Easement", "d_State_Nm": "Colorado", "d_Pub_Access": "Closed", "d_GAP_Sts": "4 - no known mandate for biodiversity protection", "d_IUCN_Cat": "Unassigned", "Shape_Length": 1302.6494058748967, "Shape_Area": 7753.826549261752, "cpwParkName": "James M. Robb - Colorado River State Park", "source": "USGS PAD-US" }, "geometry": { "type": "Polygon", "coordinates": [ [ [ -108.529314082699983, 39.055527127600001 ], [ -108.529280266799987, 39.053870466599996 ], [ -108.527859966099996, 39.053646340099995 ], [ -108.527858391999985, 39.0535329318 ], [ -108.531494762299999, 39.053700939699993 ], [ -108.531628763699999, 39.052700853599994 ], [ -108.531629462400005, 39.05379683 ], [ -108.529406714, 39.054031857299989 ], [ -108.529314082699983, 39.055527127600001 ] ] ] } },
{ "type": "Feature", "properties": { "FeatClass": "Easement", "Category": "Easement", "Own_Type": "PVT", "Own_Name": "PVT", "Loc_Own": "PVT", "Mang_Type": "STAT", "Mang_Name": "SPR", "Loc_Mang": "Colorado Department of Natural Resources, Parks and Wildlife", "Des_Tp": "UNKE", "Loc_Ds": "UNK", "Unit_Nm": "James M. Robb - Colorado River State Park", "Loc_Nm": "James M. Robb - Colorado River State Park", "State_Nm": "CO", "Agg_Src": "NCED_PADUS4_0Easement_NCED_for_PADUS_07282023", "GIS_Src": "Colorado Parks & Wildlife GIS - CPWParcels", "Src_Date": "2020/07/29", "GIS_Acres": 1, "Source_PAID": "1066066", "WDPA_Cd": 0, "Pub_Access": "OA", "Access_Src": "NCED", "Access_Dt": "2023", "GAP_Sts": "4", "GAPCdSrc": "NCED", "GAPCdDt": "2023", "IUCN_Cat": "Unassigned", "IUCNCtSrc": "GAP - Default", "IUCNCtDt": "2024", "Date_Est": "2015", "Comments": " ", "Term": 0, "Duration": "PERM", "d_FeatClass": "Easement", "d_Category": "Easement", "d_Own_Type": "Private", "d_Own_Name": "Private", "d_Mang_Type": "State", "d_Mang_Name": "State Park and Recreation", "d_Des_Tp": "Unknown Easement", "d_State_Nm": "Colorado", "d_Pub_Access": "Open Access", "d_GAP_Sts": "4 - no known mandate for biodiversity protection", "d_IUCN_Cat": "Unassigned", "Shape_Length": 635.48603666396536, "Shape_Area": 5799.848608583955, "cpwParkName": "James M. Robb - Colorado River State Park", "source": "USGS PAD-US" }, "geometry": { "type": "Polygon", "coordinates": [ [ [ -108.488661252100002, 39.056671761099992 ], [ -108.491700184400003, 39.0554990571 ], [ -108.4919367002, 39.0555701567 ], [ -108.488661252100002, 39.056671761099992 ] ] ] } },
{ "type": "Feature", "properties": { "FeatClass": "Easement", "Category": "Easement", "Own_Type": "PVT", "Own_Name": "PVT", "Loc_Own": "PVT", "Mang_Type": "STAT", "Mang_Name": "SPR", "Loc_Mang": "Colorado Department of Natural Resources, Parks and Wildlife", "Des_Tp": "UNKE", "Loc_Ds": "UNK", "Unit_Nm": "James M. Robb - Colorado River State Park", "Loc_Nm": "James M. Robb - Colorado River State Park", "State_Nm": "CO", "Agg_Src": "NCED_PADUS4_0Easement_NCED_for_PADUS_07282023", "GIS_Src": "Colorado Parks & Wildlife GIS - CPWParcels", "Src_Date": "2020/07/29", "GIS_Acres": 1, "Source_PAID": "1066067", "WDPA_Cd": 0, "Pub_Access": "OA", "Access_Src": "NCED", "Access_Dt": "2023", "GAP_Sts": "4", "GAPCdSrc": "NCED", "GAPCdDt": "2023", "IUCN_Cat": "Unassigned", "IUCNCtSrc": "GAP - Default", "IUCNCtDt": "2024", "Date_Est": "2015", "Comments": " ", "Term": 0, "Duration": "PERM", "d_FeatClass": "Easement", "d_Category": "Easement", "d_Own_Type": "Private", "d_Own_Name": "Private", "d_Mang_Type": "State", "d_Mang_Name": "State Park and Recreation", "d_Des_Tp": "Unknown Easement", "d_State_Nm": "Colorado", "d_Pub_Access": "Open Access", "d_GAP_Sts": "4 - no known mandate for biodiversity protection", "d_IUCN_Cat": "Unassigned", "Shape_Length": 642.86726353266988, "Shape_Area": 4984.0608215857292, "cpwParkName": "James M. Robb - Colorado River State Park", "source": "USGS PAD-US" }, "geometry": { "type": "Polygon", "coordinates": [ [ [ -108.476741688299995, 39.059541343499994 ], [ -108.474441966800001, 39.059183361199992 ], [ -108.477941641200005, 39.059591815600001 ], [ -108.476741688299995, 39.059541343499994 ] ] ] } },
{ "type": "Feature", "properties": { "FeatClass": "Easement", "Category": "Easement", "Own_Type": "PVT", "Own_Name": "PVT", "Loc_Own": "PVT", "Mang_Type": "STAT", "Mang_Name": "SPR", "Loc_Mang": "Colorado Department of Natural Resources, Parks and Wildlife", "Des_Tp": "UNKE", "Loc_Ds": "UNK", "Unit_Nm": "James M. Robb - Colorado River State Park", "Loc_Nm": "James M. Robb - Colorado River State Park", "State_Nm": "CO", "Agg_Src": "NCED_PADUS4_0Easement_NCED_for_PADUS_07282023", "GIS_Src": "Colorado Parks & Wildlife GIS - CPWParcels", "Src_Date": "2020/07/29", "GIS_Acres": 11, "Source_PAID": "1066068", "WDPA_Cd": 0, "Pub_Access": "XA", "Access_Src": "NCED", "Access_Dt": "2023", "GAP_Sts": "4", "GAPCdSrc": "NCED", "GAPCdDt": "2023", "IUCN_Cat": "Unassigned", "IUCNCtSrc": "GAP - Default", "IUCNCtDt": "2024", "Date_Est": "2015", "Comments": " ", "Term": 0, "Duration": "PERM", "d_FeatClass": "Easement", "d_Category": "Easement", "d_Own_Type": "Private", "d_Own_Name": "Private", "d_Mang_Type": "State", "d_Mang_Name": "State Park and Recreation", "d_Des_Tp": "Unknown Easement", "d_State_Nm": "Colorado", "d_Pub_Access": "Closed", "d_GAP_Sts": "4 - no known mandate for biodiversity protection", "d_IUCN_Cat": "Unassigned", "Shape_Length": 1247.7637680777575, "Shape_Area": 44628.158489231799, "cpwParkName": "James M. Robb - Colorado River State Park", "source": "USGS PAD-US" }, "geometry": { "type": "Polygon", "coordinates": [ [ [ -108.527884394900013, 39.052819592100001 ], [ -108.52788033100002, 39.051953873399995 ], [ -108.530253451199982, 39.052294354499992 ], [ -108.529248942399988, 39.052937326200002 ], [ -108.531493375899998, 39.0526692364 ], [ -108.531494762299999, 39.053700939699993 ], [ -108.527884394900013, 39.052819592100001 ] ] ] } },
{ "type": "Feature", "properties": { "FeatClass": "Easement", "Category": "Easement", "Own_Type": "PVT", "Own_Name": "PVT", "Loc_Own": "Private", "Mang_Type": "STAT", "Mang_Name": "SFW", "Loc_Mang": "Colorado Parks & Wildlife", "Des_Tp": "RECE", "Loc_Ds": "State Parks", "Unit_Nm": "James M. Robb - Colorado River State Park", "Loc_Nm": "James M. Robb - Colorado River State Park", "State_Nm": "CO", "Agg_Src": "CNHP_PADUS4_0Easement_COMaP_Public_v20230223_CO", "GIS_Src": "Colorado Parks & Wildlife GIS - CPWParcels", "Src_Date": "2015/08/04", "GIS_Acres": 1, "Source_PAID": "", "WDPA_Cd": 0, "Pub_Access": "OA", "Access_Src": "COMaP", "Access_Dt": "2023", "GAP_Sts": "4", "GAPCdSrc": "GAP - Default", "GAPCdDt": "2024", "IUCN_Cat": "Unassigned", "IUCNCtSrc": "GAP - Default", "IUCNCtDt": "2024", "Date_Est": "1993", "Comments": "", "Term": null, "Duration": null, "d_FeatClass": "Easement", "d_Category": "Easement", "d_Own_Type": "Private", "d_Own_Name": "Private", "d_Mang_Type": "State", "d_Mang_Name": "State Fish and Wildlife", "d_Des_Tp": "Recreation or Education Easement", "d_State_Nm": "Colorado", "d_Pub_Access": "Open Access", "d_GAP_Sts": "4 - no known mandate for biodiversity protection", "d_IUCN_Cat": "Unassigned", "Shape_Length": 642.86727414523568, "Shape_Area": 4984.0783549938378, "cpwParkName": "James M. Robb - Colorado River State Park", "source": "USGS PAD-US" }, "geometry": { "type": "Polygon", "coordinates": [ [ [ -108.476752497199996, 39.059547428899997 ], [ -108.474452775299994, 39.05918944590001 ], [ -108.477952450199979, 39.059597900899995 ], [ -108.476752497199996, 39.059547428899997 ] ] ] } },
{ "type": "Feature", "properties": { "FeatClass": "Easement", "Category": "Easement", "Own_Type": "PVT", "Own_Name": "PVT", "Loc_Own": "Private", "Mang_Type": "STAT", "Mang_Name": "SFW", "Loc_Mang": "Colorado Parks & Wildlife", "Des_Tp": "RECE", "Loc_Ds": "State Parks", "Unit_Nm": "James M. Robb - Colorado River State Park", "Loc_Nm": "James M. Robb - Colorado River State Park", "State_Nm": "CO", "Agg_Src": "CNHP_PADUS4_0Easement_COMaP_Public_v20230223_CO", "GIS_Src": "Colorado Parks & Wildlife GIS - CPWParcels", "Src_Date": "2015/08/04", "GIS_Acres": 1, "Source_PAID": "", "WDPA_Cd": 0, "Pub_Access": "OA", "Access_Src": "COMaP", "Access_Dt": "2023", "GAP_Sts": "4", "GAPCdSrc": "GAP - Default", "GAPCdDt": "2024", "IUCN_Cat": "Unassigned", "IUCNCtSrc": "GAP - Default", "IUCNCtDt": "2024", "Date_Est": "1993", "Comments": "", "Term": null, "Duration": null, "d_FeatClass": "Easement", "d_Category": "Easement", "d_Own_Type": "Private", "d_Own_Name": "Private", "d_Mang_Type": "State", "d_Mang_Name": "State Fish and Wildlife", "d_Des_Tp": "Recreation or Education Easement", "d_State_Nm": "Colorado", "d_Pub_Access": "Open Access", "d_GAP_Sts": "4 - no known mandate for biodiversity protection", "d_IUCN_Cat": "Unassigned", "Shape_Length": 635.48630277743814, "Shape_Area": 5799.8665689247755, "cpwParkName": "James M. Robb - Colorado River State Park", "source": "USGS PAD-US" }, "geometry": { "type": "Polygon", "coordinates": [ [ [ -108.488672062500001, 39.056677844399992 ], [ -108.491710995, 39.055505140199983 ], [ -108.491947512, 39.055576239599993 ], [ -108.488672062500001, 39.056677844399992 ] ] ] } },
{ "type": "Feature", "properties": { "FeatClass": "Easement", "Category": "Easement", "Own_Type": "PVT", "Own_Name": "PVT", "Loc_Own": "Private", "Mang_Type": "STAT", "Mang_Name": "SFW", "Loc_Mang": "Colorado Parks & Wildlife", "Des_Tp": "RECE", "Loc_Ds": "State Parks", "Unit_Nm": "James M. Robb - Colorado River State Park", "Loc_Nm": "James M. Robb - Colorado River State Park", "State_Nm": "CO", "Agg_Src": "CNHP_PADUS4_0Easement_COMaP_Public_v20230223_CO", "GIS_Src": "Colorado Parks & Wildlife GIS - CPWParcels", "Src_Date": "2015/08/04", "GIS_Acres": 2, "Source_PAID": "", "WDPA_Cd": 0, "Pub_Access": "XA", "Access_Src": "COMaP", "Access_Dt": "2023", "GAP_Sts": "4", "GAPCdSrc": "GAP - Default", "GAPCdDt": "2024", "IUCN_Cat": "Unassigned", "IUCNCtSrc": "GAP - Default", "IUCNCtDt": "2024", "Date_Est": "1997", "Comments": "", "Term": null, "Duration": null, "d_FeatClass": "Easement", "d_Category": "Easement", "d_Own_Type": "Private", "d_Own_Name": "Private", "d_Mang_Type": "State", "d_Mang_Name": "State Fish and Wildlife", "d_Des_Tp": "Recreation or Education Easement", "d_State_Nm": "Colorado", "d_Pub_Access": "Closed", "d_GAP_Sts": "4 - no known mandate for biodiversity protection", "d_IUCN_Cat": "Unassigned", "Shape_Length": 1302.650133511577, "Shape_Area": 7753.8101457394732, "cpwParkName": "James M. Robb - Colorado River State Park", "source": "USGS PAD-US" }, "geometry": { "type": "Polygon", "coordinates": [ [ [ -108.529324902399992, 39.055533208600004 ], [ -108.529291087399997, 39.053876546599987 ], [ -108.527870785499985, 39.053652421299994 ], [ -108.527869211199985, 39.053539012100003 ], [ -108.531505583199987, 39.053707020399997 ], [ -108.53163958319999, 39.052706934399993 ], [ -108.531640282099985, 39.053802910799995 ], [ -108.529417533200004, 39.054037936499995 ], [ -108.529324902399992, 39.055533208600004 ] ] ] } },
{ "type": "Feature", "properties": { "FeatClass": "Easement", "Category": "Easement", "Own_Type": "STAT", "Own_Name": "OTHS", "Loc_Own": "State of Colorado", "Mang_Type": "STAT", "Mang_Name": "SFW", "Loc_Mang": "Colorado Parks & Wildlife", "Des_Tp": "RECE", "Loc_Ds": "State Parks", "Unit_Nm": "James M. Robb - Colorado River State Park - Fruita section", "Loc_Nm": "James M. Robb - Colorado River State Park - Fruita section", "State_Nm": "CO", "Agg_Src": "CNHP_PADUS4_0Easement_COMaP_Public_v20230223_CO", "GIS_Src": "Colorado Parks & Wildlife GIS - CPWParcelUpdate_2019+Control", "Src_Date": "2023/02/23", "GIS_Acres": 2, "Source_PAID": "", "WDPA_Cd": 0, "Pub_Access": "OA", "Access_Src": "COMaP", "Access_Dt": "2023", "GAP_Sts": "4", "GAPCdSrc": "GAP - Default", "GAPCdDt": "2024", "IUCN_Cat": "Unassigned", "IUCNCtSrc": "GAP - Default", "IUCNCtDt": "2024", "Date_Est": "", "Comments": "", "Term": null, "Duration": null, "d_FeatClass": "Easement", "d_Category": "Easement", "d_Own_Type": "State", "d_Own_Name": "Other or Unknown State Land", "d_Mang_Type": "State", "d_Mang_Name": "State Fish and Wildlife", "d_Des_Tp": "Recreation or Education Easement", "d_State_Nm": "Colorado", "d_Pub_Access": "Open Access", "d_GAP_Sts": "4 - no known mandate for biodiversity protection", "d_IUCN_Cat": "Unassigned", "Shape_Length": 390.36995322649545, "Shape_Area": 7482.9598327550939, "cpwParkName": "James M. Robb - Colorado River State Park", "source": "USGS PAD-US" }, "geometry": { "type": "Polygon", "coordinates": [ [ [ -108.739657151800003, 39.151838256 ], [ -108.740264209800003, 39.150558822599997 ], [ -108.740270341199988, 39.151833150499996 ], [ -108.739657151800003, 39.151838256 ] ] ] } },
{ "type": "Feature", "properties": { "FeatClass": "Fee", "Category": "Fee", "Own_Type": "FED", "Own_Name": "USACE", "Loc_Own": "US Army Corp of Engineers", "Mang_Type": "STAT", "Mang_Name": "SFW", "Loc_Mang": "Colorado Parks & Wildlife", "Des_Tp": "SCA", "Loc_Ds": "State Wildlife Area", "Unit_Nm": "John Martin Reservoir State Wildlife Area", "Loc_Nm": "John Martin Reservoir SWA", "State_Nm": "CO", "Agg_Src": "CNHP_PADUS4_0Easement_COMaP_Public_v20230223_CO", "GIS_Src": "Colorado Parks & Wildlife GIS - CPWParcels", "Src_Date": "2023/02/23", "GIS_Acres": 19313, "Source_PAID": "", "WDPA_Cd": 0, "Pub_Access": "RA", "Access_Src": "GAP - Default", "Access_Dt": "2024", "GAP_Sts": "2", "GAPCdSrc": "GAP - Default", "GAPCdDt": "2024", "IUCN_Cat": "V", "IUCNCtSrc": "GAP - Default", "IUCNCtDt": "2024", "Date_Est": "", "Comments": "", "Term": null, "Duration": null, "d_FeatClass": "Fee", "d_Category": "Fee", "d_Own_Type": "Federal", "d_Own_Name": "Army Corps of Engineers", "d_Mang_Type": "State", "d_Mang_Name": "State Fish and Wildlife", "d_Des_Tp": "State Conservation Area", "d_State_Nm": "Colorado", "d_Pub_Access": "Restricted Access", "d_GAP_Sts": "2 - managed for biodiversity - disturbance events suppressed", "d_IUCN_Cat": "V: Protected landscape / seascape", "Shape_Length": 100869.18192098153, "Shape_Area": 78157294.570530117, "cpwParkName": "John Martin Reservoir State Park", "source": "USGS PAD-US" }, "geometry": { "type": "Polygon", "coordinates": [ [ [ -103.0739387566, 38.115696754 ], [ -103.073938863, 38.114041311400001 ], [ -103.069299936199982, 38.114077768599991 ], [ -103.069280255199985, 38.103156238899999 ], [ -103.06716764399998, 38.103157542699996 ], [ -103.067117954499992, 38.105068470600003 ], [ -103.064206804899996, 38.105088627199997 ], [ -103.063387594700004, 38.103159781199992 ], [ -103.054996992300005, 38.103166136 ], [ -103.054988395300001, 38.099530421599994 ], [ -103.05038052339998, 38.099537377600001 ], [ -103.050414923199995, 38.114068680999985 ], [ -103.041216798, 38.114091205199998 ], [ -103.041203345199989, 38.106820608799985 ], [ -103.036606144299995, 38.10682912139999 ], [ -103.036594553499981, 38.099555244500003 ], [ -103.027400007500006, 38.099574545299994 ], [ -103.02740305819998, 38.101689552199986 ], [ -103.022803937099994, 38.101635611199995 ], [ -103.022784459799979, 38.092318124499997 ], [ -103.011480248, 38.092341741399999 ], [ -103.011446417699986, 38.094771446399989 ], [ -103.007579804299979, 38.094795782499993 ], [ -103.006879213700017, 38.092352650299993 ], [ -103.004410973099993, 38.092358417200003 ], [ -103.004408371299988, 38.088724754499985 ], [ -102.999821673599996, 38.088738156 ], [ -102.999825522799981, 38.081463581199991 ], [ -102.986095856099993, 38.081508135399986 ], [ -102.986141161299997, 38.085139648699993 ], [ -102.995236644, 38.085123360200001 ], [ -102.99523340319999, 38.092379477599984 ], [ -102.986092101799983, 38.092384044099994 ], [ -102.986085172799989, 38.085139746799996 ], [ -102.976954007199993, 38.085141031799992 ], [ -102.976896666099989, 38.065156944899982 ], [ -102.93641868109998, 38.065868702800003 ], [ -102.934989542899999, 38.062125743099998 ], [ -102.941934048, 38.05035044449999 ], [ -102.951873932400005, 38.048717964299996 ], [ -102.951887005899991, 38.052388661599991 ], [ -102.995191643899986, 38.052404523299991 ], [ -102.995218651499997, 38.056845281899989 ], [ -103.0106633738, 38.056961556099999 ], [ -103.010736791499994, 38.060125817100001 ], [ -103.027306556400006, 38.060316072999989 ], [ -103.018134787899982, 38.057122986 ], [ -103.018078415800005, 38.034177146 ], [ -103.027238532899986, 38.034167074300008 ], [ -103.027239792, 38.030530830099998 ], [ -103.047098245100003, 38.030524157399995 ], [ -103.047147364, 38.028602969799991 ], [ -103.05020912469999, 38.028635488099994 ], [ -103.0502024173, 38.026891585199991 ], [ -103.054832042299992, 38.026882029199996 ], [ -103.05484812189998, 38.023259901 ], [ -103.059478968899981, 38.0232528851 ], [ -103.059513495600001, 38.016012262599993 ], [ -103.064121513399996, 38.016009950599994 ], [ -103.064113988100004, 38.017635059199989 ], [ -103.066689685399979, 38.017681429600003 ], [ -103.066639993799996, 38.021141139699999 ], [ -103.064096926800005, 38.021137966299996 ], [ -103.064085986099997, 38.023246908799983 ], [ -103.063127341500007, 38.023248167600002 ], [ -103.063208215, 38.030503493099992 ], [ -103.054838841300011, 38.030516238499985 ], [ -103.054845606900003, 38.034150367300001 ], [ -103.050230312500005, 38.034155514199995 ], [ -103.05028384969998, 38.048711872599988 ], [ -103.045673527700004, 38.048713295 ], [ -103.045697129800004, 38.054929474699996 ], [ -103.050306149699992, 38.055038989099998 ], [ -103.050309551199987, 38.056004301500003 ], [ -103.059503853099983, 38.05597706479999 ], [ -103.059539931299994, 38.06688845419999 ], [ -103.064671021400002, 38.066879399099996 ], [ -103.064516513900003, 38.068753675300002 ], [ -103.069018030199999, 38.069776653599995 ], [ -103.068983296499979, 38.071788927599989 ], [ -103.087697450199997, 38.076783149700006 ], [ -103.087680407299999, 38.074089666999988 ], [ -103.092275075800003, 38.074026427100002 ], [ -103.092366638199991, 38.077622888899995 ], [ -103.097003052299996, 38.077530513099994 ], [ -103.096870509399992, 38.073962894 ], [ -103.106087282800004, 38.073846558100001 ], [ -103.118616139999986, 38.065405402499998 ], [ -103.128803458700006, 38.062987529499992 ], [ -103.128796261600002, 38.061099797200001 ], [ -103.133339271099999, 38.061048042799996 ], [ -103.133349430099983, 38.062380636099995 ], [ -103.151721962600007, 38.062037438300003 ], [ -103.151698216900002, 38.05921797229999 ], [ -103.1563421476, 38.059199158 ], [ -103.156328864200006, 38.0554351436 ], [ -103.160991184699995, 38.055412609799994 ], [ -103.160988588400002, 38.054443419299993 ], [ -103.170148489499979, 38.055480369500003 ], [ -103.1701630102, 38.059856432599993 ], [ -103.179307448499998, 38.059892544 ], [ -103.17930901859998, 38.055527963199999 ], [ -103.190862542399984, 38.055615118499993 ], [ -103.190843153800003, 38.059355133700002 ], [ -103.188462965799985, 38.059327927799991 ], [ -103.188445389199984, 38.067959245700003 ], [ -103.197598335999984, 38.067973651700001 ], [ -103.197593191699994, 38.069848268199983 ], [ -103.189672520599984, 38.069890131299992 ], [ -103.189692369699998, 38.073568467699992 ], [ -103.193010726799983, 38.073608021199995 ], [ -103.193006525199991, 38.07627688569999 ], [ -103.194845006500003, 38.077402158200002 ], [ -103.188421254199994, 38.077344575200001 ], [ -103.188413443699986, 38.080138438 ], [ -103.179215438599996, 38.080228447399996 ], [ -103.179185208499987, 38.084838286699991 ], [ -103.170160412599998, 38.084865416699991 ], [ -103.170162429299992, 38.084078981199994 ], [ -103.166854586200003, 38.084009213 ], [ -103.166864292599996, 38.078758537900001 ], [ -103.162188167400004, 38.078619370999988 ], [ -103.162187607399986, 38.07763628 ], [ -103.170212355899992, 38.077632050299997 ], [ -103.1702088909, 38.067390452600002 ], [ -103.169153309699993, 38.066611573599985 ], [ -103.163999501299998, 38.066304287899996 ], [ -103.158156431099982, 38.070295325899998 ], [ -103.142616406299993, 38.070323808 ], [ -103.142384895199982, 38.075475336099998 ], [ -103.136598158300004, 38.076421314900003 ], [ -103.1353, 38.072608964499985 ], [ -103.130596964099993, 38.071559765299995 ], [ -103.127625071099985, 38.072906673 ], [ -103.128322213499985, 38.076466909599993 ], [ -103.130250698999987, 38.077770947 ], [ -103.127942477199994, 38.0820329859 ], [ -103.127951796199994, 38.084982399899985 ], [ -103.138037229600002, 38.084938682299999 ], [ -103.138045396899997, 38.086894134600008 ], [ -103.133468064900001, 38.086889470799989 ], [ -103.133507540500005, 38.092151530599992 ], [ -103.128946950199989, 38.09220387229999 ], [ -103.129031210999983, 38.100468892799995 ], [ -103.111318782599994, 38.099879278399996 ], [ -103.111321546599982, 38.100758291699989 ], [ -103.096869204200004, 38.100969358 ], [ -103.09706048389998, 38.092618187999989 ], [ -103.093899100300007, 38.092751851700001 ], [ -103.090260398200002, 38.09077326 ], [ -103.089902715299985, 38.092740985599995 ], [ -103.087744549899995, 38.09231082729999 ], [ -103.087812637499994, 38.106612016900002 ], [ -103.083181182800004, 38.106658472100001 ], [ -103.084546243599988, 38.113957933099989 ], [ -103.083215167299997, 38.114924130899993 ], [ -103.078577036699983, 38.114896471299993 ], [ -103.078576181200006, 38.11590606179999 ], [ -103.0739387566, 38.115696754 ] ] ] } },
{ "type": "Feature", "properties": { "FeatClass": "Fee", "Category": "Fee", "Own_Type": "FED", "Own_Name": "USACE", "Loc_Own": "US Army Corp of Engineers", "Mang_Type": "STAT", "Mang_Name": "SFW", "Loc_Mang": "Colorado Parks & Wildlife", "Des_Tp": "SP", "Loc_Ds": "State Parks", "Unit_Nm": "John Martin Reservoir State Park", "Loc_Nm": "John Martin Reservoir State Park", "State_Nm": "CO", "Agg_Src": "CNHP_PADUS4_0Easement_COMaP_Public_v20230223_CO", "GIS_Src": "Colorado Parks & Wildlife GIS - CPWParcels", "Src_Date": "2023/02/23", "GIS_Acres": 1705, "Source_PAID": "", "WDPA_Cd": 0, "Pub_Access": "OA", "Access_Src": "COMaP", "Access_Dt": "2023", "GAP_Sts": "4", "GAPCdSrc": "GAP - Default", "GAPCdDt": "2024", "IUCN_Cat": "Unassigned", "IUCNCtSrc": "GAP - Default", "IUCNCtDt": "2024", "Date_Est": "", "Comments": "", "Term": null, "Duration": null, "d_FeatClass": "Fee", "d_Category": "Fee", "d_Own_Type": "Federal", "d_Own_Name": "Army Corps of Engineers", "d_Mang_Type": "State", "d_Mang_Name": "State Fish and Wildlife", "d_Des_Tp": "State Park", "d_State_Nm": "Colorado", "d_Pub_Access": "Open Access", "d_GAP_Sts": "4 - no known mandate for biodiversity protection", "d_IUCN_Cat": "Unassigned", "Shape_Length": 20558.890176302168, "Shape_Area": 6901679.8479313729, "cpwParkName": "John Martin Reservoir State Park", "source": "USGS PAD-US" }, "geometry": { "type": "Polygon", "coordinates": [ [ [ -102.947363547, 38.088850595099984 ], [ -102.947293828900001, 38.085288905 ], [ -102.924478833099997, 38.085329544199993 ], [ -102.92499966119999, 38.071749458600003 ], [ -102.926628751899997, 38.069363141099998 ], [ -102.934928554899983, 38.067689005600002 ], [ -102.936631401200003, 38.068746238199992 ], [ -102.93923709469999, 38.0750008937 ], [ -102.938504626299988, 38.077538307499992 ], [ -102.949726518899979, 38.082691032200003 ], [ -102.941237686099996, 38.076026055099994 ], [ -102.937833148799996, 38.068650771399994 ], [ -102.941372274, 38.075338333599994 ], [ -102.945654077300006, 38.076630093199995 ], [ -102.947198133499995, 38.075029420899995 ], [ -102.949497171099992, 38.077171332 ], [ -102.950397426899997, 38.073568268799995 ], [ -102.952761731899997, 38.073372440999989 ], [ -102.954366618899982, 38.074601387399994 ], [ -102.960074041499993, 38.072077389099995 ], [ -102.96068642569999, 38.075216962200003 ], [ -102.963730636299985, 38.076454932999987 ], [ -102.962494180899995, 38.070586555799991 ], [ -102.964182677, 38.069332843799991 ], [ -102.968695515600004, 38.068973022399987 ], [ -102.97463398879998, 38.071082488499997 ], [ -102.973533236399987, 38.071853633599993 ], [ -102.976868109799994, 38.072307167899993 ], [ -102.976954386900005, 38.085141031600003 ], [ -102.958571777099991, 38.0852151052 ], [ -102.958530783200004, 38.086789452599994 ], [ -102.956613130600005, 38.086767086199991 ], [ -102.956706301500006, 38.088742215700002 ], [ -102.947363547, 38.088850595099984 ] ] ] } },
{ "type": "Feature", "properties": { "FeatClass": "Fee", "Category": "Fee", "Own_Type": "STAT", "Own_Name": "SFW", "Loc_Own": "Colorado Parks & Wildlife", "Mang_Type": "STAT", "Mang_Name": "SFW", "Loc_Mang": "Colorado Parks & Wildlife", "Des_Tp": "SCA", "Loc_Ds": "State Wildlife Area", "Unit_Nm": "John Martin Reservoir State Wildlife Area", "Loc_Nm": "John Martin Reservoir SWA", "State_Nm": "CO", "Agg_Src": "CNHP_PADUS4_0Easement_COMaP_Public_v20230223_CO", "GIS_Src": "Colorado Parks & Wildlife GIS - CPWParcels", "Src_Date": "2023/02/23", "GIS_Acres": 683, "Source_PAID": "", "WDPA_Cd": 0, "Pub_Access": "OA", "Access_Src": "CNHP COMaP", "Access_Dt": "2016", "GAP_Sts": "3", "GAPCdSrc": "Revised Default per 11/10/2010 email between Lisa Duarte and Michelle Fink", "GAPCdDt": "2011", "IUCN_Cat": "Other Conservation Area", "IUCNCtSrc": "GAP - Default", "IUCNCtDt": "2024", "Date_Est": "", "Comments": "", "Term": null, "Duration": null, "d_FeatClass": "Fee", "d_Category": "Fee", "d_Own_Type": "State", "d_Own_Name": "State Fish and Wildlife", "d_Mang_Type": "State", "d_Mang_Name": "State Fish and Wildlife", "d_Des_Tp": "State Conservation Area", "d_State_Nm": "Colorado", "d_Pub_Access": "Open Access", "d_GAP_Sts": "3 - managed for multiple uses - subject to extractive (e.g. mining or logging) or OHV use", "d_IUCN_Cat": "Other Conservation Area", "Shape_Length": 11321.507004489325, "Shape_Area": 2763719.3861352671, "cpwParkName": "John Martin Reservoir State Park", "source": "USGS PAD-US" }, "geometry": { "type": "MultiPolygon", "coordinates": [ [ [ [ -103.143246961299994, 38.074335470599991 ], [ -103.142630120399986, 38.074057349900002 ], [ -103.143255469399989, 38.074055334899995 ], [ -103.143246961299994, 38.074335470599991 ] ] ], [ [ [ -103.143256421199993, 38.074592152799994 ], [ -103.142633486500017, 38.074389241399999 ], [ -103.143256060799999, 38.074390258800001 ], [ -103.143256421199993, 38.074592152799994 ] ] ], [ [ [ -103.14263659, 38.077599982700001 ], [ -103.143850881800006, 38.07408753379999 ], [ -103.147220712399985, 38.074089041400008 ], [ -103.147211145699984, 38.070319715699995 ], [ -103.158156431099982, 38.070295325899998 ], [ -103.163999501299998, 38.066304287899996 ], [ -103.1702088909, 38.067390452600002 ], [ -103.170212355899992, 38.077632050299997 ], [ -103.14263659, 38.077599982700001 ] ] ], [ [ [ -102.986141161299997, 38.085139648699993 ], [ -102.986095856099993, 38.081508135399986 ], [ -102.999825522799981, 38.081463581199991 ], [ -102.999821673599996, 38.088738156 ], [ -102.99523501809999, 38.088751397699994 ], [ -102.995236644, 38.085123360200001 ], [ -102.986141161299997, 38.085139648699993 ] ] ] ] } },
{ "type": "Feature", "properties": { "FeatClass": "Designation", "Category": "Designation", "Own_Type": "DESG", "Own_Name": "DESG", "Loc_Own": "", "Mang_Type": "FED", "Mang_Name": "USACE", "Loc_Mang": "Albuquerque District", "Des_Tp": "REC", "Loc_Ds": "Recreation Reservoir", "Unit_Nm": "John Martin Reservoir", "Loc_Nm": "John Martin Reservoir", "State_Nm": "CO", "Agg_Src": "USGS_PADUS1_4Designation_USACE_reservoirs_20131210_shp", "GIS_Src": "USACE_reservoirs_20131210.shp", "Src_Date": "2015/03/23", "GIS_Acres": 11321, "Source_PAID": "L408510", "WDPA_Cd": 0, "Pub_Access": "OA", "Access_Src": "CNHP COMaP", "Access_Dt": "2017", "GAP_Sts": "3", "GAPCdSrc": "Revised Default per 11/10/2010 email between Lisa Duarte and Michelle Fink", "GAPCdDt": "2011", "IUCN_Cat": "Other Conservation Area", "IUCNCtSrc": "GAP - Default", "IUCNCtDt": "2024", "Date_Est": "", "Comments": "", "Term": null, "Duration": null, "d_FeatClass": "Designation", "d_Category": "Designation", "d_Own_Type": "Designation", "d_Own_Name": "Designation", "d_Mang_Type": "Federal", "d_Mang_Name": "Army Corps of Engineers", "d_Des_Tp": "Recreation Management Area", "d_State_Nm": "Colorado", "d_Pub_Access": "Open Access", "d_GAP_Sts": "3 - managed for multiple uses - subject to extractive (e.g. mining or logging) or OHV use", "d_IUCN_Cat": "Other Conservation Area", "Shape_Length": 97417.021900079024, "Shape_Area": 45814101.034660898, "cpwParkName": "John Martin Reservoir State Park", "source": "USGS PAD-US" }, "geometry": { "type": "Polygon", "coordinates": [ [ [ -103.075091800199999, 38.108101849899995 ], [ -103.074768516899994, 38.106999985499996 ], [ -103.076428063299986, 38.104768517399989 ], [ -103.076095093299983, 38.102145643699984 ], [ -103.075364818699981, 38.100468505399995 ], [ -103.072689828600005, 38.099861108599988 ], [ -103.071418501, 38.09728520489999 ], [ -103.068962637699997, 38.097018193 ], [ -103.065875547600001, 38.098754077699986 ], [ -103.063880354199995, 38.095286310399999 ], [ -103.060138886599987, 38.094708599599997 ], [ -103.057546295099996, 38.096107090699995 ], [ -103.057534234499997, 38.093484279599984 ], [ -103.055046294700006, 38.094423560800003 ], [ -103.054364486499992, 38.093135510399996 ], [ -103.052731479699986, 38.093865632499998 ], [ -103.049768517199979, 38.092048077599998 ], [ -103.0462725135, 38.09247620619999 ], [ -103.0446405916, 38.094490739400001 ], [ -103.044343057600017, 38.098842591299992 ], [ -103.046064812799983, 38.102452193300003 ], [ -103.045250920599983, 38.104027776099983 ], [ -103.046527776, 38.105749978699997 ], [ -103.046435183900002, 38.106535066299998 ], [ -103.044412094099997, 38.103550865300001 ], [ -103.039768517, 38.10088955709999 ], [ -103.037078494499994, 38.096157406399996 ], [ -103.037972862399997, 38.093101849699998 ], [ -103.036191946700001, 38.091122874600003 ], [ -103.03220926809999, 38.091283340699988 ], [ -103.026898147199987, 38.095332769699993 ], [ -103.026641481899986, 38.08893518339999 ], [ -103.028073548199998, 38.086990738699996 ], [ -103.026157405399985, 38.083992488699991 ], [ -103.023657405599991, 38.086194931199991 ], [ -103.022139891199998, 38.08593619829999 ], [ -103.020588739299981, 38.088194442899997 ], [ -103.018336067299998, 38.083886151799994 ], [ -103.013749998500003, 38.081405162799996 ], [ -103.009316359500005, 38.086908952199991 ], [ -103.005106289799983, 38.084615916899992 ], [ -103.000138887, 38.08382751309999 ], [ -102.99408580559998, 38.084919127399992 ], [ -102.991157406100001, 38.088207349799994 ], [ -102.990385943500002, 38.082916665099994 ], [ -102.991923373899994, 38.078354389099992 ], [ -102.989027776099988, 38.078211114299982 ], [ -102.987175924000013, 38.079653611699996 ], [ -102.98532407159999, 38.07803065369999 ], [ -102.983101850300002, 38.0789484421 ], [ -102.981367548400002, 38.077015695199989 ], [ -102.979081917399981, 38.081527776199991 ], [ -102.978226180699991, 38.077236790299992 ], [ -102.973926977800005, 38.077276733999987 ], [ -102.975669960600001, 38.07467592439999 ], [ -102.973009257899989, 38.074404860399994 ], [ -102.974094372199986, 38.072824071799992 ], [ -102.971325885499979, 38.071712960699998 ], [ -102.971124536599987, 38.069893978099984 ], [ -102.969536515899989, 38.070694442899992 ], [ -102.968869401, 38.069093547 ], [ -102.967261757599999, 38.070324072200002 ], [ -102.968328268199997, 38.071898145699997 ], [ -102.965674143599983, 38.071137094199997 ], [ -102.966550676500006, 38.073101850399986 ], [ -102.964626780399996, 38.074027776399994 ], [ -102.967283663100005, 38.074398146199997 ], [ -102.966040986799982, 38.076620368799993 ], [ -102.968141320299992, 38.078009256799994 ], [ -102.966464276499991, 38.078564812699994 ], [ -102.966178678, 38.082197195699997 ], [ -102.963379627799995, 38.078564146199994 ], [ -102.959802492899996, 38.080972219699994 ], [ -102.961007778500004, 38.077510725399989 ], [ -102.958425721099985, 38.076712961299997 ], [ -102.958009258199979, 38.074651000699987 ], [ -102.955317651800001, 38.074947281599997 ], [ -102.954832242, 38.077731480399997 ], [ -102.952268516999979, 38.075819044600003 ], [ -102.948842590799984, 38.078903162399996 ], [ -102.947546294399984, 38.076320833 ], [ -102.945972221399984, 38.077693456899993 ], [ -102.941155709699984, 38.075696137799994 ], [ -102.935632344099986, 38.061224098599986 ], [ -102.940601850500016, 38.053367828400006 ], [ -102.94341674559999, 38.054157476299984 ], [ -102.951342591599982, 38.051786712399995 ], [ -102.954150095499998, 38.052946379599994 ], [ -102.958847926499985, 38.050607185299988 ], [ -102.95902777549999, 38.049396948099989 ], [ -102.960317743, 38.05079336459999 ], [ -102.96087962819999, 38.049996538599991 ], [ -102.966527775699987, 38.05158930839999 ], [ -102.971291050200008, 38.050828086899998 ], [ -102.971469499199998, 38.049086052699998 ], [ -102.975324071599999, 38.053028427399987 ], [ -102.982268516900007, 38.0537405599 ], [ -102.986898146399994, 38.052854272600001 ], [ -102.988009257599998, 38.054724820399997 ], [ -102.990046295200003, 38.051912432899996 ], [ -102.994953701799986, 38.051957497299988 ], [ -102.996712961499981, 38.049960686600002 ], [ -102.998287034599983, 38.05081890879999 ], [ -102.998657405900005, 38.0539270911 ], [ -103.000159843600002, 38.052710536399999 ], [ -103.000324071399987, 38.054889071699996 ], [ -103.000858287399993, 38.052824071899991 ], [ -103.000009311699984, 38.052175924199993 ], [ -103.001435183699982, 38.051259978599994 ], [ -103.003472220899994, 38.052457838699993 ], [ -103.005173768199981, 38.0520833307 ], [ -103.005301783600018, 38.054490739 ], [ -103.00338342549999, 38.055787035099996 ], [ -103.004970069400002, 38.05912036889999 ], [ -103.006331671799998, 38.059850202 ], [ -103.006990738599981, 38.0579797802 ], [ -103.009861110100005, 38.056730536599993 ], [ -103.011291819500002, 38.059027776 ], [ -103.009991273300002, 38.0608796283 ], [ -103.01124999839999, 38.061990207599997 ], [ -103.014297031699996, 38.059204439 ], [ -103.016398245800005, 38.05958333089999 ], [ -103.017937507399992, 38.062247674199995 ], [ -103.019953701800006, 38.059570965799992 ], [ -103.021064812500001, 38.060765944399996 ], [ -103.022361110199981, 38.059874627299997 ], [ -103.027430169599995, 38.060670920600003 ], [ -103.022457839499992, 38.056712960799999 ], [ -103.024567078299995, 38.055215237199995 ], [ -103.024675923800018, 38.053244209 ], [ -103.028379628099984, 38.054531565300003 ], [ -103.028164354999987, 38.053287035299988 ], [ -103.030669327699982, 38.052706364700001 ], [ -103.026755549499995, 38.048842591199993 ], [ -103.026613044599998, 38.043386951799988 ], [ -103.028194442599982, 38.039521188800002 ], [ -103.030124826599987, 38.037268517 ], [ -103.0351388869, 38.035137463399991 ], [ -103.0402026804, 38.034739716899992 ], [ -103.042824072399981, 38.033111185799996 ], [ -103.045430883699993, 38.033564813199995 ], [ -103.045370368699992, 38.034537035 ], [ -103.048016311500007, 38.035231479699995 ], [ -103.043874736, 38.035819179799987 ], [ -103.044456129799997, 38.036527775799996 ], [ -103.042461319999987, 38.037731479999984 ], [ -103.043505406400001, 38.038875763999989 ], [ -103.041726343600004, 38.038009256800009 ], [ -103.038569876899984, 38.044485674900002 ], [ -103.041932914099988, 38.047916665299994 ], [ -103.0416612625, 38.050601849499991 ], [ -103.043165755999979, 38.052083331299983 ], [ -103.040736489, 38.057967199699995 ], [ -103.04476851699998, 38.0589177198 ], [ -103.046342590799995, 38.05730254889999 ], [ -103.046545634899985, 38.058657405699996 ], [ -103.045046294700001, 38.060215383899994 ], [ -103.03915653819999, 38.059989881600004 ], [ -103.036805553899981, 38.062833679699999 ], [ -103.028133882399999, 38.060541301399994 ], [ -103.037130826099983, 38.063657405799994 ], [ -103.032890532399989, 38.066594236 ], [ -103.034505703499988, 38.067731480399992 ], [ -103.032584113899986, 38.067954483599998 ], [ -103.033953313300003, 38.068935182599994 ], [ -103.031866250399986, 38.069675924199991 ], [ -103.031857185199996, 38.071476133199994 ], [ -103.033756463799989, 38.070700908099994 ], [ -103.034212961199984, 38.068987787 ], [ -103.037546294799981, 38.069391578699985 ], [ -103.038101850399983, 38.071207227899997 ], [ -103.038379627699996, 38.069540211099991 ], [ -103.040988812500004, 38.070525850199992 ], [ -103.040324072100006, 38.068089033199989 ], [ -103.04273148019999, 38.070655222399992 ], [ -103.044299790099984, 38.06893518279999 ], [ -103.046342591099986, 38.06891754019999 ], [ -103.047638887, 38.071140710899996 ], [ -103.051342590700003, 38.06850372089999 ], [ -103.052575060500004, 38.072147158299991 ], [ -103.055046295099999, 38.072182400899997 ], [ -103.057931325399991, 38.070124226699988 ], [ -103.058515725099994, 38.0737064936 ], [ -103.063009258299999, 38.07310136409999 ], [ -103.06509636589999, 38.074625853099995 ], [ -103.069270560099994, 38.075266472699994 ], [ -103.068689550499997, 38.077699333599995 ], [ -103.071157406200001, 38.078519116399988 ], [ -103.073068427600006, 38.077638886599992 ], [ -103.07532407250001, 38.078798521299994 ], [ -103.077824071399988, 38.076723313599992 ], [ -103.080078620799995, 38.07874999829999 ], [ -103.078402255699999, 38.079513366900002 ], [ -103.078379628600004, 38.08108423129999 ], [ -103.080620861699998, 38.081361601899992 ], [ -103.080387729899996, 38.07874999789999 ], [ -103.081901266399996, 38.078567933299993 ], [ -103.082952562900005, 38.08130669309999 ], [ -103.088884253399982, 38.079819447 ], [ -103.088085043600003, 38.081342591299993 ], [ -103.089490738700007, 38.082152040699995 ], [ -103.102175923599987, 38.077702804 ], [ -103.102840076800007, 38.0789191792 ], [ -103.108083821699992, 38.0786393777 ], [ -103.108287035, 38.077544123599999 ], [ -103.109569542399981, 38.078551023799996 ], [ -103.113194443, 38.0774844914 ], [ -103.113564813300002, 38.078439646099994 ], [ -103.115773551100006, 38.071699477 ], [ -103.114652820899991, 38.070393562299998 ], [ -103.116119213599987, 38.07102662070001 ], [ -103.122008473099996, 38.066175139899997 ], [ -103.12541666529998, 38.066762456399992 ], [ -103.124706826600004, 38.085416665099991 ], [ -103.120465674499997, 38.087039748199992 ], [ -103.117862682799995, 38.090416665200003 ], [ -103.123625508700002, 38.093440329099998 ], [ -103.120995786700007, 38.093218003200001 ], [ -103.116342591299997, 38.095493076700002 ], [ -103.111046243100006, 38.093175877699998 ], [ -103.109076503500006, 38.094212961099991 ], [ -103.109880991300003, 38.096435183099992 ], [ -103.107175924299995, 38.098455266199991 ], [ -103.106386219900003, 38.0957434006 ], [ -103.101583375, 38.095879628199995 ], [ -103.097068852599989, 38.092653365599993 ], [ -103.098369636100003, 38.091712960699994 ], [ -103.097734091, 38.090416665399992 ], [ -103.096141061699996, 38.09086328419999 ], [ -103.096342591199985, 38.092457442799997 ], [ -103.094675923600008, 38.091009565299998 ], [ -103.088657406099983, 38.089992029599998 ], [ -103.087303758399997, 38.090694442799993 ], [ -103.088515725, 38.0915277764 ], [ -103.0863576016, 38.090802045399982 ], [ -103.083110575700005, 38.093935182699987 ], [ -103.083626254899983, 38.097175923699986 ], [ -103.082289844399995, 38.097268516799993 ], [ -103.082104535899987, 38.099490738899995 ], [ -103.081284369499997, 38.099768517399994 ], [ -103.080984348499996, 38.103564812599998 ], [ -103.075046069300001, 38.10717569829999 ], [ -103.07754629519998, 38.107663730999988 ], [ -103.075091800199999, 38.108101849899995 ] ], [ [ -103.082159807199986, 38.098009256699989 ], [ -103.080482221099984, 38.09763888709999 ], [ -103.081064813200001, 38.0985514929 ], [ -103.082159807199986, 38.098009256699989 ] ], [ [ -103.080601850099995, 38.096066542199992 ], [ -103.084219020099994, 38.092361109 ], [ -103.083472221400001, 38.0911213268 ], [ -103.077380268499979, 38.093842591200001 ], [ -103.080601850099995, 38.096066542199992 ] ], [ [ -103.081318505300004, 38.091527775799996 ], [ -103.08273148, 38.090790154599986 ], [ -103.0813734595, 38.09060185 ], [ -103.081318505300004, 38.091527775799996 ] ], [ [ -103.111702913199991, 38.0920732831 ], [ -103.113480426, 38.093101849699998 ], [ -103.113367466, 38.092175924399996 ], [ -103.111702913199991, 38.0920732831 ] ], [ [ -103.115601849900003, 38.079985462699995 ], [ -103.116401218899981, 38.079398145900001 ], [ -103.11495370259999, 38.077502982299997 ], [ -103.113743577700006, 38.078941602899988 ], [ -103.115601849900003, 38.079985462699995 ] ], [ [ -102.98069729049999, 38.05810185 ], [ -102.979780747199996, 38.058182212799991 ], [ -102.980509258, 38.058553340799996 ], [ -102.98069729049999, 38.05810185 ] ], [ [ -102.989047804599991, 38.056733001199994 ], [ -102.988159019699992, 38.056307168 ], [ -102.988361430699996, 38.057008924699993 ], [ -102.989047804599991, 38.056733001199994 ] ] ] } },
{ "type": "Feature", "properties": { "FeatClass": "Fee", "Category": "Fee", "Own_Type": "FED", "Own_Name": "USBR", "Loc_Own": "US Bureau of Reclamation", "Mang_Type": "STAT", "Mang_Name": "SPR", "Loc_Mang": "Colorado State Parks", "Des_Tp": "SP", "Loc_Ds": "State Parks", "Unit_Nm": "Lake Pueblo State Park", "Loc_Nm": "Lake Pueblo State Park", "State_Nm": "CO", "Agg_Src": "USGS_PADUS1_4Fee_USBR_PADUS1_3", "GIS_Src": "Colorado State Parks - LOM_parcels_with_table_20101215.shp", "Src_Date": "2010/12/15", "GIS_Acres": 9361, "Source_PAID": "", "WDPA_Cd": 0, "Pub_Access": "OA", "Access_Src": "CNHP COMaP", "Access_Dt": "2016", "GAP_Sts": "4", "GAPCdSrc": "GAP - Default", "GAPCdDt": "2024", "IUCN_Cat": "Unassigned", "IUCNCtSrc": "GAP - Default", "IUCNCtDt": "2024", "Date_Est": "", "Comments": "", "Term": null, "Duration": null, "d_FeatClass": "Fee", "d_Category": "Fee", "d_Own_Type": "Federal", "d_Own_Name": "Bureau of Reclamation", "d_Mang_Type": "State", "d_Mang_Name": "State Park and Recreation", "d_Des_Tp": "State Park", "d_State_Nm": "Colorado", "d_Pub_Access": "Open Access", "d_GAP_Sts": "4 - no known mandate for biodiversity protection", "d_IUCN_Cat": "Unassigned", "Shape_Length": 44174.116255754481, "Shape_Area": 37881823.321518913, "cpwParkName": "Lake Pueblo State Park", "source": "USGS PAD-US" }, "geometry": { "type": "Polygon", "coordinates": [ [ [ -104.771734639100004, 38.291654609199995 ], [ -104.766408377, 38.28900894409999 ], [ -104.761769715300019, 38.282989033200003 ], [ -104.756592323899994, 38.281053829699992 ], [ -104.739388012599989, 38.28009051259999 ], [ -104.730793177599992, 38.282324194599994 ], [ -104.717609166799988, 38.282212034700002 ], [ -104.714496267399994, 38.281652137099982 ], [ -104.710263606499993, 38.2778232434 ], [ -104.706571453399988, 38.271025845099999 ], [ -104.705588997199982, 38.264043934799993 ], [ -104.699245314999985, 38.265671994599991 ], [ -104.699108502299993, 38.260753023 ], [ -104.704810696199999, 38.260400427599997 ], [ -104.704806826400002, 38.258834389999983 ], [ -104.709440503599993, 38.259689643800002 ], [ -104.713784304799987, 38.263111980199994 ], [ -104.7176089214, 38.262967418099997 ], [ -104.717543001799982, 38.259836857499991 ], [ -104.719640294499996, 38.259834196399986 ], [ -104.719655192399983, 38.258495927 ], [ -104.713997652, 38.25845920039999 ], [ -104.720170064100003, 38.253693337999984 ], [ -104.731948981100004, 38.234433151699996 ], [ -104.739063869800006, 38.230237103499995 ], [ -104.756354108599979, 38.229566256699997 ], [ -104.776464193099983, 38.230719276399995 ], [ -104.791299000500004, 38.240179830299994 ], [ -104.775151444800002, 38.240378550300001 ], [ -104.774886929, 38.251342089399998 ], [ -104.802820466599982, 38.250977934999987 ], [ -104.805149944500002, 38.251829029099994 ], [ -104.805941071899994, 38.261959335099995 ], [ -104.789560505299988, 38.265274791399996 ], [ -104.789531613199983, 38.273549229299988 ], [ -104.794305318, 38.276107572199997 ], [ -104.793203435099997, 38.278597929100002 ], [ -104.793815350700001, 38.282460212699995 ], [ -104.790053329599999, 38.287609226099995 ], [ -104.791060886099999, 38.290188290599986 ], [ -104.783433107699992, 38.290517654299997 ], [ -104.785024034699987, 38.2938822419 ], [ -104.771734639100004, 38.291654609199995 ] ], [ [ -104.727644635600015, 38.2803972285 ], [ -104.725202137300002, 38.270207369799991 ], [ -104.728141346099989, 38.254622550299992 ], [ -104.723607233899983, 38.26574241689999 ], [ -104.724977444299995, 38.269389360299996 ], [ -104.723706250299983, 38.272763402 ], [ -104.726353759799991, 38.280105807199988 ], [ -104.727644635600015, 38.2803972285 ] ], [ [ -104.7240102441, 38.261967113499999 ], [ -104.723157579699986, 38.261389083599994 ], [ -104.718484908600004, 38.263080529199996 ], [ -104.716622861200008, 38.265707689399996 ], [ -104.712336177999987, 38.265697238399994 ], [ -104.712637539099987, 38.267536531600001 ], [ -104.717514566399984, 38.268629903799983 ], [ -104.721437986699982, 38.268017438699999 ], [ -104.7240102441, 38.261967113499999 ] ] ] } },
{ "type": "Feature", "properties": { "FeatClass": "Fee", "Category": "Fee", "Own_Type": "STAT", "Own_Name": "SPR", "Loc_Own": "Colorado State Parks", "Mang_Type": "STAT", "Mang_Name": "SPR", "Loc_Mang": "Colorado State Parks", "Des_Tp": "SP", "Loc_Ds": "State Parks", "Unit_Nm": "Lake Pueblo", "Loc_Nm": "Lake Pueblo State Park", "State_Nm": "CO", "Agg_Src": "CNHP_PADUS1_3_COMaP_v9_public_mmf_gdb_CO", "GIS_Src": "Colorado State Parks - LOM_parcels_with_table_20101215.shp", "Src_Date": "2010/12/15", "GIS_Acres": 265, "Source_PAID": "COMaP_23334", "WDPA_Cd": 0, "Pub_Access": "RA", "Access_Src": "CNHP_COMaP_v9_public_mmf.gdb", "Access_Dt": "2016", "GAP_Sts": "4", "GAPCdSrc": "GAP - Default", "GAPCdDt": "2021", "IUCN_Cat": "Unassigned", "IUCNCtSrc": "GAP - Default", "IUCNCtDt": "2021", "Date_Est": "", "Comments": "", "Term": null, "Duration": null, "d_FeatClass": "Fee", "d_Category": "Fee", "d_Own_Type": "State", "d_Own_Name": "State Park and Recreation", "d_Mang_Type": "State", "d_Mang_Name": "State Park and Recreation", "d_Des_Tp": "State Park", "d_State_Nm": "Colorado", "d_Pub_Access": "Restricted Access", "d_GAP_Sts": "4 - no known mandate for biodiversity protection", "d_IUCN_Cat": "Unassigned", "Shape_Length": 9570.4381817710037, "Shape_Area": 1074190.1029159825, "cpwParkName": "Lake Pueblo State Park", "source": "USGS PAD-US" }, "geometry": { "type": "Polygon", "coordinates": [ [ [ -104.675666352899995, 38.270265897500003 ], [ -104.670907367199987, 38.269972006499998 ], [ -104.668365009799999, 38.267688277299996 ], [ -104.68098134509998, 38.266193063399989 ], [ -104.679988742299983, 38.264998699499991 ], [ -104.678841927899995, 38.265500526899991 ], [ -104.683541097100004, 38.261989718799995 ], [ -104.688208182300002, 38.261406083299995 ], [ -104.688158837, 38.260426091299991 ], [ -104.686213623900002, 38.260898559 ], [ -104.685251215199997, 38.258778031799999 ], [ -104.696557768299996, 38.2567202667 ], [ -104.704806826400002, 38.258834389999983 ], [ -104.704810696199999, 38.260400427599997 ], [ -104.699580647600001, 38.260506941800003 ], [ -104.697411500199991, 38.263117840399993 ], [ -104.693482282799991, 38.259288643199994 ], [ -104.690876380800006, 38.259909688599997 ], [ -104.686494142099988, 38.264173727199996 ], [ -104.681381258399995, 38.267081003500003 ], [ -104.676603959800005, 38.267865738499992 ], [ -104.675666352899995, 38.270265897500003 ] ] ] } },
{ "type": "Feature", "properties": { "FeatClass": "Fee", "Category": "Fee", "Own_Type": "FED", "Own_Name": "USBR", "Loc_Own": "US Bureau of Reclamation", "Mang_Type": "STAT", "Mang_Name": "SFW", "Loc_Mang": "Colorado Parks & Wildlife", "Des_Tp": "SP", "Loc_Ds": "State Parks", "Unit_Nm": "Lake Pueblo State Park", "Loc_Nm": "Lake Pueblo State Park", "State_Nm": "CO", "Agg_Src": "CNHP_PADUS4_0Easement_COMaP_Public_v20230223_CO", "GIS_Src": "Colorado Parks & Wildlife GIS - CPWParcels", "Src_Date": "2023/02/23", "GIS_Acres": 10449, "Source_PAID": "", "WDPA_Cd": 0, "Pub_Access": "OA", "Access_Src": "GAP - Default", "Access_Dt": "2024", "GAP_Sts": "4", "GAPCdSrc": "GAP - Default", "GAPCdDt": "2024", "IUCN_Cat": "Unassigned", "IUCNCtSrc": "GAP - Default", "IUCNCtDt": "2024", "Date_Est": "", "Comments": "", "Term": null, "Duration": null, "d_FeatClass": "Fee", "d_Category": "Fee", "d_Own_Type": "Federal", "d_Own_Name": "Bureau of Reclamation", "d_Mang_Type": "State", "d_Mang_Name": "State Fish and Wildlife", "d_Des_Tp": "State Park", "d_State_Nm": "Colorado", "d_Pub_Access": "Open Access", "d_GAP_Sts": "4 - no known mandate for biodiversity protection", "d_IUCN_Cat": "Unassigned", "Shape_Length": 69337.373321855208, "Shape_Area": 42286086.014173388, "cpwParkName": "Lake Pueblo State Park", "source": "USGS PAD-US" }, "geometry": { "type": "Polygon", "coordinates": [ [ [ -104.841374621200004, 38.300290043700002 ], [ -104.839178931899994, 38.300539390799997 ], [ -104.835463698799998, 38.298931825799997 ], [ -104.830169038499989, 38.291975164299998 ], [ -104.828975774599982, 38.29622144439999 ], [ -104.830883094399994, 38.301415408300002 ], [ -104.830501783699987, 38.301856467199997 ], [ -104.829491293299995, 38.302053271599995 ], [ -104.830566485800006, 38.300784076100008 ], [ -104.829046833999982, 38.297398365099994 ], [ -104.825793386299992, 38.297155648699984 ], [ -104.828697266700004, 38.294176463200003 ], [ -104.827276229899979, 38.291368125199995 ], [ -104.819718698, 38.292611550199993 ], [ -104.817233360099991, 38.289931751299996 ], [ -104.815034971299994, 38.289715211999976 ], [ -104.81427765079998, 38.291634414399994 ], [ -104.815957819799991, 38.293745769799997 ], [ -104.812711414499987, 38.292956528 ], [ -104.813125366799994, 38.291938778399988 ], [ -104.809558381399981, 38.291490818899995 ], [ -104.80960651609999, 38.292604531 ], [ -104.809225467800005, 38.293185216299996 ], [ -104.808070462299995, 38.291024397899996 ], [ -104.804959468099995, 38.292090552499999 ], [ -104.806720742300001, 38.290687832699994 ], [ -104.805081629499995, 38.28414393389999 ], [ -104.801980517699988, 38.284850695399996 ], [ -104.801763126999987, 38.286615750699994 ], [ -104.800377776299996, 38.285225006600001 ], [ -104.794295961299994, 38.284815744699991 ], [ -104.793135576000012, 38.283315897799994 ], [ -104.792707558399997, 38.286011461499996 ], [ -104.790053329599999, 38.287609226099995 ], [ -104.791060886099999, 38.290188290599986 ], [ -104.783433107699992, 38.290517654299997 ], [ -104.785024006499981, 38.293881030799994 ], [ -104.768647761, 38.290261851 ], [ -104.762018370299998, 38.282954907899992 ], [ -104.756953129099983, 38.280795995599995 ], [ -104.740186758399986, 38.279922668600001 ], [ -104.730188444499987, 38.282075352899987 ], [ -104.716557392499993, 38.281914847300008 ], [ -104.714496267399994, 38.281652137099982 ], [ -104.710263606499993, 38.2778232434 ], [ -104.706571453399988, 38.271025845099999 ], [ -104.705588997199982, 38.264043934799993 ], [ -104.699245314999985, 38.265671994599991 ], [ -104.699108502299993, 38.260753023 ], [ -104.704810696199999, 38.260400427599997 ], [ -104.704806826400002, 38.258834389999983 ], [ -104.709440503599993, 38.259689643800002 ], [ -104.713784304799987, 38.263111980199994 ], [ -104.7176089214, 38.262967418099997 ], [ -104.717543001799982, 38.259836857499991 ], [ -104.719640294499996, 38.259834196399986 ], [ -104.719655192399983, 38.258495927 ], [ -104.713997652, 38.25845920039999 ], [ -104.720170064100003, 38.253693337999984 ], [ -104.731948981100004, 38.234433151699996 ], [ -104.737301682599991, 38.230854846499994 ], [ -104.743362182400006, 38.229502177199997 ], [ -104.775369549900006, 38.230384635899995 ], [ -104.791299000500004, 38.240179830299994 ], [ -104.775151444800002, 38.240378550300001 ], [ -104.774886929, 38.251342089399998 ], [ -104.802820466599982, 38.250977934999987 ], [ -104.805149944500002, 38.251829029099994 ], [ -104.805941071899994, 38.261959335099995 ], [ -104.789560505299988, 38.265274791399996 ], [ -104.789554174199992, 38.267088130600001 ], [ -104.790596645199983, 38.265986780200002 ], [ -104.792030827900007, 38.267105238799985 ], [ -104.790387698499998, 38.267235400600001 ], [ -104.790530577499979, 38.268561748099991 ], [ -104.794988579799991, 38.2690553407 ], [ -104.795705822199992, 38.267861567099999 ], [ -104.796087363300003, 38.267808261500001 ], [ -104.796317263099979, 38.269527955099989 ], [ -104.800345960199991, 38.271460672 ], [ -104.80403184719998, 38.269451199300001 ], [ -104.803873005100002, 38.270944016599991 ], [ -104.801151414299994, 38.272429480799993 ], [ -104.802548165599987, 38.2730041437 ], [ -104.804182485200002, 38.272006502 ], [ -104.805653814799996, 38.273685286 ], [ -104.804392709099986, 38.274075076199992 ], [ -104.803926044600004, 38.273041179800003 ], [ -104.801240777, 38.275079766599994 ], [ -104.801295655, 38.276475338500006 ], [ -104.803104297399997, 38.276748231099994 ], [ -104.801229447599994, 38.277022621499995 ], [ -104.80104475009999, 38.278818699499993 ], [ -104.806463919, 38.278727212699991 ], [ -104.810349226399993, 38.281051547299995 ], [ -104.810387276599997, 38.282677583499996 ], [ -104.812057581199994, 38.281735857099996 ], [ -104.810166834499981, 38.283860616299997 ], [ -104.811596492700005, 38.28525355859999 ], [ -104.810238764, 38.28579395669999 ], [ -104.811195993199988, 38.286822846099994 ], [ -104.815434990099988, 38.286043769 ], [ -104.815015754300006, 38.28579976919999 ], [ -104.81543073029998, 38.285052387499988 ], [ -104.819295842100004, 38.286619726799991 ], [ -104.817975439899996, 38.284966251500002 ], [ -104.819644994699999, 38.283875569199992 ], [ -104.820104359, 38.287985606500001 ], [ -104.82846037729999, 38.28814642119999 ], [ -104.832404489399991, 38.289583522799994 ], [ -104.83579448739998, 38.292143747399997 ], [ -104.837346990699999, 38.296693032 ], [ -104.83995150920002, 38.297111934099988 ], [ -104.843096541, 38.294965147499994 ], [ -104.850738297699991, 38.2976931153 ], [ -104.853944437699994, 38.297072726799996 ], [ -104.855254526199985, 38.302627051499982 ], [ -104.850304002399994, 38.304483275599992 ], [ -104.841374621200004, 38.300290043700002 ] ], [ [ -104.727644635600015, 38.2803972285 ], [ -104.725202137300002, 38.270207369799991 ], [ -104.728141346099989, 38.254622550299992 ], [ -104.723607233899983, 38.26574241689999 ], [ -104.724977444299995, 38.269389360299996 ], [ -104.723706250299983, 38.272763402 ], [ -104.726353759799991, 38.280105807199988 ], [ -104.727644635600015, 38.2803972285 ] ], [ [ -104.7240102441, 38.261967113499999 ], [ -104.723157579699986, 38.261389083599994 ], [ -104.718484908600004, 38.263080529199996 ], [ -104.716622861200008, 38.265707689399996 ], [ -104.712336177999987, 38.265697238399994 ], [ -104.712637539099987, 38.267536531600001 ], [ -104.717514566399984, 38.268629903799983 ], [ -104.721437986699982, 38.268017438699999 ], [ -104.7240102441, 38.261967113499999 ] ] ] } },
{ "type": "Feature", "properties": { "FeatClass": "Fee", "Category": "Fee", "Own_Type": "STAT", "Own_Name": "SFW", "Loc_Own": "Colorado Parks & Wildlife", "Mang_Type": "STAT", "Mang_Name": "SFW", "Loc_Mang": "Colorado Parks & Wildlife", "Des_Tp": "SP", "Loc_Ds": "State Parks", "Unit_Nm": "Lake Pueblo State Park", "Loc_Nm": "Lake Pueblo State Park", "State_Nm": "CO", "Agg_Src": "CNHP_PADUS4_0Easement_COMaP_Public_v20230223_CO", "GIS_Src": "Colorado Parks & Wildlife GIS - CPWParcels", "Src_Date": "2023/02/23", "GIS_Acres": 1838, "Source_PAID": "", "WDPA_Cd": 0, "Pub_Access": "OA", "Access_Src": "GAP - Default", "Access_Dt": "2024", "GAP_Sts": "4", "GAPCdSrc": "GAP - Default", "GAPCdDt": "2024", "IUCN_Cat": "Unassigned", "IUCNCtSrc": "GAP - Default", "IUCNCtDt": "2024", "Date_Est": "", "Comments": "", "Term": null, "Duration": null, "d_FeatClass": "Fee", "d_Category": "Fee", "d_Own_Type": "State", "d_Own_Name": "State Fish and Wildlife", "d_Mang_Type": "State", "d_Mang_Name": "State Fish and Wildlife", "d_Des_Tp": "State Park", "d_State_Nm": "Colorado", "d_Pub_Access": "Open Access", "d_GAP_Sts": "4 - no known mandate for biodiversity protection", "d_IUCN_Cat": "Unassigned", "Shape_Length": 31660.412135482948, "Shape_Area": 7438552.7176020611, "cpwParkName": "Lake Pueblo State Park", "source": "USGS PAD-US" }, "geometry": { "type": "MultiPolygon", "coordinates": [ [ [ [ -104.666637705599996, 38.272390898300003 ], [ -104.663000535400002, 38.271968106799996 ], [ -104.662635109299998, 38.269093178200002 ], [ -104.674345269, 38.270017731300001 ], [ -104.666637705599996, 38.272390898300003 ] ] ], [ [ [ -104.670102120599992, 38.273836574 ], [ -104.677907115400004, 38.272416946099987 ], [ -104.677727386699985, 38.270402170299995 ], [ -104.680962920599995, 38.269027601 ], [ -104.675942018900002, 38.269000505199998 ], [ -104.676603959800005, 38.267865738499992 ], [ -104.681381258399995, 38.267081003500003 ], [ -104.681452795799984, 38.264739777199999 ], [ -104.688208182300002, 38.261406083299995 ], [ -104.688158837, 38.260426091299991 ], [ -104.686213623900002, 38.260898559 ], [ -104.685251215199997, 38.258778031799999 ], [ -104.688783420700005, 38.257575239299996 ], [ -104.688773046999984, 38.258704361200003 ], [ -104.692337149400004, 38.258596565399991 ], [ -104.692206283600001, 38.257125351599996 ], [ -104.696557768299996, 38.2567202667 ], [ -104.704806826400002, 38.258834389999983 ], [ -104.704810696199999, 38.260400427599997 ], [ -104.699580647600001, 38.260506941800003 ], [ -104.697411500199991, 38.263117840399993 ], [ -104.693482282799991, 38.259288643199994 ], [ -104.692283694899984, 38.259414337099983 ], [ -104.686494142099988, 38.264173727199996 ], [ -104.690009838099996, 38.264598301599996 ], [ -104.692722071599988, 38.266547464200002 ], [ -104.695437366799993, 38.266485981399995 ], [ -104.697756161399994, 38.265444746499995 ], [ -104.699148280799989, 38.263013757599992 ], [ -104.699338547199986, 38.271273437600001 ], [ -104.694709836799987, 38.269489373 ], [ -104.690456262, 38.270102934299992 ], [ -104.687757754199993, 38.271478664200004 ], [ -104.676551447899982, 38.279636314399994 ], [ -104.676578720600006, 38.275833007300001 ], [ -104.671201874899992, 38.275946192299998 ], [ -104.670102120599992, 38.273836574 ] ], [ [ -104.690140655799993, 38.269004079799998 ], [ -104.690016602399979, 38.265182860499991 ], [ -104.6854272092, 38.265088915500002 ], [ -104.685592416999981, 38.269042118900011 ], [ -104.690140655799993, 38.269004079799998 ] ] ], [ [ [ -104.669930317899983, 38.28242026689999 ], [ -104.663923818300006, 38.281869250499987 ], [ -104.663906295999979, 38.279845873299998 ], [ -104.676322096199982, 38.279805108200001 ], [ -104.669930317899983, 38.28242026689999 ] ] ], [ [ [ -104.691327526600006, 38.270156630199992 ], [ -104.694787100799985, 38.270018807200003 ], [ -104.700007665300006, 38.272674594899996 ], [ -104.703282691200002, 38.278159927700003 ], [ -104.706887840500002, 38.28055580569999 ], [ -104.717609166799988, 38.282212034700002 ], [ -104.717676603, 38.290896294899987 ], [ -104.703933194399994, 38.29084837069999 ], [ -104.7039411083, 38.287210675099985 ], [ -104.676841942499991, 38.287062023799997 ], [ -104.67636822339999, 38.280426578200007 ], [ -104.691327526600006, 38.270156630199992 ] ] ] ] } },
{ "type": "Feature", "properties": { "FeatClass": "Fee", "Category": "Fee", "Own_Type": "STAT", "Own_Name": "SFW", "Loc_Own": "Colorado Parks & Wildlife", "Mang_Type": "STAT", "Mang_Name": "SFW", "Loc_Mang": "Colorado Parks & Wildlife", "Des_Tp": "SP", "Loc_Ds": "State Parks", "Unit_Nm": "Lake Pueblo State Park", "Loc_Nm": "Lake Pueblo State Park", "State_Nm": "CO", "Agg_Src": "CNHP_PADUS4_0Easement_COMaP_Public_v20230223_CO", "GIS_Src": "Colorado Parks & Wildlife GIS - CPWParcels", "Src_Date": "2023/02/23", "GIS_Acres": 97, "Source_PAID": "", "WDPA_Cd": 0, "Pub_Access": "RA", "Access_Src": "COMaP", "Access_Dt": "2023", "GAP_Sts": "4", "GAPCdSrc": "GAP - Default", "GAPCdDt": "2024", "IUCN_Cat": "Unassigned", "IUCNCtSrc": "GAP - Default", "IUCNCtDt": "2024", "Date_Est": "", "Comments": "", "Term": null, "Duration": null, "d_FeatClass": "Fee", "d_Category": "Fee", "d_Own_Type": "State", "d_Own_Name": "State Fish and Wildlife", "d_Mang_Type": "State", "d_Mang_Name": "State Fish and Wildlife", "d_Des_Tp": "State Park", "d_State_Nm": "Colorado", "d_Pub_Access": "Restricted Access", "d_GAP_Sts": "4 - no known mandate for biodiversity protection", "d_IUCN_Cat": "Unassigned", "Shape_Length": 5951.3186069681333, "Shape_Area": 392084.27326716174, "cpwParkName": "Lake Pueblo State Park", "source": "USGS PAD-US" }, "geometry": { "type": "MultiPolygon", "coordinates": [ [ [ [ -104.692337149400004, 38.258596565399991 ], [ -104.688773046999984, 38.258704361200003 ], [ -104.688783420700005, 38.257575239299996 ], [ -104.69181776069999, 38.258007299 ], [ -104.692206283600001, 38.257125351599996 ], [ -104.692337149400004, 38.258596565399991 ] ] ], [ [ [ -104.675666352899995, 38.270265897500003 ], [ -104.670907367199987, 38.269972006499998 ], [ -104.668365009799999, 38.267688277299996 ], [ -104.678516648400006, 38.265832784699995 ], [ -104.679466419499988, 38.266975638099993 ], [ -104.68098134509998, 38.266193063399989 ], [ -104.679988742299983, 38.264998699499991 ], [ -104.678841927899995, 38.265500526899991 ], [ -104.683541097100004, 38.261989718799995 ], [ -104.687549181199998, 38.261991971499995 ], [ -104.681452795799984, 38.264739777199999 ], [ -104.681381258399995, 38.267081003500003 ], [ -104.6770637889, 38.267663816 ], [ -104.675666352899995, 38.270265897500003 ] ] ] ] } },
{ "type": "Feature", "properties": { "FeatClass": "Fee", "Category": "Fee", "Own_Type": "STAT", "Own_Name": "SFW", "Loc_Own": "Colorado Parks & Wildlife", "Mang_Type": "STAT", "Mang_Name": "SFW", "Loc_Mang": "Colorado Parks & Wildlife", "Des_Tp": "SP", "Loc_Ds": "State Parks", "Unit_Nm": "Lake Pueblo State Park", "Loc_Nm": "Lake Pueblo State Park", "State_Nm": "CO", "Agg_Src": "CNHP_PADUS4_0Easement_COMaP_Public_v20230223_CO", "GIS_Src": "Colorado Parks & Wildlife GIS - CPWParcels", "Src_Date": "2023/02/23", "GIS_Acres": 86, "Source_PAID": "", "WDPA_Cd": 0, "Pub_Access": "XA", "Access_Src": "COMaP", "Access_Dt": "2023", "GAP_Sts": "4", "GAPCdSrc": "GAP - Default", "GAPCdDt": "2024", "IUCN_Cat": "Unassigned", "IUCNCtSrc": "GAP - Default", "IUCNCtDt": "2024", "Date_Est": "", "Comments": "", "Term": null, "Duration": null, "d_FeatClass": "Fee", "d_Category": "Fee", "d_Own_Type": "State", "d_Own_Name": "State Fish and Wildlife", "d_Mang_Type": "State", "d_Mang_Name": "State Fish and Wildlife", "d_Des_Tp": "State Park", "d_State_Nm": "Colorado", "d_Pub_Access": "Closed", "d_GAP_Sts": "4 - no known mandate for biodiversity protection", "d_IUCN_Cat": "Unassigned", "Shape_Length": 4567.1342674067564, "Shape_Area": 346304.06134846259, "cpwParkName": "Lake Pueblo State Park", "source": "USGS PAD-US" }, "geometry": { "type": "MultiPolygon", "coordinates": [ [ [ [ -104.670060336499986, 38.27325392649999 ], [ -104.67023474139998, 38.272268796200002 ], [ -104.66891846819999, 38.272169978499996 ], [ -104.677145080700015, 38.269007017199996 ], [ -104.675549897300002, 38.270761448799995 ], [ -104.67772095079998, 38.270403429599995 ], [ -104.677907115400004, 38.272416946099987 ], [ -104.670060336499986, 38.27325392649999 ] ] ], [ [ [ -104.731106468500002, 38.283825908899999 ], [ -104.735555048199984, 38.283821909299995 ], [ -104.735509873099986, 38.287429228299999 ], [ -104.731095200999988, 38.287401066399994 ], [ -104.731106468500002, 38.283825908899999 ] ] ] ] } },
{ "type": "Feature", "properties": { "FeatClass": "Fee", "Category": "Other", "Own_Type": "FED", "Own_Name": "USBR", "Loc_Own": "US Bureau of Reclamation", "Mang_Type": "STAT", "Mang_Name": "SFW", "Loc_Mang": "Colorado Parks & Wildlife", "Des_Tp": "SP", "Loc_Ds": "State Parks", "Unit_Nm": "Lake Pueblo State Park", "Loc_Nm": "Lake Pueblo State Park", "State_Nm": "CO", "Agg_Src": "CNHP_PADUS4_0Easement_COMaP_Public_v20230223_CO", "GIS_Src": "Colorado Parks & Wildlife GIS - CPWParcels", "Src_Date": "2023/02/23", "GIS_Acres": 351, "Source_PAID": "", "WDPA_Cd": 0, "Pub_Access": "XA", "Access_Src": "COMaP", "Access_Dt": "2023", "GAP_Sts": "4", "GAPCdSrc": "GAP - Default", "GAPCdDt": "2024", "IUCN_Cat": "Unassigned", "IUCNCtSrc": "GAP - Default", "IUCNCtDt": "2024", "Date_Est": "", "Comments": "", "Term": null, "Duration": null, "d_FeatClass": "Fee", "d_Category": "Other", "d_Own_Type": "Federal", "d_Own_Name": "Bureau of Reclamation", "d_Mang_Type": "State", "d_Mang_Name": "State Fish and Wildlife", "d_Des_Tp": "State Park", "d_State_Nm": "Colorado", "d_Pub_Access": "Closed", "d_GAP_Sts": "4 - no known mandate for biodiversity protection", "d_IUCN_Cat": "Unassigned", "Shape_Length": 8342.6430018799128, "Shape_Area": 1419381.5340768716, "cpwParkName": "Lake Pueblo State Park", "source": "USGS PAD-US" }, "geometry": { "type": "MultiPolygon", "coordinates": [ [ [ [ -104.714496267399994, 38.281652137099982 ], [ -104.707384387, 38.280486954300002 ], [ -104.703585949499995, 38.278103824899993 ], [ -104.699341763499987, 38.27132053559999 ], [ -104.699245314999985, 38.265671994599991 ], [ -104.705588997199982, 38.264043934799993 ], [ -104.706571453399988, 38.271025845099999 ], [ -104.710263606499993, 38.2778232434 ], [ -104.714496267399994, 38.281652137099982 ] ] ], [ [ [ -104.70943936430001, 38.259694251099994 ], [ -104.713997652, 38.25845920039999 ], [ -104.719655192399983, 38.258495927 ], [ -104.719640294499996, 38.259834196399986 ], [ -104.717543001799982, 38.259836857499991 ], [ -104.7176089214, 38.262967418099997 ], [ -104.716046512, 38.26337129089999 ], [ -104.713394884999985, 38.2629110524 ], [ -104.70943936430001, 38.259694251099994 ] ] ], [ [ [ -104.716618198299997, 38.256212758199993 ], [ -104.7166593611, 38.255255724499996 ], [ -104.717735352699989, 38.25524513069999 ], [ -104.716618198299997, 38.256212758199993 ] ] ] ] } },
{ "type": "Feature", "properties": { "FeatClass": "Fee", "Category": "Other", "Own_Type": "STAT", "Own_Name": "SLB", "Loc_Own": "Colorado State Land Board", "Mang_Type": "STAT", "Mang_Name": "SFW", "Loc_Mang": "Colorado Parks & Wildlife", "Des_Tp": "SP", "Loc_Ds": "State Parks", "Unit_Nm": "Lake Pueblo State Park", "Loc_Nm": "Lake Pueblo State Park", "State_Nm": "CO", "Agg_Src": "CNHP_PADUS4_0Easement_COMaP_Public_v20230223_CO", "GIS_Src": "Colorado Parks & Wildlife GIS - CPWParcels", "Src_Date": "2023/02/23", "GIS_Acres": 388, "Source_PAID": "", "WDPA_Cd": 0, "Pub_Access": "OA", "Access_Src": "GAP - Default", "Access_Dt": "2024", "GAP_Sts": "4", "GAPCdSrc": "GAP - Default", "GAPCdDt": "2024", "IUCN_Cat": "Unassigned", "IUCNCtSrc": "GAP - Default", "IUCNCtDt": "2024", "Date_Est": "", "Comments": "", "Term": null, "Duration": null, "d_FeatClass": "Fee", "d_Category": "Other", "d_Own_Type": "State", "d_Own_Name": "State Land Board", "d_Mang_Type": "State", "d_Mang_Name": "State Fish and Wildlife", "d_Des_Tp": "State Park", "d_State_Nm": "Colorado", "d_Pub_Access": "Open Access", "d_GAP_Sts": "4 - no known mandate for biodiversity protection", "d_IUCN_Cat": "Unassigned", "Shape_Length": 5665.9688412767855, "Shape_Area": 1571858.3134935529, "cpwParkName": "Lake Pueblo State Park", "source": "USGS PAD-US" }, "geometry": { "type": "Polygon", "coordinates": [ [ [ -104.731095200999988, 38.287401066399994 ], [ -104.735509873099986, 38.287429228299999 ], [ -104.735592582699994, 38.2808207864 ], [ -104.745602507, 38.280381311399999 ], [ -104.745791083499995, 38.294690975899989 ], [ -104.73595914229999, 38.294676544899993 ], [ -104.735734499399996, 38.291052968599985 ], [ -104.73122219, 38.291016731099987 ], [ -104.731095200999988, 38.287401066399994 ] ] ] } },
{ "type": "Feature", "properties": { "FeatClass": "Fee", "Category": "Other", "Own_Type": "LOC", "Own_Name": "CITY", "Loc_Own": "City of Walsenburg", "Mang_Type": "STAT", "Mang_Name": "SPR", "Loc_Mang": "Colorado State Parks", "Des_Tp": "SP", "Loc_Ds": "State Parks", "Unit_Nm": "Lathrop", "Loc_Nm": "Lathrop State Park", "State_Nm": "CO", "Agg_Src": "CNHP_PADUS1_3_COMaP_v9_public_mmf_gdb_CO", "GIS_Src": "Colorado Division of Wildlife GIS - CDOWManagedProperties.mdb", "Src_Date": "2005/10/20", "GIS_Acres": 158, "Source_PAID": "COMaP_13643", "WDPA_Cd": 0, "Pub_Access": "OA", "Access_Src": "CNHP COMaP", "Access_Dt": "2016", "GAP_Sts": "4", "GAPCdSrc": "GAP - Default", "GAPCdDt": "2024", "IUCN_Cat": "Unassigned", "IUCNCtSrc": "GAP - Default", "IUCNCtDt": "2024", "Date_Est": "1962", "Comments": "", "Term": null, "Duration": null, "d_FeatClass": "Fee", "d_Category": "Other", "d_Own_Type": "Local Government", "d_Own_Name": "City Land", "d_Mang_Type": "State", "d_Mang_Name": "State Park and Recreation", "d_Des_Tp": "State Park", "d_State_Nm": "Colorado", "d_Pub_Access": "Open Access", "d_GAP_Sts": "4 - no known mandate for biodiversity protection", "d_IUCN_Cat": "Unassigned", "Shape_Length": 3196.5803118333429, "Shape_Area": 637825.79704602412, "cpwParkName": "Lathrop State Park", "source": "USGS PAD-US" }, "geometry": { "type": "Polygon", "coordinates": [ [ [ -104.832249293699988, 37.606358085499991 ], [ -104.841118283599997, 37.606616759799991 ], [ -104.84121982329998, 37.61386699389999 ], [ -104.832184157, 37.613619177699995 ], [ -104.832249293699988, 37.606358085499991 ] ] ] } },
{ "type": "Feature", "properties": { "FeatClass": "Fee", "Category": "Fee", "Own_Type": "STAT", "Own_Name": "SFW", "Loc_Own": "Colorado Parks & Wildlife", "Mang_Type": "STAT", "Mang_Name": "SFW", "Loc_Mang": "Colorado Parks & Wildlife", "Des_Tp": "SP", "Loc_Ds": "State Parks", "Unit_Nm": "Lathrop State Park", "Loc_Nm": "Lathrop State Park", "State_Nm": "CO", "Agg_Src": "CNHP_PADUS4_0Easement_COMaP_Public_v20230223_CO", "GIS_Src": "Colorado Parks & Wildlife GIS - CPWParcels", "Src_Date": "2023/02/23", "GIS_Acres": 1136, "Source_PAID": "", "WDPA_Cd": 0, "Pub_Access": "OA", "Access_Src": "CNHP COMaP", "Access_Dt": "2016", "GAP_Sts": "4", "GAPCdSrc": "GAP - Default", "GAPCdDt": "2024", "IUCN_Cat": "Unassigned", "IUCNCtSrc": "GAP - Default", "IUCNCtDt": "2024", "Date_Est": "", "Comments": "", "Term": null, "Duration": null, "d_FeatClass": "Fee", "d_Category": "Fee", "d_Own_Type": "State", "d_Own_Name": "State Fish and Wildlife", "d_Mang_Type": "State", "d_Mang_Name": "State Fish and Wildlife", "d_Des_Tp": "State Park", "d_State_Nm": "Colorado", "d_Pub_Access": "Open Access", "d_GAP_Sts": "4 - no known mandate for biodiversity protection", "d_IUCN_Cat": "Unassigned", "Shape_Length": 13866.149730834113, "Shape_Area": 4595682.4992673295, "cpwParkName": "Lathrop State Park", "source": "USGS PAD-US" }, "geometry": { "type": "Polygon", "coordinates": [ [ [ -104.827364294599988, 37.620976915 ], [ -104.827715759599997, 37.617346354899993 ], [ -104.823269453799981, 37.617372119 ], [ -104.823334841700003, 37.606576756799996 ], [ -104.829258671299982, 37.606476028899998 ], [ -104.828904661, 37.608533388899993 ], [ -104.832181789899991, 37.613639283499992 ], [ -104.841180630400004, 37.613896223099999 ], [ -104.841106755699983, 37.606630475800003 ], [ -104.838236845200001, 37.605604991599996 ], [ -104.8322086326, 37.606362980899995 ], [ -104.832278736099994, 37.601818502799986 ], [ -104.841575944200002, 37.599288386700003 ], [ -104.858207163700001, 37.598148349399992 ], [ -104.858447809899999, 37.609207434600002 ], [ -104.843701312700006, 37.617609668 ], [ -104.836735580199985, 37.617421280899997 ], [ -104.836515062899991, 37.620910204299989 ], [ -104.83181740949999, 37.62346320559999 ], [ -104.831957326699992, 37.62095545159999 ], [ -104.827364294599988, 37.620976915 ] ] ] } },
{ "type": "Feature", "properties": { "FeatClass": "Fee", "Category": "Fee", "Own_Type": "STAT", "Own_Name": "SLB", "Loc_Own": "Colorado State Land Board", "Mang_Type": "STAT", "Mang_Name": "SFW", "Loc_Mang": "Colorado Parks & Wildlife", "Des_Tp": "SP", "Loc_Ds": "State Parks", "Unit_Nm": "Lathrop State Park", "Loc_Nm": "Lathrop State Park", "State_Nm": "CO", "Agg_Src": "CNHP_PADUS4_0Easement_COMaP_Public_v20230223_CO", "GIS_Src": "Colorado Parks & Wildlife GIS - CPWParcels", "Src_Date": "2023/02/23", "GIS_Acres": 163, "Source_PAID": "", "WDPA_Cd": 0, "Pub_Access": "OA", "Access_Src": "CNHP COMaP", "Access_Dt": "2016", "GAP_Sts": "4", "GAPCdSrc": "GAP - Default", "GAPCdDt": "2024", "IUCN_Cat": "Unassigned", "IUCNCtSrc": "GAP - Default", "IUCNCtDt": "2024", "Date_Est": "", "Comments": "", "Term": null, "Duration": null, "d_FeatClass": "Fee", "d_Category": "Fee", "d_Own_Type": "State", "d_Own_Name": "State Land Board", "d_Mang_Type": "State", "d_Mang_Name": "State Fish and Wildlife", "d_Des_Tp": "State Park", "d_State_Nm": "Colorado", "d_Pub_Access": "Open Access", "d_GAP_Sts": "4 - no known mandate for biodiversity protection", "d_IUCN_Cat": "Unassigned", "Shape_Length": 3386.2503981535533, "Shape_Area": 658294.43799002515, "cpwParkName": "Lathrop State Park", "source": "USGS PAD-US" }, "geometry": { "type": "Polygon", "coordinates": [ [ [ -104.8363082491, 37.624635755799993 ], [ -104.836735580199985, 37.617421280899997 ], [ -104.843701312700006, 37.617609668 ], [ -104.845745853500006, 37.616444959200003 ], [ -104.845444999399987, 37.624881135 ], [ -104.8363082491, 37.624635755799993 ] ] ] } },
{ "type": "Feature", "properties": { "FeatClass": "Easement", "Category": "Easement", "Own_Type": "LOC", "Own_Name": "UNKL", "Loc_Own": "LOC", "Mang_Type": "STAT", "Mang_Name": "SPR", "Loc_Mang": "Colorado Department of Natural Resources, Parks and Wildlife", "Des_Tp": "UNKE", "Loc_Ds": "UNK", "Unit_Nm": "Lathrop State Park", "Loc_Nm": "Lathrop State Park", "State_Nm": "CO", "Agg_Src": "NCED_PADUS4_0Easement_NCED_for_PADUS_07282023", "GIS_Src": "Colorado Parks & Wildlife GIS - CPWParcels", "Src_Date": "2020/07/29", "GIS_Acres": 42, "Source_PAID": "1064899", "WDPA_Cd": 0, "Pub_Access": "XA", "Access_Src": "NCED", "Access_Dt": "2023", "GAP_Sts": "4", "GAPCdSrc": "NCED", "GAPCdDt": "2023", "IUCN_Cat": "Unassigned", "IUCNCtSrc": "GAP - Default", "IUCNCtDt": "2024", "Date_Est": "2015", "Comments": " ", "Term": 0, "Duration": "PERM", "d_FeatClass": "Easement", "d_Category": "Easement", "d_Own_Type": "Local Government", "d_Own_Name": "Other or Unknown Local Government", "d_Mang_Type": "State", "d_Mang_Name": "State Park and Recreation", "d_Des_Tp": "Unknown Easement", "d_State_Nm": "Colorado", "d_Pub_Access": "Closed", "d_GAP_Sts": "4 - no known mandate for biodiversity protection", "d_IUCN_Cat": "Unassigned", "Shape_Length": 1735.1914805659255, "Shape_Area": 168413.86765908496, "cpwParkName": "Lathrop State Park", "source": "USGS PAD-US" }, "geometry": { "type": "Polygon", "coordinates": [ [ [ -104.827471016299981, 37.603912533699983 ], [ -104.827574979899993, 37.599023225700002 ], [ -104.832362020799991, 37.59906039 ], [ -104.8323049392, 37.601365594199997 ], [ -104.827471016299981, 37.603912533699983 ] ] ] } },
{ "type": "Feature", "properties": { "FeatClass": "Easement", "Category": "Easement", "Own_Type": "LOC", "Own_Name": "UNKL", "Loc_Own": "LOC", "Mang_Type": "STAT", "Mang_Name": "SPR", "Loc_Mang": "Colorado Department of Natural Resources, Parks and Wildlife", "Des_Tp": "UNKE", "Loc_Ds": "UNK", "Unit_Nm": "Lathrop State Park", "Loc_Nm": "Lathrop State Park", "State_Nm": "CO", "Agg_Src": "NCED_PADUS4_0Easement_NCED_for_PADUS_07282023", "GIS_Src": "Colorado Parks & Wildlife GIS - CPWParcels", "Src_Date": "2020/07/29", "GIS_Acres": 247, "Source_PAID": "1064900", "WDPA_Cd": 0, "Pub_Access": "OA", "Access_Src": "NCED", "Access_Dt": "2023", "GAP_Sts": "4", "GAPCdSrc": "NCED", "GAPCdDt": "2023", "IUCN_Cat": "Unassigned", "IUCNCtSrc": "GAP - Default", "IUCNCtDt": "2024", "Date_Est": "2015", "Comments": " ", "Term": 0, "Duration": "PERM", "d_FeatClass": "Easement", "d_Category": "Easement", "d_Own_Type": "Local Government", "d_Own_Name": "Other or Unknown Local Government", "d_Mang_Type": "State", "d_Mang_Name": "State Park and Recreation", "d_Des_Tp": "Unknown Easement", "d_State_Nm": "Colorado", "d_Pub_Access": "Open Access", "d_GAP_Sts": "4 - no known mandate for biodiversity protection", "d_IUCN_Cat": "Unassigned", "Shape_Length": 5459.4105272317338, "Shape_Area": 999484.69881881902, "cpwParkName": "Lathrop State Park", "source": "USGS PAD-US" }, "geometry": { "type": "Polygon", "coordinates": [ [ [ -104.84117078429999, 37.613890096799999 ], [ -104.832171945799985, 37.613633156399999 ], [ -104.828894819, 37.608527261399992 ], [ -104.829248828499999, 37.606469902499995 ], [ -104.823325000499992, 37.606570629799997 ], [ -104.83226889369999, 37.601812377399995 ], [ -104.832198789499984, 37.606356854699989 ], [ -104.8382270006, 37.605598866 ], [ -104.841096909599997, 37.60662435039999 ], [ -104.84117078429999, 37.613890096799999 ] ] ] } },
{ "type": "Feature", "properties": { "FeatClass": "Easement", "Category": "Easement", "Own_Type": "LOC", "Own_Name": "CITY", "Loc_Own": "City of Walsenburg", "Mang_Type": "STAT", "Mang_Name": "SFW", "Loc_Mang": "Colorado Parks & Wildlife", "Des_Tp": "RECE", "Loc_Ds": "State Parks", "Unit_Nm": "Lathrop State Park", "Loc_Nm": "Lathrop State Park", "State_Nm": "CO", "Agg_Src": "CNHP_PADUS4_0Easement_COMaP_Public_v20230223_CO", "GIS_Src": "Colorado Parks & Wildlife GIS - CPWParcels", "Src_Date": "2015/08/04", "GIS_Acres": 247, "Source_PAID": "", "WDPA_Cd": 0, "Pub_Access": "OA", "Access_Src": "COMaP", "Access_Dt": "2023", "GAP_Sts": "4", "GAPCdSrc": "GAP - Default", "GAPCdDt": "2024", "IUCN_Cat": "Unassigned", "IUCNCtSrc": "GAP - Default", "IUCNCtDt": "2024", "Date_Est": "1965", "Comments": "", "Term": null, "Duration": null, "d_FeatClass": "Easement", "d_Category": "Easement", "d_Own_Type": "Local Government", "d_Own_Name": "City Land", "d_Mang_Type": "State", "d_Mang_Name": "State Fish and Wildlife", "d_Des_Tp": "Recreation or Education Easement", "d_State_Nm": "Colorado", "d_Pub_Access": "Open Access", "d_GAP_Sts": "4 - no known mandate for biodiversity protection", "d_IUCN_Cat": "Unassigned", "Shape_Length": 5459.4114965056706, "Shape_Area": 999484.98500519712, "cpwParkName": "Lathrop State Park", "source": "USGS PAD-US" }, "geometry": { "type": "Polygon", "coordinates": [ [ [ -104.841180630400004, 37.613896223099999 ], [ -104.832181789899991, 37.613639283499992 ], [ -104.828904661, 37.608533388899993 ], [ -104.829258671299982, 37.606476028899998 ], [ -104.823334841700003, 37.606576756799996 ], [ -104.832278736099994, 37.601818502799986 ], [ -104.8322086326, 37.606362980899995 ], [ -104.838236845200001, 37.605604991599996 ], [ -104.841106755699983, 37.606630475800003 ], [ -104.841180630400004, 37.613896223099999 ] ] ] } },
{ "type": "Feature", "properties": { "FeatClass": "Easement", "Category": "Easement", "Own_Type": "LOC", "Own_Name": "CITY", "Loc_Own": "City of Walsenburg", "Mang_Type": "STAT", "Mang_Name": "SFW", "Loc_Mang": "Colorado Parks & Wildlife", "Des_Tp": "RECE", "Loc_Ds": "State Parks", "Unit_Nm": "Lathrop State Park", "Loc_Nm": "Lathrop State Park", "State_Nm": "CO", "Agg_Src": "CNHP_PADUS4_0Easement_COMaP_Public_v20230223_CO", "GIS_Src": "Colorado Parks & Wildlife GIS - CPWParcels", "Src_Date": "2015/08/04", "GIS_Acres": 42, "Source_PAID": "", "WDPA_Cd": 0, "Pub_Access": "XA", "Access_Src": "COMaP", "Access_Dt": "2023", "GAP_Sts": "4", "GAPCdSrc": "GAP - Default", "GAPCdDt": "2024", "IUCN_Cat": "Unassigned", "IUCNCtSrc": "GAP - Default", "IUCNCtDt": "2024", "Date_Est": "1965", "Comments": "", "Term": null, "Duration": null, "d_FeatClass": "Easement", "d_Category": "Easement", "d_Own_Type": "Local Government", "d_Own_Name": "City Land", "d_Mang_Type": "State", "d_Mang_Name": "State Fish and Wildlife", "d_Des_Tp": "Recreation or Education Easement", "d_State_Nm": "Colorado", "d_Pub_Access": "Closed", "d_GAP_Sts": "4 - no known mandate for biodiversity protection", "d_IUCN_Cat": "Unassigned", "Shape_Length": 1735.1917912289964, "Shape_Area": 168413.90572447595, "cpwParkName": "Lathrop State Park", "source": "USGS PAD-US" }, "geometry": { "type": "Polygon", "coordinates": [ [ [ -104.8274808587, 37.603918660300003 ], [ -104.827584821499983, 37.599029351399992 ], [ -104.832371863899979, 37.599066515299995 ], [ -104.832314781600004, 37.601371720400003 ], [ -104.8274808587, 37.603918660300003 ] ] ] } },
{ "type": "Feature", "properties": { "FeatClass": "Fee", "Category": "Fee", "Own_Type": "FED", "Own_Name": "BLM", "Loc_Own": "US Bureau of Land Management", "Mang_Type": "STAT", "Mang_Name": "SFW", "Loc_Mang": "Colorado Parks & Wildlife", "Des_Tp": "SP", "Loc_Ds": "State Parks", "Unit_Nm": "Lone Mesa State Park", "Loc_Nm": "Lone Mesa State Park", "State_Nm": "CO", "Agg_Src": "CNHP_PADUS4_0Easement_COMaP_Public_v20230223_CO", "GIS_Src": "Colorado Parks & Wildlife GIS - CPWParcels", "Src_Date": "2015/08/04", "GIS_Acres": 41, "Source_PAID": "", "WDPA_Cd": 0, "Pub_Access": "XA", "Access_Src": "COMaP", "Access_Dt": "2023", "GAP_Sts": "4", "GAPCdSrc": "GAP - Default", "GAPCdDt": "2024", "IUCN_Cat": "Unassigned", "IUCNCtSrc": "GAP - Default", "IUCNCtDt": "2024", "Date_Est": "1999", "Comments": "Funding Partners: GOCO, Colorado State Parks, TCF.", "Term": null, "Duration": null, "d_FeatClass": "Fee", "d_Category": "Fee", "d_Own_Type": "Federal", "d_Own_Name": "Bureau of Land Management", "d_Mang_Type": "State", "d_Mang_Name": "State Fish and Wildlife", "d_Des_Tp": "State Park", "d_State_Nm": "Colorado", "d_Pub_Access": "Closed", "d_GAP_Sts": "4 - no known mandate for biodiversity protection", "d_IUCN_Cat": "Unassigned", "Shape_Length": 1620.8999301632541, "Shape_Area": 164156.34476821969, "cpwParkName": "Lone Mesa State Park", "source": "USGS PAD-US" }, "geometry": { "type": "Polygon", "coordinates": [ [ [ -108.465150520499989, 37.712496116499992 ], [ -108.469777936599996, 37.712508810099997 ], [ -108.46987150359999, 37.716134852399989 ], [ -108.46524218979998, 37.716116333 ], [ -108.465150520499989, 37.712496116499992 ] ] ] } },
{ "type": "Feature", "properties": { "FeatClass": "Fee", "Category": "Fee", "Own_Type": "STAT", "Own_Name": "SFW", "Loc_Own": "Colorado Parks & Wildlife", "Mang_Type": "STAT", "Mang_Name": "SFW", "Loc_Mang": "Colorado Parks & Wildlife", "Des_Tp": "SP", "Loc_Ds": "State Parks", "Unit_Nm": "Lone Mesa State Park", "Loc_Nm": "Lone Mesa State Park", "State_Nm": "CO", "Agg_Src": "CNHP_PADUS4_0Easement_COMaP_Public_v20230223_CO", "GIS_Src": "Colorado Parks & Wildlife GIS - CPWParcels", "Src_Date": "2015/08/04", "GIS_Acres": 6001, "Source_PAID": "", "WDPA_Cd": 0, "Pub_Access": "RA", "Access_Src": "COMaP", "Access_Dt": "2023", "GAP_Sts": "4", "GAPCdSrc": "GAP - Default", "GAPCdDt": "2024", "IUCN_Cat": "Unassigned", "IUCNCtSrc": "GAP - Default", "IUCNCtDt": "2024", "Date_Est": "1999", "Comments": "Funding Partners: GOCO, Colorado State Parks, TCF.", "Term": null, "Duration": null, "d_FeatClass": "Fee", "d_Category": "Fee", "d_Own_Type": "State", "d_Own_Name": "State Fish and Wildlife", "d_Mang_Type": "State", "d_Mang_Name": "State Fish and Wildlife", "d_Des_Tp": "State Park", "d_State_Nm": "Colorado", "d_Pub_Access": "Restricted Access", "d_GAP_Sts": "4 - no known mandate for biodiversity protection", "d_IUCN_Cat": "Unassigned", "Shape_Length": 45188.279680576466, "Shape_Area": 24284606.333524182, "cpwParkName": "Lone Mesa State Park", "source": "USGS PAD-US" }, "geometry": { "type": "MultiPolygon", "coordinates": [ [ [ [ -108.446242380499982, 37.697916946299991 ], [ -108.446135298099989, 37.690687246699994 ], [ -108.4553799416, 37.690711355799998 ], [ -108.455515010100001, 37.697954457399995 ], [ -108.446242380499982, 37.697916946299991 ] ] ], [ [ [ -108.466309571200014, 37.752343538499993 ], [ -108.43814363369998, 37.752309919399984 ], [ -108.438156329799995, 37.748685935199987 ], [ -108.427577401399986, 37.748637668499995 ], [ -108.427912737699984, 37.741663728499994 ], [ -108.430679673100002, 37.739774289299994 ], [ -108.440235646600001, 37.739013121499994 ], [ -108.440232471599998, 37.734285584200002 ], [ -108.4458918192, 37.734296726399997 ], [ -108.445828315299991, 37.719628234 ], [ -108.446673004700003, 37.723281829199991 ], [ -108.460746572199994, 37.723345445699984 ], [ -108.460238702300003, 37.701597634799995 ], [ -108.455594261300007, 37.701575775 ], [ -108.455524086099999, 37.697954872300002 ], [ -108.4601493224, 37.69797347139999 ], [ -108.460002162099997, 37.690723306700001 ], [ -108.464636909499987, 37.690735045599993 ], [ -108.464487595399987, 37.683507604 ], [ -108.469061497499979, 37.6835218871 ], [ -108.468985331100001, 37.679904069 ], [ -108.475528426199986, 37.682874216399995 ], [ -108.47820027649999, 37.682330751299993 ], [ -108.478600708599984, 37.698038235899993 ], [ -108.473995016399982, 37.698022960899998 ], [ -108.474081973699981, 37.701644863499993 ], [ -108.483300721799992, 37.701669134 ], [ -108.483395067499998, 37.705284982699986 ], [ -108.4880309845, 37.705306812400003 ], [ -108.487946333499991, 37.701685687599991 ], [ -108.492658062199993, 37.701700559899997 ], [ -108.49348290979998, 37.745290124499995 ], [ -108.4843866577, 37.745237762899983 ], [ -108.48411500669998, 37.734410806 ], [ -108.479514838599997, 37.734373643399984 ], [ -108.479613768500002, 37.737989406700002 ], [ -108.475021962400007, 37.737958849899989 ], [ -108.475129252100004, 37.741581198399992 ], [ -108.465962417400007, 37.741532895500001 ], [ -108.466309571200014, 37.752343538499993 ] ], [ [ -108.469777936599996, 37.712508810099997 ], [ -108.465150450899984, 37.71249337239999 ], [ -108.46524218979998, 37.716116333 ], [ -108.46987150359999, 37.716134852399989 ], [ -108.469777936599996, 37.712508810099997 ] ] ], [ [ [ -108.428810240699988, 37.759435292499994 ], [ -108.428798075200007, 37.752236573999987 ], [ -108.43814380809998, 37.752310923899998 ], [ -108.438131065, 37.755934504799995 ], [ -108.447251126799998, 37.75603925539999 ], [ -108.44727172189998, 37.759679516799991 ], [ -108.428810240699988, 37.759435292499994 ] ] ], [ [ [ -108.410962185100018, 37.779476065199987 ], [ -108.410922366199983, 37.775869324799991 ], [ -108.420187431799988, 37.775847204999984 ], [ -108.420230040999982, 37.77945620669999 ], [ -108.410962185100018, 37.779476065199987 ] ] ] ] } },
{ "type": "Feature", "properties": { "FeatClass": "Fee", "Category": "Fee", "Own_Type": "STAT", "Own_Name": "SFW", "Loc_Own": "Colorado Parks & Wildlife", "Mang_Type": "STAT", "Mang_Name": "SFW", "Loc_Mang": "Colorado Parks & Wildlife", "Des_Tp": "SP", "Loc_Ds": "State Parks", "Unit_Nm": "Lone Mesa State Park", "Loc_Nm": "Lone Mesa State Park", "State_Nm": "CO", "Agg_Src": "CNHP_PADUS4_0Easement_COMaP_Public_v20230223_CO", "GIS_Src": "Colorado Parks & Wildlife GIS - CPWParcels", "Src_Date": "2023/02/23", "GIS_Acres": 2081, "Source_PAID": "", "WDPA_Cd": 0, "Pub_Access": "XA", "Access_Src": "CNHP COMaP", "Access_Dt": "2016", "GAP_Sts": "4", "GAPCdSrc": "GAP - Default", "GAPCdDt": "2024", "IUCN_Cat": "Unassigned", "IUCNCtSrc": "GAP - Default", "IUCNCtDt": "2024", "Date_Est": "", "Comments": "", "Term": null, "Duration": null, "d_FeatClass": "Fee", "d_Category": "Fee", "d_Own_Type": "State", "d_Own_Name": "State Fish and Wildlife", "d_Mang_Type": "State", "d_Mang_Name": "State Fish and Wildlife", "d_Des_Tp": "State Park", "d_State_Nm": "Colorado", "d_Pub_Access": "Closed", "d_GAP_Sts": "4 - no known mandate for biodiversity protection", "d_IUCN_Cat": "Unassigned", "Shape_Length": 19666.017943862207, "Shape_Area": 8419783.0784754045, "cpwParkName": "Lone Mesa State Park", "source": "USGS PAD-US" }, "geometry": { "type": "Polygon", "coordinates": [ [ [ -108.409485600400004, 37.691658202099994 ], [ -108.389137389400005, 37.692507738099991 ], [ -108.390155162, 37.690573918499993 ], [ -108.427806478, 37.690757214299992 ], [ -108.427888410599991, 37.698064670199997 ], [ -108.455524086099999, 37.697954872300002 ], [ -108.455594261300007, 37.701575775 ], [ -108.460238702300003, 37.701597634799995 ], [ -108.460746572199994, 37.723345445699984 ], [ -108.446673004700003, 37.723281829199991 ], [ -108.446608331800007, 37.719629520899993 ], [ -108.436814732399981, 37.719612990299993 ], [ -108.437055103099979, 37.70531522 ], [ -108.413540292299984, 37.705353147699995 ], [ -108.413539362399987, 37.69635640269999 ], [ -108.409485600400004, 37.691658202099994 ] ] ] } },
{ "type": "Feature", "properties": { "FeatClass": "Fee", "Category": "Fee", "Own_Type": "STAT", "Own_Name": "SLB", "Loc_Own": "Colorado State Land Board", "Mang_Type": "STAT", "Mang_Name": "SFW", "Loc_Mang": "Colorado Parks & Wildlife", "Des_Tp": "SP", "Loc_Ds": "State Parks", "Unit_Nm": "Lone Mesa State Park", "Loc_Nm": "Lone Mesa State Park", "State_Nm": "CO", "Agg_Src": "CNHP_PADUS4_0Easement_COMaP_Public_v20230223_CO", "GIS_Src": "Colorado Parks & Wildlife GIS - CPWParcels", "Src_Date": "2015/08/04", "GIS_Acres": 3850, "Source_PAID": "", "WDPA_Cd": 0, "Pub_Access": "XA", "Access_Src": "CNHP COMaP", "Access_Dt": "2016", "GAP_Sts": "4", "GAPCdSrc": "GAP - Default", "GAPCdDt": "2024", "IUCN_Cat": "Unassigned", "IUCNCtSrc": "GAP - Default", "IUCNCtDt": "2024", "Date_Est": "1999", "Comments": "Funding Partners: GOCO, Colorado State Parks, TCF.", "Term": null, "Duration": null, "d_FeatClass": "Fee", "d_Category": "Fee", "d_Own_Type": "State", "d_Own_Name": "State Land Board", "d_Mang_Type": "State", "d_Mang_Name": "State Fish and Wildlife", "d_Des_Tp": "State Park", "d_State_Nm": "Colorado", "d_Pub_Access": "Closed", "d_GAP_Sts": "4 - no known mandate for biodiversity protection", "d_IUCN_Cat": "Unassigned", "Shape_Length": 31618.576730457051, "Shape_Area": 15579365.304121131, "cpwParkName": "Lone Mesa State Park", "source": "USGS PAD-US" }, "geometry": { "type": "Polygon", "coordinates": [ [ [ -108.447963894899999, 37.77219274889999 ], [ -108.44333378349998, 37.772198016899985 ], [ -108.443410031900001, 37.775820555199992 ], [ -108.438763711299998, 37.77582193 ], [ -108.438823802299993, 37.779440810599986 ], [ -108.420230040999982, 37.77945620669999 ], [ -108.420059504600005, 37.765019512499997 ], [ -108.42881963, 37.764989006699992 ], [ -108.428810240699988, 37.759435292499994 ], [ -108.44727172189998, 37.759679516799991 ], [ -108.447209287999982, 37.752382143799991 ], [ -108.466309571200014, 37.752343538499993 ], [ -108.466236005799999, 37.748803646199995 ], [ -108.502633273800001, 37.748973196199991 ], [ -108.502689100400019, 37.759962462399997 ], [ -108.498157860299997, 37.759903734399991 ], [ -108.498174864799992, 37.763545101799991 ], [ -108.493651781, 37.7634802675 ], [ -108.493661979699979, 37.765019874899991 ], [ -108.467092805799979, 37.764862032799996 ], [ -108.466906827299979, 37.790431889499992 ], [ -108.457448064099992, 37.790397692699997 ], [ -108.457452063900007, 37.783077536199997 ], [ -108.448150183399989, 37.783074088099994 ], [ -108.447963894899999, 37.77219274889999 ] ], [ [ -108.466467749800017, 37.76486234 ], [ -108.466458940199985, 37.763116486 ], [ -108.447292428500006, 37.763319370699996 ], [ -108.447296551099996, 37.764940503899993 ], [ -108.466467749800017, 37.76486234 ] ], [ [ -108.447963894899999, 37.77219274889999 ], [ -108.457532572399998, 37.772132455 ], [ -108.4575711743, 37.768509696699986 ], [ -108.447871491699999, 37.768566539799998 ], [ -108.447963894899999, 37.77219274889999 ] ] ] } },
{ "type": "Feature", "properties": { "FeatClass": "Fee", "Category": "Fee", "Own_Type": "STAT", "Own_Name": "SFW", "Loc_Own": "Colorado Parks & Wildlife", "Mang_Type": "STAT", "Mang_Name": "SFW", "Loc_Mang": "Colorado Parks & Wildlife", "Des_Tp": "SP", "Loc_Ds": "State Parks", "Unit_Nm": "Lory State Park", "Loc_Nm": "Lory State Park", "State_Nm": "CO", "Agg_Src": "CNHP_PADUS4_0Easement_COMaP_Public_v20230223_CO", "GIS_Src": "Colorado Parks & Wildlife GIS - CPWParcels", "Src_Date": "2023/02/23", "GIS_Acres": 2579, "Source_PAID": "", "WDPA_Cd": 0, "Pub_Access": "OA", "Access_Src": "CNHP COMaP", "Access_Dt": "2016", "GAP_Sts": "4", "GAPCdSrc": "GAP - Default", "GAPCdDt": "2024", "IUCN_Cat": "Unassigned", "IUCNCtSrc": "GAP - Default", "IUCNCtDt": "2024", "Date_Est": "", "Comments": "", "Term": null, "Duration": null, "d_FeatClass": "Fee", "d_Category": "Fee", "d_Own_Type": "State", "d_Own_Name": "State Fish and Wildlife", "d_Mang_Type": "State", "d_Mang_Name": "State Fish and Wildlife", "d_Des_Tp": "State Park", "d_State_Nm": "Colorado", "d_Pub_Access": "Open Access", "d_GAP_Sts": "4 - no known mandate for biodiversity protection", "d_IUCN_Cat": "Unassigned", "Shape_Length": 20207.911401377423, "Shape_Area": 10438616.14340613, "cpwParkName": "Lory State Park", "source": "USGS PAD-US" }, "geometry": { "type": "Polygon", "coordinates": [ [ [ -105.176872012399997, 40.591810403499998 ], [ -105.1769399569, 40.58851057079999 ], [ -105.179197784099998, 40.590294846200003 ], [ -105.179471118, 40.580686100399994 ], [ -105.17711077609998, 40.579789160200001 ], [ -105.177155962599983, 40.575323266199995 ], [ -105.172433413500002, 40.575265125400001 ], [ -105.1724327628, 40.569879487199991 ], [ -105.167538728799997, 40.569959423500002 ], [ -105.167482708199998, 40.55737487079999 ], [ -105.169940602300002, 40.557324767299995 ], [ -105.169931123500007, 40.553730795199989 ], [ -105.167468511899983, 40.553784118899998 ], [ -105.167461030199988, 40.551998038599983 ], [ -105.177196005200003, 40.551849271299993 ], [ -105.177188745799995, 40.559054833399991 ], [ -105.196318505499988, 40.558972547499984 ], [ -105.196149935500003, 40.566161060799992 ], [ -105.210248459499994, 40.566115458499986 ], [ -105.210238806, 40.58419374 ], [ -105.214937024600005, 40.584180502300001 ], [ -105.214998840299984, 40.58774234189999 ], [ -105.210258770399989, 40.587813712799999 ], [ -105.210163606399988, 40.591423680899986 ], [ -105.201836463599989, 40.591001416 ], [ -105.200501673800005, 40.587947516399993 ], [ -105.198464913799995, 40.588476920699996 ], [ -105.195931055799988, 40.584858441699993 ], [ -105.186214262299984, 40.587346839499993 ], [ -105.185827739499999, 40.596293690700001 ], [ -105.181257593200002, 40.595963679499995 ], [ -105.181387641, 40.59215371629999 ], [ -105.176872012399997, 40.591810403499998 ] ] ] } },
{ "type": "Feature", "properties": { "FeatClass": "Fee", "Category": "Fee", "Own_Type": "FED", "Own_Name": "USBR", "Loc_Own": "US Bureau of Reclamation", "Mang_Type": "STAT", "Mang_Name": "SFW", "Loc_Mang": "Colorado Parks & Wildlife", "Des_Tp": "SP", "Loc_Ds": "State Parks", "Unit_Nm": "Mancos State Park", "Loc_Nm": "Mancos State Park", "State_Nm": "CO", "Agg_Src": "CNHP_PADUS4_0Easement_COMaP_Public_v20230223_CO", "GIS_Src": "Colorado Parks & Wildlife GIS - CPWParcels", "Src_Date": "2023/02/23", "GIS_Acres": 569, "Source_PAID": "", "WDPA_Cd": 0, "Pub_Access": "OA", "Access_Src": "CNHP COMaP", "Access_Dt": "2016", "GAP_Sts": "4", "GAPCdSrc": "GAP - Default", "GAPCdDt": "2024", "IUCN_Cat": "Unassigned", "IUCNCtSrc": "GAP - Default", "IUCNCtDt": "2024", "Date_Est": "", "Comments": "", "Term": null, "Duration": null, "d_FeatClass": "Fee", "d_Category": "Fee", "d_Own_Type": "Federal", "d_Own_Name": "Bureau of Reclamation", "d_Mang_Type": "State", "d_Mang_Name": "State Fish and Wildlife", "d_Des_Tp": "State Park", "d_State_Nm": "Colorado", "d_Pub_Access": "Open Access", "d_GAP_Sts": "4 - no known mandate for biodiversity protection", "d_IUCN_Cat": "Unassigned", "Shape_Length": 7315.9513154423485, "Shape_Area": 2301913.4223817592, "cpwParkName": "Mancos State Park", "source": "USGS PAD-US" }, "geometry": { "type": "Polygon", "coordinates": [ [ [ -108.261349886, 37.410050781399995 ], [ -108.262350752800003, 37.405332282 ], [ -108.269190562899979, 37.400830905699991 ], [ -108.270274717799992, 37.396182856599992 ], [ -108.279417223399989, 37.39631081129999 ], [ -108.279403425699996, 37.414918997500003 ], [ -108.270257018700008, 37.414886094299995 ], [ -108.270155438099991, 37.410155057199994 ], [ -108.261349886, 37.410050781399995 ] ] ] } },
{ "type": "Feature", "properties": { "FeatClass": "Fee", "Category": "Fee", "Own_Type": "STAT", "Own_Name": "SFW", "Loc_Own": "Colorado Parks & Wildlife", "Mang_Type": "STAT", "Mang_Name": "SFW", "Loc_Mang": "Colorado Parks & Wildlife", "Des_Tp": "SP", "Loc_Ds": "State Parks", "Unit_Nm": "Mueller State Park", "Loc_Nm": "Mueller State Park", "State_Nm": "CO", "Agg_Src": "CNHP_PADUS4_0Easement_COMaP_Public_v20230223_CO", "GIS_Src": "Colorado Parks & Wildlife GIS - CPWParcels", "Src_Date": "2023/02/23", "GIS_Acres": 4991, "Source_PAID": "", "WDPA_Cd": 0, "Pub_Access": "OA", "Access_Src": "CNHP COMaP", "Access_Dt": "2016", "GAP_Sts": "4", "GAPCdSrc": "GAP - Default", "GAPCdDt": "2024", "IUCN_Cat": "Unassigned", "IUCNCtSrc": "GAP - Default", "IUCNCtDt": "2024", "Date_Est": "", "Comments": "", "Term": null, "Duration": null, "d_FeatClass": "Fee", "d_Category": "Fee", "d_Own_Type": "State", "d_Own_Name": "State Fish and Wildlife", "d_Mang_Type": "State", "d_Mang_Name": "State Fish and Wildlife", "d_Des_Tp": "State Park", "d_State_Nm": "Colorado", "d_Pub_Access": "Open Access", "d_GAP_Sts": "4 - no known mandate for biodiversity protection", "d_IUCN_Cat": "Unassigned", "Shape_Length": 24610.144074577722, "Shape_Area": 20196090.182909522, "cpwParkName": "Mueller State Park", "source": "USGS PAD-US" }, "geometry": { "type": "Polygon", "coordinates": [ [ [ -105.163001240199989, 38.923946508499995 ], [ -105.163149718799986, 38.918524265899997 ], [ -105.158927726100003, 38.918503036299988 ], [ -105.159466463800015, 38.891473056 ], [ -105.168784601200002, 38.891429351199989 ], [ -105.168811740999985, 38.88593236 ], [ -105.159788561399992, 38.886025510300001 ], [ -105.159100686399981, 38.887856535999987 ], [ -105.157521052399986, 38.884249948199994 ], [ -105.159904908100003, 38.884231432899995 ], [ -105.160776505299992, 38.869837270299989 ], [ -105.192156601999983, 38.869906009299996 ], [ -105.192583095900005, 38.866613777899985 ], [ -105.201364815399984, 38.866506319399996 ], [ -105.201124255299987, 38.880674909099994 ], [ -105.2056360805, 38.880722888199998 ], [ -105.205544982399999, 38.88783177189999 ], [ -105.214985802699999, 38.887892585400003 ], [ -105.214841993099981, 38.890822405299993 ], [ -105.212586314899994, 38.890885142 ], [ -105.211977212099995, 38.89816065 ], [ -105.20501312239999, 38.898340395200002 ], [ -105.204885363, 38.902019019099995 ], [ -105.196363113299995, 38.902077112699992 ], [ -105.196166388199998, 38.90927948889999 ], [ -105.191090593400006, 38.909289679 ], [ -105.191072170299989, 38.916833050099996 ], [ -105.182189687399983, 38.916621860799992 ], [ -105.181564312599988, 38.920359602299989 ], [ -105.17466068509998, 38.920392749199983 ], [ -105.174553989100005, 38.923088830899992 ], [ -105.172255170699984, 38.923080047399992 ], [ -105.172219302900004, 38.92398116750001 ], [ -105.163001240199989, 38.923946508499995 ] ] ] } },
{ "type": "Feature", "properties": { "FeatClass": "Fee", "Category": "Fee", "Own_Type": "FED", "Own_Name": "USBR", "Loc_Own": "US Bureau of Reclamation", "Mang_Type": "STAT", "Mang_Name": "SPR", "Loc_Mang": "Colorado State Parks", "Des_Tp": "SP", "Loc_Ds": "State Parks", "Unit_Nm": "Navajo State Park", "Loc_Nm": "Navajo State Park", "State_Nm": "CO", "Agg_Src": "USGS_PADUS1_4Fee_USBR_PADUS1_3", "GIS_Src": "Colorado State Parks - col_bou_stpark_44_polys.shp", "Src_Date": "2005/04/15", "GIS_Acres": 4965, "Source_PAID": "", "WDPA_Cd": 0, "Pub_Access": "OA", "Access_Src": "CNHP COMaP", "Access_Dt": "2016", "GAP_Sts": "4", "GAPCdSrc": "GAP - Default", "GAPCdDt": "2024", "IUCN_Cat": "Unassigned", "IUCNCtSrc": "GAP - Default", "IUCNCtDt": "2024", "Date_Est": "", "Comments": "", "Term": null, "Duration": null, "d_FeatClass": "Fee", "d_Category": "Fee", "d_Own_Type": "Federal", "d_Own_Name": "Bureau of Reclamation", "d_Mang_Type": "State", "d_Mang_Name": "State Park and Recreation", "d_Des_Tp": "State Park", "d_State_Nm": "Colorado", "d_Pub_Access": "Open Access", "d_GAP_Sts": "4 - no known mandate for biodiversity protection", "d_IUCN_Cat": "Unassigned", "Shape_Length": 59872.642804589173, "Shape_Area": 20094556.51470856, "cpwParkName": "Navajo State Park", "source": "USGS PAD-US" }, "geometry": { "type": "MultiPolygon", "coordinates": [ [ [ [ -107.468542665499982, 37.009293895899994 ], [ -107.468420522399981, 37.006598027400003 ], [ -107.465073105699986, 37.006595583399992 ], [ -107.465033216, 37.002982244099989 ], [ -107.460494736499996, 37.002912041699993 ], [ -107.459533475099988, 37.010211549299996 ], [ -107.456048996500002, 37.010293225399991 ], [ -107.454893000099986, 37.005766734499986 ], [ -107.451487655899996, 37.004930284499991 ], [ -107.4491764518, 37.000187688299995 ], [ -107.478558526, 37.000129134999987 ], [ -107.478587689299999, 37.002210749899994 ], [ -107.479717196899998, 37.002198807 ], [ -107.479708384899993, 37.000126654200002 ], [ -107.483013505499997, 37.000120500699992 ], [ -107.483111129699992, 37.003120297 ], [ -107.481981164899992, 37.0031439455 ], [ -107.480872580300002, 37.007463004 ], [ -107.474054516199985, 37.005754125399996 ], [ -107.474071757900006, 37.007499061 ], [ -107.471857881299997, 37.009223791099991 ], [ -107.468542665499982, 37.009293895899994 ] ] ], [ [ [ -107.413429230099979, 37.063053352599994 ], [ -107.408870259999986, 37.063084813499998 ], [ -107.407913320899993, 37.064017879 ], [ -107.404442396600004, 37.05402905639999 ], [ -107.405882919499987, 37.042054856599989 ], [ -107.398231400699984, 37.0364612921 ], [ -107.39164281559998, 37.029137553699989 ], [ -107.389885814699994, 37.024875146699991 ], [ -107.386140595599983, 37.024069250899998 ], [ -107.367820556199987, 37.028720699499992 ], [ -107.359469677600003, 37.023341941399991 ], [ -107.347584389900007, 37.025042010900002 ], [ -107.334634367599989, 37.023467261500002 ], [ -107.329903435099993, 37.01970984190001 ], [ -107.324684441299979, 37.020449451499999 ], [ -107.313302906600001, 37.015357215599998 ], [ -107.309595851500006, 37.015212512699996 ], [ -107.309566717, 37.014216057799999 ], [ -107.302763454499996, 37.014204827499988 ], [ -107.302766158500006, 37.015103981300001 ], [ -107.297081415899996, 37.0142348201 ], [ -107.297114779800012, 37.011534895899999 ], [ -107.311832959900002, 37.010614663299982 ], [ -107.311835169199995, 37.014220011 ], [ -107.3208965452, 37.014228921900006 ], [ -107.320882904299992, 37.012429473300003 ], [ -107.323177537399985, 37.012446756 ], [ -107.323183497, 37.013349134699986 ], [ -107.329945202499985, 37.014235293200002 ], [ -107.3310961615, 37.016053476199993 ], [ -107.334501448200001, 37.016041371399986 ], [ -107.334513437300004, 37.016963637700002 ], [ -107.345630842799991, 37.015909464699995 ], [ -107.345663717500017, 37.017686900500003 ], [ -107.359088647199982, 37.017734806599989 ], [ -107.359087334599991, 37.016830607699994 ], [ -107.373832687399997, 37.0178575893 ], [ -107.374941940099987, 37.013361807499997 ], [ -107.380579397, 37.013439976899996 ], [ -107.380569510499996, 37.011651446899982 ], [ -107.385036230899999, 37.011724060099993 ], [ -107.386013281299995, 37.0074274121 ], [ -107.389382157100002, 37.007475226099984 ], [ -107.391699084199999, 37.009186365099993 ], [ -107.39271055910001, 37.006639911299992 ], [ -107.396148919699996, 37.0057640514 ], [ -107.396006858799993, 37.000221562699991 ], [ -107.442380057700007, 37.000200974799995 ], [ -107.430012914800002, 37.000392157499995 ], [ -107.429962383700001, 37.004262220799994 ], [ -107.435649366099994, 37.006079651900002 ], [ -107.436833301099981, 37.008742813299996 ], [ -107.437974095300007, 37.008725002799999 ], [ -107.438056996699984, 37.011411419299996 ], [ -107.435779961099982, 37.011455775799995 ], [ -107.435756200899988, 37.014195840599996 ], [ -107.433468164999979, 37.014231322899995 ], [ -107.433487506299983, 37.010560962599996 ], [ -107.431202877199993, 37.010618586699991 ], [ -107.431210729200004, 37.014242449699992 ], [ -107.43012524389998, 37.014284051399997 ], [ -107.430070709500001, 37.012461113100002 ], [ -107.427793502200004, 37.012498860400001 ], [ -107.427754118999985, 37.010660565400002 ], [ -107.424331664199997, 37.008098853099995 ], [ -107.424318618399994, 37.004363598099992 ], [ -107.414833126199994, 37.00887722609999 ], [ -107.407565332199979, 37.009302691599991 ], [ -107.40628339349999, 37.010770537 ], [ -107.406308452900007, 37.018986158699995 ], [ -107.407463102299985, 37.018997297799991 ], [ -107.407478274799985, 37.023530985900003 ], [ -107.408614997899988, 37.023526555700002 ], [ -107.408602061099998, 37.025321578499991 ], [ -107.406307173599998, 37.026286052599993 ], [ -107.406489608499996, 37.030711020199995 ], [ -107.408687503799996, 37.030713766199987 ], [ -107.409831812799979, 37.032501615799994 ], [ -107.414343514500004, 37.03250055609999 ], [ -107.415558214499981, 37.037844142700003 ], [ -107.416690653499998, 37.037844754399991 ], [ -107.416740997800005, 37.039590700399991 ], [ -107.4189668848, 37.039653015599995 ], [ -107.417759609799987, 37.04679410979999 ], [ -107.416607053699991, 37.046801738499987 ], [ -107.416613314599985, 37.048969069099996 ], [ -107.415140233399981, 37.048963031799993 ], [ -107.414625548800004, 37.050550670399986 ], [ -107.415660295400002, 37.067600435999985 ], [ -107.413394817800011, 37.067646583399998 ], [ -107.413429230099979, 37.063053352599994 ] ] ] ] } },
{ "type": "Feature", "properties": { "FeatClass": "Fee", "Category": "Fee", "Own_Type": "FED", "Own_Name": "USBR", "Loc_Own": "US Bureau of Reclamation", "Mang_Type": "STAT", "Mang_Name": "SFW", "Loc_Mang": "Colorado Parks & Wildlife", "Des_Tp": "SP", "Loc_Ds": "State Parks", "Unit_Nm": "Navajo State Park", "Loc_Nm": "Navajo State Park", "State_Nm": "CO", "Agg_Src": "CNHP_PADUS4_0Easement_COMaP_Public_v20230223_CO", "GIS_Src": "Colorado Parks & Wildlife GIS - CPWParcels", "Src_Date": "2023/02/23", "GIS_Acres": 4966, "Source_PAID": "", "WDPA_Cd": 0, "Pub_Access": "OA", "Access_Src": "GAP - Default", "Access_Dt": "2024", "GAP_Sts": "4", "GAPCdSrc": "GAP - Default", "GAPCdDt": "2024", "IUCN_Cat": "Unassigned", "IUCNCtSrc": "GAP - Default", "IUCNCtDt": "2024", "Date_Est": "", "Comments": "", "Term": null, "Duration": null, "d_FeatClass": "Fee", "d_Category": "Fee", "d_Own_Type": "Federal", "d_Own_Name": "Bureau of Reclamation", "d_Mang_Type": "State", "d_Mang_Name": "State Fish and Wildlife", "d_Des_Tp": "State Park", "d_State_Nm": "Colorado", "d_Pub_Access": "Open Access", "d_GAP_Sts": "4 - no known mandate for biodiversity protection", "d_IUCN_Cat": "Unassigned", "Shape_Length": 59913.662724456772, "Shape_Area": 20098372.4881543, "cpwParkName": "Navajo State Park", "source": "USGS PAD-US" }, "geometry": { "type": "MultiPolygon", "coordinates": [ [ [ [ -107.468542665499982, 37.009293895899994 ], [ -107.468420522399981, 37.006598027400003 ], [ -107.465073105699986, 37.006595583399992 ], [ -107.465033216, 37.002982244099989 ], [ -107.460494736499996, 37.002912041699993 ], [ -107.459533475099988, 37.010211549299996 ], [ -107.456048996500002, 37.010293225399991 ], [ -107.454893000099986, 37.005766734499986 ], [ -107.451487655899996, 37.004930284499991 ], [ -107.4491764518, 37.000187688299995 ], [ -107.478558526, 37.000129134999987 ], [ -107.478587689299999, 37.002210749899994 ], [ -107.479717196899998, 37.002198807 ], [ -107.479708384899993, 37.000126654200002 ], [ -107.483013505499997, 37.000120500699992 ], [ -107.483111129699992, 37.003120297 ], [ -107.481981164899992, 37.0031439455 ], [ -107.480872580300002, 37.007463004 ], [ -107.474054516199985, 37.005754125399996 ], [ -107.474071757900006, 37.007499061 ], [ -107.471857881299997, 37.009223791099991 ], [ -107.468542665499982, 37.009293895899994 ] ] ], [ [ [ -107.413429230099979, 37.063053352599994 ], [ -107.408870259999986, 37.063084813499998 ], [ -107.407913320899993, 37.064017879 ], [ -107.404442396600004, 37.05402905639999 ], [ -107.405719676399983, 37.041705664 ], [ -107.397615394499979, 37.036048464 ], [ -107.3915734606, 37.029293604499991 ], [ -107.3891856921, 37.024569680599996 ], [ -107.385822837899994, 37.024168722600002 ], [ -107.367820556199987, 37.028720699499992 ], [ -107.359469677600003, 37.023341941399991 ], [ -107.347584389900007, 37.025042010900002 ], [ -107.334634367599989, 37.023467261500002 ], [ -107.329903435099993, 37.01970984190001 ], [ -107.324684441299979, 37.020449451499999 ], [ -107.313302906600001, 37.015357215599998 ], [ -107.309595851500006, 37.015212512699996 ], [ -107.309567141900018, 37.014230594899999 ], [ -107.302790685100007, 37.014214060100002 ], [ -107.302786776600016, 37.015107410799992 ], [ -107.29710765019999, 37.0142413576 ], [ -107.29714178979998, 37.011541498899994 ], [ -107.311863007599996, 37.010647205799984 ], [ -107.311864572600001, 37.01423533429999 ], [ -107.320928182499983, 37.01425255209999 ], [ -107.320915718299986, 37.012447738099993 ], [ -107.323177648399991, 37.012446757200003 ], [ -107.323183602100002, 37.013349134599984 ], [ -107.329945317199986, 37.0142352437 ], [ -107.331096260500004, 37.016053413799987 ], [ -107.334501586399995, 37.016041348499996 ], [ -107.334513540200007, 37.016963615499996 ], [ -107.34565492439998, 37.015920837899991 ], [ -107.34568939, 37.017698264799996 ], [ -107.359119271500006, 37.017771469299994 ], [ -107.359118179000021, 37.016867255 ], [ -107.373864111, 37.017915111199997 ], [ -107.37497879, 37.013419565299991 ], [ -107.380619518700001, 37.013494239800004 ], [ -107.380612165100004, 37.011705505 ], [ -107.385081885699989, 37.011774821599985 ], [ -107.386013281299995, 37.0074274121 ], [ -107.389382157100002, 37.007475226099984 ], [ -107.391699084199999, 37.009186365099993 ], [ -107.39271055910001, 37.006639911299992 ], [ -107.396148919699996, 37.0057640514 ], [ -107.396006858799993, 37.000221562699991 ], [ -107.442380057700007, 37.000200974799995 ], [ -107.430012914800002, 37.000392157499995 ], [ -107.429962383700001, 37.004262220799994 ], [ -107.435649366099994, 37.006079651900002 ], [ -107.436833301099981, 37.008742813299996 ], [ -107.437974095300007, 37.008725002799999 ], [ -107.438056996699984, 37.011411419299996 ], [ -107.435779961099982, 37.011455775799995 ], [ -107.435756200899988, 37.014195840599996 ], [ -107.433468164999979, 37.014231322899995 ], [ -107.433487506299983, 37.010560962599996 ], [ -107.431202877199993, 37.010618586699991 ], [ -107.431210729200004, 37.014242449699992 ], [ -107.43012524389998, 37.014284051399997 ], [ -107.430070709500001, 37.012461113100002 ], [ -107.427793502200004, 37.012498860400001 ], [ -107.427754118999985, 37.010660565400002 ], [ -107.424331664199997, 37.008098853099995 ], [ -107.424318618399994, 37.004363598099992 ], [ -107.414833126199994, 37.00887722609999 ], [ -107.407565332199979, 37.009302691599991 ], [ -107.40628339349999, 37.010770537 ], [ -107.406308452900007, 37.018986158699995 ], [ -107.407463102299985, 37.018997297799991 ], [ -107.407478274799985, 37.023530985900003 ], [ -107.408614997899988, 37.023526555700002 ], [ -107.408602061099998, 37.025321578499991 ], [ -107.406307173599998, 37.026286052599993 ], [ -107.406489608499996, 37.030711020199995 ], [ -107.408687503799996, 37.030713766199987 ], [ -107.409831812799979, 37.032501615799994 ], [ -107.414343514500004, 37.03250055609999 ], [ -107.415558214499981, 37.037844142700003 ], [ -107.416690653499998, 37.037844754399991 ], [ -107.416740997800005, 37.039590700399991 ], [ -107.4189668848, 37.039653015599995 ], [ -107.417760127399987, 37.046880712799997 ], [ -107.416639038699984, 37.04687877 ], [ -107.4166545904, 37.048969255899983 ], [ -107.415140233399981, 37.048963031799993 ], [ -107.414625581799982, 37.050550684299985 ], [ -107.415713682, 37.067670250500001 ], [ -107.413394817800011, 37.067646583399998 ], [ -107.413429230099979, 37.063053352599994 ] ] ] ] } },
{ "type": "Feature", "properties": { "FeatClass": "Fee", "Category": "Fee", "Own_Type": "STAT", "Own_Name": "SFW", "Loc_Own": "Colorado Parks & Wildlife", "Mang_Type": "STAT", "Mang_Name": "SFW", "Loc_Mang": "Colorado Parks & Wildlife", "Des_Tp": "SP", "Loc_Ds": "State Parks", "Unit_Nm": "Navajo State Park", "Loc_Nm": "Navajo State Park", "State_Nm": "CO", "Agg_Src": "CNHP_PADUS4_0Easement_COMaP_Public_v20230223_CO", "GIS_Src": "Colorado Parks & Wildlife GIS - CPWParcels", "Src_Date": "2023/02/23", "GIS_Acres": 42, "Source_PAID": "", "WDPA_Cd": 0, "Pub_Access": "XA", "Access_Src": "COMaP", "Access_Dt": "2023", "GAP_Sts": "4", "GAPCdSrc": "GAP - Default", "GAPCdDt": "2024", "IUCN_Cat": "Unassigned", "IUCNCtSrc": "GAP - Default", "IUCNCtDt": "2024", "Date_Est": "", "Comments": "", "Term": null, "Duration": null, "d_FeatClass": "Fee", "d_Category": "Fee", "d_Own_Type": "State", "d_Own_Name": "State Fish and Wildlife", "d_Mang_Type": "State", "d_Mang_Name": "State Fish and Wildlife", "d_Des_Tp": "State Park", "d_State_Nm": "Colorado", "d_Pub_Access": "Closed", "d_GAP_Sts": "4 - no known mandate for biodiversity protection", "d_IUCN_Cat": "Unassigned", "Shape_Length": 1936.6225534415373, "Shape_Area": 168926.40363306113, "cpwParkName": "Navajo State Park", "source": "USGS PAD-US" }, "geometry": { "type": "Polygon", "coordinates": [ [ [ -107.417800740700002, 37.007515486 ], [ -107.423878993699986, 37.004384308399992 ], [ -107.424318618399994, 37.004363598099992 ], [ -107.422698026799992, 37.009480663899993 ], [ -107.418741573599988, 37.00888398859999 ], [ -107.417800740700002, 37.007515486 ] ] ] } },
{ "type": "Feature", "properties": { "FeatClass": "Fee", "Category": "Fee", "Own_Type": "STAT", "Own_Name": "SFW", "Loc_Own": "Colorado Parks & Wildlife", "Mang_Type": "STAT", "Mang_Name": "SFW", "Loc_Mang": "Colorado Parks & Wildlife", "Des_Tp": "SP", "Loc_Ds": "State Parks", "Unit_Nm": "North Sterling State Park", "Loc_Nm": "North Sterling State Park", "State_Nm": "CO", "Agg_Src": "CNHP_PADUS4_0Easement_COMaP_Public_v20230223_CO", "GIS_Src": "Colorado Parks & Wildlife GIS - CPWParcels", "Src_Date": "2023/02/23", "GIS_Acres": 1043, "Source_PAID": "", "WDPA_Cd": 0, "Pub_Access": "OA", "Access_Src": "COMaP", "Access_Dt": "2023", "GAP_Sts": "4", "GAPCdSrc": "GAP - Default", "GAPCdDt": "2024", "IUCN_Cat": "Unassigned", "IUCNCtSrc": "GAP - Default", "IUCNCtDt": "2024", "Date_Est": "", "Comments": "", "Term": null, "Duration": null, "d_FeatClass": "Fee", "d_Category": "Fee", "d_Own_Type": "State", "d_Own_Name": "State Fish and Wildlife", "d_Mang_Type": "State", "d_Mang_Name": "State Fish and Wildlife", "d_Des_Tp": "State Park", "d_State_Nm": "Colorado", "d_Pub_Access": "Open Access", "d_GAP_Sts": "4 - no known mandate for biodiversity protection", "d_IUCN_Cat": "Unassigned", "Shape_Length": 21751.822486562025, "Shape_Area": 4219442.3364285016, "cpwParkName": "North Sterling State Park", "source": "USGS PAD-US" }, "geometry": { "type": "MultiPolygon", "coordinates": [ [ [ [ -103.276889435899989, 40.763997714699997 ], [ -103.270856338800002, 40.759223578 ], [ -103.267346132100002, 40.758958104599998 ], [ -103.267371152600006, 40.758017981799988 ], [ -103.282551284299984, 40.756532599499991 ], [ -103.286276582400006, 40.753132658299997 ], [ -103.286341906400011, 40.764043005699996 ], [ -103.276889435899989, 40.763997714699997 ] ] ], [ [ [ -103.291111765699981, 40.764123025499984 ], [ -103.300507982, 40.764290324599997 ], [ -103.300495333300006, 40.76790128159999 ], [ -103.305161308400002, 40.767985413499993 ], [ -103.305228700599983, 40.7752119 ], [ -103.30047009899998, 40.775122199799995 ], [ -103.30048269949998, 40.771511800399992 ], [ -103.295770500499984, 40.771424599699991 ], [ -103.295829500599979, 40.767816799800002 ], [ -103.291048384700005, 40.767730028799996 ], [ -103.291111765699981, 40.764123025499984 ] ] ], [ [ [ -103.272114000699986, 40.782079500499989 ], [ -103.267383866900005, 40.782104245899994 ], [ -103.267342569099995, 40.774867389299992 ], [ -103.272042199799984, 40.774864300499992 ], [ -103.272114000699986, 40.782079500499989 ] ] ], [ [ [ -103.272114000699986, 40.782079500499989 ], [ -103.286612699700001, 40.782065200399991 ], [ -103.286194200799983, 40.774854699899997 ], [ -103.290952799500005, 40.7749436008 ], [ -103.291362112599998, 40.785772644799998 ], [ -103.29597409980002, 40.785858399399999 ], [ -103.296081656799998, 40.789406359400004 ], [ -103.262668279799996, 40.78936562829999 ], [ -103.26265762, 40.785741347399998 ], [ -103.272151099899986, 40.785703500300002 ], [ -103.272114000699986, 40.782079500499989 ] ], [ [ -103.266722773499993, 40.787504045399999 ], [ -103.264838352699996, 40.788147326299999 ], [ -103.264607371900013, 40.789302594999988 ], [ -103.267405798200002, 40.788365567600003 ], [ -103.266722773499993, 40.787504045399999 ] ] ] ] } },
{ "type": "Feature", "properties": { "FeatClass": "Fee", "Category": "Fee", "Own_Type": "STAT", "Own_Name": "SLB", "Loc_Own": "Colorado State Land Board", "Mang_Type": "STAT", "Mang_Name": "SFW", "Loc_Mang": "Colorado Parks & Wildlife", "Des_Tp": "SP", "Loc_Ds": "State Parks", "Unit_Nm": "North Sterling State Park", "Loc_Nm": "North Sterling State Park", "State_Nm": "CO", "Agg_Src": "CNHP_PADUS4_0Easement_COMaP_Public_v20230223_CO", "GIS_Src": "Colorado Parks & Wildlife GIS - CPWParcels", "Src_Date": "2023/02/23", "GIS_Acres": 798, "Source_PAID": "", "WDPA_Cd": 0, "Pub_Access": "OA", "Access_Src": "CNHP COMaP", "Access_Dt": "2016", "GAP_Sts": "4", "GAPCdSrc": "GAP - Default", "GAPCdDt": "2024", "IUCN_Cat": "Unassigned", "IUCNCtSrc": "GAP - Default", "IUCNCtDt": "2024", "Date_Est": "", "Comments": "", "Term": null, "Duration": null, "d_FeatClass": "Fee", "d_Category": "Fee", "d_Own_Type": "State", "d_Own_Name": "State Land Board", "d_Mang_Type": "State", "d_Mang_Name": "State Fish and Wildlife", "d_Des_Tp": "State Park", "d_State_Nm": "Colorado", "d_Pub_Access": "Open Access", "d_GAP_Sts": "4 - no known mandate for biodiversity protection", "d_IUCN_Cat": "Unassigned", "Shape_Length": 8079.2320281314169, "Shape_Area": 3227920.6147047533, "cpwParkName": "North Sterling State Park", "source": "USGS PAD-US" }, "geometry": { "type": "Polygon", "coordinates": [ [ [ -103.286386747399987, 40.760432074299999 ], [ -103.286166288800004, 40.745833160999986 ], [ -103.305071041600002, 40.745893872899991 ], [ -103.305153217599994, 40.767985268599993 ], [ -103.300495333300006, 40.76790128159999 ], [ -103.300507982, 40.764290324599997 ], [ -103.291123636399988, 40.764123155599997 ], [ -103.291187312600002, 40.760516061200001 ], [ -103.286386747399987, 40.760432074299999 ] ] ] } },
{ "type": "Feature", "properties": { "FeatClass": "Fee", "Category": "Other", "Own_Type": "PVT", "Own_Name": "PVT", "Loc_Own": "Private", "Mang_Type": "STAT", "Mang_Name": "SFW", "Loc_Mang": "Colorado Parks & Wildlife", "Des_Tp": "SP", "Loc_Ds": "State Parks", "Unit_Nm": "North Sterling State Park", "Loc_Nm": "North Sterling State Park", "State_Nm": "CO", "Agg_Src": "CNHP_PADUS4_0Easement_COMaP_Public_v20230223_CO", "GIS_Src": "Colorado Parks & Wildlife GIS - CPWParcels", "Src_Date": "2023/02/23", "GIS_Acres": 53, "Source_PAID": "", "WDPA_Cd": 0, "Pub_Access": "OA", "Access_Src": "COMaP", "Access_Dt": "2023", "GAP_Sts": "4", "GAPCdSrc": "GAP - Default", "GAPCdDt": "2024", "IUCN_Cat": "Unassigned", "IUCNCtSrc": "GAP - Default", "IUCNCtDt": "2024", "Date_Est": "", "Comments": "", "Term": null, "Duration": null, "d_FeatClass": "Fee", "d_Category": "Other", "d_Own_Type": "Private", "d_Own_Name": "Private", "d_Mang_Type": "State", "d_Mang_Name": "State Fish and Wildlife", "d_Des_Tp": "State Park", "d_State_Nm": "Colorado", "d_Pub_Access": "Open Access", "d_GAP_Sts": "4 - no known mandate for biodiversity protection", "d_IUCN_Cat": "Unassigned", "Shape_Length": 2355.3569619014556, "Shape_Area": 216106.66590419799, "cpwParkName": "North Sterling State Park", "source": "USGS PAD-US" }, "geometry": { "type": "MultiPolygon", "coordinates": [ [ [ [ -103.264717383499985, 40.789368728899994 ], [ -103.267435115400005, 40.789365564799994 ], [ -103.2673481657, 40.796423051599994 ], [ -103.263646440599999, 40.796420267199998 ], [ -103.264717383499985, 40.789368728899994 ] ] ], [ [ [ -103.264607371900013, 40.789302594999988 ], [ -103.265234280399994, 40.788657172799994 ], [ -103.265125133599994, 40.789301411399997 ], [ -103.264607371900013, 40.789302594999988 ] ] ] ] } },
{ "type": "Feature", "properties": { "FeatClass": "Easement", "Category": "Easement", "Own_Type": "DIST", "Own_Name": "REG", "Loc_Own": "DIST", "Mang_Type": "STAT", "Mang_Name": "SPR", "Loc_Mang": "Colorado Department of Natural Resources, Parks and Wildlife", "Des_Tp": "UNKE", "Loc_Ds": "UNK", "Unit_Nm": "North Sterling State Park", "Loc_Nm": "North Sterling State Park", "State_Nm": "CO", "Agg_Src": "NCED_PADUS4_0Easement_NCED_for_PADUS_07282023", "GIS_Src": "Colorado Parks & Wildlife GIS - CPWParcels", "Src_Date": "2020/07/29", "GIS_Acres": 1263, "Source_PAID": "1064529", "WDPA_Cd": 0, "Pub_Access": "OA", "Access_Src": "NCED", "Access_Dt": "2023", "GAP_Sts": "4", "GAPCdSrc": "NCED", "GAPCdDt": "2023", "IUCN_Cat": "Unassigned", "IUCNCtSrc": "GAP - Default", "IUCNCtDt": "2024", "Date_Est": "2015", "Comments": " ", "Term": 0, "Duration": "PERM", "d_FeatClass": "Easement", "d_Category": "Easement", "d_Own_Type": "Regional Agency Special District", "d_Own_Name": "Regional Agency Land", "d_Mang_Type": "State", "d_Mang_Name": "State Park and Recreation", "d_Des_Tp": "Unknown Easement", "d_State_Nm": "Colorado", "d_Pub_Access": "Open Access", "d_GAP_Sts": "4 - no known mandate for biodiversity protection", "d_IUCN_Cat": "Unassigned", "Shape_Length": 14479.011469851683, "Shape_Area": 5109707.8716854127, "cpwParkName": "North Sterling State Park", "source": "USGS PAD-US" }, "geometry": { "type": "Polygon", "coordinates": [ [ [ -103.272104171299986, 40.782072817099994 ], [ -103.272032372699996, 40.774857617899997 ], [ -103.267332742500002, 40.774860706399991 ], [ -103.267336306599987, 40.758951423599996 ], [ -103.270976039, 40.759281811399994 ], [ -103.276879607599994, 40.763991034500002 ], [ -103.286332075999979, 40.764036325299983 ], [ -103.286362214699992, 40.760426560799999 ], [ -103.291177482299986, 40.760509382199992 ], [ -103.291038553199996, 40.767723348 ], [ -103.295819667599986, 40.767810120299991 ], [ -103.295760666899994, 40.77141791919999 ], [ -103.300472865399996, 40.771505120299992 ], [ -103.3004602643, 40.775115518799993 ], [ -103.305218864300002, 40.7752052194 ], [ -103.305185165, 40.771592121099999 ], [ -103.310037663599999, 40.77157322139999 ], [ -103.310155263499993, 40.778812819 ], [ -103.2911839593, 40.7785516191 ], [ -103.290942966899991, 40.774936919 ], [ -103.286184368799994, 40.77484801859999 ], [ -103.286602867799999, 40.782058518200003 ], [ -103.272104171299986, 40.782072817099994 ] ] ] } },
{ "type": "Feature", "properties": { "FeatClass": "Easement", "Category": "Easement", "Own_Type": "DIST", "Own_Name": "REG", "Loc_Own": "DIST", "Mang_Type": "STAT", "Mang_Name": "SPR", "Loc_Mang": "Colorado Department of Natural Resources, Parks and Wildlife", "Des_Tp": "UNKE", "Loc_Ds": "UNK", "Unit_Nm": "North Sterling State Park", "Loc_Nm": "North Sterling State Park", "State_Nm": "CO", "Agg_Src": "NCED_PADUS4_0Easement_NCED_for_PADUS_07282023", "GIS_Src": "Colorado Parks & Wildlife GIS - CPWParcels", "Src_Date": "2020/07/29", "GIS_Acres": 50, "Source_PAID": "1064530", "WDPA_Cd": 0, "Pub_Access": "OA", "Access_Src": "NCED", "Access_Dt": "2023", "GAP_Sts": "4", "GAPCdSrc": "NCED", "GAPCdDt": "2023", "IUCN_Cat": "Unassigned", "IUCNCtSrc": "GAP - Default", "IUCNCtDt": "2024", "Date_Est": "2015", "Comments": " ", "Term": 0, "Duration": "PERM", "d_FeatClass": "Easement", "d_Category": "Easement", "d_Own_Type": "Regional Agency Special District", "d_Own_Name": "Regional Agency Land", "d_Mang_Type": "State", "d_Mang_Name": "State Park and Recreation", "d_Des_Tp": "Unknown Easement", "d_State_Nm": "Colorado", "d_Pub_Access": "Open Access", "d_GAP_Sts": "4 - no known mandate for biodiversity protection", "d_IUCN_Cat": "Unassigned", "Shape_Length": 1809.4858343424621, "Shape_Area": 202394.08995607792, "cpwParkName": "North Sterling State Park", "source": "USGS PAD-US" }, "geometry": { "type": "Polygon", "coordinates": [ [ [ -103.272104171299986, 40.782072817099994 ], [ -103.272141271100011, 40.785696816 ], [ -103.266174597199992, 40.785720393799991 ], [ -103.266145785800006, 40.7820998316 ], [ -103.272104171299986, 40.782072817099994 ] ] ] } },
{ "type": "Feature", "properties": { "FeatClass": "Easement", "Category": "Easement", "Own_Type": "DIST", "Own_Name": "RWD", "Loc_Own": "North Sterling Irrigation District", "Mang_Type": "STAT", "Mang_Name": "SFW", "Loc_Mang": "Colorado Parks & Wildlife", "Des_Tp": "RECE", "Loc_Ds": "State Parks", "Unit_Nm": "North Sterling State Park", "Loc_Nm": "North Sterling State Park", "State_Nm": "CO", "Agg_Src": "CNHP_PADUS4_0Easement_COMaP_Public_v20230223_CO", "GIS_Src": "Colorado Parks & Wildlife GIS - CPWParcels", "Src_Date": "2015/08/04", "GIS_Acres": 50, "Source_PAID": "", "WDPA_Cd": 0, "Pub_Access": "OA", "Access_Src": "COMaP", "Access_Dt": "2023", "GAP_Sts": "4", "GAPCdSrc": "GAP - Default", "GAPCdDt": "2024", "IUCN_Cat": "Unassigned", "IUCNCtSrc": "GAP - Default", "IUCNCtDt": "2024", "Date_Est": "1991", "Comments": "", "Term": null, "Duration": null, "d_FeatClass": "Easement", "d_Category": "Easement", "d_Own_Type": "Regional Agency Special District", "d_Own_Name": "Regional Water Districts", "d_Mang_Type": "State", "d_Mang_Name": "State Fish and Wildlife", "d_Des_Tp": "Recreation or Education Easement", "d_State_Nm": "Colorado", "d_Pub_Access": "Open Access", "d_GAP_Sts": "4 - no known mandate for biodiversity protection", "d_IUCN_Cat": "Unassigned", "Shape_Length": 1809.4860479442639, "Shape_Area": 202394.15770957628, "cpwParkName": "North Sterling State Park", "source": "USGS PAD-US" }, "geometry": { "type": "Polygon", "coordinates": [ [ [ -103.272114000699986, 40.782079500499989 ], [ -103.272151099899986, 40.785703500300002 ], [ -103.266184425299997, 40.78572707779999 ], [ -103.266155613400002, 40.78210651549999 ], [ -103.272114000699986, 40.782079500499989 ] ] ] } },
{ "type": "Feature", "properties": { "FeatClass": "Easement", "Category": "Easement", "Own_Type": "DIST", "Own_Name": "RWD", "Loc_Own": "North Sterling Irrigation District", "Mang_Type": "STAT", "Mang_Name": "SFW", "Loc_Mang": "Colorado Parks & Wildlife", "Des_Tp": "RECE", "Loc_Ds": "State Parks", "Unit_Nm": "North Sterling State Park", "Loc_Nm": "North Sterling State Park", "State_Nm": "CO", "Agg_Src": "CNHP_PADUS4_0Easement_COMaP_Public_v20230223_CO", "GIS_Src": "Colorado Parks & Wildlife GIS - CPWParcels", "Src_Date": "2015/08/04", "GIS_Acres": 1263, "Source_PAID": "", "WDPA_Cd": 0, "Pub_Access": "OA", "Access_Src": "COMaP", "Access_Dt": "2023", "GAP_Sts": "4", "GAPCdSrc": "GAP - Default", "GAPCdDt": "2024", "IUCN_Cat": "Unassigned", "IUCNCtSrc": "GAP - Default", "IUCNCtDt": "2024", "Date_Est": "1991", "Comments": "", "Term": null, "Duration": null, "d_FeatClass": "Easement", "d_Category": "Easement", "d_Own_Type": "Regional Agency Special District", "d_Own_Name": "Regional Water Districts", "d_Mang_Type": "State", "d_Mang_Name": "State Fish and Wildlife", "d_Des_Tp": "Recreation or Education Easement", "d_State_Nm": "Colorado", "d_Pub_Access": "Open Access", "d_GAP_Sts": "4 - no known mandate for biodiversity protection", "d_IUCN_Cat": "Unassigned", "Shape_Length": 14479.013006107558, "Shape_Area": 5109709.2550713904, "cpwParkName": "North Sterling State Park", "source": "USGS PAD-US" }, "geometry": { "type": "Polygon", "coordinates": [ [ [ -103.272114000699986, 40.782079500499989 ], [ -103.272042199799984, 40.774864300499992 ], [ -103.267342569099995, 40.774867389299992 ], [ -103.267346132100002, 40.758958104599998 ], [ -103.270985864799982, 40.759288492099991 ], [ -103.276889435899989, 40.763997714699997 ], [ -103.286341906400011, 40.764043005699996 ], [ -103.2863720446, 40.760433241099996 ], [ -103.291187312600002, 40.760516061200001 ], [ -103.291048384700005, 40.767730028799996 ], [ -103.295829500599979, 40.767816799800002 ], [ -103.295770500499984, 40.771424599699991 ], [ -103.30048269949998, 40.771511800399992 ], [ -103.30047009899998, 40.775122199799995 ], [ -103.305228700599983, 40.7752119 ], [ -103.305195000800012, 40.771598800700005 ], [ -103.310047499800007, 40.771579900699997 ], [ -103.310165100799992, 40.77881949919999 ], [ -103.291193792399994, 40.778558300899995 ], [ -103.290952799500005, 40.7749436008 ], [ -103.286194200799983, 40.774854699899997 ], [ -103.286612699700001, 40.782065200399991 ], [ -103.272114000699986, 40.782079500499989 ] ] ] } },
{ "type": "Feature", "properties": { "FeatClass": "Fee", "Category": "Fee", "Own_Type": "FED", "Own_Name": "USBR", "Loc_Own": "US Bureau of Reclamation", "Mang_Type": "STAT", "Mang_Name": "SPR", "Loc_Mang": "Colorado State Parks", "Des_Tp": "SP", "Loc_Ds": "State Parks", "Unit_Nm": "Paonia State Park", "Loc_Nm": "Paonia State Park", "State_Nm": "CO", "Agg_Src": "USGS_PADUS1_4Fee_USBR_PADUS1_3", "GIS_Src": "Colorado State Parks - col_bou_stpark_44_polys.shp", "Src_Date": "2005/04/15", "GIS_Acres": 477, "Source_PAID": "", "WDPA_Cd": 0, "Pub_Access": "OA", "Access_Src": "CNHP COMaP", "Access_Dt": "2016", "GAP_Sts": "4", "GAPCdSrc": "GAP - Default", "GAPCdDt": "2024", "IUCN_Cat": "Unassigned", "IUCNCtSrc": "GAP - Default", "IUCNCtDt": "2024", "Date_Est": "", "Comments": "", "Term": null, "Duration": null, "d_FeatClass": "Fee", "d_Category": "Fee", "d_Own_Type": "Federal", "d_Own_Name": "Bureau of Reclamation", "d_Mang_Type": "State", "d_Mang_Name": "State Park and Recreation", "d_Des_Tp": "State Park", "d_State_Nm": "Colorado", "d_Pub_Access": "Open Access", "d_GAP_Sts": "4 - no known mandate for biodiversity protection", "d_IUCN_Cat": "Unassigned", "Shape_Length": 11776.843426609224, "Shape_Area": 1929655.1834842598, "cpwParkName": "Paonia State Park", "source": "USGS PAD-US" }, "geometry": { "type": "MultiPolygon", "coordinates": [ [ [ [ -107.356699800699985, 38.939835127299993 ], [ -107.361330218600003, 38.939738889899992 ], [ -107.361341906799993, 38.943464208499996 ], [ -107.356704435, 38.943462695399987 ], [ -107.356699800699985, 38.939835127299993 ] ] ], [ [ [ -107.33657229630002, 38.957824162799994 ], [ -107.336580501699984, 38.950557499200002 ], [ -107.341201848199987, 38.950568295399989 ], [ -107.341187083899996, 38.94333328 ], [ -107.345838981900016, 38.943341319 ], [ -107.345842678199986, 38.939702830299986 ], [ -107.350486907700002, 38.939694110199994 ], [ -107.350504937500006, 38.946952764999985 ], [ -107.345863134, 38.946950010400002 ], [ -107.345851311499999, 38.957818748499989 ], [ -107.33657229630002, 38.957824162799994 ] ] ], [ [ [ -107.336973266499982, 38.964946919399992 ], [ -107.339293254300003, 38.964948739900002 ], [ -107.341589519499991, 38.974022318699994 ], [ -107.343909799499983, 38.974024296199993 ], [ -107.343906468499981, 38.978084491499992 ], [ -107.341483114300004, 38.978081452299996 ], [ -107.33695509639999, 38.973107142099991 ], [ -107.336973266499982, 38.964946919399992 ] ] ] ] } },
{ "type": "Feature", "properties": { "FeatClass": "Fee", "Category": "Fee", "Own_Type": "FED", "Own_Name": "USBR", "Loc_Own": "US Bureau of Reclamation", "Mang_Type": "STAT", "Mang_Name": "SFW", "Loc_Mang": "Colorado Parks & Wildlife", "Des_Tp": "SP", "Loc_Ds": "State Parks", "Unit_Nm": "Paonia State Park", "Loc_Nm": "Paonia State Park", "State_Nm": "CO", "Agg_Src": "CNHP_PADUS4_0Easement_COMaP_Public_v20230223_CO", "GIS_Src": "Colorado Parks & Wildlife GIS - CPWParcels", "Src_Date": "2023/02/23", "GIS_Acres": 156, "Source_PAID": "", "WDPA_Cd": 0, "Pub_Access": "OA", "Access_Src": "GAP - Default", "Access_Dt": "2024", "GAP_Sts": "4", "GAPCdSrc": "GAP - Default", "GAPCdDt": "2024", "IUCN_Cat": "Unassigned", "IUCNCtSrc": "GAP - Default", "IUCNCtDt": "2024", "Date_Est": "", "Comments": "", "Term": null, "Duration": null, "d_FeatClass": "Fee", "d_Category": "Fee", "d_Own_Type": "Federal", "d_Own_Name": "Bureau of Reclamation", "d_Mang_Type": "State", "d_Mang_Name": "State Fish and Wildlife", "d_Des_Tp": "State Park", "d_State_Nm": "Colorado", "d_Pub_Access": "Open Access", "d_GAP_Sts": "4 - no known mandate for biodiversity protection", "d_IUCN_Cat": "Unassigned", "Shape_Length": 5322.7166415236325, "Shape_Area": 633024.1571243949, "cpwParkName": "Paonia State Park", "source": "USGS PAD-US" }, "geometry": { "type": "MultiPolygon", "coordinates": [ [ [ [ -107.356693799699983, 38.939842764899993 ], [ -107.361330218600003, 38.939738889899992 ], [ -107.361334488400004, 38.943467128800002 ], [ -107.356697671500001, 38.943465537099996 ], [ -107.356693799699983, 38.939842764899993 ] ] ], [ [ [ -107.336955124999989, 38.973107108 ], [ -107.336973266499982, 38.964946919399992 ], [ -107.339293258, 38.964948786299999 ], [ -107.341589519499991, 38.974022318699994 ], [ -107.343909821199986, 38.974024225 ], [ -107.343906468499981, 38.978084491499992 ], [ -107.341483114300004, 38.978081452299996 ], [ -107.336955124999989, 38.973107108 ] ] ] ] } },
{ "type": "Feature", "properties": { "FeatClass": "Fee", "Category": "Other", "Own_Type": "FED", "Own_Name": "USBR", "Loc_Own": "US Bureau of Reclamation", "Mang_Type": "STAT", "Mang_Name": "SFW", "Loc_Mang": "Colorado Parks & Wildlife", "Des_Tp": "SP", "Loc_Ds": "State Parks", "Unit_Nm": "Paonia State Park", "Loc_Nm": "Paonia State Park", "State_Nm": "CO", "Agg_Src": "CNHP_PADUS4_0Easement_COMaP_Public_v20230223_CO", "GIS_Src": "Colorado Parks & Wildlife GIS - CPWParcels", "Src_Date": "2023/02/23", "GIS_Acres": 1425, "Source_PAID": "", "WDPA_Cd": 0, "Pub_Access": "OA", "Access_Src": "GAP - Default", "Access_Dt": "2024", "GAP_Sts": "4", "GAPCdSrc": "GAP - Default", "GAPCdDt": "2024", "IUCN_Cat": "Unassigned", "IUCNCtSrc": "GAP - Default", "IUCNCtDt": "2024", "Date_Est": "", "Comments": "", "Term": null, "Duration": null, "d_FeatClass": "Fee", "d_Category": "Other", "d_Own_Type": "Federal", "d_Own_Name": "Bureau of Reclamation", "d_Mang_Type": "State", "d_Mang_Name": "State Fish and Wildlife", "d_Des_Tp": "State Park", "d_State_Nm": "Colorado", "d_Pub_Access": "Open Access", "d_GAP_Sts": "4 - no known mandate for biodiversity protection", "d_IUCN_Cat": "Unassigned", "Shape_Length": 23175.88392977581, "Shape_Area": 5767736.6006709402, "cpwParkName": "Paonia State Park", "source": "USGS PAD-US" }, "geometry": { "type": "MultiPolygon", "coordinates": [ [ [ [ -107.370617566199982, 38.94347856 ], [ -107.361201563700007, 38.9434670857 ], [ -107.361330220400006, 38.939743217499995 ], [ -107.364792964499983, 38.939738598399984 ], [ -107.364719641399986, 38.936228793 ], [ -107.370617568599982, 38.936235202 ], [ -107.370617566199982, 38.94347856 ] ] ], [ [ [ -107.338558625399983, 38.9798785029 ], [ -107.338560734500007, 38.978070507099993 ], [ -107.336225597599991, 38.978060416300004 ], [ -107.336220229799991, 38.974444785799996 ], [ -107.333888622399996, 38.9744391686 ], [ -107.333503914699989, 38.950891183 ], [ -107.33813931009999, 38.95056518949999 ], [ -107.338134021200005, 38.94710483379999 ], [ -107.341193669, 38.947101884799991 ], [ -107.342762267500007, 38.939849328899996 ], [ -107.356693688700005, 38.939750321499993 ], [ -107.3567007101, 38.94709164439999 ], [ -107.352061448699999, 38.947091441799991 ], [ -107.35206243079999, 38.950718409 ], [ -107.347418445399995, 38.950721926999989 ], [ -107.347434557799986, 38.961589324199998 ], [ -107.342791931099995, 38.961599227799994 ], [ -107.342795237100006, 38.963555971899993 ], [ -107.345488629800002, 38.9635551967 ], [ -107.345529047, 38.97446084189999 ], [ -107.350176481199981, 38.974466133699991 ], [ -107.350211911900004, 38.988904138299993 ], [ -107.345537945100006, 38.988906870099996 ], [ -107.345540796299986, 38.985303850799994 ], [ -107.340875135099992, 38.985303499699995 ], [ -107.340890789199989, 38.979886065899997 ], [ -107.338558625399983, 38.9798785029 ] ], [ [ -107.339293258, 38.964948786299999 ], [ -107.336973266499982, 38.964946919399992 ], [ -107.336955124999989, 38.973107108 ], [ -107.341483114300004, 38.978081452299996 ], [ -107.343906468499981, 38.978084491499992 ], [ -107.343909821199986, 38.974024225 ], [ -107.341589519499991, 38.974022318699994 ], [ -107.339293258, 38.964948786299999 ] ] ] ] } },
{ "type": "Feature", "properties": { "FeatClass": "Fee", "Category": "Fee", "Own_Type": "FED", "Own_Name": "USFS", "Loc_Own": "USDA Forest Service - Medicine Bow & Routt National Forests/Thunder Basin National Grassland", "Mang_Type": "STAT", "Mang_Name": "SFW", "Loc_Mang": "Colorado Parks & Wildlife", "Des_Tp": "SP", "Loc_Ds": "State Parks", "Unit_Nm": "Pearl Lake State Park", "Loc_Nm": "Pearl Lake State Park", "State_Nm": "CO", "Agg_Src": "CNHP_PADUS4_0Easement_COMaP_Public_v20230223_CO", "GIS_Src": "Colorado Parks & Wildlife GIS - CPWParcels", "Src_Date": "2023/02/23", "GIS_Acres": 47, "Source_PAID": "", "WDPA_Cd": 0, "Pub_Access": "OA", "Access_Src": "COMaP", "Access_Dt": "2023", "GAP_Sts": "4", "GAPCdSrc": "GAP - Default", "GAPCdDt": "2024", "IUCN_Cat": "Unassigned", "IUCNCtSrc": "GAP - Default", "IUCNCtDt": "2024", "Date_Est": "", "Comments": "", "Term": null, "Duration": null, "d_FeatClass": "Fee", "d_Category": "Fee", "d_Own_Type": "Federal", "d_Own_Name": "Forest Service", "d_Mang_Type": "State", "d_Mang_Name": "State Fish and Wildlife", "d_Des_Tp": "State Park", "d_State_Nm": "Colorado", "d_Pub_Access": "Open Access", "d_GAP_Sts": "4 - no known mandate for biodiversity protection", "d_IUCN_Cat": "Unassigned", "Shape_Length": 1944.1597471686341, "Shape_Area": 191347.19604636359, "cpwParkName": "Pearl Lake State Park", "source": "USGS PAD-US" }, "geometry": { "type": "Polygon", "coordinates": [ [ [ -106.884692095899993, 40.783809056799996 ], [ -106.885948026499989, 40.778051644699993 ], [ -106.889633337099994, 40.779688774899995 ], [ -106.889538183399992, 40.783814155499996 ], [ -106.884692095899993, 40.783809056799996 ] ] ] } },
{ "type": "Feature", "properties": { "FeatClass": "Fee", "Category": "Fee", "Own_Type": "STAT", "Own_Name": "SFW", "Loc_Own": "Colorado Parks & Wildlife", "Mang_Type": "STAT", "Mang_Name": "SFW", "Loc_Mang": "Colorado Parks & Wildlife", "Des_Tp": "SP", "Loc_Ds": "State Parks", "Unit_Nm": "Pearl Lake State Park", "Loc_Nm": "Pearl Lake State Park", "State_Nm": "CO", "Agg_Src": "CNHP_PADUS4_0Easement_COMaP_Public_v20230223_CO", "GIS_Src": "Colorado Parks & Wildlife GIS - CPWParcels", "Src_Date": "2015/08/04", "GIS_Acres": 38, "Source_PAID": "", "WDPA_Cd": 0, "Pub_Access": "OA", "Access_Src": "CNHP COMaP", "Access_Dt": "2016", "GAP_Sts": "4", "GAPCdSrc": "GAP - Default", "GAPCdDt": "2024", "IUCN_Cat": "Unassigned", "IUCNCtSrc": "GAP - Default", "IUCNCtDt": "2024", "Date_Est": "2006", "Comments": "Funding Partners: GOCO, Colorado State Parks.", "Term": null, "Duration": null, "d_FeatClass": "Fee", "d_Category": "Fee", "d_Own_Type": "State", "d_Own_Name": "State Fish and Wildlife", "d_Mang_Type": "State", "d_Mang_Name": "State Fish and Wildlife", "d_Des_Tp": "State Park", "d_State_Nm": "Colorado", "d_Pub_Access": "Open Access", "d_GAP_Sts": "4 - no known mandate for biodiversity protection", "d_IUCN_Cat": "Unassigned", "Shape_Length": 2024.9281012286206, "Shape_Area": 152858.55943001955, "cpwParkName": "Pearl Lake State Park", "source": "USGS PAD-US" }, "geometry": { "type": "Polygon", "coordinates": [ [ [ -106.893317671099979, 40.791083027799992 ], [ -106.893186772199982, 40.783738179500006 ], [ -106.89580772139999, 40.783683853199996 ], [ -106.895005512899985, 40.7910873354 ], [ -106.893317671099979, 40.791083027799992 ] ] ] } },
{ "type": "Feature", "properties": { "FeatClass": "Fee", "Category": "Fee", "Own_Type": "STAT", "Own_Name": "SFW", "Loc_Own": "Colorado Parks & Wildlife", "Mang_Type": "STAT", "Mang_Name": "SFW", "Loc_Mang": "Colorado Parks & Wildlife", "Des_Tp": "SP", "Loc_Ds": "State Parks", "Unit_Nm": "Pearl Lake State Park", "Loc_Nm": "Pearl Lake State Park", "State_Nm": "CO", "Agg_Src": "CNHP_PADUS4_0Easement_COMaP_Public_v20230223_CO", "GIS_Src": "Colorado Parks & Wildlife GIS - CPWParcels", "Src_Date": "2023/02/23", "GIS_Acres": 212, "Source_PAID": "", "WDPA_Cd": 0, "Pub_Access": "OA", "Access_Src": "CNHP COMaP", "Access_Dt": "2016", "GAP_Sts": "4", "GAPCdSrc": "GAP - Default", "GAPCdDt": "2024", "IUCN_Cat": "Unassigned", "IUCNCtSrc": "GAP - Default", "IUCNCtDt": "2024", "Date_Est": "2006", "Comments": "", "Term": null, "Duration": null, "d_FeatClass": "Fee", "d_Category": "Fee", "d_Own_Type": "State", "d_Own_Name": "State Fish and Wildlife", "d_Mang_Type": "State", "d_Mang_Name": "State Fish and Wildlife", "d_Des_Tp": "State Park", "d_State_Nm": "Colorado", "d_Pub_Access": "Open Access", "d_GAP_Sts": "4 - no known mandate for biodiversity protection", "d_IUCN_Cat": "Unassigned", "Shape_Length": 5225.0810490819049, "Shape_Area": 859538.38595285523, "cpwParkName": "Pearl Lake State Park", "source": "USGS PAD-US" }, "geometry": { "type": "MultiPolygon", "coordinates": [ [ [ [ -106.895130000400002, 40.791161034099993 ], [ -106.89331194, 40.792229825199996 ], [ -106.893317671099979, 40.791083027799992 ], [ -106.898158401599986, 40.791100361199987 ], [ -106.898118174900006, 40.793033295400008 ], [ -106.895130000400002, 40.791161034099993 ] ] ], [ [ [ -106.883693558499985, 40.794665667599986 ], [ -106.8836676934, 40.783801334299994 ], [ -106.893186771000018, 40.783737999799996 ], [ -106.893200869799998, 40.791083241099997 ], [ -106.889742347399988, 40.791073581199996 ], [ -106.888452595299995, 40.794661709599993 ], [ -106.883693558499985, 40.794665667599986 ] ] ] ] } },
{ "type": "Feature", "properties": { "FeatClass": "Fee", "Category": "Fee", "Own_Type": "FED", "Own_Name": "USBR", "Loc_Own": "US Bureau of Reclamation", "Mang_Type": "STAT", "Mang_Name": "SPR", "Loc_Mang": "Colorado State Parks", "Des_Tp": "SP", "Loc_Ds": "State Parks", "Unit_Nm": "Ridgway State Park", "Loc_Nm": "Ridgway State Park", "State_Nm": "CO", "Agg_Src": "USGS_PADUS1_4Fee_USBR_PADUS1_3", "GIS_Src": "Colorado State Parks - col_bou_stpark_44_polys.shp", "Src_Date": "2005/04/15", "GIS_Acres": 3012, "Source_PAID": "", "WDPA_Cd": 0, "Pub_Access": "OA", "Access_Src": "CNHP COMaP", "Access_Dt": "2016", "GAP_Sts": "4", "GAPCdSrc": "GAP - Default", "GAPCdDt": "2024", "IUCN_Cat": "Unassigned", "IUCNCtSrc": "GAP - Default", "IUCNCtDt": "2024", "Date_Est": "", "Comments": "", "Term": null, "Duration": null, "d_FeatClass": "Fee", "d_Category": "Fee", "d_Own_Type": "Federal", "d_Own_Name": "Bureau of Reclamation", "d_Mang_Type": "State", "d_Mang_Name": "State Park and Recreation", "d_Des_Tp": "State Park", "d_State_Nm": "Colorado", "d_Pub_Access": "Open Access", "d_GAP_Sts": "4 - no known mandate for biodiversity protection", "d_IUCN_Cat": "Unassigned", "Shape_Length": 27695.034747261318, "Shape_Area": 12189471.467886629, "cpwParkName": "Ridgway State Park", "source": "USGS PAD-US" }, "geometry": { "type": "Polygon", "coordinates": [ [ [ -107.756949502099999, 38.244271985899992 ], [ -107.749342380699986, 38.242724187899995 ], [ -107.756771153199992, 38.242770603899999 ], [ -107.753798453699986, 38.237047689899995 ], [ -107.747417918799997, 38.229950404699984 ], [ -107.740883341399979, 38.226579913299993 ], [ -107.740118571799982, 38.224801350799986 ], [ -107.731614508299984, 38.2276473322 ], [ -107.727572042099993, 38.225690746299989 ], [ -107.728082097799984, 38.2218884722 ], [ -107.727003471299994, 38.220740128899998 ], [ -107.724836064499996, 38.220705386499993 ], [ -107.724206221, 38.202643078400001 ], [ -107.726442300199992, 38.202665325299989 ], [ -107.726384999599986, 38.199020297300002 ], [ -107.734919734299993, 38.199110230099983 ], [ -107.740321043899982, 38.195929470699994 ], [ -107.739977302999989, 38.191877588499992 ], [ -107.7450896016, 38.191856582899995 ], [ -107.746665790400002, 38.186807331600001 ], [ -107.745898468899981, 38.18464473489999 ], [ -107.748713644299983, 38.184646148 ], [ -107.748713277799993, 38.188004034599999 ], [ -107.754367693399999, 38.188146812099994 ], [ -107.753907556099989, 38.210059221199991 ], [ -107.758542491399993, 38.21007851369999 ], [ -107.758453678500004, 38.220948731599989 ], [ -107.756156053500007, 38.22096974019999 ], [ -107.756111801900005, 38.224583198600001 ], [ -107.762963739399993, 38.224619892500002 ], [ -107.762884138299995, 38.230978802599992 ], [ -107.765166010599998, 38.230992861799983 ], [ -107.765294568899989, 38.239172033699994 ], [ -107.767527267199981, 38.239188812599991 ], [ -107.767738514599998, 38.253996939799997 ], [ -107.765077184399999, 38.253898160699997 ], [ -107.761042083, 38.249996916999983 ], [ -107.759037556799981, 38.250003320299996 ], [ -107.759473692499995, 38.246798494499991 ], [ -107.756949502099999, 38.244271985899992 ] ], [ [ -107.739719576099986, 38.22401316309999 ], [ -107.742607776299991, 38.218395515700003 ], [ -107.744534297599984, 38.217377072299996 ], [ -107.744451680200001, 38.213739180099999 ], [ -107.735263989900005, 38.213692426699993 ], [ -107.735446672899997, 38.224563525099988 ], [ -107.741045920299996, 38.224621921799994 ], [ -107.739719576099986, 38.22401316309999 ] ] ] } },
{ "type": "Feature", "properties": { "FeatClass": "Fee", "Category": "Fee", "Own_Type": "FED", "Own_Name": "USBR", "Loc_Own": "US Bureau of Reclamation", "Mang_Type": "STAT", "Mang_Name": "SFW", "Loc_Mang": "Colorado Parks & Wildlife", "Des_Tp": "SP", "Loc_Ds": "State Parks", "Unit_Nm": "Ridgway State Park", "Loc_Nm": "Ridgway State Park", "State_Nm": "CO", "Agg_Src": "CNHP_PADUS4_0Easement_COMaP_Public_v20230223_CO", "GIS_Src": "Colorado Parks & Wildlife GIS - CPWParcels", "Src_Date": "2023/02/23", "GIS_Acres": 3198, "Source_PAID": "", "WDPA_Cd": 0, "Pub_Access": "OA", "Access_Src": "GAP - Default", "Access_Dt": "2024", "GAP_Sts": "4", "GAPCdSrc": "GAP - Default", "GAPCdDt": "2024", "IUCN_Cat": "Unassigned", "IUCNCtSrc": "GAP - Default", "IUCNCtDt": "2024", "Date_Est": "", "Comments": "", "Term": null, "Duration": null, "d_FeatClass": "Fee", "d_Category": "Fee", "d_Own_Type": "Federal", "d_Own_Name": "Bureau of Reclamation", "d_Mang_Type": "State", "d_Mang_Name": "State Fish and Wildlife", "d_Des_Tp": "State Park", "d_State_Nm": "Colorado", "d_Pub_Access": "Open Access", "d_GAP_Sts": "4 - no known mandate for biodiversity protection", "d_IUCN_Cat": "Unassigned", "Shape_Length": 23772.065106932852, "Shape_Area": 12941361.117133265, "cpwParkName": "Ridgway State Park", "source": "USGS PAD-US" }, "geometry": { "type": "Polygon", "coordinates": [ [ [ -107.756949502099999, 38.244271985899992 ], [ -107.749342380699986, 38.242724187899995 ], [ -107.756771153199992, 38.242770603899999 ], [ -107.753798453699986, 38.237047689899995 ], [ -107.747417918799997, 38.229950404699984 ], [ -107.740883341399979, 38.226579913299993 ], [ -107.740118571799982, 38.224801350799986 ], [ -107.731614508299984, 38.2276473322 ], [ -107.727572042099993, 38.225690746299989 ], [ -107.728082097799984, 38.2218884722 ], [ -107.727003471299994, 38.220740128899998 ], [ -107.724836064499996, 38.220705386499993 ], [ -107.724206221, 38.202643078400001 ], [ -107.726442300199992, 38.202665325299989 ], [ -107.726384999599986, 38.199020297300002 ], [ -107.734919734299993, 38.199110230099983 ], [ -107.740321043899982, 38.195929470699994 ], [ -107.739977302999989, 38.191877588499992 ], [ -107.7450896016, 38.191856582899995 ], [ -107.746665790400002, 38.186807331600001 ], [ -107.745898468899981, 38.18464473489999 ], [ -107.748713644299983, 38.184646148 ], [ -107.748713277799993, 38.188004034599999 ], [ -107.754367693399999, 38.188146812099994 ], [ -107.753907556099989, 38.210059221199991 ], [ -107.758542491399993, 38.21007851369999 ], [ -107.758453678500004, 38.220948731599989 ], [ -107.756156053500007, 38.22096974019999 ], [ -107.756111801900005, 38.224583198600001 ], [ -107.762963739399993, 38.224619892500002 ], [ -107.762884138299995, 38.230978802599992 ], [ -107.765166010599998, 38.230992861799983 ], [ -107.765294568899989, 38.239172033699994 ], [ -107.767527267199981, 38.239188812599991 ], [ -107.767741270800002, 38.253990842299991 ], [ -107.765070157799983, 38.253891873699999 ], [ -107.761042083, 38.249996916999983 ], [ -107.759037556799981, 38.250003320299996 ], [ -107.759473692499995, 38.246798494499991 ], [ -107.756949502099999, 38.244271985899992 ] ] ] } },
{ "type": "Feature", "properties": { "FeatClass": "Fee", "Category": "Fee", "Own_Type": "STAT", "Own_Name": "SFW", "Loc_Own": "Colorado Parks & Wildlife", "Mang_Type": "STAT", "Mang_Name": "SFW", "Loc_Mang": "Colorado Parks & Wildlife", "Des_Tp": "SP", "Loc_Ds": "State Parks", "Unit_Nm": "Ridgway State Park", "Loc_Nm": "Ridgway State Park", "State_Nm": "CO", "Agg_Src": "CNHP_PADUS4_0Easement_COMaP_Public_v20230223_CO", "GIS_Src": "Colorado Parks & Wildlife GIS - CPWParcels", "Src_Date": "2023/02/23", "GIS_Acres": 1, "Source_PAID": "", "WDPA_Cd": 0, "Pub_Access": "OA", "Access_Src": "CNHP COMaP", "Access_Dt": "2016", "GAP_Sts": "4", "GAPCdSrc": "GAP - Default", "GAPCdDt": "2024", "IUCN_Cat": "Unassigned", "IUCNCtSrc": "GAP - Default", "IUCNCtDt": "2024", "Date_Est": "", "Comments": "", "Term": null, "Duration": null, "d_FeatClass": "Fee", "d_Category": "Fee", "d_Own_Type": "State", "d_Own_Name": "State Fish and Wildlife", "d_Mang_Type": "State", "d_Mang_Name": "State Fish and Wildlife", "d_Des_Tp": "State Park", "d_State_Nm": "Colorado", "d_Pub_Access": "Open Access", "d_GAP_Sts": "4 - no known mandate for biodiversity protection", "d_IUCN_Cat": "Unassigned", "Shape_Length": 343.44884469517888, "Shape_Area": 4132.684650480438, "cpwParkName": "Ridgway State Park", "source": "USGS PAD-US" }, "geometry": { "type": "Polygon", "coordinates": [ [ [ -107.758923620700003, 38.250412311200002 ], [ -107.759584053499992, 38.250159579799984 ], [ -107.75872052, 38.251207023899987 ], [ -107.758923620700003, 38.250412311200002 ] ] ] } },
{ "type": "Feature", "properties": { "FeatClass": "Fee", "Category": "Fee", "Own_Type": "FED", "Own_Name": "USBR", "Loc_Own": "US Bureau of Reclamation", "Mang_Type": "STAT", "Mang_Name": "SPR", "Loc_Mang": "Colorado State Parks", "Des_Tp": "SP", "Loc_Ds": "State Parks", "Unit_Nm": "Rifle Falls State Park", "Loc_Nm": "Rifle Falls State Park", "State_Nm": "CO", "Agg_Src": "USGS_PADUS1_4Fee_USBR_PADUS1_3", "GIS_Src": "Colorado State Parks - col_bou_stpark_44_polys.shp", "Src_Date": "2005/04/15", "GIS_Acres": 52, "Source_PAID": "", "WDPA_Cd": 0, "Pub_Access": "OA", "Access_Src": "CNHP COMaP", "Access_Dt": "2016", "GAP_Sts": "4", "GAPCdSrc": "GAP - Default", "GAPCdDt": "2024", "IUCN_Cat": "Unassigned", "IUCNCtSrc": "GAP - Default", "IUCNCtDt": "2024", "Date_Est": "", "Comments": "", "Term": null, "Duration": null, "d_FeatClass": "Fee", "d_Category": "Fee", "d_Own_Type": "Federal", "d_Own_Name": "Bureau of Reclamation", "d_Mang_Type": "State", "d_Mang_Name": "State Park and Recreation", "d_Des_Tp": "State Park", "d_State_Nm": "Colorado", "d_Pub_Access": "Open Access", "d_GAP_Sts": "4 - no known mandate for biodiversity protection", "d_IUCN_Cat": "Unassigned", "Shape_Length": 3111.7080705168883, "Shape_Area": 210515.78782402442, "cpwParkName": "Rifle Falls State Park", "source": "USGS PAD-US" }, "geometry": { "type": "Polygon", "coordinates": [ [ [ -107.69610940939998, 39.678812293199982 ], [ -107.695149063700001, 39.676482802599992 ], [ -107.698737796299994, 39.6764514495 ], [ -107.698595813999987, 39.669216324099999 ], [ -107.7014088727, 39.66921237879999 ], [ -107.699918071899987, 39.672663756599995 ], [ -107.700627628499987, 39.677274131199994 ], [ -107.69610940939998, 39.678812293199982 ] ] ] } },
{ "type": "Feature", "properties": { "FeatClass": "Fee", "Category": "Fee", "Own_Type": "STAT", "Own_Name": "SFW", "Loc_Own": "Colorado Parks & Wildlife", "Mang_Type": "STAT", "Mang_Name": "SFW", "Loc_Mang": "Colorado Parks & Wildlife", "Des_Tp": "SP", "Loc_Ds": "State Parks", "Unit_Nm": "Rifle Falls State Park", "Loc_Nm": "Rifle Falls State Park", "State_Nm": "CO", "Agg_Src": "CNHP_PADUS4_0Easement_COMaP_Public_v20230223_CO", "GIS_Src": "Colorado Parks & Wildlife GIS - CPWParcels", "Src_Date": "2023/02/23", "GIS_Acres": 48, "Source_PAID": "", "WDPA_Cd": 0, "Pub_Access": "OA", "Access_Src": "GAP - Default", "Access_Dt": "2024", "GAP_Sts": "4", "GAPCdSrc": "GAP - Default", "GAPCdDt": "2024", "IUCN_Cat": "Unassigned", "IUCNCtSrc": "GAP - Default", "IUCNCtDt": "2024", "Date_Est": "", "Comments": "", "Term": null, "Duration": null, "d_FeatClass": "Fee", "d_Category": "Fee", "d_Own_Type": "State", "d_Own_Name": "State Fish and Wildlife", "d_Mang_Type": "State", "d_Mang_Name": "State Fish and Wildlife", "d_Des_Tp": "State Park", "d_State_Nm": "Colorado", "d_Pub_Access": "Open Access", "d_GAP_Sts": "4 - no known mandate for biodiversity protection", "d_IUCN_Cat": "Unassigned", "Shape_Length": 3067.2499091127056, "Shape_Area": 193497.55799251635, "cpwParkName": "Rifle Falls State Park", "source": "USGS PAD-US" }, "geometry": { "type": "Polygon", "coordinates": [ [ [ -107.696148228999988, 39.678907614599993 ], [ -107.69524422329998, 39.676479973299998 ], [ -107.698737796299994, 39.6764514495 ], [ -107.698594277799998, 39.669214107099982 ], [ -107.7014088727, 39.66921237879999 ], [ -107.699795661500005, 39.672632279199995 ], [ -107.7003456148, 39.677256125199996 ], [ -107.696148228999988, 39.678907614599993 ] ] ] } },
{ "type": "Feature", "properties": { "FeatClass": "Fee", "Category": "Fee", "Own_Type": "FED", "Own_Name": "USBR", "Loc_Own": "US Bureau of Reclamation", "Mang_Type": "STAT", "Mang_Name": "SFW", "Loc_Mang": "Colorado Parks & Wildlife", "Des_Tp": "SP", "Loc_Ds": "State Parks", "Unit_Nm": "Rifle Gap State Park", "Loc_Nm": "Rifle Gap State Park", "State_Nm": "CO", "Agg_Src": "CNHP_PADUS4_0Easement_COMaP_Public_v20230223_CO", "GIS_Src": "Colorado Parks & Wildlife GIS - CPWParcels", "Src_Date": "2023/02/23", "GIS_Acres": 1343, "Source_PAID": "", "WDPA_Cd": 0, "Pub_Access": "OA", "Access_Src": "CNHP COMaP", "Access_Dt": "2016", "GAP_Sts": "4", "GAPCdSrc": "GAP - Default", "GAPCdDt": "2024", "IUCN_Cat": "Unassigned", "IUCNCtSrc": "GAP - Default", "IUCNCtDt": "2024", "Date_Est": "", "Comments": "", "Term": null, "Duration": null, "d_FeatClass": "Fee", "d_Category": "Fee", "d_Own_Type": "Federal", "d_Own_Name": "Bureau of Reclamation", "d_Mang_Type": "State", "d_Mang_Name": "State Fish and Wildlife", "d_Des_Tp": "State Park", "d_State_Nm": "Colorado", "d_Pub_Access": "Open Access", "d_GAP_Sts": "4 - no known mandate for biodiversity protection", "d_IUCN_Cat": "Unassigned", "Shape_Length": 14564.290958540332, "Shape_Area": 5435827.0579420123, "cpwParkName": "Rifle Gap State Park", "source": "USGS PAD-US" }, "geometry": { "type": "Polygon", "coordinates": [ [ [ -107.761315640699991, 39.640320641599999 ], [ -107.761261374200004, 39.636706042900002 ], [ -107.746047032899995, 39.637398884299998 ], [ -107.745914320699995, 39.63467549 ], [ -107.731962989199999, 39.635549878 ], [ -107.731940244399993, 39.63380725159999 ], [ -107.737577617699998, 39.630146710199995 ], [ -107.755309430500006, 39.626405185099983 ], [ -107.756368915699994, 39.614651184 ], [ -107.761015492400006, 39.614652340299997 ], [ -107.761086046200006, 39.6182074994 ], [ -107.770562371299988, 39.618189394699996 ], [ -107.770712282799991, 39.631267753699994 ], [ -107.773030539900006, 39.633080882699993 ], [ -107.780011902099986, 39.633086724499989 ], [ -107.779965363499997, 39.636908767799994 ], [ -107.777630457300006, 39.636871132699994 ], [ -107.778828133800005, 39.64416204350001 ], [ -107.776511385500001, 39.644208344199988 ], [ -107.776499923900005, 39.642375381799994 ], [ -107.770661406499997, 39.642370899699998 ], [ -107.770653297, 39.640535181300002 ], [ -107.761315640699991, 39.640320641599999 ] ] ] } },
{ "type": "Feature", "properties": { "FeatClass": "Fee", "Category": "Fee", "Own_Type": "STAT", "Own_Name": "SFW", "Loc_Own": "Colorado Parks & Wildlife", "Mang_Type": "STAT", "Mang_Name": "SFW", "Loc_Mang": "Colorado Parks & Wildlife", "Des_Tp": "SP", "Loc_Ds": "State Parks", "Unit_Nm": "Roxborough State Park", "Loc_Nm": "Roxborough State Park", "State_Nm": "CO", "Agg_Src": "CNHP_PADUS4_0Easement_COMaP_Public_v20230223_CO", "GIS_Src": "Colorado Parks & Wildlife GIS - CPWParcels", "Src_Date": "2015/08/04", "GIS_Acres": 652, "Source_PAID": "", "WDPA_Cd": 0, "Pub_Access": "OA", "Access_Src": "GAP - Default", "Access_Dt": "2024", "GAP_Sts": "4", "GAPCdSrc": "GAP - Default", "GAPCdDt": "2024", "IUCN_Cat": "Unassigned", "IUCNCtSrc": "GAP - Default", "IUCNCtDt": "2024", "Date_Est": "", "Comments": "Funding Partners: GOCO, Colorado State Parks.", "Term": null, "Duration": null, "d_FeatClass": "Fee", "d_Category": "Fee", "d_Own_Type": "State", "d_Own_Name": "State Fish and Wildlife", "d_Mang_Type": "State", "d_Mang_Name": "State Fish and Wildlife", "d_Des_Tp": "State Park", "d_State_Nm": "Colorado", "d_Pub_Access": "Open Access", "d_GAP_Sts": "4 - no known mandate for biodiversity protection", "d_IUCN_Cat": "Unassigned", "Shape_Length": 10565.578523318996, "Shape_Area": 2640023.4495224687, "cpwParkName": "Roxborough State Park", "source": "USGS PAD-US" }, "geometry": { "type": "Polygon", "coordinates": [ [ [ -105.0697945836, 39.4516508552 ], [ -105.067306495300002, 39.446805990900003 ], [ -105.064892940199982, 39.445463935 ], [ -105.060952755599985, 39.44904969169999 ], [ -105.059361109, 39.449091659699995 ], [ -105.059266121099981, 39.434637950199992 ], [ -105.050153759400004, 39.434621840399991 ], [ -105.049857317299995, 39.423548392299992 ], [ -105.059070733, 39.423602028199987 ], [ -105.059669745499988, 39.426048472699989 ], [ -105.068786830700006, 39.437362683199993 ], [ -105.0724680111, 39.451157759099992 ], [ -105.0697945836, 39.4516508552 ] ], [ [ -105.0659978841, 39.43973431349999 ], [ -105.065635081799982, 39.439376638799992 ], [ -105.065453005299986, 39.439689209299992 ], [ -105.0659978841, 39.43973431349999 ] ], [ [ -105.062484384200005, 39.439614011899998 ], [ -105.063163203900004, 39.439516738499997 ], [ -105.062660344899996, 39.439332811899995 ], [ -105.062484384200005, 39.439614011899998 ] ], [ [ -105.063284885499982, 39.435311082799998 ], [ -105.062702664200003, 39.435658487299996 ], [ -105.063315683599981, 39.435309272799998 ], [ -105.063284885499982, 39.435311082799998 ] ], [ [ -105.062789699499987, 39.433546110799995 ], [ -105.0627267112, 39.432968217599999 ], [ -105.062105749200001, 39.433294402599998 ], [ -105.062789699499987, 39.433546110799995 ] ], [ [ -105.05391550909998, 39.428356634299995 ], [ -105.054395597500005, 39.428018752600003 ], [ -105.053833827699989, 39.428162030399996 ], [ -105.05391550909998, 39.428356634299995 ] ] ] } },
{ "type": "Feature", "properties": { "FeatClass": "Fee", "Category": "Fee", "Own_Type": "STAT", "Own_Name": "SFW", "Loc_Own": "Colorado Parks & Wildlife", "Mang_Type": "STAT", "Mang_Name": "SFW", "Loc_Mang": "Colorado Parks & Wildlife", "Des_Tp": "SP", "Loc_Ds": "State Parks", "Unit_Nm": "Roxborough State Park", "Loc_Nm": "Roxborough State Park", "State_Nm": "CO", "Agg_Src": "CNHP_PADUS4_0Easement_COMaP_Public_v20230223_CO", "GIS_Src": "Colorado Parks & Wildlife GIS - CPWParcels", "Src_Date": "2015/08/04", "GIS_Acres": 635, "Source_PAID": "", "WDPA_Cd": 0, "Pub_Access": "XA", "Access_Src": "CNHP COMaP", "Access_Dt": "2016", "GAP_Sts": "4", "GAPCdSrc": "GAP - Default", "GAPCdDt": "2024", "IUCN_Cat": "Unassigned", "IUCNCtSrc": "GAP - Default", "IUCNCtDt": "2024", "Date_Est": "1997", "Comments": "Funding Partners: GOCO, Colorado State Parks.", "Term": null, "Duration": null, "d_FeatClass": "Fee", "d_Category": "Fee", "d_Own_Type": "State", "d_Own_Name": "State Fish and Wildlife", "d_Mang_Type": "State", "d_Mang_Name": "State Fish and Wildlife", "d_Des_Tp": "State Park", "d_State_Nm": "Colorado", "d_Pub_Access": "Closed", "d_GAP_Sts": "4 - no known mandate for biodiversity protection", "d_IUCN_Cat": "Unassigned", "Shape_Length": 9637.5690045660776, "Shape_Area": 2570862.5376248285, "cpwParkName": "Roxborough State Park", "source": "USGS PAD-US" }, "geometry": { "type": "Polygon", "coordinates": [ [ [ -105.045336623899999, 39.4273761213 ], [ -105.035812942600003, 39.427368367699998 ], [ -105.035895032200003, 39.419758652799992 ], [ -105.045186505699988, 39.419720668299988 ], [ -105.045215355899984, 39.416412796399989 ], [ -105.049986584999985, 39.41636929109999 ], [ -105.050055396700003, 39.413016115799991 ], [ -105.054332956799996, 39.413030653799993 ], [ -105.054385227999987, 39.409452454599993 ], [ -105.059000685799987, 39.409251671 ], [ -105.059070733, 39.423602028199987 ], [ -105.049857317299995, 39.423548392299992 ], [ -105.050154131199989, 39.434498664599992 ], [ -105.045421989299996, 39.434458435899998 ], [ -105.045336623899999, 39.4273761213 ] ] ] } },
{ "type": "Feature", "properties": { "FeatClass": "Fee", "Category": "Fee", "Own_Type": "STAT", "Own_Name": "SFW", "Loc_Own": "Colorado Parks & Wildlife", "Mang_Type": "STAT", "Mang_Name": "SFW", "Loc_Mang": "Colorado Parks & Wildlife", "Des_Tp": "SP", "Loc_Ds": "State Parks", "Unit_Nm": "Roxborough State Park", "Loc_Nm": "Roxborough State Park", "State_Nm": "CO", "Agg_Src": "CNHP_PADUS4_0Easement_COMaP_Public_v20230223_CO", "GIS_Src": "Colorado Parks & Wildlife GIS - CPWParcels", "Src_Date": "2023/02/23", "GIS_Acres": 1506, "Source_PAID": "", "WDPA_Cd": 0, "Pub_Access": "OA", "Access_Src": "GAP - Default", "Access_Dt": "2024", "GAP_Sts": "4", "GAPCdSrc": "GAP - Default", "GAPCdDt": "2024", "IUCN_Cat": "Unassigned", "IUCNCtSrc": "GAP - Default", "IUCNCtDt": "2024", "Date_Est": "", "Comments": "", "Term": null, "Duration": null, "d_FeatClass": "Fee", "d_Category": "Fee", "d_Own_Type": "State", "d_Own_Name": "State Fish and Wildlife", "d_Mang_Type": "State", "d_Mang_Name": "State Fish and Wildlife", "d_Des_Tp": "State Park", "d_State_Nm": "Colorado", "d_Pub_Access": "Open Access", "d_GAP_Sts": "4 - no known mandate for biodiversity protection", "d_IUCN_Cat": "Unassigned", "Shape_Length": 23256.966988345899, "Shape_Area": 6093481.016207736, "cpwParkName": "Roxborough State Park", "source": "USGS PAD-US" }, "geometry": { "type": "Polygon", "coordinates": [ [ [ -105.081433487499993, 39.436174403199992 ], [ -105.078167735099996, 39.438562842799989 ], [ -105.079586057699998, 39.444622322799994 ], [ -105.076003302100005, 39.445203460699993 ], [ -105.076834930599986, 39.44900273479999 ], [ -105.0724680111, 39.451157759099992 ], [ -105.068786830700006, 39.437362683199993 ], [ -105.059669745499988, 39.426048472699989 ], [ -105.059045006399998, 39.416660554700002 ], [ -105.061138159400002, 39.416680369699989 ], [ -105.061363912499999, 39.417724280800002 ], [ -105.062336812400005, 39.41680246939999 ], [ -105.063582566899981, 39.418539707299999 ], [ -105.068343851699993, 39.418509048399997 ], [ -105.068247598399992, 39.416747597700002 ], [ -105.072879869199994, 39.416791228499996 ], [ -105.072867121399995, 39.420358640899991 ], [ -105.092110126899982, 39.420208092799996 ], [ -105.091667463800007, 39.458939192399995 ], [ -105.088723354199985, 39.449006014899993 ], [ -105.086890474699999, 39.449030927899997 ], [ -105.086877337299981, 39.442922887800002 ], [ -105.084695846299979, 39.442873865499983 ], [ -105.083506131899981, 39.439435510300001 ], [ -105.081426856099995, 39.43828809419999 ], [ -105.081433487499993, 39.436174403199992 ] ], [ [ -105.077331936299998, 39.438027625499991 ], [ -105.082176245, 39.4346601827 ], [ -105.082244917599994, 39.428002879199994 ], [ -105.077563473500007, 39.428076673399993 ], [ -105.077557459099992, 39.423977977199996 ], [ -105.0723453178, 39.423846217700003 ], [ -105.074186711500005, 39.424258703299998 ], [ -105.07128658889998, 39.425414703499996 ], [ -105.072669466299999, 39.426408521799992 ], [ -105.071212826199996, 39.425647181699993 ], [ -105.069866314, 39.426541699600001 ], [ -105.073984707400001, 39.428835364499996 ], [ -105.073226930600001, 39.430291355599991 ], [ -105.074698725399998, 39.430727414599993 ], [ -105.077331936299998, 39.438027625499991 ] ] ] } },
{ "type": "Feature", "properties": { "FeatClass": "Fee", "Category": "Fee", "Own_Type": "STAT", "Own_Name": "SFW", "Loc_Own": "Colorado Parks & Wildlife", "Mang_Type": "STAT", "Mang_Name": "SFW", "Loc_Mang": "Colorado Parks & Wildlife", "Des_Tp": "SP", "Loc_Ds": "State Parks", "Unit_Nm": "Roxborough State Park", "Loc_Nm": "Roxborough State Park", "State_Nm": "CO", "Agg_Src": "CNHP_PADUS4_0Easement_COMaP_Public_v20230223_CO", "GIS_Src": "Colorado Parks & Wildlife GIS - CPWParcels", "Src_Date": "2023/02/23", "GIS_Acres": 59, "Source_PAID": "", "WDPA_Cd": 0, "Pub_Access": "OA", "Access_Src": "COMaP", "Access_Dt": "2023", "GAP_Sts": "4", "GAPCdSrc": "GAP - Default", "GAPCdDt": "2024", "IUCN_Cat": "Unassigned", "IUCNCtSrc": "GAP - Default", "IUCNCtDt": "2024", "Date_Est": "", "Comments": "Roxborough Park Ranch - Goodwin Parcel", "Term": null, "Duration": null, "d_FeatClass": "Fee", "d_Category": "Fee", "d_Own_Type": "State", "d_Own_Name": "State Fish and Wildlife", "d_Mang_Type": "State", "d_Mang_Name": "State Fish and Wildlife", "d_Des_Tp": "State Park", "d_State_Nm": "Colorado", "d_Pub_Access": "Open Access", "d_GAP_Sts": "4 - no known mandate for biodiversity protection", "d_IUCN_Cat": "Unassigned", "Shape_Length": 1995.2386209240069, "Shape_Area": 236849.0227062206, "cpwParkName": "Roxborough State Park", "source": "USGS PAD-US" }, "geometry": { "type": "Polygon", "coordinates": [ [ [ -105.063594163299982, 39.41845185239999 ], [ -105.063614492599996, 39.413129415500002 ], [ -105.068253133200002, 39.41317800129999 ], [ -105.068343851699993, 39.418509048399997 ], [ -105.063594163299982, 39.41845185239999 ] ] ] } },
{ "type": "Feature", "properties": { "FeatClass": "Fee", "Category": "Fee", "Own_Type": "STAT", "Own_Name": "SFW", "Loc_Own": "Colorado Parks & Wildlife", "Mang_Type": "STAT", "Mang_Name": "SFW", "Loc_Mang": "Colorado Parks & Wildlife", "Des_Tp": "SP", "Loc_Ds": "State Parks", "Unit_Nm": "Roxborough State Park", "Loc_Nm": "Roxborough State Park", "State_Nm": "CO", "Agg_Src": "CNHP_PADUS4_0Easement_COMaP_Public_v20230223_CO", "GIS_Src": "Colorado Parks & Wildlife GIS - CPWParcelUpdate_2019+Control", "Src_Date": "2023/02/23", "GIS_Acres": 18, "Source_PAID": "", "WDPA_Cd": 0, "Pub_Access": "OA", "Access_Src": "GAP - Default", "Access_Dt": "2024", "GAP_Sts": "4", "GAPCdSrc": "GAP - Default", "GAPCdDt": "2024", "IUCN_Cat": "Unassigned", "IUCNCtSrc": "GAP - Default", "IUCNCtDt": "2024", "Date_Est": "", "Comments": "", "Term": null, "Duration": null, "d_FeatClass": "Fee", "d_Category": "Fee", "d_Own_Type": "State", "d_Own_Name": "State Fish and Wildlife", "d_Mang_Type": "State", "d_Mang_Name": "State Fish and Wildlife", "d_Des_Tp": "State Park", "d_State_Nm": "Colorado", "d_Pub_Access": "Open Access", "d_GAP_Sts": "4 - no known mandate for biodiversity protection", "d_IUCN_Cat": "Unassigned", "Shape_Length": 2362.799311416677, "Shape_Area": 72069.439270711722, "cpwParkName": "Roxborough State Park", "source": "USGS PAD-US" }, "geometry": { "type": "MultiPolygon", "coordinates": [ [ [ [ -105.0716435426, 39.425866694999989 ], [ -105.072163798299982, 39.425397595899994 ], [ -105.072182125799984, 39.425525845499983 ], [ -105.0716435426, 39.425866694999989 ] ] ], [ [ [ -105.077541007699992, 39.425940941199997 ], [ -105.0723453178, 39.423846217700003 ], [ -105.077557459099992, 39.423977977199996 ], [ -105.077541007699992, 39.425940941199997 ] ] ], [ [ [ -105.071867168500006, 39.426112916399994 ], [ -105.072570269899984, 39.426309642100001 ], [ -105.07188662519998, 39.426406574 ], [ -105.071867168500006, 39.426112916399994 ] ] ], [ [ [ -105.070067564300004, 39.4258880565 ], [ -105.071340039799992, 39.426527135299985 ], [ -105.070015972699991, 39.426054637900002 ], [ -105.070067564300004, 39.4258880565 ] ] ], [ [ [ -105.07280784, 39.426945812699991 ], [ -105.071477497199993, 39.426575065800002 ], [ -105.073277276499979, 39.426603349899992 ], [ -105.07280784, 39.426945812699991 ] ] ] ] } },
{ "type": "Feature", "properties": { "FeatClass": "Fee", "Category": "Fee", "Own_Type": "STAT", "Own_Name": "SLB", "Loc_Own": "Colorado State Land Board", "Mang_Type": "STAT", "Mang_Name": "SFW", "Loc_Mang": "Colorado Parks & Wildlife", "Des_Tp": "SP", "Loc_Ds": "State Parks", "Unit_Nm": "Roxborough State Park", "Loc_Nm": "Roxborough State Park", "State_Nm": "CO", "Agg_Src": "CNHP_PADUS4_0Easement_COMaP_Public_v20230223_CO", "GIS_Src": "Colorado Parks & Wildlife GIS - CPWParcels", "Src_Date": "2023/02/23", "GIS_Acres": 465, "Source_PAID": "", "WDPA_Cd": 0, "Pub_Access": "OA", "Access_Src": "CNHP COMaP", "Access_Dt": "2016", "GAP_Sts": "4", "GAPCdSrc": "GAP - Default", "GAPCdDt": "2024", "IUCN_Cat": "Unassigned", "IUCNCtSrc": "GAP - Default", "IUCNCtDt": "2024", "Date_Est": "1995", "Comments": "", "Term": null, "Duration": null, "d_FeatClass": "Fee", "d_Category": "Fee", "d_Own_Type": "State", "d_Own_Name": "State Land Board", "d_Mang_Type": "State", "d_Mang_Name": "State Fish and Wildlife", "d_Des_Tp": "State Park", "d_State_Nm": "Colorado", "d_Pub_Access": "Open Access", "d_GAP_Sts": "4 - no known mandate for biodiversity protection", "d_IUCN_Cat": "Unassigned", "Shape_Length": 9618.2361550280912, "Shape_Area": 1882097.4121469574, "cpwParkName": "Roxborough State Park", "source": "USGS PAD-US" }, "geometry": { "type": "Polygon", "coordinates": [ [ [ -105.063652218299993, 39.413129811700003 ], [ -105.06361535249998, 39.416703771199991 ], [ -105.058983358599988, 39.416659971 ], [ -105.058974270499988, 39.411943210899992 ], [ -105.061351113399994, 39.411937886600001 ], [ -105.061322505399986, 39.407463739499988 ], [ -105.058985582099979, 39.407484105099996 ], [ -105.058938455199993, 39.409502335600003 ], [ -105.054324909699986, 39.409451792899993 ], [ -105.054311655500001, 39.405869687 ], [ -105.072916032199998, 39.406087875699995 ], [ -105.0729047401, 39.4096541376 ], [ -105.077547614300002, 39.409596039 ], [ -105.077522892299996, 39.413176778100002 ], [ -105.082139026299984, 39.413121584 ], [ -105.082083027099983, 39.420321374599986 ], [ -105.079777948100002, 39.420332269899994 ], [ -105.079809406099983, 39.416739690699991 ], [ -105.068247598399992, 39.416747597700002 ], [ -105.068253133200002, 39.41317800129999 ], [ -105.063652218299993, 39.413129811700003 ] ] ] } },
{ "type": "Feature", "properties": { "FeatClass": "Easement", "Category": "Easement", "Own_Type": "PVT", "Own_Name": "PVT", "Loc_Own": "Private", "Mang_Type": "STAT", "Mang_Name": "SFW", "Loc_Mang": "Colorado Parks & Wildlife", "Des_Tp": "RECE", "Loc_Ds": "State Parks", "Unit_Nm": "Roxborough State Park", "Loc_Nm": "Roxborough State Park", "State_Nm": "CO", "Agg_Src": "CNHP_PADUS4_0Easement_COMaP_Public_v20230223_CO", "GIS_Src": "Colorado Parks & Wildlife GIS - CPWParcelUpdate_2019+Control", "Src_Date": "2019/08/22", "GIS_Acres": 6, "Source_PAID": "", "WDPA_Cd": 0, "Pub_Access": "OA", "Access_Src": "COMaP", "Access_Dt": "2023", "GAP_Sts": "4", "GAPCdSrc": "GAP - Default", "GAPCdDt": "2024", "IUCN_Cat": "Unassigned", "IUCNCtSrc": "GAP - Default", "IUCNCtDt": "2024", "Date_Est": "2001", "Comments": "Also recorded as Rec. No. 02005477 on 20020116", "Term": null, "Duration": null, "d_FeatClass": "Easement", "d_Category": "Easement", "d_Own_Type": "Private", "d_Own_Name": "Private", "d_Mang_Type": "State", "d_Mang_Name": "State Fish and Wildlife", "d_Des_Tp": "Recreation or Education Easement", "d_State_Nm": "Colorado", "d_Pub_Access": "Open Access", "d_GAP_Sts": "4 - no known mandate for biodiversity protection", "d_IUCN_Cat": "Unassigned", "Shape_Length": 642.06452078839527, "Shape_Area": 24288.410423815003, "cpwParkName": "Roxborough State Park", "source": "USGS PAD-US" }, "geometry": { "type": "Polygon", "coordinates": [ [ [ -105.072669466299999, 39.426408521799992 ], [ -105.072160958199987, 39.425235202499991 ], [ -105.073357791, 39.424573896 ], [ -105.074329863699987, 39.425824560299993 ], [ -105.072669466299999, 39.426408521799992 ] ] ] } },
{ "type": "Feature", "properties": { "FeatClass": "Easement", "Category": "Easement", "Own_Type": "PVT", "Own_Name": "PVT", "Loc_Own": "Private", "Mang_Type": "STAT", "Mang_Name": "SFW", "Loc_Mang": "Colorado Parks & Wildlife", "Des_Tp": "RECE", "Loc_Ds": "State Parks", "Unit_Nm": "Roxborough State Park", "Loc_Nm": "Roxborough State Park", "State_Nm": "CO", "Agg_Src": "CNHP_PADUS4_0Easement_COMaP_Public_v20230223_CO", "GIS_Src": "Colorado Parks & Wildlife GIS - CPWParcelUpdate_2019+Control", "Src_Date": "2023/02/23", "GIS_Acres": 1, "Source_PAID": "", "WDPA_Cd": 0, "Pub_Access": "XA", "Access_Src": "COMaP", "Access_Dt": "2023", "GAP_Sts": "4", "GAPCdSrc": "GAP - Default", "GAPCdDt": "2024", "IUCN_Cat": "Unassigned", "IUCNCtSrc": "GAP - Default", "IUCNCtDt": "2024", "Date_Est": "", "Comments": "", "Term": null, "Duration": null, "d_FeatClass": "Easement", "d_Category": "Easement", "d_Own_Type": "Private", "d_Own_Name": "Private", "d_Mang_Type": "State", "d_Mang_Name": "State Fish and Wildlife", "d_Des_Tp": "Recreation or Education Easement", "d_State_Nm": "Colorado", "d_Pub_Access": "Closed", "d_GAP_Sts": "4 - no known mandate for biodiversity protection", "d_IUCN_Cat": "Unassigned", "Shape_Length": 312.65074534549689, "Shape_Area": 5711.3760306283802, "cpwParkName": "Roxborough State Park", "source": "USGS PAD-US" }, "geometry": { "type": "Polygon", "coordinates": [ [ [ -105.073767823099999, 39.42515049779999 ], [ -105.074186711500005, 39.424258703299998 ], [ -105.074670901099992, 39.424832482499994 ], [ -105.073767823099999, 39.42515049779999 ] ] ] } },
{ "type": "Feature", "properties": { "FeatClass": "Fee", "Category": "Fee", "Own_Type": "LOC", "Own_Name": "CITY", "Loc_Own": "City of Aurora", "Mang_Type": "STAT", "Mang_Name": "SFW", "Loc_Mang": "Colorado Parks & Wildlife", "Des_Tp": "SP", "Loc_Ds": "State Parks", "Unit_Nm": "Spinney Mountain State Park", "Loc_Nm": "Spinney Mountain State Park", "State_Nm": "CO", "Agg_Src": "CNHP_PADUS4_0Easement_COMaP_Public_v20230223_CO", "GIS_Src": "Colorado Parks & Wildlife GIS - CPWParcels", "Src_Date": "2023/02/23", "GIS_Acres": 235, "Source_PAID": "", "WDPA_Cd": 0, "Pub_Access": "OA", "Access_Src": "CNHP COMaP", "Access_Dt": "2016", "GAP_Sts": "4", "GAPCdSrc": "GAP - Default", "GAPCdDt": "2024", "IUCN_Cat": "Unassigned", "IUCNCtSrc": "GAP - Default", "IUCNCtDt": "2024", "Date_Est": "1986", "Comments": "", "Term": null, "Duration": null, "d_FeatClass": "Fee", "d_Category": "Fee", "d_Own_Type": "Local Government", "d_Own_Name": "City Land", "d_Mang_Type": "State", "d_Mang_Name": "State Fish and Wildlife", "d_Des_Tp": "State Park", "d_State_Nm": "Colorado", "d_Pub_Access": "Open Access", "d_GAP_Sts": "4 - no known mandate for biodiversity protection", "d_IUCN_Cat": "Unassigned", "Shape_Length": 5150.8162985237141, "Shape_Area": 951371.18302463612, "cpwParkName": "Spinney Mountain State Park", "source": "USGS PAD-US" }, "geometry": { "type": "MultiPolygon", "coordinates": [ [ [ [ -105.632703954199982, 39.017314041 ], [ -105.633504124900014, 39.017985288199988 ], [ -105.633711111599993, 39.01815175 ], [ -105.632627777899984, 39.018146049400002 ], [ -105.632703954199982, 39.017314041 ] ] ], [ [ [ -105.631616439699997, 39.016401718199994 ], [ -105.632602173899997, 39.017228658299999 ], [ -105.632620061999987, 39.017243664899993 ], [ -105.631541099399982, 39.017237872899997 ], [ -105.631616439699997, 39.016401718199994 ] ] ], [ [ [ -105.570158104699999, 38.968416755500002 ], [ -105.570076857099991, 38.962992782499995 ], [ -105.572503783399981, 38.96280464929999 ], [ -105.572553572, 38.960973315299988 ], [ -105.574796035199995, 38.960853053799994 ], [ -105.579304024699994, 38.960681520399987 ], [ -105.579366073700001, 38.964287669799994 ], [ -105.583556895599997, 38.964114337499993 ], [ -105.580233160099993, 38.971559083499983 ], [ -105.574811766, 38.971807034099996 ], [ -105.574799754199987, 38.968172862199999 ], [ -105.570158104699999, 38.968416755500002 ] ] ] ] } },
{ "type": "Feature", "properties": { "FeatClass": "Fee", "Category": "Fee", "Own_Type": "PVT", "Own_Name": "PVT", "Loc_Own": "Private", "Mang_Type": "STAT", "Mang_Name": "SFW", "Loc_Mang": "Colorado Parks & Wildlife", "Des_Tp": "SCA", "Loc_Ds": "State Wildlife Area", "Unit_Nm": "Spinney Mountain State Wildlife Area", "Loc_Nm": "Spinney Mountain SWA", "State_Nm": "CO", "Agg_Src": "CNHP_PADUS4_0Easement_COMaP_Public_v20230223_CO", "GIS_Src": "Colorado Parks & Wildlife GIS - CPWParcels", "Src_Date": "2023/02/23", "GIS_Acres": 1086, "Source_PAID": "", "WDPA_Cd": 0, "Pub_Access": "OA", "Access_Src": "CNHP COMaP", "Access_Dt": "2016", "GAP_Sts": "3", "GAPCdSrc": "Revised Default per 11/10/2010 email between Lisa Duarte and Michelle Fink", "GAPCdDt": "2011", "IUCN_Cat": "Other Conservation Area", "IUCNCtSrc": "GAP - Default", "IUCNCtDt": "2024", "Date_Est": "1986", "Comments": "", "Term": null, "Duration": null, "d_FeatClass": "Fee", "d_Category": "Fee", "d_Own_Type": "Private", "d_Own_Name": "Private", "d_Mang_Type": "State", "d_Mang_Name": "State Fish and Wildlife", "d_Des_Tp": "State Conservation Area", "d_State_Nm": "Colorado", "d_Pub_Access": "Open Access", "d_GAP_Sts": "3 - managed for multiple uses - subject to extractive (e.g. mining or logging) or OHV use", "d_IUCN_Cat": "Other Conservation Area", "Shape_Length": 10267.801373315386, "Shape_Area": 4395021.0428132964, "cpwParkName": "Spinney Mountain State Park", "source": "USGS PAD-US" }, "geometry": { "type": "Polygon", "coordinates": [ [ [ -105.609340739, 38.977379363099999 ], [ -105.593307088, 38.978186848299998 ], [ -105.593306030899981, 38.97094240949999 ], [ -105.580592947999989, 38.97153467359999 ], [ -105.585194180599999, 38.96043758119999 ], [ -105.580222857899983, 38.956995369399991 ], [ -105.602615147, 38.956008520499992 ], [ -105.602570588499987, 38.963328873 ], [ -105.610782117699998, 38.96295827809999 ], [ -105.609340739, 38.977379363099999 ] ] ] } },
{ "type": "Feature", "properties": { "FeatClass": "Fee", "Category": "Fee", "Own_Type": "STAT", "Own_Name": "SFW", "Loc_Own": "Colorado Parks & Wildlife", "Mang_Type": "STAT", "Mang_Name": "SFW", "Loc_Mang": "Colorado Parks & Wildlife", "Des_Tp": "SCA", "Loc_Ds": "State Wildlife Area", "Unit_Nm": "Spinney Mountain State Wildlife Area", "Loc_Nm": "Spinney Mountain SWA", "State_Nm": "CO", "Agg_Src": "CNHP_PADUS4_0Easement_COMaP_Public_v20230223_CO", "GIS_Src": "Colorado Parks & Wildlife GIS - CPWParcels", "Src_Date": "2015/08/04", "GIS_Acres": 1935, "Source_PAID": "", "WDPA_Cd": 0, "Pub_Access": "OA", "Access_Src": "CNHP COMaP", "Access_Dt": "2016", "GAP_Sts": "3", "GAPCdSrc": "Revised Default per 11/10/2010 email between Lisa Duarte and Michelle Fink", "GAPCdDt": "2011", "IUCN_Cat": "Other Conservation Area", "IUCNCtSrc": "GAP - Default", "IUCNCtDt": "2024", "Date_Est": "1986", "Comments": "", "Term": null, "Duration": null, "d_FeatClass": "Fee", "d_Category": "Fee", "d_Own_Type": "State", "d_Own_Name": "State Fish and Wildlife", "d_Mang_Type": "State", "d_Mang_Name": "State Fish and Wildlife", "d_Des_Tp": "State Conservation Area", "d_State_Nm": "Colorado", "d_Pub_Access": "Open Access", "d_GAP_Sts": "3 - managed for multiple uses - subject to extractive (e.g. mining or logging) or OHV use", "d_IUCN_Cat": "Other Conservation Area", "Shape_Length": 19934.004469107269, "Shape_Area": 7830285.509553533, "cpwParkName": "Spinney Mountain State Park", "source": "USGS PAD-US" }, "geometry": { "type": "Polygon", "coordinates": [ [ [ -105.727590117, 39.01731511709999 ], [ -105.727879921799982, 39.013679854099991 ], [ -105.720201749200001, 39.00857335469999 ], [ -105.691556406100005, 39.009738982299986 ], [ -105.685911419199982, 39.008325823 ], [ -105.681066011399992, 39.008681152199983 ], [ -105.681511767999979, 39.003667247899998 ], [ -105.688497705599985, 39.002760543100003 ], [ -105.690078260199996, 38.999123719199986 ], [ -105.689242121199996, 38.995442909600001 ], [ -105.700879443199995, 38.995526417399986 ], [ -105.701197925599985, 38.991895409199998 ], [ -105.720214117400005, 38.991990173799984 ], [ -105.719342814900003, 39.004726722 ], [ -105.737766309499989, 39.004536975399994 ], [ -105.737636548199987, 39.0063646734 ], [ -105.746987392, 39.006298872800002 ], [ -105.746736930899999, 39.009947026799999 ], [ -105.756094973899991, 39.009873695299994 ], [ -105.755976473100006, 39.011694305600003 ], [ -105.765315271099979, 39.011726230199997 ], [ -105.765190497500001, 39.013550684199998 ], [ -105.737108634899997, 39.013675540599984 ], [ -105.73683237249999, 39.017317440200003 ], [ -105.727590117, 39.01731511709999 ] ] ] } },
{ "type": "Feature", "properties": { "FeatClass": "Fee", "Category": "Fee", "Own_Type": "STAT", "Own_Name": "SFW", "Loc_Own": "Colorado Parks & Wildlife", "Mang_Type": "STAT", "Mang_Name": "SFW", "Loc_Mang": "Colorado Parks & Wildlife", "Des_Tp": "SP", "Loc_Ds": "State Parks", "Unit_Nm": "Spinney Mountain State Park", "Loc_Nm": "Spinney Mountain State Park", "State_Nm": "CO", "Agg_Src": "CNHP_PADUS4_0Easement_COMaP_Public_v20230223_CO", "GIS_Src": "Colorado Parks & Wildlife GIS - CPWParcels", "Src_Date": "2023/02/23", "GIS_Acres": 165, "Source_PAID": "", "WDPA_Cd": 0, "Pub_Access": "OA", "Access_Src": "CNHP COMaP", "Access_Dt": "2016", "GAP_Sts": "4", "GAPCdSrc": "GAP - Default", "GAPCdDt": "2024", "IUCN_Cat": "Unassigned", "IUCNCtSrc": "GAP - Default", "IUCNCtDt": "2024", "Date_Est": "1986", "Comments": "", "Term": null, "Duration": null, "d_FeatClass": "Fee", "d_Category": "Fee", "d_Own_Type": "State", "d_Own_Name": "State Fish and Wildlife", "d_Mang_Type": "State", "d_Mang_Name": "State Fish and Wildlife", "d_Des_Tp": "State Park", "d_State_Nm": "Colorado", "d_Pub_Access": "Open Access", "d_GAP_Sts": "4 - no known mandate for biodiversity protection", "d_IUCN_Cat": "Unassigned", "Shape_Length": 4029.6559451985327, "Shape_Area": 667228.87187873607, "cpwParkName": "Spinney Mountain State Park", "source": "USGS PAD-US" }, "geometry": { "type": "Polygon", "coordinates": [ [ [ -105.610077666, 38.970244173 ], [ -105.610782117699998, 38.96295827809999 ], [ -105.624527761300001, 38.962843772399992 ], [ -105.624126361799995, 38.966730902 ], [ -105.614864919099986, 38.966762067799998 ], [ -105.614508205000021, 38.970473723099992 ], [ -105.610077666, 38.970244173 ] ] ] } },
{ "type": "Feature", "properties": { "FeatClass": "Fee", "Category": "Other", "Own_Type": "LOC", "Own_Name": "CITY", "Loc_Own": "City of Aurora", "Mang_Type": "STAT", "Mang_Name": "SFW", "Loc_Mang": "Colorado Parks & Wildlife", "Des_Tp": "SP", "Loc_Ds": "State Parks", "Unit_Nm": "Spinney Mountain State Park", "Loc_Nm": "Spinney Mountain State Park", "State_Nm": "CO", "Agg_Src": "CNHP_PADUS4_0Easement_COMaP_Public_v20230223_CO", "GIS_Src": "Colorado Parks & Wildlife GIS - CPWParcels", "Src_Date": "2023/02/23", "GIS_Acres": 5737, "Source_PAID": "", "WDPA_Cd": 0, "Pub_Access": "OA", "Access_Src": "CNHP COMaP", "Access_Dt": "2016", "GAP_Sts": "4", "GAPCdSrc": "GAP - Default", "GAPCdDt": "2024", "IUCN_Cat": "Unassigned", "IUCNCtSrc": "GAP - Default", "IUCNCtDt": "2024", "Date_Est": "1986", "Comments": "", "Term": null, "Duration": null, "d_FeatClass": "Fee", "d_Category": "Other", "d_Own_Type": "Local Government", "d_Own_Name": "City Land", "d_Mang_Type": "State", "d_Mang_Name": "State Fish and Wildlife", "d_Des_Tp": "State Park", "d_State_Nm": "Colorado", "d_Pub_Access": "Open Access", "d_GAP_Sts": "4 - no known mandate for biodiversity protection", "d_IUCN_Cat": "Unassigned", "Shape_Length": 29218.401109463335, "Shape_Area": 23217069.168020599, "cpwParkName": "Spinney Mountain State Park", "source": "USGS PAD-US" }, "geometry": { "type": "Polygon", "coordinates": [ [ [ -105.631616439699997, 39.016401718199994 ], [ -105.631866198099999, 39.013629689199995 ], [ -105.624819341800006, 39.013588142099991 ], [ -105.62497168489999, 39.011774175699991 ], [ -105.6238103556, 39.011777067899999 ], [ -105.625580114199991, 39.004529059399999 ], [ -105.627931154400002, 39.004540462400001 ], [ -105.628083247299983, 39.002734476699999 ], [ -105.625731871699998, 39.002723314399987 ], [ -105.626952109699999, 38.988286839200001 ], [ -105.622355609600021, 38.988289723699985 ], [ -105.622943806699979, 38.981063103699995 ], [ -105.609029242399984, 38.981089323200003 ], [ -105.610077666, 38.970244173 ], [ -105.614508205000021, 38.970473723099992 ], [ -105.614864919099986, 38.966762067799998 ], [ -105.624126361799995, 38.966730902 ], [ -105.624527761300001, 38.962843772399992 ], [ -105.62946280849998, 38.962802254 ], [ -105.630148097399996, 38.95553497289999 ], [ -105.644023416999985, 38.95566342339999 ], [ -105.643398094899979, 38.962844361599998 ], [ -105.648033174900007, 38.962857994299995 ], [ -105.648340858, 38.959282143299994 ], [ -105.652813098599992, 38.95935507259999 ], [ -105.652508679, 38.962969147299994 ], [ -105.649020008699992, 38.962971252099983 ], [ -105.647141736799981, 38.973691864099997 ], [ -105.651766752499995, 38.973693472400001 ], [ -105.651114464499983, 38.980950767799989 ], [ -105.65575123939999, 38.980941841499998 ], [ -105.655430799599984, 38.984567281999986 ], [ -105.660073481199987, 38.984554217499998 ], [ -105.659743929099989, 38.98818488789999 ], [ -105.6690056236, 38.98816105 ], [ -105.668681282199984, 38.991777810400002 ], [ -105.682570617099984, 38.991687321500002 ], [ -105.682244350299982, 38.995392318 ], [ -105.689242121199996, 38.995442909600001 ], [ -105.689893086699982, 39.000052711799995 ], [ -105.688497705599985, 39.002760543100003 ], [ -105.680285361799989, 39.003633427299995 ], [ -105.670527628799988, 39.010936020199992 ], [ -105.66590283, 39.010933506499995 ], [ -105.663467194099994, 39.012506439499994 ], [ -105.644315817299997, 39.015323425 ], [ -105.63623565189998, 39.0188943546 ], [ -105.631616439699997, 39.016401718199994 ] ] ] } },
{ "type": "Feature", "properties": { "FeatClass": "Fee", "Category": "Fee", "Own_Type": "PVT", "Own_Name": "PVT", "Loc_Own": "Private", "Mang_Type": "STAT", "Mang_Name": "SFW", "Loc_Mang": "Colorado Parks & Wildlife", "Des_Tp": "SP", "Loc_Ds": "State Parks", "Unit_Nm": "St. Vrain State Park", "Loc_Nm": "St. Vrain State Park", "State_Nm": "CO", "Agg_Src": "CNHP_PADUS4_0Easement_COMaP_Public_v20230223_CO", "GIS_Src": "Colorado Parks & Wildlife GIS - CPWParcels", "Src_Date": "2023/02/23", "GIS_Acres": 37, "Source_PAID": "", "WDPA_Cd": 0, "Pub_Access": "XA", "Access_Src": "COMaP", "Access_Dt": "2023", "GAP_Sts": "4", "GAPCdSrc": "GAP - Default", "GAPCdDt": "2024", "IUCN_Cat": "Unassigned", "IUCNCtSrc": "GAP - Default", "IUCNCtDt": "2024", "Date_Est": "", "Comments": "", "Term": null, "Duration": null, "d_FeatClass": "Fee", "d_Category": "Fee", "d_Own_Type": "Private", "d_Own_Name": "Private", "d_Mang_Type": "State", "d_Mang_Name": "State Fish and Wildlife", "d_Des_Tp": "State Park", "d_State_Nm": "Colorado", "d_Pub_Access": "Closed", "d_GAP_Sts": "4 - no known mandate for biodiversity protection", "d_IUCN_Cat": "Unassigned", "Shape_Length": 1897.7399866000246, "Shape_Area": 148480.02716155286, "cpwParkName": "St. Vrain State Park", "source": "USGS PAD-US" }, "geometry": { "type": "Polygon", "coordinates": [ [ [ -105.005862035899995, 40.167517660799994 ], [ -105.004085358300003, 40.164440643499994 ], [ -105.008041469799991, 40.160852311600003 ], [ -105.007948552800002, 40.167332293199998 ], [ -105.005862035899995, 40.167517660799994 ] ] ] } },
{ "type": "Feature", "properties": { "FeatClass": "Fee", "Category": "Fee", "Own_Type": "STAT", "Own_Name": "SFW", "Loc_Own": "Colorado Parks & Wildlife", "Mang_Type": "STAT", "Mang_Name": "SFW", "Loc_Mang": "Colorado Parks & Wildlife", "Des_Tp": "SP", "Loc_Ds": "State Parks", "Unit_Nm": "St. Vrain State Park", "Loc_Nm": "St. Vrain State Park", "State_Nm": "CO", "Agg_Src": "CNHP_PADUS4_0Easement_COMaP_Public_v20230223_CO", "GIS_Src": "Colorado Parks & Wildlife GIS - CPWParcels", "Src_Date": "2015/08/04", "GIS_Acres": 93, "Source_PAID": "", "WDPA_Cd": 0, "Pub_Access": "OA", "Access_Src": "CNHP COMaP", "Access_Dt": "2016", "GAP_Sts": "4", "GAPCdSrc": "GAP - Default", "GAPCdDt": "2024", "IUCN_Cat": "Unassigned", "IUCNCtSrc": "GAP - Default", "IUCNCtDt": "2024", "Date_Est": "2002", "Comments": "Original deed incorrect, corrected with Reception No. 3128803.  Funding Partners: GOCO, Colorado State Parks.", "Term": null, "Duration": null, "d_FeatClass": "Fee", "d_Category": "Fee", "d_Own_Type": "State", "d_Own_Name": "State Fish and Wildlife", "d_Mang_Type": "State", "d_Mang_Name": "State Fish and Wildlife", "d_Des_Tp": "State Park", "d_State_Nm": "Colorado", "d_Pub_Access": "Open Access", "d_GAP_Sts": "4 - no known mandate for biodiversity protection", "d_IUCN_Cat": "Unassigned", "Shape_Length": 3130.8481431955065, "Shape_Area": 377018.27910477755, "cpwParkName": "St. Vrain State Park", "source": "USGS PAD-US" }, "geometry": { "type": "Polygon", "coordinates": [ [ [ -104.998429165299996, 40.167866688099998 ], [ -104.998485633699985, 40.164419783799985 ], [ -105.001340426, 40.16442838279999 ], [ -105.001365432100002, 40.160943154799988 ], [ -105.007843855299981, 40.160864742599991 ], [ -105.004085358300003, 40.164440643499994 ], [ -105.005816844899996, 40.167801301899992 ], [ -104.998429165299996, 40.167866688099998 ] ] ] } },
{ "type": "Feature", "properties": { "FeatClass": "Fee", "Category": "Fee", "Own_Type": "STAT", "Own_Name": "SFW", "Loc_Own": "Colorado Parks & Wildlife", "Mang_Type": "STAT", "Mang_Name": "SFW", "Loc_Mang": "Colorado Parks & Wildlife", "Des_Tp": "SP", "Loc_Ds": "State Parks", "Unit_Nm": "St. Vrain State Park", "Loc_Nm": "St. Vrain State Park", "State_Nm": "CO", "Agg_Src": "CNHP_PADUS4_0Easement_COMaP_Public_v20230223_CO", "GIS_Src": "Colorado Parks & Wildlife GIS - CPWParcels", "Src_Date": "2015/08/04", "GIS_Acres": 284, "Source_PAID": "", "WDPA_Cd": 0, "Pub_Access": "OA", "Access_Src": "CNHP COMaP", "Access_Dt": "2016", "GAP_Sts": "4", "GAPCdSrc": "GAP - Default", "GAPCdDt": "2024", "IUCN_Cat": "Unassigned", "IUCNCtSrc": "GAP - Default", "IUCNCtDt": "2024", "Date_Est": "2003", "Comments": "Funding Partners: GOCO, Colorado State Parks.", "Term": null, "Duration": null, "d_FeatClass": "Fee", "d_Category": "Fee", "d_Own_Type": "State", "d_Own_Name": "State Fish and Wildlife", "d_Mang_Type": "State", "d_Mang_Name": "State Fish and Wildlife", "d_Des_Tp": "State Park", "d_State_Nm": "Colorado", "d_Pub_Access": "Open Access", "d_GAP_Sts": "4 - no known mandate for biodiversity protection", "d_IUCN_Cat": "Unassigned", "Shape_Length": 6433.6556296124272, "Shape_Area": 1147313.5552123361, "cpwParkName": "St. Vrain State Park", "source": "USGS PAD-US" }, "geometry": { "type": "MultiPolygon", "coordinates": [ [ [ [ -104.998321806, 40.167867152899994 ], [ -104.99834468429998, 40.166470767299991 ], [ -104.996734559999979, 40.166463672599996 ], [ -104.99672579029999, 40.167873949099992 ], [ -104.98029322539999, 40.167944926300002 ], [ -104.979984966899991, 40.163491152100001 ], [ -104.984217402799985, 40.163518376699983 ], [ -104.98425835739998, 40.162556895599991 ], [ -104.982873680500006, 40.1625530978 ], [ -104.984255995599995, 40.162459957599999 ], [ -104.984323782, 40.160850529700006 ], [ -104.995386706599987, 40.160971409699989 ], [ -104.995377941399994, 40.162087384099998 ], [ -104.998521232399995, 40.162101076899994 ], [ -104.998321806, 40.167867152899994 ] ] ], [ [ [ -104.998591021500005, 40.164420086299984 ], [ -104.998643160599997, 40.161122485799993 ], [ -105.001365432100002, 40.160943154799988 ], [ -105.001340426, 40.16442838279999 ], [ -104.998591021500005, 40.164420086299984 ] ] ] ] } },
{ "type": "Feature", "properties": { "FeatClass": "Fee", "Category": "Fee", "Own_Type": "STAT", "Own_Name": "SFW", "Loc_Own": "Colorado Parks & Wildlife", "Mang_Type": "STAT", "Mang_Name": "SFW", "Loc_Mang": "Colorado Parks & Wildlife", "Des_Tp": "SP", "Loc_Ds": "State Parks", "Unit_Nm": "St. Vrain State Park", "Loc_Nm": "St. Vrain State Park", "State_Nm": "CO", "Agg_Src": "CNHP_PADUS4_0Easement_COMaP_Public_v20230223_CO", "GIS_Src": "Colorado Parks & Wildlife GIS - CPWParcels", "Src_Date": "2015/08/04", "GIS_Acres": 30, "Source_PAID": "", "WDPA_Cd": 0, "Pub_Access": "OA", "Access_Src": "CNHP COMaP", "Access_Dt": "2016", "GAP_Sts": "4", "GAPCdSrc": "GAP - Default", "GAPCdDt": "2024", "IUCN_Cat": "Unassigned", "IUCNCtSrc": "GAP - Default", "IUCNCtDt": "2024", "Date_Est": "2004", "Comments": "Funding Partners: GOCO, Colorado State Parks.", "Term": null, "Duration": null, "d_FeatClass": "Fee", "d_Category": "Fee", "d_Own_Type": "State", "d_Own_Name": "State Fish and Wildlife", "d_Mang_Type": "State", "d_Mang_Name": "State Fish and Wildlife", "d_Des_Tp": "State Park", "d_State_Nm": "Colorado", "d_Pub_Access": "Open Access", "d_GAP_Sts": "4 - no known mandate for biodiversity protection", "d_IUCN_Cat": "Unassigned", "Shape_Length": 3125.3333849778583, "Shape_Area": 121258.91719841927, "cpwParkName": "St. Vrain State Park", "source": "USGS PAD-US" }, "geometry": { "type": "Polygon", "coordinates": [ [ [ -104.996703891899983, 40.173925987099992 ], [ -104.996768248299986, 40.168160810500005 ], [ -104.989012495999987, 40.167906596799995 ], [ -104.998429165299996, 40.167866688099998 ], [ -104.998348720399989, 40.174877687 ], [ -104.996703891899983, 40.173925987099992 ] ] ] } },
{ "type": "Feature", "properties": { "FeatClass": "Fee", "Category": "Fee", "Own_Type": "STAT", "Own_Name": "SFW", "Loc_Own": "Colorado Parks & Wildlife", "Mang_Type": "STAT", "Mang_Name": "SFW", "Loc_Mang": "Colorado Parks & Wildlife", "Des_Tp": "SP", "Loc_Ds": "State Parks", "Unit_Nm": "St. Vrain State Park", "Loc_Nm": "St. Vrain State Park", "State_Nm": "CO", "Agg_Src": "CNHP_PADUS4_0Easement_COMaP_Public_v20230223_CO", "GIS_Src": "Colorado Parks & Wildlife GIS - CPWParcels", "Src_Date": "2023/02/23", "GIS_Acres": 124, "Source_PAID": "", "WDPA_Cd": 0, "Pub_Access": "OA", "Access_Src": "CNHP COMaP", "Access_Dt": "2016", "GAP_Sts": "4", "GAPCdSrc": "GAP - Default", "GAPCdDt": "2024", "IUCN_Cat": "Unassigned", "IUCNCtSrc": "GAP - Default", "IUCNCtDt": "2024", "Date_Est": "", "Comments": "", "Term": null, "Duration": null, "d_FeatClass": "Fee", "d_Category": "Fee", "d_Own_Type": "State", "d_Own_Name": "State Fish and Wildlife", "d_Mang_Type": "State", "d_Mang_Name": "State Fish and Wildlife", "d_Des_Tp": "State Park", "d_State_Nm": "Colorado", "d_Pub_Access": "Open Access", "d_GAP_Sts": "4 - no known mandate for biodiversity protection", "d_IUCN_Cat": "Unassigned", "Shape_Length": 2851.761072165853, "Shape_Area": 501200.1065713485, "cpwParkName": "St. Vrain State Park", "source": "USGS PAD-US" }, "geometry": { "type": "Polygon", "coordinates": [ [ [ -104.980414512199999, 40.167944406499991 ], [ -104.989012495999987, 40.167906596799995 ], [ -104.988815941599995, 40.173095239599995 ], [ -104.980354861699979, 40.1749069233 ], [ -104.980414512199999, 40.167944406499991 ] ] ] } },
{ "type": "Feature", "properties": { "FeatClass": "Fee", "Category": "Fee", "Own_Type": "STAT", "Own_Name": "SLB", "Loc_Own": "Colorado State Land Board", "Mang_Type": "STAT", "Mang_Name": "SFW", "Loc_Mang": "Colorado Parks & Wildlife", "Des_Tp": "SP", "Loc_Ds": "State Parks", "Unit_Nm": "St. Vrain State Park", "Loc_Nm": "St. Vrain State Park", "State_Nm": "CO", "Agg_Src": "CNHP_PADUS4_0Easement_COMaP_Public_v20230223_CO", "GIS_Src": "Colorado Parks & Wildlife GIS - CPWParcels", "Src_Date": "2023/02/23", "GIS_Acres": 125, "Source_PAID": "", "WDPA_Cd": 0, "Pub_Access": "OA", "Access_Src": "CNHP COMaP", "Access_Dt": "2016", "GAP_Sts": "4", "GAPCdSrc": "GAP - Default", "GAPCdDt": "2024", "IUCN_Cat": "Unassigned", "IUCNCtSrc": "GAP - Default", "IUCNCtDt": "2024", "Date_Est": "", "Comments": "", "Term": null, "Duration": null, "d_FeatClass": "Fee", "d_Category": "Fee", "d_Own_Type": "State", "d_Own_Name": "State Land Board", "d_Mang_Type": "State", "d_Mang_Name": "State Fish and Wildlife", "d_Des_Tp": "State Park", "d_State_Nm": "Colorado", "d_Pub_Access": "Open Access", "d_GAP_Sts": "4 - no known mandate for biodiversity protection", "d_IUCN_Cat": "Unassigned", "Shape_Length": 3071.7264309105312, "Shape_Area": 505978.72293356358, "cpwParkName": "St. Vrain State Park", "source": "USGS PAD-US" }, "geometry": { "type": "Polygon", "coordinates": [ [ [ -104.988874974600009, 40.174938072099991 ], [ -104.988996650199994, 40.168177426900002 ], [ -104.996768248299986, 40.168160810500005 ], [ -104.996703891899983, 40.173925987099992 ], [ -104.998348720399989, 40.174877687 ], [ -104.988874974600009, 40.174938072099991 ] ] ] } },
{ "type": "Feature", "properties": { "FeatClass": "Easement", "Category": "Easement", "Own_Type": "LOC", "Own_Name": "UNKL", "Loc_Own": "LOC", "Mang_Type": "STAT", "Mang_Name": "SPR", "Loc_Mang": "Colorado Department of Natural Resources, Parks and Wildlife", "Des_Tp": "CONE", "Loc_Ds": "ENV", "Unit_Nm": "St. Vrain State Park", "Loc_Nm": "St. Vrain State Park", "State_Nm": "CO", "Agg_Src": "NCED_PADUS4_0Easement_NCED_for_PADUS_07282023", "GIS_Src": "Colorado Parks & Wildlife GIS - CPWParcelUpdate_2019+Control", "Src_Date": "2023/06/26", "GIS_Acres": 222, "Source_PAID": "10503633", "WDPA_Cd": 0, "Pub_Access": "OA", "Access_Src": "NCED", "Access_Dt": "2023", "GAP_Sts": "4", "GAPCdSrc": "NCED", "GAPCdDt": "2023", "IUCN_Cat": "Unassigned", "IUCNCtSrc": "GAP - Default", "IUCNCtDt": "2024", "Date_Est": "1994", "Comments": "State Parks", "Term": 0, "Duration": "UNK", "d_FeatClass": "Easement", "d_Category": "Easement", "d_Own_Type": "Local Government", "d_Own_Name": "Other or Unknown Local Government", "d_Mang_Type": "State", "d_Mang_Name": "State Park and Recreation", "d_Des_Tp": "Conservation Easement", "d_State_Nm": "Colorado", "d_Pub_Access": "Open Access", "d_GAP_Sts": "4 - no known mandate for biodiversity protection", "d_IUCN_Cat": "Unassigned", "Shape_Length": 4651.4687793250296, "Shape_Area": 897220.34771458013, "cpwParkName": "St. Vrain State Park", "source": "USGS PAD-US" }, "geometry": { "type": "Polygon", "coordinates": [ [ [ -105.008024588799998, 40.160357257599998 ], [ -105.008070648699984, 40.156953836699984 ], [ -104.99858252300001, 40.156965989499994 ], [ -104.998621790800001, 40.154274269899986 ], [ -105.000282614400007, 40.154224720599991 ], [ -105.000284404499979, 40.153356837499992 ], [ -105.01758936829998, 40.153161990100003 ], [ -105.017609014099989, 40.157308783099992 ], [ -105.015749213799992, 40.159391804799995 ], [ -105.008024588799998, 40.160357257599998 ] ] ] } },
{ "type": "Feature", "properties": { "FeatClass": "Easement", "Category": "Easement", "Own_Type": "LOC", "Own_Name": "CITY", "Loc_Own": "City of Longmont", "Mang_Type": "STAT", "Mang_Name": "SFW", "Loc_Mang": "Colorado Parks & Wildlife", "Des_Tp": "RECE", "Loc_Ds": "State Parks", "Unit_Nm": "St. Vrain State Park", "Loc_Nm": "St. Vrain State Park", "State_Nm": "CO", "Agg_Src": "CNHP_PADUS4_0Easement_COMaP_Public_v20230223_CO", "GIS_Src": "Colorado Parks & Wildlife GIS - CPWParcelUpdate_2019+Control", "Src_Date": "2023/02/23", "GIS_Acres": 222, "Source_PAID": "", "WDPA_Cd": 0, "Pub_Access": "OA", "Access_Src": "COMaP", "Access_Dt": "2023", "GAP_Sts": "4", "GAPCdSrc": "GAP - Default", "GAPCdDt": "2024", "IUCN_Cat": "Unassigned", "IUCNCtSrc": "GAP - Default", "IUCNCtDt": "2024", "Date_Est": "", "Comments": "", "Term": null, "Duration": null, "d_FeatClass": "Easement", "d_Category": "Easement", "d_Own_Type": "Local Government", "d_Own_Name": "City Land", "d_Mang_Type": "State", "d_Mang_Name": "State Fish and Wildlife", "d_Des_Tp": "Recreation or Education Easement", "d_State_Nm": "Colorado", "d_Pub_Access": "Open Access", "d_GAP_Sts": "4 - no known mandate for biodiversity protection", "d_IUCN_Cat": "Unassigned", "Shape_Length": 4651.4693569791889, "Shape_Area": 897220.55513908062, "cpwParkName": "St. Vrain State Park", "source": "USGS PAD-US" }, "geometry": { "type": "Polygon", "coordinates": [ [ [ -105.008034752100002, 40.160363733399997 ], [ -105.008080810099983, 40.156960310799995 ], [ -104.998592683499979, 40.156972464499994 ], [ -104.998631949900002, 40.154280745799994 ], [ -105.0002927747, 40.154231195399994 ], [ -105.000294564699999, 40.153363312300009 ], [ -105.017599532399998, 40.153168463299998 ], [ -105.017619178900006, 40.157315257199997 ], [ -105.01575937749999, 40.159398279199998 ], [ -105.008034752100002, 40.160363733399997 ] ] ] } },
{ "type": "Feature", "properties": { "FeatClass": "Fee", "Category": "Fee", "Own_Type": "DIST", "Own_Name": "RWD", "Loc_Own": "Upper Yampa Water Conservancy District", "Mang_Type": "STAT", "Mang_Name": "SFW", "Loc_Mang": "Colorado Parks & Wildlife", "Des_Tp": "SP", "Loc_Ds": "State Parks", "Unit_Nm": "Stagecoach State Park", "Loc_Nm": "Stagecoach State Park", "State_Nm": "CO", "Agg_Src": "CNHP_PADUS4_0Easement_COMaP_Public_v20230223_CO", "GIS_Src": "Colorado Parks & Wildlife GIS - CPWParcels", "Src_Date": "2023/02/23", "GIS_Acres": 1391, "Source_PAID": "", "WDPA_Cd": 0, "Pub_Access": "OA", "Access_Src": "CNHP COMaP", "Access_Dt": "2016", "GAP_Sts": "4", "GAPCdSrc": "GAP - Default", "GAPCdDt": "2024", "IUCN_Cat": "Unassigned", "IUCNCtSrc": "GAP - Default", "IUCNCtDt": "2024", "Date_Est": "", "Comments": "", "Term": null, "Duration": null, "d_FeatClass": "Fee", "d_Category": "Fee", "d_Own_Type": "Regional Agency Special District", "d_Own_Name": "Regional Water Districts", "d_Mang_Type": "State", "d_Mang_Name": "State Fish and Wildlife", "d_Des_Tp": "State Park", "d_State_Nm": "Colorado", "d_Pub_Access": "Open Access", "d_GAP_Sts": "4 - no known mandate for biodiversity protection", "d_IUCN_Cat": "Unassigned", "Shape_Length": 19724.49772458983, "Shape_Area": 5630705.5752857029, "cpwParkName": "Stagecoach State Park", "source": "USGS PAD-US" }, "geometry": { "type": "Polygon", "coordinates": [ [ [ -106.863624205399987, 40.290463356799997 ], [ -106.852336734700003, 40.286217886799989 ], [ -106.847165396299999, 40.285858556099996 ], [ -106.841249456299991, 40.287387548199995 ], [ -106.83152451929999, 40.287259244799991 ], [ -106.824401139499997, 40.288942385799999 ], [ -106.823951806499991, 40.290035309 ], [ -106.823913094699989, 40.283074999399993 ], [ -106.8386615302, 40.282605603099995 ], [ -106.841560586400007, 40.281293889599993 ], [ -106.840319566299996, 40.279982167099988 ], [ -106.843067889299988, 40.280176052199991 ], [ -106.83789124, 40.274286769999989 ], [ -106.837471022599999, 40.271636233699994 ], [ -106.84197507959999, 40.273501868099991 ], [ -106.845053147899989, 40.278390738100001 ], [ -106.845839519199998, 40.275785306099991 ], [ -106.848540911599997, 40.275334179799991 ], [ -106.846830458699984, 40.274871561899992 ], [ -106.846231105300006, 40.270833963299992 ], [ -106.853040085800004, 40.272362540899984 ], [ -106.853761609599985, 40.274191263900001 ], [ -106.855333165899992, 40.274368386399992 ], [ -106.859246297200002, 40.272716079399991 ], [ -106.859523006599986, 40.271176784399984 ], [ -106.861338820399993, 40.27198615519999 ], [ -106.8730284584, 40.269153260099991 ], [ -106.881659186400015, 40.266744599 ], [ -106.88307357879998, 40.264874305499994 ], [ -106.892378650799984, 40.264848965 ], [ -106.887211049200005, 40.266679299400003 ], [ -106.884183308299995, 40.26971357059999 ], [ -106.879087266900001, 40.270237783100001 ], [ -106.875243876799985, 40.276335696199993 ], [ -106.869642024100003, 40.277201908899997 ], [ -106.866600286099981, 40.286132123900011 ], [ -106.86380175619999, 40.28827504369999 ], [ -106.863624205399987, 40.290463356799997 ] ] ] } },
{ "type": "Feature", "properties": { "FeatClass": "Fee", "Category": "Fee", "Own_Type": "STAT", "Own_Name": "SFW", "Loc_Own": "Colorado Parks & Wildlife", "Mang_Type": "STAT", "Mang_Name": "SFW", "Loc_Mang": "Colorado Parks & Wildlife", "Des_Tp": "SP", "Loc_Ds": "State Parks", "Unit_Nm": "Staunton State Park", "Loc_Nm": "Staunton State Park", "State_Nm": "CO", "Agg_Src": "CNHP_PADUS4_0Easement_COMaP_Public_v20230223_CO", "GIS_Src": "Colorado Parks & Wildlife GIS - CPWParcels", "Src_Date": "2015/08/04", "GIS_Acres": 845, "Source_PAID": "", "WDPA_Cd": 0, "Pub_Access": "XA", "Access_Src": "CNHP COMaP", "Access_Dt": "2016", "GAP_Sts": "4", "GAPCdSrc": "GAP - Default", "GAPCdDt": "2024", "IUCN_Cat": "Unassigned", "IUCNCtSrc": "GAP - Default", "IUCNCtDt": "2024", "Date_Est": "1998", "Comments": "Funding Partners: GOCO, Colorado State Parks, TCF.", "Term": null, "Duration": null, "d_FeatClass": "Fee", "d_Category": "Fee", "d_Own_Type": "State", "d_Own_Name": "State Fish and Wildlife", "d_Mang_Type": "State", "d_Mang_Name": "State Fish and Wildlife", "d_Des_Tp": "State Park", "d_State_Nm": "Colorado", "d_Pub_Access": "Closed", "d_GAP_Sts": "4 - no known mandate for biodiversity protection", "d_IUCN_Cat": "Unassigned", "Shape_Length": 13055.728590471017, "Shape_Area": 3420957.2395323315, "cpwParkName": "Staunton State Park", "source": "USGS PAD-US" }, "geometry": { "type": "Polygon", "coordinates": [ [ [ -105.385963499300004, 39.503351308699983 ], [ -105.386089812400002, 39.497728376 ], [ -105.381379715600005, 39.497646666699993 ], [ -105.381300753399998, 39.501356836600003 ], [ -105.372364019200006, 39.5011931051 ], [ -105.371794232100001, 39.504838613799997 ], [ -105.376502324200004, 39.504947830899994 ], [ -105.376147793499982, 39.509263290600003 ], [ -105.366968317399994, 39.510020632399993 ], [ -105.366404215200006, 39.514127941300003 ], [ -105.361946905999986, 39.514367150799991 ], [ -105.363105079999983, 39.502913712800002 ], [ -105.367734664, 39.502044960200003 ], [ -105.367583035099983, 39.494200022499996 ], [ -105.372390683099994, 39.493886722299997 ], [ -105.371840965499985, 39.490273635900003 ], [ -105.376607377899987, 39.490289265099996 ], [ -105.376773419599999, 39.486754079499995 ], [ -105.386368629499984, 39.486770904199993 ], [ -105.386152247599981, 39.494777985899994 ], [ -105.388733163400005, 39.494058535499995 ], [ -105.392975384699994, 39.495585400099991 ], [ -105.389535783300005, 39.503245194800002 ], [ -105.38849595409998, 39.50410192159999 ], [ -105.388374782299991, 39.503318656799991 ], [ -105.385963499300004, 39.503351308699983 ] ] ] } },
{ "type": "Feature", "properties": { "FeatClass": "Fee", "Category": "Fee", "Own_Type": "STAT", "Own_Name": "SFW", "Loc_Own": "Colorado Parks & Wildlife", "Mang_Type": "STAT", "Mang_Name": "SFW", "Loc_Mang": "Colorado Parks & Wildlife", "Des_Tp": "SP", "Loc_Ds": "State Parks", "Unit_Nm": "Staunton State Park", "Loc_Nm": "Staunton State Park", "State_Nm": "CO", "Agg_Src": "CNHP_PADUS4_0Easement_COMaP_Public_v20230223_CO", "GIS_Src": "Colorado Parks & Wildlife GIS - CPWParcels", "Src_Date": "2015/08/04", "GIS_Acres": 496, "Source_PAID": "", "WDPA_Cd": 0, "Pub_Access": "XA", "Access_Src": "CNHP COMaP", "Access_Dt": "2016", "GAP_Sts": "4", "GAPCdSrc": "GAP - Default", "GAPCdDt": "2024", "IUCN_Cat": "Unassigned", "IUCNCtSrc": "GAP - Default", "IUCNCtDt": "2024", "Date_Est": "1998", "Comments": "TCF purchased from private landowner with Rec. No. 98661 on 19981211, Transferred to State Parks with Unknown Rec. No. on unknown date.  Funding Partners: GOCO, TCF, Colorado State Parks.", "Term": null, "Duration": null, "d_FeatClass": "Fee", "d_Category": "Fee", "d_Own_Type": "State", "d_Own_Name": "State Fish and Wildlife", "d_Mang_Type": "State", "d_Mang_Name": "State Fish and Wildlife", "d_Des_Tp": "State Park", "d_State_Nm": "Colorado", "d_Pub_Access": "Closed", "d_GAP_Sts": "4 - no known mandate for biodiversity protection", "d_IUCN_Cat": "Unassigned", "Shape_Length": 7349.9172842025746, "Shape_Area": 2006729.0995788607, "cpwParkName": "Staunton State Park", "source": "USGS PAD-US" }, "geometry": { "type": "Polygon", "coordinates": [ [ [ -105.418093983700004, 39.526515284799999 ], [ -105.41825150359999, 39.513462121099991 ], [ -105.424418427499987, 39.513189719 ], [ -105.424022629099994, 39.508039741600001 ], [ -105.43245311699998, 39.5078575247 ], [ -105.432281536499985, 39.518815537499997 ], [ -105.436987650299983, 39.5188416433 ], [ -105.436968270499989, 39.522481453899992 ], [ -105.422805932599985, 39.522660682799994 ], [ -105.422801400699981, 39.526322960100003 ], [ -105.418093983700004, 39.526515284799999 ] ] ] } },
{ "type": "Feature", "properties": { "FeatClass": "Fee", "Category": "Fee", "Own_Type": "STAT", "Own_Name": "SFW", "Loc_Own": "Colorado Parks & Wildlife", "Mang_Type": "STAT", "Mang_Name": "SFW", "Loc_Mang": "Colorado Parks & Wildlife", "Des_Tp": "SP", "Loc_Ds": "State Parks", "Unit_Nm": "Staunton State Park", "Loc_Nm": "Staunton State Park", "State_Nm": "CO", "Agg_Src": "CNHP_PADUS4_0Easement_COMaP_Public_v20230223_CO", "GIS_Src": "Colorado Parks & Wildlife GIS - CPWParcels", "Src_Date": "2023/02/23", "GIS_Acres": 1858, "Source_PAID": "", "WDPA_Cd": 0, "Pub_Access": "XA", "Access_Src": "CNHP COMaP", "Access_Dt": "2016", "GAP_Sts": "4", "GAPCdSrc": "GAP - Default", "GAPCdDt": "2024", "IUCN_Cat": "Unassigned", "IUCNCtSrc": "GAP - Default", "IUCNCtDt": "2024", "Date_Est": "", "Comments": "", "Term": null, "Duration": null, "d_FeatClass": "Fee", "d_Category": "Fee", "d_Own_Type": "State", "d_Own_Name": "State Fish and Wildlife", "d_Mang_Type": "State", "d_Mang_Name": "State Fish and Wildlife", "d_Des_Tp": "State Park", "d_State_Nm": "Colorado", "d_Pub_Access": "Closed", "d_GAP_Sts": "4 - no known mandate for biodiversity protection", "d_IUCN_Cat": "Unassigned", "Shape_Length": 14867.747486783324, "Shape_Area": 7518690.348798573, "cpwParkName": "Staunton State Park", "source": "USGS PAD-US" }, "geometry": { "type": "Polygon", "coordinates": [ [ [ -105.390142631499984, 39.530828961 ], [ -105.390203898299987, 39.527309255799999 ], [ -105.375045940499987, 39.529229922099994 ], [ -105.375070689200001, 39.522194840099992 ], [ -105.365205189899996, 39.522743630399994 ], [ -105.366968317399994, 39.510020632399993 ], [ -105.376147793499982, 39.509263290600003 ], [ -105.376502324200004, 39.504947830899994 ], [ -105.395205941799986, 39.505184289 ], [ -105.395111269099999, 39.508914237099994 ], [ -105.399691707700001, 39.508840576499999 ], [ -105.399609226899983, 39.512530584099999 ], [ -105.413550687899985, 39.512102256199988 ], [ -105.413416177800002, 39.515763670600002 ], [ -105.41815419149998, 39.515576130899994 ], [ -105.418065091599999, 39.519264327199998 ], [ -105.399392765699986, 39.519945275799998 ], [ -105.399422427599987, 39.527127291699983 ], [ -105.394806317099992, 39.527239132399984 ], [ -105.394859617199998, 39.530727456899996 ], [ -105.390142631499984, 39.530828961 ] ] ] } },
{ "type": "Feature", "properties": { "FeatClass": "Fee", "Category": "Fee", "Own_Type": "STAT", "Own_Name": "SFW", "Loc_Own": "Colorado Parks & Wildlife", "Mang_Type": "STAT", "Mang_Name": "SFW", "Loc_Mang": "Colorado Parks & Wildlife", "Des_Tp": "SP", "Loc_Ds": "State Parks", "Unit_Nm": "Staunton State Park", "Loc_Nm": "Staunton State Park", "State_Nm": "CO", "Agg_Src": "CNHP_PADUS4_0Easement_COMaP_Public_v20230223_CO", "GIS_Src": "Colorado Parks & Wildlife GIS - CPWParcels", "Src_Date": "2023/02/23", "GIS_Acres": 5, "Source_PAID": "", "WDPA_Cd": 0, "Pub_Access": "XA", "Access_Src": "CNHP COMaP", "Access_Dt": "2016", "GAP_Sts": "4", "GAPCdSrc": "GAP - Default", "GAPCdDt": "2024", "IUCN_Cat": "Unassigned", "IUCNCtSrc": "GAP - Default", "IUCNCtDt": "2024", "Date_Est": "", "Comments": "Staunton Park; Land Acquisition; Boyd", "Term": null, "Duration": null, "d_FeatClass": "Fee", "d_Category": "Fee", "d_Own_Type": "State", "d_Own_Name": "State Fish and Wildlife", "d_Mang_Type": "State", "d_Mang_Name": "State Fish and Wildlife", "d_Des_Tp": "State Park", "d_State_Nm": "Colorado", "d_Pub_Access": "Closed", "d_GAP_Sts": "4 - no known mandate for biodiversity protection", "d_IUCN_Cat": "Unassigned", "Shape_Length": 591.25300649710994, "Shape_Area": 20034.043468063843, "cpwParkName": "Staunton State Park", "source": "USGS PAD-US" }, "geometry": { "type": "Polygon", "coordinates": [ [ [ -105.390368417599987, 39.505272903200002 ], [ -105.388484955900012, 39.504350662100002 ], [ -105.390371938199991, 39.503898560899998 ], [ -105.390368417599987, 39.505272903200002 ] ] ] } },
{ "type": "Feature", "properties": { "FeatClass": "Fee", "Category": "Fee", "Own_Type": "STAT", "Own_Name": "SFW", "Loc_Own": "Colorado Parks & Wildlife", "Mang_Type": "STAT", "Mang_Name": "SFW", "Loc_Mang": "Colorado Parks & Wildlife", "Des_Tp": "SP", "Loc_Ds": "State Parks", "Unit_Nm": "Staunton State Park", "Loc_Nm": "Staunton State Park", "State_Nm": "CO", "Agg_Src": "CNHP_PADUS4_0Easement_COMaP_Public_v20230223_CO", "GIS_Src": "Colorado Parks & Wildlife GIS - CPWParcelUpdate_2019+Control", "Src_Date": "2023/02/23", "GIS_Acres": 80, "Source_PAID": "", "WDPA_Cd": 0, "Pub_Access": "OA", "Access_Src": "COMaP", "Access_Dt": "2023", "GAP_Sts": "4", "GAPCdSrc": "GAP - Default", "GAPCdDt": "2024", "IUCN_Cat": "Unassigned", "IUCNCtSrc": "GAP - Default", "IUCNCtDt": "2024", "Date_Est": "", "Comments": "", "Term": null, "Duration": null, "d_FeatClass": "Fee", "d_Category": "Fee", "d_Own_Type": "State", "d_Own_Name": "State Fish and Wildlife", "d_Mang_Type": "State", "d_Mang_Name": "State Fish and Wildlife", "d_Des_Tp": "State Park", "d_State_Nm": "Colorado", "d_Pub_Access": "Open Access", "d_GAP_Sts": "4 - no known mandate for biodiversity protection", "d_IUCN_Cat": "Unassigned", "Shape_Length": 2390.2543526922609, "Shape_Area": 322478.17361405282, "cpwParkName": "Staunton State Park", "source": "USGS PAD-US" }, "geometry": { "type": "Polygon", "coordinates": [ [ [ -105.38122225559998, 39.505045477599992 ], [ -105.371794232100001, 39.504838613799997 ], [ -105.372364019200006, 39.5011931051 ], [ -105.381300753399998, 39.501356836600003 ], [ -105.38122225559998, 39.505045477599992 ] ] ] } },
{ "type": "Feature", "properties": { "FeatClass": "Fee", "Category": "Fee", "Own_Type": "STAT", "Own_Name": "SFW", "Loc_Own": "Colorado Parks & Wildlife", "Mang_Type": "STAT", "Mang_Name": "SFW", "Loc_Mang": "Colorado Parks & Wildlife", "Des_Tp": "SP", "Loc_Ds": "State Parks", "Unit_Nm": "Staunton State Park", "Loc_Nm": "Staunton State Park", "State_Nm": "CO", "Agg_Src": "CNHP_PADUS4_0Easement_COMaP_Public_v20230223_CO", "GIS_Src": "Colorado Parks & Wildlife GIS - CPWParcelUpdate_2019+Control", "Src_Date": "2023/02/23", "GIS_Acres": 162, "Source_PAID": "", "WDPA_Cd": 0, "Pub_Access": "XA", "Access_Src": "COMaP", "Access_Dt": "2023", "GAP_Sts": "4", "GAPCdSrc": "GAP - Default", "GAPCdDt": "2024", "IUCN_Cat": "Unassigned", "IUCNCtSrc": "GAP - Default", "IUCNCtDt": "2024", "Date_Est": "", "Comments": "", "Term": null, "Duration": null, "d_FeatClass": "Fee", "d_Category": "Fee", "d_Own_Type": "State", "d_Own_Name": "State Fish and Wildlife", "d_Mang_Type": "State", "d_Mang_Name": "State Fish and Wildlife", "d_Des_Tp": "State Park", "d_State_Nm": "Colorado", "d_Pub_Access": "Closed", "d_GAP_Sts": "4 - no known mandate for biodiversity protection", "d_IUCN_Cat": "Unassigned", "Shape_Length": 3236.8204930780103, "Shape_Area": 654220.186262473, "cpwParkName": "Staunton State Park", "source": "USGS PAD-US" }, "geometry": { "type": "Polygon", "coordinates": [ [ [ -105.408669503499993, 39.526929431299983 ], [ -105.418094024300004, 39.52652536259999 ], [ -105.418144075399979, 39.5338079048 ], [ -105.408786852700004, 39.534226589599996 ], [ -105.408669503499993, 39.526929431299983 ] ] ] } },
{ "type": "Feature", "properties": { "FeatClass": "Fee", "Category": "Fee", "Own_Type": "STAT", "Own_Name": "SLB", "Loc_Own": "Colorado State Land Board", "Mang_Type": "STAT", "Mang_Name": "SFW", "Loc_Mang": "Colorado Parks & Wildlife", "Des_Tp": "SP", "Loc_Ds": "State Parks", "Unit_Nm": "Staunton State Park", "Loc_Nm": "Staunton State Park", "State_Nm": "CO", "Agg_Src": "CNHP_PADUS4_0Easement_COMaP_Public_v20230223_CO", "GIS_Src": "Colorado Parks & Wildlife GIS - CPWParcels", "Src_Date": "2015/08/04", "GIS_Acres": 542, "Source_PAID": "", "WDPA_Cd": 0, "Pub_Access": "XA", "Access_Src": "CNHP COMaP", "Access_Dt": "2016", "GAP_Sts": "4", "GAPCdSrc": "GAP - Default", "GAPCdDt": "2024", "IUCN_Cat": "Unassigned", "IUCNCtSrc": "GAP - Default", "IUCNCtDt": "2024", "Date_Est": "1998", "Comments": "TCF purchased from private landowner with Rec. No. 98661 on 19981211, Transferred to State Land Board with Unknown Rec. No. on unknown date.  Funding Partners: GOCO, TCF, Colorado State Parks.", "Term": null, "Duration": null, "d_FeatClass": "Fee", "d_Category": "Fee", "d_Own_Type": "State", "d_Own_Name": "State Land Board", "d_Mang_Type": "State", "d_Mang_Name": "State Fish and Wildlife", "d_Des_Tp": "State Park", "d_State_Nm": "Colorado", "d_Pub_Access": "Closed", "d_GAP_Sts": "4 - no known mandate for biodiversity protection", "d_IUCN_Cat": "Unassigned", "Shape_Length": 7350.7897382898591, "Shape_Area": 2193178.2982847597, "cpwParkName": "Staunton State Park", "source": "USGS PAD-US" }, "geometry": { "type": "Polygon", "coordinates": [ [ [ -105.41815419149998, 39.515576130899994 ], [ -105.413416177800002, 39.515763670600002 ], [ -105.413550687899985, 39.512102256199988 ], [ -105.399609226899983, 39.512530584099999 ], [ -105.399714766900004, 39.507809058699983 ], [ -105.403769651599987, 39.507327312900003 ], [ -105.405682223499994, 39.505364273499985 ], [ -105.411116848500001, 39.505269650399995 ], [ -105.410958760999989, 39.50375483469999 ], [ -105.413083634900005, 39.503125079199982 ], [ -105.412937090999989, 39.501631301099991 ], [ -105.41488149289998, 39.50027097209999 ], [ -105.423219389099998, 39.500783436799985 ], [ -105.424418427499987, 39.513189719 ], [ -105.41825150359999, 39.513462121099991 ], [ -105.41815419149998, 39.515576130899994 ] ] ] } },
{ "type": "Feature", "properties": { "FeatClass": "Fee", "Category": "Fee", "Own_Type": "STAT", "Own_Name": "SLB", "Loc_Own": "Colorado State Land Board", "Mang_Type": "STAT", "Mang_Name": "SFW", "Loc_Mang": "Colorado Parks & Wildlife", "Des_Tp": "SP", "Loc_Ds": "State Parks", "Unit_Nm": "Staunton State Park", "Loc_Nm": "Staunton State Park", "State_Nm": "CO", "Agg_Src": "CNHP_PADUS4_0Easement_COMaP_Public_v20230223_CO", "GIS_Src": "Colorado Parks & Wildlife GIS - CPWParcels", "Src_Date": "2023/02/23", "GIS_Acres": 83, "Source_PAID": "", "WDPA_Cd": 0, "Pub_Access": "XA", "Access_Src": "CNHP COMaP", "Access_Dt": "2016", "GAP_Sts": "4", "GAPCdSrc": "GAP - Default", "GAPCdDt": "2024", "IUCN_Cat": "Unassigned", "IUCNCtSrc": "GAP - Default", "IUCNCtDt": "2024", "Date_Est": "", "Comments": "", "Term": null, "Duration": null, "d_FeatClass": "Fee", "d_Category": "Fee", "d_Own_Type": "State", "d_Own_Name": "State Land Board", "d_Mang_Type": "State", "d_Mang_Name": "State Fish and Wildlife", "d_Des_Tp": "State Park", "d_State_Nm": "Colorado", "d_Pub_Access": "Closed", "d_GAP_Sts": "4 - no known mandate for biodiversity protection", "d_IUCN_Cat": "Unassigned", "Shape_Length": 2467.6771481085716, "Shape_Area": 334002.70167136349, "cpwParkName": "Staunton State Park", "source": "USGS PAD-US" }, "geometry": { "type": "Polygon", "coordinates": [ [ [ -105.38122225559998, 39.505045477599992 ], [ -105.381379715600005, 39.497646666699993 ], [ -105.386089812400002, 39.497728376 ], [ -105.385921478100002, 39.505188681 ], [ -105.38122225559998, 39.505045477599992 ] ] ] } },
{ "type": "Feature", "properties": { "FeatClass": "Fee", "Category": "Fee", "Own_Type": "STAT", "Own_Name": "SFW", "Loc_Own": "Colorado Parks & Wildlife", "Mang_Type": "STAT", "Mang_Name": "SFW", "Loc_Mang": "Colorado Parks & Wildlife", "Des_Tp": "SP", "Loc_Ds": "State Parks", "Unit_Nm": "Steamboat Lake State Park", "Loc_Nm": "Steamboat Lake State Park", "State_Nm": "CO", "Agg_Src": "CNHP_PADUS4_0Easement_COMaP_Public_v20230223_CO", "GIS_Src": "Colorado Parks & Wildlife GIS - CPWParcels", "Src_Date": "2023/02/23", "GIS_Acres": 2646, "Source_PAID": "", "WDPA_Cd": 0, "Pub_Access": "OA", "Access_Src": "CNHP COMaP", "Access_Dt": "2016", "GAP_Sts": "4", "GAPCdSrc": "GAP - Default", "GAPCdDt": "2024", "IUCN_Cat": "Unassigned", "IUCNCtSrc": "GAP - Default", "IUCNCtDt": "2024", "Date_Est": "", "Comments": "", "Term": null, "Duration": null, "d_FeatClass": "Fee", "d_Category": "Fee", "d_Own_Type": "State", "d_Own_Name": "State Fish and Wildlife", "d_Mang_Type": "State", "d_Mang_Name": "State Fish and Wildlife", "d_Des_Tp": "State Park", "d_State_Nm": "Colorado", "d_Pub_Access": "Open Access", "d_GAP_Sts": "4 - no known mandate for biodiversity protection", "d_IUCN_Cat": "Unassigned", "Shape_Length": 18768.316290013128, "Shape_Area": 10708651.25308926, "cpwParkName": "Steamboat Lake State Park", "source": "USGS PAD-US" }, "geometry": { "type": "MultiPolygon", "coordinates": [ [ [ [ -106.943235445900001, 40.813386171399991 ], [ -106.944423561499988, 40.812933086699992 ], [ -106.945540443799985, 40.806224617399991 ], [ -106.944563187899988, 40.8132784429 ], [ -106.943431629800003, 40.813608356799989 ], [ -106.943558930299986, 40.817518882599984 ], [ -106.943235445900001, 40.813386171399991 ] ] ], [ [ [ -106.964645920300001, 40.816079456199994 ], [ -106.954191367399986, 40.812066335 ], [ -106.951130453399983, 40.808323402799999 ], [ -106.945587325599988, 40.806050052999986 ], [ -106.945520149800004, 40.804949301799994 ], [ -106.940830388600006, 40.803819630199996 ], [ -106.940872645599981, 40.786929371299991 ], [ -106.9693303982, 40.786924286499996 ], [ -106.969523869900002, 40.785119514399995 ], [ -106.983913226599981, 40.785125648700003 ], [ -106.983914586899985, 40.784214635499993 ], [ -106.99228316049998, 40.785395856700006 ], [ -106.992245722700005, 40.789644842899996 ], [ -106.988662863599984, 40.789629113300009 ], [ -106.988664415399981, 40.790354966499997 ], [ -106.992267727799984, 40.790553161799998 ], [ -106.992538434500005, 40.792980533899993 ], [ -106.988684216, 40.794150022599993 ], [ -106.988664009199994, 40.79740696759999 ], [ -106.983856423800006, 40.796523327400003 ], [ -106.982655085499985, 40.801304544200001 ], [ -106.983895753099986, 40.801306442599987 ], [ -106.983934737300004, 40.80864648019999 ], [ -106.9791477861, 40.808638182599992 ], [ -106.979152994599986, 40.812295520899987 ], [ -106.964724420300001, 40.812488620400003 ], [ -106.964645920300001, 40.816079456199994 ] ] ] ] } },
{ "type": "Feature", "properties": { "FeatClass": "Fee", "Category": "Fee", "Own_Type": "STAT", "Own_Name": "SFW", "Loc_Own": "Colorado Parks & Wildlife", "Mang_Type": "STAT", "Mang_Name": "SFW", "Loc_Mang": "Colorado Parks & Wildlife", "Des_Tp": "SP", "Loc_Ds": "State Parks", "Unit_Nm": "Steamboat Lake State Park", "Loc_Nm": "Steamboat Lake State Park", "State_Nm": "CO", "Agg_Src": "CNHP_PADUS4_0Easement_COMaP_Public_v20230223_CO", "GIS_Src": "Colorado Parks & Wildlife GIS - CPWParcels", "Src_Date": "2023/02/23", "GIS_Acres": 5, "Source_PAID": "", "WDPA_Cd": 0, "Pub_Access": "XA", "Access_Src": "COMaP", "Access_Dt": "2023", "GAP_Sts": "4", "GAPCdSrc": "GAP - Default", "GAPCdDt": "2024", "IUCN_Cat": "Unassigned", "IUCNCtSrc": "GAP - Default", "IUCNCtDt": "2024", "Date_Est": "", "Comments": "", "Term": null, "Duration": null, "d_FeatClass": "Fee", "d_Category": "Fee", "d_Own_Type": "State", "d_Own_Name": "State Fish and Wildlife", "d_Mang_Type": "State", "d_Mang_Name": "State Fish and Wildlife", "d_Des_Tp": "State Park", "d_State_Nm": "Colorado", "d_Pub_Access": "Closed", "d_GAP_Sts": "4 - no known mandate for biodiversity protection", "d_IUCN_Cat": "Unassigned", "Shape_Length": 643.86852095660925, "Shape_Area": 22017.459598681118, "cpwParkName": "Steamboat Lake State Park", "source": "USGS PAD-US" }, "geometry": { "type": "Polygon", "coordinates": [ [ [ -106.966883444100006, 40.816858262700002 ], [ -106.964642824899997, 40.815428846800003 ], [ -106.967503566299996, 40.815993389600003 ], [ -106.966883444100006, 40.816858262700002 ] ] ] } },
{ "type": "Feature", "properties": { "FeatClass": "Fee", "Category": "Fee", "Own_Type": "STAT", "Own_Name": "SLB", "Loc_Own": "Colorado State Land Board", "Mang_Type": "STAT", "Mang_Name": "SFW", "Loc_Mang": "Colorado Parks & Wildlife", "Des_Tp": "SP", "Loc_Ds": "State Parks", "Unit_Nm": "Steamboat Lake State Park", "Loc_Nm": "Steamboat Lake State Park", "State_Nm": "CO", "Agg_Src": "CNHP_PADUS4_0Easement_COMaP_Public_v20230223_CO", "GIS_Src": "Colorado Parks & Wildlife GIS - CPWParcels", "Src_Date": "2023/02/23", "GIS_Acres": 166, "Source_PAID": "", "WDPA_Cd": 0, "Pub_Access": "OA", "Access_Src": "CNHP COMaP", "Access_Dt": "2016", "GAP_Sts": "4", "GAPCdSrc": "GAP - Default", "GAPCdDt": "2024", "IUCN_Cat": "Unassigned", "IUCNCtSrc": "GAP - Default", "IUCNCtDt": "2024", "Date_Est": "", "Comments": "", "Term": null, "Duration": null, "d_FeatClass": "Fee", "d_Category": "Fee", "d_Own_Type": "State", "d_Own_Name": "State Land Board", "d_Mang_Type": "State", "d_Mang_Name": "State Fish and Wildlife", "d_Des_Tp": "State Park", "d_State_Nm": "Colorado", "d_Pub_Access": "Open Access", "d_GAP_Sts": "4 - no known mandate for biodiversity protection", "d_IUCN_Cat": "Unassigned", "Shape_Length": 4348.615808460323, "Shape_Area": 672869.9409051917, "cpwParkName": "Steamboat Lake State Park", "source": "USGS PAD-US" }, "geometry": { "type": "Polygon", "coordinates": [ [ [ -106.964653627999979, 40.819747576 ], [ -106.95511663, 40.81975502249999 ], [ -106.955107287499999, 40.816120431 ], [ -106.950428564700005, 40.8161239951 ], [ -106.9503440238, 40.808823711299993 ], [ -106.954876679899982, 40.812835407 ], [ -106.964644308499999, 40.816401191700002 ], [ -106.964653627999979, 40.819747576 ] ] ] } },
{ "type": "Feature", "properties": { "FeatClass": "Fee", "Category": "Other", "Own_Type": "LOC", "Own_Name": "CNTY", "Loc_Own": "Routt County", "Mang_Type": "STAT", "Mang_Name": "SFW", "Loc_Mang": "Colorado Parks & Wildlife", "Des_Tp": "SP", "Loc_Ds": "State Parks", "Unit_Nm": "Steamboat Lake State Park", "Loc_Nm": "Steamboat Lake State Park", "State_Nm": "CO", "Agg_Src": "CNHP_PADUS4_0Easement_COMaP_Public_v20230223_CO", "GIS_Src": "Colorado Parks & Wildlife GIS - CPWParcels", "Src_Date": "2023/02/23", "GIS_Acres": 8, "Source_PAID": "", "WDPA_Cd": 0, "Pub_Access": "OA", "Access_Src": "CNHP COMaP", "Access_Dt": "2016", "GAP_Sts": "4", "GAPCdSrc": "GAP - Default", "GAPCdDt": "2024", "IUCN_Cat": "Unassigned", "IUCNCtSrc": "GAP - Default", "IUCNCtDt": "2024", "Date_Est": "", "Comments": "", "Term": null, "Duration": null, "d_FeatClass": "Fee", "d_Category": "Other", "d_Own_Type": "Local Government", "d_Own_Name": "County Land", "d_Mang_Type": "State", "d_Mang_Name": "State Fish and Wildlife", "d_Des_Tp": "State Park", "d_State_Nm": "Colorado", "d_Pub_Access": "Open Access", "d_GAP_Sts": "4 - no known mandate for biodiversity protection", "d_IUCN_Cat": "Unassigned", "Shape_Length": 2923.6605181305949, "Shape_Area": 31107.771641235155, "cpwParkName": "Steamboat Lake State Park", "source": "USGS PAD-US" }, "geometry": { "type": "Polygon", "coordinates": [ [ [ -106.964641425999986, 40.81640073829999 ], [ -106.95409495989999, 40.812273541700002 ], [ -106.951522411799999, 40.808838608399995 ], [ -106.954836627899979, 40.812530850100003 ], [ -106.964641425999986, 40.81640073829999 ] ] ] } },
{ "type": "Feature", "properties": { "FeatClass": "Fee", "Category": "Fee", "Own_Type": "STAT", "Own_Name": "SLB", "Loc_Own": "Colorado State Land Board", "Mang_Type": "STAT", "Mang_Name": "SFW", "Loc_Mang": "Colorado Parks & Wildlife", "Des_Tp": "SP", "Loc_Ds": "State Parks", "Unit_Nm": "State Forest State Park", "Loc_Nm": "State Forest State Park", "State_Nm": "CO", "Agg_Src": "CNHP_PADUS4_0Easement_COMaP_Public_v20230223_CO", "GIS_Src": "Colorado Parks & Wildlife GIS - CPWParcels", "Src_Date": "2023/02/23", "GIS_Acres": 71228, "Source_PAID": "", "WDPA_Cd": 0, "Pub_Access": "XA", "Access_Src": "CNHP COMaP", "Access_Dt": "2016", "GAP_Sts": "4", "GAPCdSrc": "GAP - Default", "GAPCdDt": "2024", "IUCN_Cat": "Unassigned", "IUCNCtSrc": "GAP - Default", "IUCNCtDt": "2024", "Date_Est": "", "Comments": "", "Term": null, "Duration": null, "d_FeatClass": "Fee", "d_Category": "Fee", "d_Own_Type": "State", "d_Own_Name": "State Land Board", "d_Mang_Type": "State", "d_Mang_Name": "State Fish and Wildlife", "d_Des_Tp": "State Park", "d_State_Nm": "Colorado", "d_Pub_Access": "Closed", "d_GAP_Sts": "4 - no known mandate for biodiversity protection", "d_IUCN_Cat": "Unassigned", "Shape_Length": 181669.80381723822, "Shape_Area": 288251261.5994575, "cpwParkName": "State Forest State Park", "source": "USGS PAD-US" }, "geometry": { "type": "Polygon", "coordinates": [ [ [ -106.121096643399994, 40.871669615899989 ], [ -106.121314316099983, 40.864373161400003 ], [ -106.114346313699997, 40.864405841099995 ], [ -106.114523671499981, 40.860881280499996 ], [ -106.107476904199984, 40.860922419699996 ], [ -106.108517371399984, 40.839715273499991 ], [ -106.10389629849999, 40.839757521799996 ], [ -106.103951081899993, 40.836155309699997 ], [ -106.09241270519999, 40.836313370399999 ], [ -106.092411796399986, 40.832654110699991 ], [ -106.087774220200004, 40.832694339299998 ], [ -106.087751138399994, 40.829012408200001 ], [ -106.078240105600003, 40.828979587900001 ], [ -106.078260281899986, 40.821635591399996 ], [ -106.071070055899995, 40.82159863279999 ], [ -106.071061099799991, 40.817932856499993 ], [ -106.059005078099986, 40.8178199659 ], [ -106.058963646899997, 40.814149886799989 ], [ -106.054103368199989, 40.812936775799997 ], [ -106.053995615299982, 40.80677779989999 ], [ -106.049122034, 40.805188666499994 ], [ -106.049069159200002, 40.803063538599993 ], [ -106.044250694599981, 40.803000441599984 ], [ -106.046053538199985, 40.794547061499991 ], [ -106.043871781899995, 40.788345437 ], [ -106.041285137799989, 40.788311781499999 ], [ -106.039001334299982, 40.784619204800002 ], [ -106.034233659999984, 40.784555114900002 ], [ -106.034211804499989, 40.769993079199992 ], [ -106.025260461399995, 40.769877137800002 ], [ -106.026678662099997, 40.768344428799992 ], [ -106.024716921799993, 40.766532050699986 ], [ -106.02469249249998, 40.755413228499997 ], [ -106.019977698199995, 40.754052021299998 ], [ -106.019979296599999, 40.748140381 ], [ -106.014434460499984, 40.748052091699996 ], [ -106.010638606900002, 40.740756567499993 ], [ -106.005898398699983, 40.737631934199996 ], [ -106.00594530959998, 40.733443175799991 ], [ -105.996415547399991, 40.733248483299995 ], [ -105.996508684, 40.726006682799991 ], [ -105.991750973999984, 40.725900915299995 ], [ -105.991973218899986, 40.71141130329999 ], [ -105.9889789506, 40.711366507799987 ], [ -105.987444779699985, 40.708411206299992 ], [ -105.982534613400006, 40.706681247399992 ], [ -105.98273201249998, 40.696985317099994 ], [ -105.971392854899989, 40.696712582799989 ], [ -105.971876884799983, 40.68160786819999 ], [ -105.96960412750002, 40.677852397099997 ], [ -105.967402611899985, 40.676608507499999 ], [ -105.968322989, 40.661675212 ], [ -105.959077074500001, 40.661645435700002 ], [ -105.959465761199993, 40.654677433 ], [ -105.956802091399993, 40.654672806199997 ], [ -105.954488441099983, 40.647678017599986 ], [ -105.95096447909998, 40.645689168499992 ], [ -105.950883189799981, 40.64337012619999 ], [ -105.948196321400005, 40.642221095499991 ], [ -105.94939463679998, 40.627392060799991 ], [ -105.945892542, 40.623567497999986 ], [ -105.947060357099986, 40.617898101299986 ], [ -105.946261139499995, 40.612243467799992 ], [ -105.944015170499995, 40.612178595099984 ], [ -105.940901578, 40.60963475789999 ], [ -105.940870712799992, 40.604828809099992 ], [ -105.9303268006, 40.604644038699995 ], [ -105.930189748900005, 40.597406489399994 ], [ -105.927570400800008, 40.597354778099998 ], [ -105.927679078099999, 40.59325003139999 ], [ -105.923976090899984, 40.582802341600001 ], [ -105.914081640399985, 40.582624351600003 ], [ -105.913563190700003, 40.568187460499999 ], [ -105.89920009159998, 40.568118570699994 ], [ -105.898873464499985, 40.538900085599984 ], [ -105.902210627800002, 40.524446737599995 ], [ -105.902021699499983, 40.51736580179999 ], [ -105.861291161500006, 40.517141000199992 ], [ -105.861246619500008, 40.513532081099996 ], [ -105.84690083709998, 40.513618773200008 ], [ -105.846801021699989, 40.488172831299998 ], [ -105.861056461800004, 40.488186068600001 ], [ -105.861036708, 40.484560821199999 ], [ -105.875262558699987, 40.484754471899997 ], [ -105.875229967999985, 40.481128840099991 ], [ -105.895578379200003, 40.481449519199991 ], [ -105.895503030499981, 40.47790638739999 ], [ -105.900697379799979, 40.477975610100003 ], [ -105.90061283999998, 40.474416282100002 ], [ -105.93937814009999, 40.474799850099991 ], [ -105.939430689499986, 40.482030549399994 ], [ -105.968033438800006, 40.482372158300002 ], [ -105.96904530949999, 40.493357719 ], [ -105.981051241299994, 40.493513820499999 ], [ -105.981092949899988, 40.497160749599992 ], [ -105.9904277479, 40.497297978099994 ], [ -105.990455941600004, 40.5009294818 ], [ -106.009063257499989, 40.50108707159999 ], [ -106.009053489499991, 40.504681571099994 ], [ -106.013713259400006, 40.504686781399997 ], [ -106.013699461599984, 40.508288558399983 ], [ -106.018355930399991, 40.508300932099992 ], [ -106.018247948699994, 40.515503959099995 ], [ -106.027703721500004, 40.515510791899992 ], [ -106.027764452400007, 40.519050870499996 ], [ -106.00918508449999, 40.519163156499992 ], [ -106.009085560399996, 40.540932428799998 ], [ -106.023312662500018, 40.540848818499995 ], [ -106.023333188099983, 40.5443362372 ], [ -106.025687881099998, 40.544290011899996 ], [ -106.02573053270001, 40.547742876900003 ], [ -106.030464752699999, 40.5474493448 ], [ -106.03051482879998, 40.550862843899999 ], [ -106.035235339599993, 40.5504306813 ], [ -106.035189913099984, 40.547039304699986 ], [ -106.032783019099995, 40.547230248199995 ], [ -106.032762438999981, 40.542406222499984 ], [ -106.02803292, 40.542534098 ], [ -106.028009530299997, 40.540824721200003 ], [ -106.037471743899999, 40.540760463399991 ], [ -106.037896704599987, 40.582993683299996 ], [ -106.027824788, 40.583001419200002 ], [ -106.027630805599983, 40.597774551599997 ], [ -106.022943649999988, 40.597783576399998 ], [ -106.022965371699996, 40.595948952599997 ], [ -106.018275560899994, 40.595969770499991 ], [ -106.01836295779998, 40.6068289221 ], [ -106.023067250799997, 40.606824724199996 ], [ -106.023113305399988, 40.61588555 ], [ -106.01839466509999, 40.615905925799993 ], [ -106.018246176199995, 40.626764503699995 ], [ -106.013492277500006, 40.6267942124 ], [ -106.013395199299993, 40.63041807039999 ], [ -106.015788084199997, 40.630406563400001 ], [ -106.015825851399981, 40.63404796519999 ], [ -106.01808297449999, 40.634132363500001 ], [ -106.018003481199997, 40.637718722299986 ], [ -106.027585568799992, 40.637907672200001 ], [ -106.027561430599988, 40.674159562100002 ], [ -106.022613583999984, 40.673858470500001 ], [ -106.021361366700006, 40.691780213899996 ], [ -106.018511567499999, 40.697532828499995 ], [ -106.020774831499992, 40.697574269699992 ], [ -106.020156632600006, 40.719206844499993 ], [ -106.029536799499979, 40.719385326199998 ], [ -106.029481003599983, 40.726631781800002 ], [ -106.038841698799999, 40.726699774300002 ], [ -106.038832545899979, 40.741181188799992 ], [ -106.048341824299982, 40.741251034500003 ], [ -106.048387546100003, 40.75580501 ], [ -106.058187972100001, 40.756096813900001 ], [ -106.058184407900001, 40.770455529800003 ], [ -106.067929853600006, 40.770739613899998 ], [ -106.068181466400006, 40.785013378699993 ], [ -106.1070857574, 40.785289881699988 ], [ -106.106673996099985, 40.799907394899996 ], [ -106.125845525299994, 40.80004491079999 ], [ -106.125246091899996, 40.821856005899996 ], [ -106.106505356099987, 40.821697720299994 ], [ -106.106390425099988, 40.828941774799993 ], [ -106.124972304299988, 40.829052037 ], [ -106.1247281343, 40.84327586269999 ], [ -106.152962828100002, 40.843958483100003 ], [ -106.153191974999984, 40.836816408699995 ], [ -106.162745289999989, 40.837050098799985 ], [ -106.162442329599983, 40.84428593940001 ], [ -106.177047251800005, 40.844642078999989 ], [ -106.176880451199992, 40.848271096699996 ], [ -106.181742146399984, 40.848426091500009 ], [ -106.180321892899997, 40.873700218299994 ], [ -106.199194959799996, 40.873666694599997 ], [ -106.198699006199988, 40.880470288 ], [ -106.212922055999982, 40.881024700899992 ], [ -106.212458891599994, 40.888157051299999 ], [ -106.217211649699991, 40.888440087399992 ], [ -106.216415700400006, 40.902906226199988 ], [ -106.1975591514, 40.901651707 ], [ -106.198200535999987, 40.887307897799992 ], [ -106.179246224799982, 40.8881366038 ], [ -106.145880008899994, 40.886500331800001 ], [ -106.146509590299985, 40.879261282499996 ], [ -106.141747808700003, 40.879025548099996 ], [ -106.142399827199981, 40.871783898099984 ], [ -106.121096643399994, 40.871669615899989 ] ], [ [ -106.097221182300004, 40.799830323199991 ], [ -106.087787157499989, 40.799754242699997 ], [ -106.087752259199988, 40.807054010199998 ], [ -106.097199703300006, 40.80711769 ], [ -106.097221182300004, 40.799830323199991 ] ], [ [ -105.963262216099992, 40.496722396599999 ], [ -105.944612168799992, 40.500052981099991 ], [ -105.944674592599995, 40.503683477700001 ], [ -105.960220811999989, 40.500782114400003 ], [ -105.963262216099992, 40.496722396599999 ] ] ] } },
{ "type": "Feature", "properties": { "FeatClass": "Fee", "Category": "Fee", "Own_Type": "STAT", "Own_Name": "SFW", "Loc_Own": "Colorado Parks & Wildlife", "Mang_Type": "STAT", "Mang_Name": "SFW", "Loc_Mang": "Colorado Parks & Wildlife", "Des_Tp": "SP", "Loc_Ds": "State Parks", "Unit_Nm": "Sweitzer Lake State Park", "Loc_Nm": "Sweitzer Lake State Park", "State_Nm": "CO", "Agg_Src": "CNHP_PADUS4_0Easement_COMaP_Public_v20230223_CO", "GIS_Src": "Colorado Parks & Wildlife GIS - CPWParcels", "Src_Date": "2023/02/23", "GIS_Acres": 210, "Source_PAID": "", "WDPA_Cd": 0, "Pub_Access": "OA", "Access_Src": "CNHP COMaP", "Access_Dt": "2016", "GAP_Sts": "4", "GAPCdSrc": "GAP - Default", "GAPCdDt": "2024", "IUCN_Cat": "Unassigned", "IUCNCtSrc": "GAP - Default", "IUCNCtDt": "2024", "Date_Est": "", "Comments": "", "Term": null, "Duration": null, "d_FeatClass": "Fee", "d_Category": "Fee", "d_Own_Type": "State", "d_Own_Name": "State Fish and Wildlife", "d_Mang_Type": "State", "d_Mang_Name": "State Fish and Wildlife", "d_Des_Tp": "State Park", "d_State_Nm": "Colorado", "d_Pub_Access": "Open Access", "d_GAP_Sts": "4 - no known mandate for biodiversity protection", "d_IUCN_Cat": "Unassigned", "Shape_Length": 4812.1426442696502, "Shape_Area": 851359.42963303777, "cpwParkName": "Sweitzer Lake State Park", "source": "USGS PAD-US" }, "geometry": { "type": "Polygon", "coordinates": [ [ [ -108.038768755999982, 38.715105272299986 ], [ -108.0377634978, 38.714286761899992 ], [ -108.023726773399986, 38.715594795099996 ], [ -108.025016039700006, 38.714752818 ], [ -108.023160352399998, 38.713684280400003 ], [ -108.024030800599988, 38.713175607099991 ], [ -108.022744935700004, 38.711267495599991 ], [ -108.036470784599999, 38.708438738399998 ], [ -108.040008030300001, 38.711849993899996 ], [ -108.042198315199997, 38.712035722899991 ], [ -108.042194921299981, 38.713511881399995 ], [ -108.038768755999982, 38.715105272299986 ] ] ] } },
{ "type": "Feature", "properties": { "FeatClass": "Fee", "Category": "Fee", "Own_Type": "STAT", "Own_Name": "SFW", "Loc_Own": "Colorado Parks & Wildlife", "Mang_Type": "STAT", "Mang_Name": "SFW", "Loc_Mang": "Colorado Parks & Wildlife", "Des_Tp": "SP", "Loc_Ds": "State Parks", "Unit_Nm": "Sylvan Lake State Park", "Loc_Nm": "Sylvan Lake State Park", "State_Nm": "CO", "Agg_Src": "CNHP_PADUS4_0Easement_COMaP_Public_v20230223_CO", "GIS_Src": "Colorado Parks & Wildlife GIS - CPWParcels", "Src_Date": "2015/08/04", "GIS_Acres": 619, "Source_PAID": "", "WDPA_Cd": 0, "Pub_Access": "XA", "Access_Src": "CNHP COMaP", "Access_Dt": "2016", "GAP_Sts": "4", "GAPCdSrc": "GAP - Default", "GAPCdDt": "2024", "IUCN_Cat": "Unassigned", "IUCNCtSrc": "GAP - Default", "IUCNCtDt": "2024", "Date_Est": "1999", "Comments": "Funding Partners: GOCO, Colorado State Parks, TCF.", "Term": null, "Duration": null, "d_FeatClass": "Fee", "d_Category": "Fee", "d_Own_Type": "State", "d_Own_Name": "State Fish and Wildlife", "d_Mang_Type": "State", "d_Mang_Name": "State Fish and Wildlife", "d_Des_Tp": "State Park", "d_State_Nm": "Colorado", "d_Pub_Access": "Closed", "d_GAP_Sts": "4 - no known mandate for biodiversity protection", "d_IUCN_Cat": "Unassigned", "Shape_Length": 15892.202145741878, "Shape_Area": 2506279.8323266464, "cpwParkName": "Sylvan Lake State Park", "source": "USGS PAD-US" }, "geometry": { "type": "MultiPolygon", "coordinates": [ [ [ [ -106.704388695, 39.53680228 ], [ -106.702074863899995, 39.536161294899991 ], [ -106.702086002899989, 39.532550147299993 ], [ -106.69744706649999, 39.53254543269999 ], [ -106.697452069199983, 39.528932931299998 ], [ -106.6928069816, 39.528927621400001 ], [ -106.692805825400001, 39.525314645099996 ], [ -106.688189607299989, 39.525315102199983 ], [ -106.688214632199987, 39.523585313499993 ], [ -106.690504228999984, 39.523584870900002 ], [ -106.69054284229999, 39.521679702899995 ], [ -106.69513953489998, 39.521703231200007 ], [ -106.695131426399996, 39.525317532599992 ], [ -106.702108261199996, 39.525326024499989 ], [ -106.702103525299989, 39.5271283736 ], [ -106.704430965699984, 39.527131939 ], [ -106.704419528499983, 39.528940912099984 ], [ -106.706741901099988, 39.528943737499993 ], [ -106.706733295799992, 39.530749164099994 ], [ -106.709054213799988, 39.530751633899989 ], [ -106.7090341408, 39.53433704479999 ], [ -106.711352156400011, 39.534317908799999 ], [ -106.711340215, 39.53616865339999 ], [ -106.7090294427, 39.53621129519999 ], [ -106.709007248299997, 39.537964124999988 ], [ -106.704384128100003, 39.537968610099995 ], [ -106.704388695, 39.53680228 ] ] ], [ [ [ -106.76085330090001, 39.546557358400001 ], [ -106.753297977, 39.54684402889999 ], [ -106.753172890599984, 39.539623332 ], [ -106.749778072199987, 39.539629099199992 ], [ -106.750880409499985, 39.528907338 ], [ -106.748545122500005, 39.528912078099992 ], [ -106.748563782299996, 39.521648280799987 ], [ -106.753227622899999, 39.521646496 ], [ -106.753208557499988, 39.525324958099993 ], [ -106.755548568899997, 39.525324436399998 ], [ -106.755565807699995, 39.532471709399999 ], [ -106.753222743999984, 39.532479144899995 ], [ -106.753198669399993, 39.535933610699992 ], [ -106.756192460500003, 39.536155703399992 ], [ -106.75620028580002, 39.542886829599993 ], [ -106.760839304699985, 39.542892035599991 ], [ -106.76085330090001, 39.546557358400001 ] ] ] ] } },
{ "type": "Feature", "properties": { "FeatClass": "Fee", "Category": "Fee", "Own_Type": "STAT", "Own_Name": "SFW", "Loc_Own": "Colorado Parks & Wildlife", "Mang_Type": "STAT", "Mang_Name": "SFW", "Loc_Mang": "Colorado Parks & Wildlife", "Des_Tp": "SP", "Loc_Ds": "State Parks", "Unit_Nm": "Sylvan Lake State Park", "Loc_Nm": "Sylvan Lake State Park", "State_Nm": "CO", "Agg_Src": "CNHP_PADUS4_0Easement_COMaP_Public_v20230223_CO", "GIS_Src": "Colorado Parks & Wildlife GIS - CPWParcels", "Src_Date": "2023/02/23", "GIS_Acres": 160, "Source_PAID": "", "WDPA_Cd": 0, "Pub_Access": "OA", "Access_Src": "CNHP COMaP", "Access_Dt": "2016", "GAP_Sts": "4", "GAPCdSrc": "GAP - Default", "GAPCdDt": "2024", "IUCN_Cat": "Unassigned", "IUCNCtSrc": "GAP - Default", "IUCNCtDt": "2024", "Date_Est": "", "Comments": "", "Term": null, "Duration": null, "d_FeatClass": "Fee", "d_Category": "Fee", "d_Own_Type": "State", "d_Own_Name": "State Fish and Wildlife", "d_Mang_Type": "State", "d_Mang_Name": "State Fish and Wildlife", "d_Des_Tp": "State Park", "d_State_Nm": "Colorado", "d_Pub_Access": "Open Access", "d_GAP_Sts": "4 - no known mandate for biodiversity protection", "d_IUCN_Cat": "Unassigned", "Shape_Length": 4008.0848048570374, "Shape_Area": 645863.90515748353, "cpwParkName": "Sylvan Lake State Park", "source": "USGS PAD-US" }, "geometry": { "type": "Polygon", "coordinates": [ [ [ -106.725668158900007, 39.481952012899988 ], [ -106.725633018500019, 39.478329919699995 ], [ -106.730299071900006, 39.478334534 ], [ -106.730295372900002, 39.474712198499994 ], [ -106.734965414200005, 39.474713007499993 ], [ -106.734967598899999, 39.478335091399991 ], [ -106.739636151799999, 39.478335481899997 ], [ -106.739636826500004, 39.481957346799987 ], [ -106.725668158900007, 39.481952012899988 ] ] ] } },
{ "type": "Feature", "properties": { "FeatClass": "Fee", "Category": "Fee", "Own_Type": "STAT", "Own_Name": "SLB", "Loc_Own": "Colorado State Land Board", "Mang_Type": "STAT", "Mang_Name": "SFW", "Loc_Mang": "Colorado Parks & Wildlife", "Des_Tp": "SP", "Loc_Ds": "State Parks", "Unit_Nm": "Sylvan Lake State Park", "Loc_Nm": "Sylvan Lake State Park", "State_Nm": "CO", "Agg_Src": "CNHP_PADUS4_0Easement_COMaP_Public_v20230223_CO", "GIS_Src": "Colorado Parks & Wildlife GIS - CPWParcels", "Src_Date": "2015/08/04", "GIS_Acres": 247, "Source_PAID": "", "WDPA_Cd": 0, "Pub_Access": "XA", "Access_Src": "CNHP COMaP", "Access_Dt": "2016", "GAP_Sts": "4", "GAPCdSrc": "GAP - Default", "GAPCdDt": "2024", "IUCN_Cat": "Unassigned", "IUCNCtSrc": "GAP - Default", "IUCNCtDt": "2024", "Date_Est": "1999", "Comments": "Funding Partners: GOCO, Colorado State Parks, TCF.", "Term": null, "Duration": null, "d_FeatClass": "Fee", "d_Category": "Fee", "d_Own_Type": "State", "d_Own_Name": "State Land Board", "d_Mang_Type": "State", "d_Mang_Name": "State Fish and Wildlife", "d_Des_Tp": "State Park", "d_State_Nm": "Colorado", "d_Pub_Access": "Closed", "d_GAP_Sts": "4 - no known mandate for biodiversity protection", "d_IUCN_Cat": "Unassigned", "Shape_Length": 7032.758274910836, "Shape_Area": 998743.57463073207, "cpwParkName": "Sylvan Lake State Park", "source": "USGS PAD-US" }, "geometry": { "type": "MultiPolygon", "coordinates": [ [ [ [ -106.714245996599999, 39.536045521799991 ], [ -106.731317957899989, 39.536076482200002 ], [ -106.731309738999983, 39.539681860299993 ], [ -106.72080803019999, 39.539731980699997 ], [ -106.72084382769998, 39.537738564 ], [ -106.714289495900005, 39.537814115 ], [ -106.714245996599999, 39.536045521799991 ] ] ], [ [ [ -106.734802542199986, 39.5396736418 ], [ -106.734812576300001, 39.536070889399994 ], [ -106.74880956989999, 39.536054611099999 ], [ -106.748794521700006, 39.539651752599994 ], [ -106.734802542199986, 39.5396736418 ] ] ] ] } },
{ "type": "Feature", "properties": { "FeatClass": "Fee", "Category": "Fee", "Own_Type": "STAT", "Own_Name": "SLB", "Loc_Own": "Colorado State Land Board", "Mang_Type": "STAT", "Mang_Name": "SFW", "Loc_Mang": "Colorado Parks & Wildlife", "Des_Tp": "SP", "Loc_Ds": "State Parks", "Unit_Nm": "Sylvan Lake State Park", "Loc_Nm": "Sylvan Lake State Park", "State_Nm": "CO", "Agg_Src": "CNHP_PADUS4_0Easement_COMaP_Public_v20230223_CO", "GIS_Src": "Colorado Parks & Wildlife GIS - CPWParcels", "Src_Date": "2023/02/23", "GIS_Acres": 120, "Source_PAID": "", "WDPA_Cd": 0, "Pub_Access": "OA", "Access_Src": "CNHP COMaP", "Access_Dt": "2016", "GAP_Sts": "4", "GAPCdSrc": "GAP - Default", "GAPCdDt": "2024", "IUCN_Cat": "Unassigned", "IUCNCtSrc": "GAP - Default", "IUCNCtDt": "2024", "Date_Est": "", "Comments": "", "Term": null, "Duration": null, "d_FeatClass": "Fee", "d_Category": "Fee", "d_Own_Type": "State", "d_Own_Name": "State Land Board", "d_Mang_Type": "State", "d_Mang_Name": "State Fish and Wildlife", "d_Des_Tp": "State Park", "d_State_Nm": "Colorado", "d_Pub_Access": "Open Access", "d_GAP_Sts": "4 - no known mandate for biodiversity protection", "d_IUCN_Cat": "Unassigned", "Shape_Length": 6230.1122155588046, "Shape_Area": 483877.53195801243, "cpwParkName": "Sylvan Lake State Park", "source": "USGS PAD-US" }, "geometry": { "type": "MultiPolygon", "coordinates": [ [ [ [ -106.727966043500004, 39.478332246099995 ], [ -106.7279589483, 39.469275111799995 ], [ -106.730290408100004, 39.469278571399983 ], [ -106.730292889099985, 39.471995382999985 ], [ -106.732628402499984, 39.471995862599989 ], [ -106.73263039619998, 39.474712627300008 ], [ -106.730295372900002, 39.474712198499994 ], [ -106.730299071900006, 39.478334534 ], [ -106.727966043500004, 39.478332246099995 ] ] ], [ [ [ -106.734965454399983, 39.474758691899993 ], [ -106.736132919200003, 39.474713178399995 ], [ -106.736134738599986, 39.478335207199997 ], [ -106.734967598899999, 39.478335091399991 ], [ -106.734965454399983, 39.474758691899993 ] ] ], [ [ [ -106.727967858799985, 39.482183963600001 ], [ -106.739636826500004, 39.481957346799987 ], [ -106.739626351899986, 39.4837633044 ], [ -106.730292729499979, 39.483761968400003 ], [ -106.727967858799985, 39.482183963600001 ] ] ] ] } },
{ "type": "Feature", "properties": { "FeatClass": "Fee", "Category": "Fee", "Own_Type": "FED", "Own_Name": "USACE", "Loc_Own": "US Army Corp of Engineers", "Mang_Type": "STAT", "Mang_Name": "SFW", "Loc_Mang": "Colorado Parks & Wildlife", "Des_Tp": "SP", "Loc_Ds": "State Parks", "Unit_Nm": "Trinidad Lake State Park", "Loc_Nm": "Trinidad Lake State Park", "State_Nm": "CO", "Agg_Src": "CNHP_PADUS4_0Easement_COMaP_Public_v20230223_CO", "GIS_Src": "Colorado Parks & Wildlife GIS - CPWParcels", "Src_Date": "2023/02/23", "GIS_Acres": 2904, "Source_PAID": "", "WDPA_Cd": 0, "Pub_Access": "OA", "Access_Src": "COMaP", "Access_Dt": "2023", "GAP_Sts": "4", "GAPCdSrc": "GAP - Default", "GAPCdDt": "2024", "IUCN_Cat": "Unassigned", "IUCNCtSrc": "GAP - Default", "IUCNCtDt": "2024", "Date_Est": "", "Comments": "", "Term": null, "Duration": null, "d_FeatClass": "Fee", "d_Category": "Fee", "d_Own_Type": "Federal", "d_Own_Name": "Army Corps of Engineers", "d_Mang_Type": "State", "d_Mang_Name": "State Fish and Wildlife", "d_Des_Tp": "State Park", "d_State_Nm": "Colorado", "d_Pub_Access": "Open Access", "d_GAP_Sts": "4 - no known mandate for biodiversity protection", "d_IUCN_Cat": "Unassigned", "Shape_Length": 25992.463703795609, "Shape_Area": 11750448.635144439, "cpwParkName": "Trinidad Lake State Park", "source": "USGS PAD-US" }, "geometry": { "type": "MultiPolygon", "coordinates": [ [ [ [ -104.541094324699984, 37.140402628899999 ], [ -104.542383728, 37.139425765099986 ], [ -104.546840721899983, 37.142913663599998 ], [ -104.545291608299991, 37.144391921099995 ], [ -104.541094324699984, 37.140402628899999 ] ] ], [ [ [ -104.568495240599987, 37.153050210099991 ], [ -104.567109180900005, 37.149717467099997 ], [ -104.561547118799979, 37.15018950959999 ], [ -104.541162089299988, 37.134674229399998 ], [ -104.536145426700003, 37.1333136083 ], [ -104.536474618899987, 37.128211618699986 ], [ -104.540334245599979, 37.127113394099993 ], [ -104.548659251399997, 37.134667759699994 ], [ -104.5543769911, 37.133517578599992 ], [ -104.554376253299992, 37.131732812499983 ], [ -104.558880859099986, 37.131844449399985 ], [ -104.558892104499989, 37.133197021299992 ], [ -104.564354873599996, 37.130332198699989 ], [ -104.572497671, 37.131745631199983 ], [ -104.572503674199979, 37.128703321599993 ], [ -104.595092013599981, 37.128021082099984 ], [ -104.598144631699995, 37.122641007 ], [ -104.596055359900006, 37.120213624199998 ], [ -104.601745759900012, 37.120710653399996 ], [ -104.601678279200001, 37.117987256399985 ], [ -104.603637929, 37.117954403499994 ], [ -104.604975829300002, 37.1208251451 ], [ -104.604117486600003, 37.128010834 ], [ -104.61238882489998, 37.125969708699984 ], [ -104.61290936189998, 37.124548460699984 ], [ -104.621308856499994, 37.124587881599993 ], [ -104.6211388575, 37.125641994699997 ], [ -104.625517066599997, 37.127832843 ], [ -104.626092296199985, 37.13168340459999 ], [ -104.613088895699988, 37.131836526399994 ], [ -104.612999915900005, 37.135540145599997 ], [ -104.601164108299997, 37.135253023299988 ], [ -104.601193936499996, 37.136785524299995 ], [ -104.598935375499991, 37.136741834799992 ], [ -104.598822879300002, 37.138850766399997 ], [ -104.595305809400003, 37.138829766499995 ], [ -104.5952248798, 37.142651506299998 ], [ -104.586014749900016, 37.142565518699996 ], [ -104.585937483199999, 37.149736008399998 ], [ -104.572623376500005, 37.149718502899994 ], [ -104.572637057400001, 37.15198299930001 ], [ -104.568495240599987, 37.153050210099991 ] ] ] ] } },
{ "type": "Feature", "properties": { "FeatClass": "Fee", "Category": "Fee", "Own_Type": "STAT", "Own_Name": "SFW", "Loc_Own": "Colorado Parks & Wildlife", "Mang_Type": "STAT", "Mang_Name": "SFW", "Loc_Mang": "Colorado Parks & Wildlife", "Des_Tp": "SP", "Loc_Ds": "State Parks", "Unit_Nm": "Trinidad Lake State Park", "Loc_Nm": "Trinidad Lake State Park", "State_Nm": "CO", "Agg_Src": "CNHP_PADUS4_0Easement_COMaP_Public_v20230223_CO", "GIS_Src": "Colorado Parks & Wildlife GIS - CPWParcels", "Src_Date": "2023/02/23", "GIS_Acres": 230, "Source_PAID": "", "WDPA_Cd": 0, "Pub_Access": "OA", "Access_Src": "CNHP COMaP", "Access_Dt": "2016", "GAP_Sts": "4", "GAPCdSrc": "GAP - Default", "GAPCdDt": "2024", "IUCN_Cat": "Unassigned", "IUCNCtSrc": "GAP - Default", "IUCNCtDt": "2024", "Date_Est": "", "Comments": "", "Term": null, "Duration": null, "d_FeatClass": "Fee", "d_Category": "Fee", "d_Own_Type": "State", "d_Own_Name": "State Fish and Wildlife", "d_Mang_Type": "State", "d_Mang_Name": "State Fish and Wildlife", "d_Des_Tp": "State Park", "d_State_Nm": "Colorado", "d_Pub_Access": "Open Access", "d_GAP_Sts": "4 - no known mandate for biodiversity protection", "d_IUCN_Cat": "Unassigned", "Shape_Length": 5701.5319817534109, "Shape_Area": 929490.44203027315, "cpwParkName": "Trinidad Lake State Park", "source": "USGS PAD-US" }, "geometry": { "type": "Polygon", "coordinates": [ [ [ -104.59953885020002, 37.120696703699991 ], [ -104.599741153500005, 37.113686702399988 ], [ -104.611576654499999, 37.114336916 ], [ -104.611353544099984, 37.117849337299994 ], [ -104.612991749200006, 37.118388764699986 ], [ -104.604010212599988, 37.127841824800001 ], [ -104.604975829300002, 37.1208251451 ], [ -104.603637929, 37.117954403499994 ], [ -104.601678279200001, 37.117987256399985 ], [ -104.601745759900012, 37.120710653399996 ], [ -104.59953885020002, 37.120696703699991 ] ] ] } },
{ "type": "Feature", "properties": { "FeatClass": "Fee", "Category": "Fee", "Own_Type": "STAT", "Own_Name": "SLB", "Loc_Own": "Colorado State Land Board", "Mang_Type": "STAT", "Mang_Name": "SFW", "Loc_Mang": "Colorado Parks & Wildlife", "Des_Tp": "SP", "Loc_Ds": "State Parks", "Unit_Nm": "Trinidad Lake State Park", "Loc_Nm": "Trinidad Lake State Park", "State_Nm": "CO", "Agg_Src": "CNHP_PADUS4_0Easement_COMaP_Public_v20230223_CO", "GIS_Src": "Colorado Parks & Wildlife GIS - CPWParcels", "Src_Date": "2023/02/23", "GIS_Acres": 94, "Source_PAID": "", "WDPA_Cd": 0, "Pub_Access": "OA", "Access_Src": "CNHP COMaP", "Access_Dt": "2016", "GAP_Sts": "4", "GAPCdSrc": "GAP - Default", "GAPCdDt": "2024", "IUCN_Cat": "Unassigned", "IUCNCtSrc": "GAP - Default", "IUCNCtDt": "2024", "Date_Est": "", "Comments": "", "Term": null, "Duration": null, "d_FeatClass": "Fee", "d_Category": "Fee", "d_Own_Type": "State", "d_Own_Name": "State Land Board", "d_Mang_Type": "State", "d_Mang_Name": "State Fish and Wildlife", "d_Des_Tp": "State Park", "d_State_Nm": "Colorado", "d_Pub_Access": "Open Access", "d_GAP_Sts": "4 - no known mandate for biodiversity protection", "d_IUCN_Cat": "Unassigned", "Shape_Length": 2725.3284028775474, "Shape_Area": 378620.49429906061, "cpwParkName": "Trinidad Lake State Park", "source": "USGS PAD-US" }, "geometry": { "type": "Polygon", "coordinates": [ [ [ -104.613006305799985, 37.135480502599989 ], [ -104.613088895699988, 37.131836526399994 ], [ -104.624583099, 37.131701200599991 ], [ -104.622943319799987, 37.135308461599998 ], [ -104.613006305799985, 37.135480502599989 ] ] ] } },
{ "type": "Feature", "properties": { "FeatClass": "Fee", "Category": "Other", "Own_Type": "PVT", "Own_Name": "PVT", "Loc_Own": "Private", "Mang_Type": "STAT", "Mang_Name": "SFW", "Loc_Mang": "Colorado Parks & Wildlife", "Des_Tp": "SP", "Loc_Ds": "State Parks", "Unit_Nm": "Trinidad Lake State Park", "Loc_Nm": "Trinidad Lake State Park", "State_Nm": "CO", "Agg_Src": "CNHP_PADUS4_0Easement_COMaP_Public_v20230223_CO", "GIS_Src": "Colorado Parks & Wildlife GIS - CPWParcelUpdate_2019+Control", "Src_Date": "2023/02/23", "GIS_Acres": 1, "Source_PAID": "", "WDPA_Cd": 0, "Pub_Access": "XA", "Access_Src": "COMaP", "Access_Dt": "2023", "GAP_Sts": "4", "GAPCdSrc": "GAP - Default", "GAPCdDt": "2024", "IUCN_Cat": "Unassigned", "IUCNCtSrc": "GAP - Default", "IUCNCtDt": "2024", "Date_Est": "", "Comments": "", "Term": null, "Duration": null, "d_FeatClass": "Fee", "d_Category": "Other", "d_Own_Type": "Private", "d_Own_Name": "Private", "d_Mang_Type": "State", "d_Mang_Name": "State Fish and Wildlife", "d_Des_Tp": "State Park", "d_State_Nm": "Colorado", "d_Pub_Access": "Closed", "d_GAP_Sts": "4 - no known mandate for biodiversity protection", "d_IUCN_Cat": "Unassigned", "Shape_Length": 343.41147237795366, "Shape_Area": 4495.4597537399268, "cpwParkName": "Trinidad Lake State Park", "source": "USGS PAD-US" }, "geometry": { "type": "Polygon", "coordinates": [ [ [ -104.404796008599988, 37.248575366 ], [ -104.405257194599997, 37.247859644899997 ], [ -104.405807808099979, 37.248426517 ], [ -104.404796008599988, 37.248575366 ] ] ] } },
{ "type": "Feature", "properties": { "FeatClass": "Fee", "Category": "Fee", "Own_Type": "FED", "Own_Name": "USBR", "Loc_Own": "US Bureau of Reclamation", "Mang_Type": "STAT", "Mang_Name": "SPR", "Loc_Mang": "Colorado State Parks", "Des_Tp": "SP", "Loc_Ds": "State Parks", "Unit_Nm": "Vega State Park", "Loc_Nm": "Vega State Park", "State_Nm": "CO", "Agg_Src": "USGS_PADUS1_4Fee_USBR_PADUS1_3", "GIS_Src": "Colorado State Parks - col_bou_stpark_44_polys.shp", "Src_Date": "2005/04/15", "GIS_Acres": 1841, "Source_PAID": "", "WDPA_Cd": 0, "Pub_Access": "OA", "Access_Src": "CNHP COMaP", "Access_Dt": "2016", "GAP_Sts": "4", "GAPCdSrc": "GAP - Default", "GAPCdDt": "2024", "IUCN_Cat": "Unassigned", "IUCNCtSrc": "GAP - Default", "IUCNCtDt": "2024", "Date_Est": "", "Comments": "", "Term": null, "Duration": null, "d_FeatClass": "Fee", "d_Category": "Fee", "d_Own_Type": "Federal", "d_Own_Name": "Bureau of Reclamation", "d_Mang_Type": "State", "d_Mang_Name": "State Park and Recreation", "d_Des_Tp": "State Park", "d_State_Nm": "Colorado", "d_Pub_Access": "Open Access", "d_GAP_Sts": "4 - no known mandate for biodiversity protection", "d_IUCN_Cat": "Unassigned", "Shape_Length": 14309.230760794302, "Shape_Area": 7449976.4337751335, "cpwParkName": "Vega State Park", "source": "USGS PAD-US" }, "geometry": { "type": "Polygon", "coordinates": [ [ [ -107.788197867600005, 39.235690071399993 ], [ -107.788203780899991, 39.2338796875 ], [ -107.769589775399993, 39.233732487799998 ], [ -107.769520530600005, 39.226489856799986 ], [ -107.77089698479999, 39.222710221100002 ], [ -107.77877175339998, 39.219260774 ], [ -107.778796930699997, 39.220550769699997 ], [ -107.783540256899983, 39.221008049599995 ], [ -107.78518080969998, 39.218827586199986 ], [ -107.7928799572, 39.217453836299995 ], [ -107.797641539400004, 39.213619260899996 ], [ -107.800008501199997, 39.213667405700001 ], [ -107.802381863500017, 39.211911899899995 ], [ -107.815521520800004, 39.211600928299994 ], [ -107.815478180100015, 39.210366308799983 ], [ -107.816888826099998, 39.210336317 ], [ -107.816247499300005, 39.219128264499993 ], [ -107.821061944600004, 39.219127918 ], [ -107.82098453430001, 39.229448456599997 ], [ -107.815920527799989, 39.229890094600002 ], [ -107.813701809700007, 39.228224059399992 ], [ -107.802324764299996, 39.228233978200002 ], [ -107.799965289100001, 39.230049399199991 ], [ -107.799960381399984, 39.231852843699997 ], [ -107.797618298799989, 39.23188915459999 ], [ -107.797612788099997, 39.233705569900003 ], [ -107.792939780499992, 39.233792114599993 ], [ -107.792937762999983, 39.235603831399985 ], [ -107.788197867600005, 39.235690071399993 ] ] ] } },
{ "type": "Feature", "properties": { "FeatClass": "Fee", "Category": "Fee", "Own_Type": "FED", "Own_Name": "USBR", "Loc_Own": "US Bureau of Reclamation", "Mang_Type": "STAT", "Mang_Name": "SFW", "Loc_Mang": "Colorado Parks & Wildlife", "Des_Tp": "SP", "Loc_Ds": "State Parks", "Unit_Nm": "Vega State Park", "Loc_Nm": "Vega State Park", "State_Nm": "CO", "Agg_Src": "CNHP_PADUS4_0Easement_COMaP_Public_v20230223_CO", "GIS_Src": "Colorado Parks & Wildlife GIS - CPWParcels", "Src_Date": "2023/02/23", "GIS_Acres": 1841, "Source_PAID": "", "WDPA_Cd": 0, "Pub_Access": "OA", "Access_Src": "GAP - Default", "Access_Dt": "2024", "GAP_Sts": "4", "GAPCdSrc": "GAP - Default", "GAPCdDt": "2024", "IUCN_Cat": "Unassigned", "IUCNCtSrc": "GAP - Default", "IUCNCtDt": "2024", "Date_Est": "", "Comments": "", "Term": null, "Duration": null, "d_FeatClass": "Fee", "d_Category": "Fee", "d_Own_Type": "Federal", "d_Own_Name": "Bureau of Reclamation", "d_Mang_Type": "State", "d_Mang_Name": "State Fish and Wildlife", "d_Des_Tp": "State Park", "d_State_Nm": "Colorado", "d_Pub_Access": "Open Access", "d_GAP_Sts": "4 - no known mandate for biodiversity protection", "d_IUCN_Cat": "Unassigned", "Shape_Length": 14309.230760794302, "Shape_Area": 7449976.4337751335, "cpwParkName": "Vega State Park", "source": "USGS PAD-US" }, "geometry": { "type": "Polygon", "coordinates": [ [ [ -107.788197867600005, 39.235690071399993 ], [ -107.788203780899991, 39.2338796875 ], [ -107.769589775399993, 39.233732487799998 ], [ -107.769520530600005, 39.226489856799986 ], [ -107.77089698479999, 39.222710221100002 ], [ -107.77877175339998, 39.219260774 ], [ -107.778796930699997, 39.220550769699997 ], [ -107.783540256899983, 39.221008049599995 ], [ -107.78518080969998, 39.218827586199986 ], [ -107.7928799572, 39.217453836299995 ], [ -107.797641539400004, 39.213619260899996 ], [ -107.800008501199997, 39.213667405700001 ], [ -107.802381863500017, 39.211911899899995 ], [ -107.815521520800004, 39.211600928299994 ], [ -107.815478180100015, 39.210366308799983 ], [ -107.816888826099998, 39.210336317 ], [ -107.816247499300005, 39.219128264499993 ], [ -107.821061944600004, 39.219127918 ], [ -107.82098453430001, 39.229448456599997 ], [ -107.815920527799989, 39.229890094600002 ], [ -107.813701809700007, 39.228224059399992 ], [ -107.802324764299996, 39.228233978200002 ], [ -107.799965289100001, 39.230049399199991 ], [ -107.799960381399984, 39.231852843699997 ], [ -107.797618298799989, 39.23188915459999 ], [ -107.797612788099997, 39.233705569900003 ], [ -107.792939780499992, 39.233792114599993 ], [ -107.792937762999983, 39.235603831399985 ], [ -107.788197867600005, 39.235690071399993 ] ] ] } },
{ "type": "Feature", "properties": { "FeatClass": "Fee", "Category": "Fee", "Own_Type": "STAT", "Own_Name": "SFW", "Loc_Own": "Colorado Parks & Wildlife", "Mang_Type": "STAT", "Mang_Name": "SFW", "Loc_Mang": "Colorado Parks & Wildlife", "Des_Tp": "SP", "Loc_Ds": "State Parks", "Unit_Nm": "Yampa River State Park - Double Bridges", "Loc_Nm": "Yampa River State Park - Double Bridges", "State_Nm": "CO", "Agg_Src": "CNHP_PADUS4_0Easement_COMaP_Public_v20230223_CO", "GIS_Src": "Colorado Parks & Wildlife GIS - CPWParcels", "Src_Date": "2023/02/23", "GIS_Acres": 70, "Source_PAID": "", "WDPA_Cd": 0, "Pub_Access": "OA", "Access_Src": "COMaP", "Access_Dt": "2023", "GAP_Sts": "4", "GAPCdSrc": "GAP - Default", "GAPCdDt": "2024", "IUCN_Cat": "Unassigned", "IUCNCtSrc": "GAP - Default", "IUCNCtDt": "2024", "Date_Est": "", "Comments": "", "Term": null, "Duration": null, "d_FeatClass": "Fee", "d_Category": "Fee", "d_Own_Type": "State", "d_Own_Name": "State Fish and Wildlife", "d_Mang_Type": "State", "d_Mang_Name": "State Fish and Wildlife", "d_Des_Tp": "State Park", "d_State_Nm": "Colorado", "d_Pub_Access": "Open Access", "d_GAP_Sts": "4 - no known mandate for biodiversity protection", "d_IUCN_Cat": "Unassigned", "Shape_Length": 2273.0976417917291, "Shape_Area": 283548.32143085939, "cpwParkName": "Yampa River State Park", "source": "USGS PAD-US" }, "geometry": { "type": "Polygon", "coordinates": [ [ [ -107.305619941399982, 40.491135848199995 ], [ -107.308563495499982, 40.488961451799995 ], [ -107.315063989199984, 40.488038973999984 ], [ -107.315108961399986, 40.4920700658 ], [ -107.305619941399982, 40.491135848199995 ] ] ] } },
{ "type": "Feature", "properties": { "FeatClass": "Fee", "Category": "Fee", "Own_Type": "STAT", "Own_Name": "SFW", "Loc_Own": "Colorado Parks & Wildlife", "Mang_Type": "STAT", "Mang_Name": "SFW", "Loc_Mang": "Colorado Parks & Wildlife", "Des_Tp": "SP", "Loc_Ds": "State Parks", "Unit_Nm": "Yampa River State Park - Pump Station", "Loc_Nm": "Yampa River State Park - Pump Station", "State_Nm": "CO", "Agg_Src": "CNHP_PADUS4_0Easement_COMaP_Public_v20230223_CO", "GIS_Src": "Colorado Parks & Wildlife GIS - CPWParcels", "Src_Date": "2023/02/23", "GIS_Acres": 2, "Source_PAID": "", "WDPA_Cd": 0, "Pub_Access": "OA", "Access_Src": "COMaP", "Access_Dt": "2023", "GAP_Sts": "4", "GAPCdSrc": "GAP - Default", "GAPCdDt": "2024", "IUCN_Cat": "Unassigned", "IUCNCtSrc": "GAP - Default", "IUCNCtDt": "2024", "Date_Est": "", "Comments": "", "Term": null, "Duration": null, "d_FeatClass": "Fee", "d_Category": "Fee", "d_Own_Type": "State", "d_Own_Name": "State Fish and Wildlife", "d_Mang_Type": "State", "d_Mang_Name": "State Fish and Wildlife", "d_Des_Tp": "State Park", "d_State_Nm": "Colorado", "d_Pub_Access": "Open Access", "d_GAP_Sts": "4 - no known mandate for biodiversity protection", "d_IUCN_Cat": "Unassigned", "Shape_Length": 492.28813322896201, "Shape_Area": 9527.4443081528843, "cpwParkName": "Yampa River State Park", "source": "USGS PAD-US" }, "geometry": { "type": "Polygon", "coordinates": [ [ [ -107.160841942800005, 40.488442323399994 ], [ -107.158877227100007, 40.488055786 ], [ -107.161265453799999, 40.487918473099988 ], [ -107.160841942800005, 40.488442323399994 ] ] ] } },
{ "type": "Feature", "properties": { "FeatClass": "Fee", "Category": "Other", "Own_Type": "FED", "Own_Name": "BLM", "Loc_Own": "US Bureau of Land Management", "Mang_Type": "STAT", "Mang_Name": "SFW", "Loc_Mang": "Colorado Parks & Wildlife", "Des_Tp": "SP", "Loc_Ds": "State Parks", "Unit_Nm": "Yampa River State Park - Duffy Mountain", "Loc_Nm": "Yampa River State Park - Duffy Mountain", "State_Nm": "CO", "Agg_Src": "CNHP_PADUS4_0Easement_COMaP_Public_v20230223_CO", "GIS_Src": "Colorado Parks & Wildlife GIS - CPWParcels", "Src_Date": "2023/02/23", "GIS_Acres": 2, "Source_PAID": "", "WDPA_Cd": 0, "Pub_Access": "OA", "Access_Src": "COMaP", "Access_Dt": "2023", "GAP_Sts": "4", "GAPCdSrc": "GAP - Default", "GAPCdDt": "2024", "IUCN_Cat": "Unassigned", "IUCNCtSrc": "GAP - Default", "IUCNCtDt": "2024", "Date_Est": "", "Comments": "", "Term": null, "Duration": null, "d_FeatClass": "Fee", "d_Category": "Other", "d_Own_Type": "Federal", "d_Own_Name": "Bureau of Land Management", "d_Mang_Type": "State", "d_Mang_Name": "State Fish and Wildlife", "d_Des_Tp": "State Park", "d_State_Nm": "Colorado", "d_Pub_Access": "Open Access", "d_GAP_Sts": "4 - no known mandate for biodiversity protection", "d_IUCN_Cat": "Unassigned", "Shape_Length": 504.65484036546457, "Shape_Area": 9591.3047700855932, "cpwParkName": "Yampa River State Park", "source": "USGS PAD-US" }, "geometry": { "type": "Polygon", "coordinates": [ [ [ -107.867929675300005, 40.419760228399994 ], [ -107.869164395200016, 40.41896494369999 ], [ -107.870359588100001, 40.419162642399989 ], [ -107.870254966299981, 40.419470092399997 ], [ -107.867929675300005, 40.419760228399994 ] ] ] } },
{ "type": "Feature", "properties": { "FeatClass": "Fee", "Category": "Other", "Own_Type": "FED", "Own_Name": "BLM", "Loc_Own": "US Bureau of Land Management", "Mang_Type": "STAT", "Mang_Name": "SFW", "Loc_Mang": "Colorado Parks & Wildlife", "Des_Tp": "SP", "Loc_Ds": "State Parks", "Unit_Nm": "Yampa River State Park - East Cross Mountain", "Loc_Nm": "Yampa River State Park - East Cross Mountain", "State_Nm": "CO", "Agg_Src": "CNHP_PADUS4_0Easement_COMaP_Public_v20230223_CO", "GIS_Src": "Colorado Parks & Wildlife GIS - CPWParcels", "Src_Date": "2023/02/23", "GIS_Acres": 3, "Source_PAID": "", "WDPA_Cd": 0, "Pub_Access": "OA", "Access_Src": "COMaP", "Access_Dt": "2023", "GAP_Sts": "4", "GAPCdSrc": "GAP - Default", "GAPCdDt": "2024", "IUCN_Cat": "Unassigned", "IUCNCtSrc": "GAP - Default", "IUCNCtDt": "2024", "Date_Est": "", "Comments": "", "Term": null, "Duration": null, "d_FeatClass": "Fee", "d_Category": "Other", "d_Own_Type": "Federal", "d_Own_Name": "Bureau of Land Management", "d_Mang_Type": "State", "d_Mang_Name": "State Fish and Wildlife", "d_Des_Tp": "State Park", "d_State_Nm": "Colorado", "d_Pub_Access": "Open Access", "d_GAP_Sts": "4 - no known mandate for biodiversity protection", "d_IUCN_Cat": "Unassigned", "Shape_Length": 520.10216445453648, "Shape_Area": 13378.963006202719, "cpwParkName": "Yampa River State Park", "source": "USGS PAD-US" }, "geometry": { "type": "Polygon", "coordinates": [ [ [ -108.322853783399992, 40.485123089900007 ], [ -108.324274444, 40.486364606799995 ], [ -108.323605564499999, 40.486896952099997 ], [ -108.32242107739998, 40.485733112699997 ], [ -108.322853783399992, 40.485123089900007 ] ] ] } },
{ "type": "Feature", "properties": { "FeatClass": "Fee", "Category": "Other", "Own_Type": "NGO", "Own_Name": "NGO", "Loc_Own": "Victory Trail Association", "Mang_Type": "STAT", "Mang_Name": "SFW", "Loc_Mang": "Colorado Parks & Wildlife", "Des_Tp": "SP", "Loc_Ds": "State Parks", "Unit_Nm": "Yampa River State Park - Maybell Bridge", "Loc_Nm": "Yampa River State Park - Maybell Bridge", "State_Nm": "CO", "Agg_Src": "CNHP_PADUS4_0Easement_COMaP_Public_v20230223_CO", "GIS_Src": "Colorado Parks & Wildlife GIS - CPWParcels", "Src_Date": "2023/02/23", "GIS_Acres": 21, "Source_PAID": "", "WDPA_Cd": 0, "Pub_Access": "OA", "Access_Src": "COMaP", "Access_Dt": "2023", "GAP_Sts": "4", "GAPCdSrc": "GAP - Default", "GAPCdDt": "2024", "IUCN_Cat": "Unassigned", "IUCNCtSrc": "GAP - Default", "IUCNCtDt": "2024", "Date_Est": "", "Comments": "", "Term": null, "Duration": null, "d_FeatClass": "Fee", "d_Category": "Other", "d_Own_Type": "Non-Governmental Organization", "d_Own_Name": "Non-Governmental Organization", "d_Mang_Type": "State", "d_Mang_Name": "State Fish and Wildlife", "d_Des_Tp": "State Park", "d_State_Nm": "Colorado", "d_Pub_Access": "Open Access", "d_GAP_Sts": "4 - no known mandate for biodiversity protection", "d_IUCN_Cat": "Unassigned", "Shape_Length": 1251.6486137550414, "Shape_Area": 83380.266013222266, "cpwParkName": "Yampa River State Park", "source": "USGS PAD-US" }, "geometry": { "type": "Polygon", "coordinates": [ [ [ -108.02933106499998, 40.500955121899999 ], [ -108.029328801500014, 40.499898941799991 ], [ -108.033961461, 40.499893062899986 ], [ -108.033968626399997, 40.502660787699995 ], [ -108.02933106499998, 40.500955121899999 ] ] ] } },
{ "type": "Feature", "properties": { "FeatClass": "Fee", "Category": "Other", "Own_Type": "NGO", "Own_Name": "NGO", "Loc_Own": "Victory Trail Association", "Mang_Type": "STAT", "Mang_Name": "SFW", "Loc_Mang": "Colorado Parks & Wildlife", "Des_Tp": "SP", "Loc_Ds": "State Parks", "Unit_Nm": "Yampa River State Park - Sunbeam", "Loc_Nm": "Yampa River State Park - Sunbeam", "State_Nm": "CO", "Agg_Src": "CNHP_PADUS4_0Easement_COMaP_Public_v20230223_CO", "GIS_Src": "Colorado Parks & Wildlife GIS - CPWParcels", "Src_Date": "2023/02/23", "GIS_Acres": 15, "Source_PAID": "", "WDPA_Cd": 0, "Pub_Access": "OA", "Access_Src": "COMaP", "Access_Dt": "2023", "GAP_Sts": "4", "GAPCdSrc": "GAP - Default", "GAPCdDt": "2024", "IUCN_Cat": "Unassigned", "IUCNCtSrc": "GAP - Default", "IUCNCtDt": "2024", "Date_Est": "", "Comments": "", "Term": null, "Duration": null, "d_FeatClass": "Fee", "d_Category": "Other", "d_Own_Type": "Non-Governmental Organization", "d_Own_Name": "Non-Governmental Organization", "d_Mang_Type": "State", "d_Mang_Name": "State Fish and Wildlife", "d_Des_Tp": "State Park", "d_State_Nm": "Colorado", "d_Pub_Access": "Open Access", "d_GAP_Sts": "4 - no known mandate for biodiversity protection", "d_IUCN_Cat": "Unassigned", "Shape_Length": 1018.0805000189976, "Shape_Area": 58813.215994045146, "cpwParkName": "Yampa River State Park", "source": "USGS PAD-US" }, "geometry": { "type": "Polygon", "coordinates": [ [ [ -108.195557273299997, 40.544790687699994 ], [ -108.198699056400002, 40.544791702599994 ], [ -108.197006357800007, 40.547655980399988 ], [ -108.195572087499997, 40.547237484799993 ], [ -108.195557273299997, 40.544790687699994 ] ] ] } },
{ "type": "Feature", "properties": { "FeatClass": "Fee", "Category": "Other", "Own_Type": "PVT", "Own_Name": "PVT", "Loc_Own": "Private", "Mang_Type": "STAT", "Mang_Name": "SFW", "Loc_Mang": "Colorado Parks & Wildlife", "Des_Tp": "SP", "Loc_Ds": "State Parks", "Unit_Nm": "Yampa River State Park", "Loc_Nm": "Yampa River State Park", "State_Nm": "CO", "Agg_Src": "CNHP_PADUS4_0Easement_COMaP_Public_v20230223_CO", "GIS_Src": "Colorado Parks & Wildlife GIS - CPWParcelUpdate_2019+Control", "Src_Date": "2023/02/23", "GIS_Acres": 109, "Source_PAID": "", "WDPA_Cd": 0, "Pub_Access": "OA", "Access_Src": "CNHP COMaP", "Access_Dt": "2016", "GAP_Sts": "4", "GAPCdSrc": "GAP - Default", "GAPCdDt": "2024", "IUCN_Cat": "Unassigned", "IUCNCtSrc": "GAP - Default", "IUCNCtDt": "2024", "Date_Est": "2006", "Comments": "", "Term": null, "Duration": null, "d_FeatClass": "Fee", "d_Category": "Other", "d_Own_Type": "Private", "d_Own_Name": "Private", "d_Mang_Type": "State", "d_Mang_Name": "State Fish and Wildlife", "d_Des_Tp": "State Park", "d_State_Nm": "Colorado", "d_Pub_Access": "Open Access", "d_GAP_Sts": "4 - no known mandate for biodiversity protection", "d_IUCN_Cat": "Unassigned", "Shape_Length": 10966.578412218594, "Shape_Area": 441911.13942722639, "cpwParkName": "Yampa River State Park", "source": "USGS PAD-US" }, "geometry": { "type": "Polygon", "coordinates": [ [ [ -107.5879297643, 40.499329855299997 ], [ -107.583764452599979, 40.498341218899988 ], [ -107.578006914300005, 40.499457958500003 ], [ -107.575141433200002, 40.496916116599998 ], [ -107.57169286029999, 40.499504759799997 ], [ -107.568383822199991, 40.4995292865 ], [ -107.56734632109999, 40.498082245099987 ], [ -107.571014550599983, 40.498950999499996 ], [ -107.573239133900003, 40.496542447699994 ], [ -107.575997936799979, 40.495779601699994 ], [ -107.578363114899986, 40.498609617699998 ], [ -107.58323209320001, 40.497738883799997 ], [ -107.588156, 40.498580238399995 ], [ -107.589654067500007, 40.497232780200001 ], [ -107.589206167900002, 40.492756764099987 ], [ -107.592120720099985, 40.492481526100001 ], [ -107.595242252499986, 40.494113093899998 ], [ -107.596831359499987, 40.492677366799995 ], [ -107.596457027299991, 40.4898972664 ], [ -107.592102352799998, 40.490722471599994 ], [ -107.590674151, 40.489465631500003 ], [ -107.595466293399994, 40.484712536700002 ], [ -107.596623980099992, 40.484570812699992 ], [ -107.591678503299988, 40.489393698799994 ], [ -107.596795933300001, 40.488968349300002 ], [ -107.59743588089998, 40.4930712998 ], [ -107.595648348300003, 40.494817847399993 ], [ -107.590098198099994, 40.493265391599991 ], [ -107.589507264399998, 40.494622877300003 ], [ -107.591109135499991, 40.497102976599997 ], [ -107.5879297643, 40.499329855299997 ] ] ] } },
{ "type": "Feature", "properties": { "FeatClass": "Fee", "Category": "Other", "Own_Type": "PVT", "Own_Name": "PVT", "Loc_Own": "Private", "Mang_Type": "STAT", "Mang_Name": "SFW", "Loc_Mang": "Colorado Parks & Wildlife", "Des_Tp": "SP", "Loc_Ds": "State Parks", "Unit_Nm": "Yampa River State Park - Double Bridges", "Loc_Nm": "Yampa River State Park - Double Bridges", "State_Nm": "CO", "Agg_Src": "CNHP_PADUS4_0Easement_COMaP_Public_v20230223_CO", "GIS_Src": "Colorado Parks & Wildlife GIS - CPWParcels", "Src_Date": "2023/02/23", "GIS_Acres": 51, "Source_PAID": "", "WDPA_Cd": 0, "Pub_Access": "OA", "Access_Src": "COMaP", "Access_Dt": "2023", "GAP_Sts": "4", "GAPCdSrc": "GAP - Default", "GAPCdDt": "2024", "IUCN_Cat": "Unassigned", "IUCNCtSrc": "GAP - Default", "IUCNCtDt": "2024", "Date_Est": "", "Comments": "", "Term": null, "Duration": null, "d_FeatClass": "Fee", "d_Category": "Other", "d_Own_Type": "Private", "d_Own_Name": "Private", "d_Mang_Type": "State", "d_Mang_Name": "State Fish and Wildlife", "d_Des_Tp": "State Park", "d_State_Nm": "Colorado", "d_Pub_Access": "Open Access", "d_GAP_Sts": "4 - no known mandate for biodiversity protection", "d_IUCN_Cat": "Unassigned", "Shape_Length": 2752.936247868774, "Shape_Area": 208294.55692940691, "cpwParkName": "Yampa River State Park", "source": "USGS PAD-US" }, "geometry": { "type": "Polygon", "coordinates": [ [ [ -107.305614637700003, 40.490407112599996 ], [ -107.30363575509999, 40.491757776299991 ], [ -107.294298076399997, 40.490755973 ], [ -107.296306686799994, 40.488703044 ], [ -107.299162803499996, 40.490529868899998 ], [ -107.300061557199982, 40.488611379200002 ], [ -107.301496415199992, 40.488941162800003 ], [ -107.3015002434, 40.490216599199989 ], [ -107.305614637700003, 40.490407112599996 ] ] ] } },
{ "type": "Feature", "properties": { "FeatClass": "Fee", "Category": "Other", "Own_Type": "STAT", "Own_Name": "SLB", "Loc_Own": "Colorado State Land Board", "Mang_Type": "STAT", "Mang_Name": "SFW", "Loc_Mang": "Colorado Parks & Wildlife", "Des_Tp": "SP", "Loc_Ds": "State Parks", "Unit_Nm": "Yampa River State Park - South Beach", "Loc_Nm": "Yampa River State Park - South Beach", "State_Nm": "CO", "Agg_Src": "CNHP_PADUS4_0Easement_COMaP_Public_v20230223_CO", "GIS_Src": "Colorado Parks & Wildlife GIS - CPWParcels", "Src_Date": "2023/02/23", "GIS_Acres": 106, "Source_PAID": "", "WDPA_Cd": 0, "Pub_Access": "OA", "Access_Src": "CNHP COMaP", "Access_Dt": "2016", "GAP_Sts": "4", "GAPCdSrc": "GAP - Default", "GAPCdDt": "2024", "IUCN_Cat": "Unassigned", "IUCNCtSrc": "GAP - Default", "IUCNCtDt": "2024", "Date_Est": "2006", "Comments": "", "Term": null, "Duration": null, "d_FeatClass": "Fee", "d_Category": "Other", "d_Own_Type": "State", "d_Own_Name": "State Land Board", "d_Mang_Type": "State", "d_Mang_Name": "State Fish and Wildlife", "d_Des_Tp": "State Park", "d_State_Nm": "Colorado", "d_Pub_Access": "Open Access", "d_GAP_Sts": "4 - no known mandate for biodiversity protection", "d_IUCN_Cat": "Unassigned", "Shape_Length": 4230.2694417598195, "Shape_Area": 427708.53375157528, "cpwParkName": "Yampa River State Park", "source": "USGS PAD-US" }, "geometry": { "type": "Polygon", "coordinates": [ [ [ -107.612161262499995, 40.484459813399994 ], [ -107.599969789999989, 40.484121247399983 ], [ -107.599975539599981, 40.482749358099987 ], [ -107.607463390299998, 40.482608093700001 ], [ -107.60864796449998, 40.483394609299999 ], [ -107.613095745699994, 40.479614319299998 ], [ -107.619002187199996, 40.477236957199992 ], [ -107.618926086099989, 40.4801493063 ], [ -107.612161262499995, 40.484459813399994 ] ] ] } },
{ "type": "Feature", "properties": { "FeatClass": "Easement", "Category": "Easement", "Own_Type": "PVT", "Own_Name": "PVT", "Loc_Own": "Private", "Mang_Type": "PVT", "Mang_Name": "PVT", "Loc_Mang": "Private", "Des_Tp": "CONE", "Loc_Ds": "Private Land (w/ Protection)", "Unit_Nm": "Yampa River State Park - Temple", "Loc_Nm": "Yampa River State Park - Temple", "State_Nm": "CO", "Agg_Src": "CNHP_PADUS4_0Easement_COMaP_Public_v20230223_CO", "GIS_Src": "Colorado Parks & Wildlife GIS - CPWParcels", "Src_Date": "2015/08/04", "GIS_Acres": 1, "Source_PAID": "", "WDPA_Cd": 0, "Pub_Access": "XA", "Access_Src": "COMaP", "Access_Dt": "2023", "GAP_Sts": "2", "GAPCdSrc": "GAP - Default", "GAPCdDt": "2024", "IUCN_Cat": "V", "IUCNCtSrc": "GAP - Default", "IUCNCtDt": "2024", "Date_Est": "2011", "Comments": "", "Term": null, "Duration": null, "d_FeatClass": "Easement", "d_Category": "Easement", "d_Own_Type": "Private", "d_Own_Name": "Private", "d_Mang_Type": "Private", "d_Mang_Name": "Private", "d_Des_Tp": "Conservation Easement", "d_State_Nm": "Colorado", "d_Pub_Access": "Closed", "d_GAP_Sts": "2 - managed for biodiversity - disturbance events suppressed", "d_IUCN_Cat": "V: Protected landscape / seascape", "Shape_Length": 1376.6775395762577, "Shape_Area": 4123.6876376520877, "cpwParkName": "Yampa River State Park", "source": "USGS PAD-US" }, "geometry": { "type": "Polygon", "coordinates": [ [ [ -107.307868387699983, 40.488371629499994 ], [ -107.307955517700009, 40.488971664399998 ], [ -107.307824749199995, 40.488417109799997 ], [ -107.306637630799983, 40.488568815099995 ], [ -107.305860541, 40.488263197 ], [ -107.305642257799988, 40.488091888 ], [ -107.305534609499986, 40.484544305199982 ], [ -107.305708085399999, 40.488068729899993 ], [ -107.307868387699983, 40.488371629499994 ] ] ] } },
{ "type": "Feature", "properties": { "FeatClass": "Easement", "Category": "Easement", "Own_Type": "PVT", "Own_Name": "PVT", "Loc_Own": "Private", "Mang_Type": "STAT", "Mang_Name": "SFW", "Loc_Mang": "Colorado Parks & Wildlife", "Des_Tp": "RECE", "Loc_Ds": "State Parks", "Unit_Nm": "Yampa River State Park - Temple", "Loc_Nm": "Yampa River State Park - Temple", "State_Nm": "CO", "Agg_Src": "CNHP_PADUS4_0Easement_COMaP_Public_v20230223_CO", "GIS_Src": "Colorado Parks & Wildlife GIS - CPWParcels", "Src_Date": "2015/08/04", "GIS_Acres": 6, "Source_PAID": "", "WDPA_Cd": 0, "Pub_Access": "OA", "Access_Src": "COMaP", "Access_Dt": "2023", "GAP_Sts": "4", "GAPCdSrc": "GAP - Default", "GAPCdDt": "2024", "IUCN_Cat": "Unassigned", "IUCNCtSrc": "GAP - Default", "IUCNCtDt": "2024", "Date_Est": "2011", "Comments": "", "Term": null, "Duration": null, "d_FeatClass": "Easement", "d_Category": "Easement", "d_Own_Type": "Private", "d_Own_Name": "Private", "d_Mang_Type": "State", "d_Mang_Name": "State Fish and Wildlife", "d_Des_Tp": "Recreation or Education Easement", "d_State_Nm": "Colorado", "d_Pub_Access": "Open Access", "d_GAP_Sts": "4 - no known mandate for biodiversity protection", "d_IUCN_Cat": "Unassigned", "Shape_Length": 1800.5633709561987, "Shape_Area": 23380.63939356244, "cpwParkName": "Yampa River State Park", "source": "USGS PAD-US" }, "geometry": { "type": "Polygon", "coordinates": [ [ [ -107.305614326799983, 40.490474903799985 ], [ -107.311612909299996, 40.487571371399994 ], [ -107.315060858399988, 40.487858472799992 ], [ -107.31186807669998, 40.487919655499994 ], [ -107.305614326799983, 40.490474903799985 ] ] ] } },
{ "type": "Feature", "properties": { "FeatClass": "Easement", "Category": "Easement", "Own_Type": "STAT", "Own_Name": "SLB", "Loc_Own": "Colorado State Land Board", "Mang_Type": "STAT", "Mang_Name": "SFW", "Loc_Mang": "Colorado Parks & Wildlife", "Des_Tp": "RECE", "Loc_Ds": "State Parks", "Unit_Nm": "Yampa River State Park - Juniper Canyon", "Loc_Nm": "Yampa River State Park - Juniper Canyon", "State_Nm": "CO", "Agg_Src": "CNHP_PADUS4_0Easement_COMaP_Public_v20230223_CO", "GIS_Src": "Colorado Parks & Wildlife GIS - CPWParcels", "Src_Date": "2023/02/23", "GIS_Acres": 5, "Source_PAID": "", "WDPA_Cd": 0, "Pub_Access": "OA", "Access_Src": "COMaP", "Access_Dt": "2023", "GAP_Sts": "4", "GAPCdSrc": "GAP - Default", "GAPCdDt": "2024", "IUCN_Cat": "Unassigned", "IUCNCtSrc": "GAP - Default", "IUCNCtDt": "2024", "Date_Est": "", "Comments": "", "Term": null, "Duration": null, "d_FeatClass": "Easement", "d_Category": "Easement", "d_Own_Type": "State", "d_Own_Name": "State Land Board", "d_Mang_Type": "State", "d_Mang_Name": "State Fish and Wildlife", "d_Des_Tp": "Recreation or Education Easement", "d_State_Nm": "Colorado", "d_Pub_Access": "Open Access", "d_GAP_Sts": "4 - no known mandate for biodiversity protection", "d_IUCN_Cat": "Unassigned", "Shape_Length": 737.05028849047437, "Shape_Area": 21986.562341366705, "cpwParkName": "Yampa River State Park", "source": "USGS PAD-US" }, "geometry": { "type": "Polygon", "coordinates": [ [ [ -107.96350693929999, 40.475857279700001 ], [ -107.965691928599995, 40.475671464499996 ], [ -107.966366995799987, 40.477183442199994 ], [ -107.964117972599979, 40.476593544899991 ], [ -107.96350693929999, 40.475857279700001 ] ] ] } }
]
}
