{
  "type": "FeatureCollection",
  "features": [
    {
      "type": "Feature",
      "geometry": {
        "type": "Polygon",
        "coordinates": [
          [
            [
              -105.87746,
              39.64186
            ],
            [
              -105.87139,
              39.64345
            ],
            [
              -105.87034,
              39.64397
            ],
            [
              -105.86949,
              39.64433
            ],
            [
              -105.86798,
              39.64507
            ],
            [
              -105.86795,
              39.64524
            ],
            [
              -105.86791,
              39.64533
            ],
            [
              -105.86782,
              39.64541
            ],
            [
              -105.86775,
              39.64549
            ],
            [
              -105.86674,
              39.64562
            ],
            [
              -105.86547,
              39.64023
            ],
            [
              -105.86127,
              39.63673
            ],
            [
              -105.86074,
              39.63503
            ],
            [
              -105.85894,
              39.63264
            ],
            [
              -105.85857,
              39.63156
            ],
            [
              -105.85829,
              39.6311
            ],
            [
              -105.85742,
              39.6297
            ],
            [
              -105.85878,
              39.62847
            ],
            [
              -105.86048,
              39.6254
            ],
            [
              -105.86324,
              39.62426
            ],
            [
              -105.86883,
              39.62407
            ],
            [
              -105.87027,
              39.62173
            ],
            [
              -105.87111,
              39.62041
            ],
            [
              -105.87464,
              39.61414
            ],
            [
              -105.8816,
              39.61027
            ],
            [
              -105.88504,
              39.61033
            ],
            [
              -105.88579,
              39.61181
            ],
            [
              -105.88769,
              39.61319
            ],
            [
              -105.88984,
              39.61591
            ],
            [
              -105.88819,
              39.61781
            ],
            [
              -105.88864,
              39.62041
            ],
            [
              -105.89099,
              39.6239
            ],
            [
              -105.89113,
              39.62543
            ],
            [
              -105.89135,
              39.62735
            ],
            [
              -105.88973,
              39.62914
            ],
            [
              -105.88991,
              39.63019
            ],
            [
              -105.88955,
              39.63105
            ],
            [
              -105.88879,
              39.63141
            ],
            [
              -105.8883,
              39.63191
            ],
            [
              -105.89024,
              39.63322
            ],
            [
              -105.89006,
              39.63455
            ],
            [
              -105.88929,
              39.63522
            ],
            [
              -105.88749,
              39.63605
            ],
            [
              -105.88645,
              39.63697
            ],
            [
              -105.88431,
              39.63826
            ],
            [
              -105.88339,
              39.63888
            ],
            [
              -105.8826,
              39.63927
            ],
            [
              -105.88161,
              39.63968
            ],
            [
              -105.88043,
              39.64011
            ],
            [
              -105.87981,
              39.63998
            ],
            [
              -105.87944,
              39.64017
            ],
            [
              -105.87904,
              39.64013
            ],
            [
              -105.87746,
              39.64186
            ]
          ]
        ]
      },
      "properties": {
        "epicPass": false,
        "ikonPass": true,
        "name": "Arapahoe Basin",
        "osmId": "way/461239598",
        "osmName": "Arapahoe Basin Ski Area",
        "passes": [
          "ikon"
        ],
        "source": "OpenStreetMap Overpass API",
        "sourceUrl": "https://www.openstreetmap.org/way/461239598"
      }
    },
    {
      "type": "Feature",
      "geometry": {
        "type": "Polygon",
        "coordinates": [
          [
            [
              -106.82017,
              39.1505
            ],
            [
              -106.81866,
              39.15044
            ],
            [
              -106.81738,
              39.14727
            ],
            [
              -106.81711,
              39.14697
            ],
            [
              -106.81493,
              39.14466
            ],
            [
              -106.81476,
              39.14445
            ],
            [
              -106.81241,
              39.1438
            ],
            [
              -106.81223,
              39.14393
            ],
            [
              -106.81076,
              39.14501
            ],
            [
              -106.81064,
              39.14661
            ],
            [
              -106.81085,
              39.14764
            ],
            [
              -106.81044,
              39.15081
            ],
            [
              -106.81079,
              39.15253
            ],
            [
              -106.80905,
              39.15425
            ],
            [
              -106.80761,
              39.15548
            ],
            [
              -106.80854,
              39.15755
            ],
            [
              -106.81176,
              39.15661
            ],
            [
              -106.81241,
              39.15813
            ],
            [
              -106.81287,
              39.15969
            ],
            [
              -106.81232,
              39.15972
            ],
            [
              -106.81186,
              39.15967
            ],
            [
              -106.81197,
              39.16375
            ],
            [
              -106.81313,
              39.17058
            ],
            [
              -106.81472,
              39.17529
            ],
            [
              -106.81603,
              39.18098
            ],
            [
              -106.81798,
              39.18286
            ],
            [
              -106.81809,
              39.18403
            ],
            [
              -106.81779,
              39.18589
            ],
            [
              -106.81779,
              39.18593
            ],
            [
              -106.81805,
              39.18652
            ],
            [
              -106.81849,
              39.18659
            ],
            [
              -106.81876,
              39.18602
            ],
            [
              -106.81923,
              39.18502
            ],
            [
              -106.81967,
              39.18515
            ],
            [
              -106.82018,
              39.18474
            ],
            [
              -106.82044,
              39.18468
            ],
            [
              -106.82069,
              39.18393
            ],
            [
              -106.82091,
              39.18379
            ],
            [
              -106.8213,
              39.18389
            ],
            [
              -106.82201,
              39.18409
            ],
            [
              -106.82218,
              39.18424
            ],
            [
              -106.8223,
              39.1846
            ],
            [
              -106.82271,
              39.18597
            ],
            [
              -106.8232,
              39.18606
            ],
            [
              -106.82353,
              39.18543
            ],
            [
              -106.82416,
              39.18565
            ],
            [
              -106.82929,
              39.18484
            ],
            [
              -106.83086,
              39.18133
            ],
            [
              -106.83109,
              39.1784
            ],
            [
              -106.82908,
              39.17265
            ],
            [
              -106.82826,
              39.16534
            ],
            [
              -106.82781,
              39.16093
            ],
            [
              -106.8274,
              39.15845
            ],
            [
              -106.82487,
              39.15446
            ],
            [
              -106.82468,
              39.15395
            ],
            [
              -106.82485,
              39.15381
            ],
            [
              -106.82498,
              39.1536
            ],
            [
              -106.82519,
              39.15337
            ],
            [
              -106.82537,
              39.15323
            ],
            [
              -106.82479,
              39.15285
            ],
            [
              -106.82438,
              39.15255
            ],
            [
              -106.824,
              39.1524
            ],
            [
              -106.82379,
              39.15218
            ],
            [
              -106.82346,
              39.1521
            ],
            [
              -106.82287,
              39.15212
            ],
            [
              -106.82254,
              39.15233
            ],
            [
              -106.82228,
              39.15218
            ],
            [
              -106.82017,
              39.1505
            ]
          ]
        ]
      },
      "properties": {
        "epicPass": false,
        "ikonPass": true,
        "name": "Aspen Snowmass",
        "osmId": "way/530531925",
        "osmName": "Aspen Mountain",
        "passes": [
          "ikon"
        ],
        "source": "OpenStreetMap Overpass API",
        "sourceUrl": "https://www.openstreetmap.org/way/530531925"
      }
    },
    {
      "type": "Feature",
      "geometry": {
        "type": "Polygon",
        "coordinates": [
          [
            [
              -106.85493,
              39.18183
            ],
            [
              -106.85425,
              39.18158
            ],
            [
              -106.85408,
              39.18117
            ],
            [
              -106.85362,
              39.18031
            ],
            [
              -106.85318,
              39.17981
            ],
            [
              -106.85254,
              39.17951
            ],
            [
              -106.85212,
              39.17933
            ],
            [
              -106.85169,
              39.17925
            ],
            [
              -106.85112,
              39.17929
            ],
            [
              -106.85093,
              39.17933
            ],
            [
              -106.85093,
              39.17907
            ],
            [
              -106.85063,
              39.17866
            ],
            [
              -106.85033,
              39.17818
            ],
            [
              -106.85037,
              39.17779
            ],
            [
              -106.85041,
              39.17752
            ],
            [
              -106.85084,
              39.17722
            ],
            [
              -106.8516,
              39.17672
            ],
            [
              -106.85199,
              39.17613
            ],
            [
              -106.85216,
              39.17581
            ],
            [
              -106.85261,
              39.17533
            ],
            [
              -106.8542,
              39.17353
            ],
            [
              -106.85514,
              39.17252
            ],
            [
              -106.85619,
              39.17134
            ],
            [
              -106.85682,
              39.17055
            ],
            [
              -106.85708,
              39.17023
            ],
            [
              -106.85755,
              39.1698
            ],
            [
              -106.858,
              39.16897
            ],
            [
              -106.85822,
              39.16858
            ],
            [
              -106.85831,
              39.16815
            ],
            [
              -106.85845,
              39.16767
            ],
            [
              -106.85862,
              39.16744
            ],
            [
              -106.85887,
              39.1668
            ],
            [
              -106.85907,
              39.16604
            ],
            [
              -106.86036,
              39.16192
            ],
            [
              -106.86195,
              39.15754
            ],
            [
              -106.8648,
              39.15361
            ],
            [
              -106.86335,
              39.1493
            ],
            [
              -106.86244,
              39.14659
            ],
            [
              -106.8607,
              39.14245
            ],
            [
              -106.85925,
              39.13973
            ],
            [
              -106.85852,
              39.13772
            ],
            [
              -106.85864,
              39.13577
            ],
            [
              -106.86358,
              39.13183
            ],
            [
              -106.86414,
              39.12717
            ],
            [
              -106.86676,
              39.12604
            ],
            [
              -106.87467,
              39.12692
            ],
            [
              -106.87828,
              39.1299
            ],
            [
              -106.87808,
              39.13293
            ],
            [
              -106.87574,
              39.1345
            ],
            [
              -106.87564,
              39.13457
            ],
            [
              -106.87529,
              39.13487
            ],
            [
              -106.87454,
              39.13542
            ],
            [
              -106.87441,
              39.13585
            ],
            [
              -106.8742,
              39.13632
            ],
            [
              -106.87379,
              39.13689
            ],
            [
              -106.87384,
              39.14271
            ],
            [
              -106.87273,
              39.14344
            ],
            [
              -106.87223,
              39.14414
            ],
            [
              -106.87271,
              39.14442
            ],
            [
              -106.87323,
              39.14459
            ],
            [
              -106.87483,
              39.14638
            ],
            [
              -106.8749,
              39.14697
            ],
            [
              -106.87497,
              39.14729
            ],
            [
              -106.87512,
              39.14784
            ],
            [
              -106.87512,
              39.14871
            ],
            [
              -106.87512,
              39.15017
            ],
            [
              -106.87391,
              39.15015
            ],
            [
              -106.87327,
              39.15137
            ],
            [
              -106.87466,
              39.15325
            ],
            [
              -106.87506,
              39.15355
            ],
            [
              -106.8753,
              39.15385
            ],
            [
              -106.87412,
              39.15679
            ],
            [
              -106.87154,
              39.16263
            ],
            [
              -106.86935,
              39.16799
            ],
            [
              -106.86409,
              39.17441
            ],
            [
              -106.86019,
              39.17756
            ],
            [
              -106.85961,
              39.17771
            ],
            [
              -106.85929,
              39.17779
            ],
            [
              -106.85876,
              39.17791
            ],
            [
              -106.85872,
              39.17821
            ],
            [
              -106.85845,
              39.17848
            ],
            [
              -106.85831,
              39.17863
            ],
            [
              -106.85825,
              39.17873
            ],
            [
              -106.85821,
              39.17877
            ],
            [
              -106.85798,
              39.17844
            ],
            [
              -106.8579,
              39.17831
            ],
            [
              -106.85775,
              39.17828
            ],
            [
              -106.85766,
              39.17828
            ],
            [
              -106.85759,
              39.17829
            ],
            [
              -106.85742,
              39.17856
            ],
            [
              -106.85732,
              39.17865
            ],
            [
              -106.85719,
              39.17871
            ],
            [
              -106.85714,
              39.17876
            ],
            [
              -106.85685,
              39.17926
            ],
            [
              -106.85678,
              39.17944
            ],
            [
              -106.85671,
              39.17987
            ],
            [
              -106.85655,
              39.1805
            ],
            [
              -106.85712,
              39.18066
            ],
            [
              -106.85564,
              39.18143
            ],
            [
              -106.85493,
              39.18183
            ]
          ]
        ]
      },
      "properties": {
        "epicPass": false,
        "ikonPass": true,
        "name": "Aspen Snowmass",
        "osmId": "way/530531926",
        "osmName": "Aspen Highlands",
        "passes": [
          "ikon"
        ],
        "source": "OpenStreetMap Overpass API",
        "sourceUrl": "https://www.openstreetmap.org/way/530531926"
      }
    },
    {
      "type": "Feature",
      "geometry": {
        "type": "Polygon",
        "coordinates": [
          [
            [
              -106.88185,
              39.17946
            ],
            [
              -106.88127,
              39.17916
            ],
            [
              -106.88097,
              39.17919
            ],
            [
              -106.88062,
              39.17923
            ],
            [
              -106.878,
              39.17947
            ],
            [
              -106.87431,
              39.18097
            ],
            [
              -106.87387,
              39.18142
            ],
            [
              -106.87343,
              39.18153
            ],
            [
              -106.8731,
              39.18155
            ],
            [
              -106.86856,
              39.18288
            ],
            [
              -106.86098,
              39.18532
            ],
            [
              -106.85832,
              39.18777
            ],
            [
              -106.85746,
              39.18968
            ],
            [
              -106.85687,
              39.1901
            ],
            [
              -106.85548,
              39.19065
            ],
            [
              -106.85483,
              39.19042
            ],
            [
              -106.85445,
              39.19116
            ],
            [
              -106.85446,
              39.19138
            ],
            [
              -106.85459,
              39.19173
            ],
            [
              -106.85487,
              39.19154
            ],
            [
              -106.85505,
              39.19151
            ],
            [
              -106.85579,
              39.19182
            ],
            [
              -106.85662,
              39.19193
            ],
            [
              -106.85719,
              39.19242
            ],
            [
              -106.85788,
              39.19312
            ],
            [
              -106.85786,
              39.19347
            ],
            [
              -106.85794,
              39.19365
            ],
            [
              -106.85839,
              39.19404
            ],
            [
              -106.85839,
              39.19461
            ],
            [
              -106.85873,
              39.19485
            ],
            [
              -106.85874,
              39.19534
            ],
            [
              -106.85985,
              39.19748
            ],
            [
              -106.85997,
              39.1991
            ],
            [
              -106.86153,
              39.20158
            ],
            [
              -106.86128,
              39.2023
            ],
            [
              -106.85976,
              39.20311
            ],
            [
              -106.85891,
              39.20267
            ],
            [
              -106.85848,
              39.20289
            ],
            [
              -106.85834,
              39.2041
            ],
            [
              -106.85909,
              39.20445
            ],
            [
              -106.85922,
              39.20456
            ],
            [
              -106.8595,
              39.2051
            ],
            [
              -106.86018,
              39.20623
            ],
            [
              -106.86038,
              39.20643
            ],
            [
              -106.86123,
              39.20589
            ],
            [
              -106.86134,
              39.20583
            ],
            [
              -106.86144,
              39.20583
            ],
            [
              -106.86155,
              39.20588
            ],
            [
              -106.86525,
              39.20331
            ],
            [
              -106.86959,
              39.19899
            ],
            [
              -106.86997,
              39.19912
            ],
            [
              -106.87135,
              39.19724
            ],
            [
              -106.87508,
              39.19428
            ],
            [
              -106.88085,
              39.1956
            ],
            [
              -106.88091,
              39.19522
            ],
            [
              -106.88121,
              39.19537
            ],
            [
              -106.88173,
              39.1952
            ],
            [
              -106.88187,
              39.1947
            ],
            [
              -106.88187,
              39.19455
            ],
            [
              -106.88188,
              39.19438
            ],
            [
              -106.88172,
              39.19416
            ],
            [
              -106.88156,
              39.19293
            ],
            [
              -106.88158,
              39.19274
            ],
            [
              -106.88185,
              39.19261
            ],
            [
              -106.88219,
              39.19087
            ],
            [
              -106.88179,
              39.19005
            ],
            [
              -106.88228,
              39.19035
            ],
            [
              -106.8826,
              39.19028
            ],
            [
              -106.88276,
              39.19009
            ],
            [
              -106.88189,
              39.18961
            ],
            [
              -106.88192,
              39.18949
            ],
            [
              -106.88293,
              39.18817
            ],
            [
              -106.88336,
              39.18743
            ],
            [
              -106.88367,
              39.18668
            ],
            [
              -106.8845,
              39.18551
            ],
            [
              -106.88543,
              39.18443
            ],
            [
              -106.88558,
              39.18358
            ],
            [
              -106.88529,
              39.18273
            ],
            [
              -106.88481,
              39.18209
            ],
            [
              -106.88477,
              39.18195
            ],
            [
              -106.88434,
              39.18154
            ],
            [
              -106.88339,
              39.18067
            ],
            [
              -106.88264,
              39.17995
            ],
            [
              -106.88185,
              39.17946
            ]
          ]
        ]
      },
      "properties": {
        "epicPass": false,
        "ikonPass": true,
        "name": "Aspen Snowmass",
        "osmId": "way/530538581",
        "osmName": "Buttermilk",
        "passes": [
          "ikon"
        ],
        "source": "OpenStreetMap Overpass API",
        "sourceUrl": "https://www.openstreetmap.org/way/530538581"
      }
    },
    {
      "type": "Feature",
      "geometry": {
        "type": "Polygon",
        "coordinates": [
          [
            [
              -106.95043,
              39.20864
            ],
            [
              -106.95361,
              39.20509
            ],
            [
              -106.95456,
              39.2049
            ],
            [
              -106.95522,
              39.20505
            ],
            [
              -106.95555,
              39.20487
            ],
            [
              -106.95566,
              39.20468
            ],
            [
              -106.95687,
              39.20444
            ],
            [
              -106.95759,
              39.20384
            ],
            [
              -106.95964,
              39.20337
            ],
            [
              -106.96094,
              39.20295
            ],
            [
              -106.96236,
              39.20238
            ],
            [
              -106.96413,
              39.20209
            ],
            [
              -106.96447,
              39.2022
            ],
            [
              -106.96544,
              39.20195
            ],
            [
              -106.96652,
              39.20195
            ],
            [
              -106.96888,
              39.20074
            ],
            [
              -106.9719,
              39.19925
            ],
            [
              -106.97352,
              39.20327
            ],
            [
              -106.97431,
              39.20404
            ],
            [
              -106.97442,
              39.20485
            ],
            [
              -106.97489,
              39.2055
            ],
            [
              -106.97495,
              39.20622
            ],
            [
              -106.97588,
              39.20724
            ],
            [
              -106.97727,
              39.208
            ],
            [
              -106.97965,
              39.20785
            ],
            [
              -106.98109,
              39.20727
            ],
            [
              -106.98489,
              39.20483
            ],
            [
              -106.98504,
              39.20202
            ],
            [
              -106.98449,
              39.1998
            ],
            [
              -106.98251,
              39.19492
            ],
            [
              -106.98049,
              39.19141
            ],
            [
              -106.97987,
              39.19077
            ],
            [
              -106.9777,
              39.18998
            ],
            [
              -106.97633,
              39.18636
            ],
            [
              -106.97487,
              39.18508
            ],
            [
              -106.97382,
              39.18338
            ],
            [
              -106.97427,
              39.18165
            ],
            [
              -106.97311,
              39.17971
            ],
            [
              -106.9729,
              39.17836
            ],
            [
              -106.97193,
              39.17776
            ],
            [
              -106.97159,
              39.17603
            ],
            [
              -106.97245,
              39.17452
            ],
            [
              -106.9723,
              39.17049
            ],
            [
              -106.96582,
              39.15893
            ],
            [
              -106.95434,
              39.16362
            ],
            [
              -106.94938,
              39.1666
            ],
            [
              -106.94354,
              39.16914
            ],
            [
              -106.94273,
              39.16941
            ],
            [
              -106.94189,
              39.16946
            ],
            [
              -106.9411,
              39.16956
            ],
            [
              -106.93989,
              39.16956
            ],
            [
              -106.93921,
              39.16961
            ],
            [
              -106.93863,
              39.16946
            ],
            [
              -106.93835,
              39.16966
            ],
            [
              -106.93597,
              39.17039
            ],
            [
              -106.93264,
              39.17016
            ],
            [
              -106.92732,
              39.16861
            ],
            [
              -106.92569,
              39.16861
            ],
            [
              -106.91747,
              39.17309
            ],
            [
              -106.91393,
              39.18426
            ],
            [
              -106.91447,
              39.18884
            ],
            [
              -106.92187,
              39.19988
            ],
            [
              -106.92179,
              39.20693
            ],
            [
              -106.92245,
              39.20769
            ],
            [
              -106.92033,
              39.2116
            ],
            [
              -106.92066,
              39.21235
            ],
            [
              -106.92044,
              39.21281
            ],
            [
              -106.92097,
              39.21296
            ],
            [
              -106.92167,
              39.21289
            ],
            [
              -106.92244,
              39.21252
            ],
            [
              -106.92298,
              39.21089
            ],
            [
              -106.92389,
              39.20983
            ],
            [
              -106.92478,
              39.20928
            ],
            [
              -106.92806,
              39.20728
            ],
            [
              -106.92849,
              39.20671
            ],
            [
              -106.92889,
              39.205
            ],
            [
              -106.9294,
              39.20405
            ],
            [
              -106.93263,
              39.20407
            ],
            [
              -106.93379,
              39.20282
            ],
            [
              -106.93518,
              39.20313
            ],
            [
              -106.93679,
              39.2031
            ],
            [
              -106.94102,
              39.20305
            ],
            [
              -106.94273,
              39.20546
            ],
            [
              -106.94418,
              39.20594
            ],
            [
              -106.94459,
              39.20701
            ],
            [
              -106.94361,
              39.20962
            ],
            [
              -106.94354,
              39.2103
            ],
            [
              -106.94401,
              39.21029
            ],
            [
              -106.94414,
              39.21002
            ],
            [
              -106.94413,
              39.20923
            ],
            [
              -106.94429,
              39.20888
            ],
            [
              -106.94482,
              39.2082
            ],
            [
              -106.94553,
              39.20814
            ],
            [
              -106.94611,
              39.20718
            ],
            [
              -106.94723,
              39.20792
            ],
            [
              -106.94716,
              39.20829
            ],
            [
              -106.94772,
              39.2082
            ],
            [
              -106.94799,
              39.20839
            ],
            [
              -106.94831,
              39.20823
            ],
            [
              -106.94727,
              39.20766
            ],
            [
              -106.94624,
              39.2068
            ],
            [
              -106.94615,
              39.20553
            ],
            [
              -106.9453,
              39.20496
            ],
            [
              -106.94501,
              39.20427
            ],
            [
              -106.94448,
              39.20371
            ],
            [
              -106.9439,
              39.20307
            ],
            [
              -106.94379,
              39.20275
            ],
            [
              -106.94373,
              39.20214
            ],
            [
              -106.94326,
              39.20132
            ],
            [
              -106.9432,
              39.20066
            ],
            [
              -106.94353,
              39.19997
            ],
            [
              -106.94419,
              39.19995
            ],
            [
              -106.94481,
              39.19956
            ],
            [
              -106.94556,
              39.1997
            ],
            [
              -106.94588,
              39.19977
            ],
            [
              -106.94683,
              39.1995
            ],
            [
              -106.94745,
              39.19904
            ],
            [
              -106.94822,
              39.19898
            ],
            [
              -106.94928,
              39.19917
            ],
            [
              -106.9499,
              39.20024
            ],
            [
              -106.94987,
              39.20087
            ],
            [
              -106.94968,
              39.20105
            ],
            [
              -106.94977,
              39.20174
            ],
            [
              -106.94957,
              39.20193
            ],
            [
              -106.94958,
              39.20265
            ],
            [
              -106.94947,
              39.20268
            ],
            [
              -106.94964,
              39.20336
            ],
            [
              -106.94987,
              39.20355
            ],
            [
              -106.95029,
              39.20444
            ],
            [
              -106.95008,
              39.20466
            ],
            [
              -106.95104,
              39.20507
            ],
            [
              -106.95191,
              39.20523
            ],
            [
              -106.9519,
              39.20563
            ],
            [
              -106.95151,
              39.20599
            ],
            [
              -106.95055,
              39.20587
            ],
            [
              -106.95049,
              39.20628
            ],
            [
              -106.95118,
              39.20664
            ],
            [
              -106.95017,
              39.20743
            ],
            [
              -106.94879,
              39.20809
            ],
            [
              -106.94914,
              39.20822
            ],
            [
              -106.94906,
              39.20853
            ],
            [
              -106.94977,
              39.20859
            ],
            [
              -106.94996,
              39.20849
            ],
            [
              -106.95043,
              39.20864
            ]
          ]
        ]
      },
      "properties": {
        "epicPass": false,
        "ikonPass": true,
        "name": "Aspen Snowmass",
        "osmId": "way/1144096092",
        "osmName": "Aspen Snowmass",
        "passes": [
          "ikon"
        ],
        "source": "OpenStreetMap Overpass API",
        "sourceUrl": "https://www.openstreetmap.org/way/1144096092"
      }
    },
    {
      "type": "Feature",
      "geometry": {
        "type": "Polygon",
        "coordinates": [
          [
            [
              -106.53014,
              39.62981
            ],
            [
              -106.52977,
              39.62854
            ],
            [
              -106.52902,
              39.62716
            ],
            [
              -106.52895,
              39.62698
            ],
            [
              -106.52893,
              39.62683
            ],
            [
              -106.52897,
              39.62674
            ],
            [
              -106.52892,
              39.6266
            ],
            [
              -106.52886,
              39.62648
            ],
            [
              -106.52884,
              39.62616
            ],
            [
              -106.52881,
              39.62577
            ],
            [
              -106.52865,
              39.62468
            ],
            [
              -106.52843,
              39.62333
            ],
            [
              -106.52862,
              39.6232
            ],
            [
              -106.52845,
              39.62305
            ],
            [
              -106.52822,
              39.62296
            ],
            [
              -106.52798,
              39.62184
            ],
            [
              -106.52761,
              39.62087
            ],
            [
              -106.52737,
              39.62077
            ],
            [
              -106.52729,
              39.62033
            ],
            [
              -106.5274,
              39.62013
            ],
            [
              -106.5271,
              39.61768
            ],
            [
              -106.52539,
              39.6134
            ],
            [
              -106.52508,
              39.6122
            ],
            [
              -106.52491,
              39.61184
            ],
            [
              -106.52483,
              39.61164
            ],
            [
              -106.52413,
              39.6108
            ],
            [
              -106.52076,
              39.60978
            ],
            [
              -106.51993,
              39.60901
            ],
            [
              -106.51862,
              39.60904
            ],
            [
              -106.51777,
              39.60845
            ],
            [
              -106.51787,
              39.60876
            ],
            [
              -106.5175,
              39.60889
            ],
            [
              -106.51698,
              39.60833
            ],
            [
              -106.51627,
              39.6073
            ],
            [
              -106.51299,
              39.60529
            ],
            [
              -106.51279,
              39.60519
            ],
            [
              -106.51216,
              39.60477
            ],
            [
              -106.51209,
              39.60453
            ],
            [
              -106.51206,
              39.60416
            ],
            [
              -106.51094,
              39.60394
            ],
            [
              -106.51058,
              39.60391
            ],
            [
              -106.5103,
              39.60393
            ],
            [
              -106.5101,
              39.6041
            ],
            [
              -106.50153,
              39.60033
            ],
            [
              -106.49797,
              39.59028
            ],
            [
              -106.49248,
              39.58879
            ],
            [
              -106.49615,
              39.57661
            ],
            [
              -106.5004,
              39.56418
            ],
            [
              -106.51157,
              39.56066
            ],
            [
              -106.51552,
              39.55931
            ],
            [
              -106.52136,
              39.56041
            ],
            [
              -106.52337,
              39.56123
            ],
            [
              -106.52464,
              39.56303
            ],
            [
              -106.52465,
              39.56759
            ],
            [
              -106.52822,
              39.56713
            ],
            [
              -106.53046,
              39.5671
            ],
            [
              -106.53318,
              39.56811
            ],
            [
              -106.53355,
              39.56875
            ],
            [
              -106.53382,
              39.5692
            ],
            [
              -106.53393,
              39.56938
            ],
            [
              -106.53401,
              39.56972
            ],
            [
              -106.53449,
              39.57175
            ],
            [
              -106.53428,
              39.57378
            ],
            [
              -106.53372,
              39.57484
            ],
            [
              -106.53216,
              39.57891
            ],
            [
              -106.53525,
              39.58248
            ],
            [
              -106.53952,
              39.58013
            ],
            [
              -106.54559,
              39.58109
            ],
            [
              -106.54819,
              39.58219
            ],
            [
              -106.55435,
              39.58271
            ],
            [
              -106.55376,
              39.59017
            ],
            [
              -106.549,
              39.59902
            ],
            [
              -106.54379,
              39.60165
            ],
            [
              -106.54295,
              39.60232
            ],
            [
              -106.54544,
              39.60539
            ],
            [
              -106.54648,
              39.60564
            ],
            [
              -106.55213,
              39.60697
            ],
            [
              -106.55314,
              39.60753
            ],
            [
              -106.55469,
              39.60838
            ],
            [
              -106.55767,
              39.61004
            ],
            [
              -106.56162,
              39.61518
            ],
            [
              -106.56584,
              39.61697
            ],
            [
              -106.56545,
              39.62021
            ],
            [
              -106.5684,
              39.62245
            ],
            [
              -106.56567,
              39.63292
            ],
            [
              -106.57292,
              39.63264
            ],
            [
              -106.57926,
              39.63542
            ],
            [
              -106.58113,
              39.63639
            ],
            [
              -106.58098,
              39.63794
            ],
            [
              -106.57966,
              39.6383
            ],
            [
              -106.57881,
              39.63817
            ],
            [
              -106.57769,
              39.6381
            ],
            [
              -106.57165,
              39.63847
            ],
            [
              -106.56494,
              39.63859
            ],
            [
              -106.55973,
              39.6386
            ],
            [
              -106.55836,
              39.63842
            ],
            [
              -106.55438,
              39.63744
            ],
            [
              -106.54914,
              39.63622
            ],
            [
              -106.54945,
              39.63549
            ],
            [
              -106.55619,
              39.63311
            ],
            [
              -106.5613,
              39.63236
            ],
            [
              -106.56085,
              39.63207
            ],
            [
              -106.55602,
              39.629
            ],
            [
              -106.55547,
              39.62854
            ],
            [
              -106.55255,
              39.62609
            ],
            [
              -106.55197,
              39.62643
            ],
            [
              -106.55181,
              39.62656
            ],
            [
              -106.5512,
              39.62696
            ],
            [
              -106.55113,
              39.62701
            ],
            [
              -106.55027,
              39.62713
            ],
            [
              -106.54726,
              39.62754
            ],
            [
              -106.54374,
              39.6276
            ],
            [
              -106.54195,
              39.62657
            ],
            [
              -106.54043,
              39.62706
            ],
            [
              -106.53857,
              39.62796
            ],
            [
              -106.53626,
              39.62974
            ],
            [
              -106.53464,
              39.63228
            ],
            [
              -106.53447,
              39.63255
            ],
            [
              -106.53436,
              39.63272
            ],
            [
              -106.53428,
              39.63282
            ],
            [
              -106.53403,
              39.63312
            ],
            [
              -106.53405,
              39.63333
            ],
            [
              -106.53341,
              39.63399
            ],
            [
              -106.53312,
              39.6343
            ],
            [
              -106.52901,
              39.63373
            ],
            [
              -106.52804,
              39.63338
            ],
            [
              -106.52493,
              39.63323
            ],
            [
              -106.5249,
              39.63282
            ],
            [
              -106.52648,
              39.63214
            ],
            [
              -106.5277,
              39.6329
            ],
            [
              -106.52793,
              39.63299
            ],
            [
              -106.52809,
              39.63303
            ],
            [
              -106.52812,
              39.633
            ],
            [
              -106.52815,
              39.63296
            ],
            [
              -106.52802,
              39.63282
            ],
            [
              -106.52756,
              39.63252
            ],
            [
              -106.52746,
              39.63231
            ],
            [
              -106.52677,
              39.63185
            ],
            [
              -106.5287,
              39.63068
            ],
            [
              -106.53014,
              39.62981
            ]
          ]
        ]
      },
      "properties": {
        "epicPass": true,
        "ikonPass": false,
        "name": "Beaver Creek",
        "osmId": "way/531009608",
        "osmName": "Beaver Creek",
        "passes": [
          "epic"
        ],
        "source": "OpenStreetMap Overpass API",
        "sourceUrl": "https://www.openstreetmap.org/way/531009608"
      }
    },
    {
      "type": "Feature",
      "geometry": {
        "type": "Polygon",
        "coordinates": [
          [
            [
              -106.07264,
              39.45023
            ],
            [
              -106.06677,
              39.44926
            ],
            [
              -106.05925,
              39.45237
            ],
            [
              -106.05238,
              39.46204
            ],
            [
              -106.05008,
              39.46932
            ],
            [
              -106.04935,
              39.47114
            ],
            [
              -106.04773,
              39.47414
            ],
            [
              -106.04728,
              39.47531
            ],
            [
              -106.0482,
              39.476
            ],
            [
              -106.04899,
              39.47484
            ],
            [
              -106.05068,
              39.47312
            ],
            [
              -106.05177,
              39.47347
            ],
            [
              -106.05294,
              39.47295
            ],
            [
              -106.05345,
              39.47403
            ],
            [
              -106.05325,
              39.47423
            ],
            [
              -106.05276,
              39.47427
            ],
            [
              -106.05255,
              39.47452
            ],
            [
              -106.05147,
              39.47499
            ],
            [
              -106.0511,
              39.47537
            ],
            [
              -106.05103,
              39.47566
            ],
            [
              -106.0511,
              39.47599
            ],
            [
              -106.05153,
              39.47647
            ],
            [
              -106.05258,
              39.47887
            ],
            [
              -106.04976,
              39.48013
            ],
            [
              -106.04798,
              39.48062
            ],
            [
              -106.04802,
              39.4807
            ],
            [
              -106.04806,
              39.48106
            ],
            [
              -106.0481,
              39.48171
            ],
            [
              -106.04857,
              39.48227
            ],
            [
              -106.04821,
              39.4823
            ],
            [
              -106.04746,
              39.4823
            ],
            [
              -106.04743,
              39.48266
            ],
            [
              -106.04736,
              39.48266
            ],
            [
              -106.04736,
              39.483
            ],
            [
              -106.04743,
              39.48387
            ],
            [
              -106.04743,
              39.48401
            ],
            [
              -106.04739,
              39.48427
            ],
            [
              -106.04739,
              39.48432
            ],
            [
              -106.04739,
              39.48443
            ],
            [
              -106.04739,
              39.48447
            ],
            [
              -106.04737,
              39.48459
            ],
            [
              -106.04731,
              39.48512
            ],
            [
              -106.04717,
              39.48556
            ],
            [
              -106.04713,
              39.48565
            ],
            [
              -106.04716,
              39.48596
            ],
            [
              -106.04722,
              39.48701
            ],
            [
              -106.04847,
              39.48696
            ],
            [
              -106.04904,
              39.48698
            ],
            [
              -106.04975,
              39.48717
            ],
            [
              -106.05211,
              39.48748
            ],
            [
              -106.05329,
              39.48783
            ],
            [
              -106.05429,
              39.48842
            ],
            [
              -106.05537,
              39.48871
            ],
            [
              -106.05579,
              39.48923
            ],
            [
              -106.05593,
              39.48994
            ],
            [
              -106.05714,
              39.48985
            ],
            [
              -106.06327,
              39.48908
            ],
            [
              -106.0708,
              39.48841
            ],
            [
              -106.07874,
              39.49002
            ],
            [
              -106.08073,
              39.49042
            ],
            [
              -106.0877,
              39.49418
            ],
            [
              -106.10478,
              39.5003
            ],
            [
              -106.11002,
              39.50049
            ],
            [
              -106.11478,
              39.49604
            ],
            [
              -106.11114,
              39.48815
            ],
            [
              -106.10545,
              39.47934
            ],
            [
              -106.10401,
              39.46763
            ],
            [
              -106.10539,
              39.46359
            ],
            [
              -106.0985,
              39.46011
            ],
            [
              -106.08462,
              39.45595
            ],
            [
              -106.07946,
              39.45344
            ],
            [
              -106.08006,
              39.45301
            ],
            [
              -106.07989,
              39.45283
            ],
            [
              -106.07699,
              39.45244
            ],
            [
              -106.07264,
              39.45023
            ]
          ]
        ]
      },
      "properties": {
        "epicPass": true,
        "ikonPass": false,
        "name": "Breckenridge",
        "osmId": "way/531005985",
        "osmName": "Breckenridge",
        "passes": [
          "epic"
        ],
        "source": "OpenStreetMap Overpass API",
        "sourceUrl": "https://www.openstreetmap.org/way/531005985"
      }
    },
    {
      "type": "Feature",
      "geometry": {
        "type": "Polygon",
        "coordinates": [
          [
            [
              -106.13601,
              39.47548
            ],
            [
              -106.13631,
              39.47337
            ],
            [
              -106.14016,
              39.47222
            ],
            [
              -106.14454,
              39.47267
            ],
            [
              -106.14744,
              39.47049
            ],
            [
              -106.15478,
              39.46648
            ],
            [
              -106.16097,
              39.45629
            ],
            [
              -106.16686,
              39.45573
            ],
            [
              -106.18081,
              39.45441
            ],
            [
              -106.18982,
              39.45555
            ],
            [
              -106.18997,
              39.45858
            ],
            [
              -106.18798,
              39.47029
            ],
            [
              -106.18662,
              39.47487
            ],
            [
              -106.18654,
              39.47513
            ],
            [
              -106.18297,
              39.48717
            ],
            [
              -106.18214,
              39.4928
            ],
            [
              -106.1775,
              39.49918
            ],
            [
              -106.16989,
              39.50029
            ],
            [
              -106.16433,
              39.50014
            ],
            [
              -106.16296,
              39.50013
            ],
            [
              -106.1629,
              39.50009
            ],
            [
              -106.16278,
              39.50003
            ],
            [
              -106.16264,
              39.49995
            ],
            [
              -106.16226,
              39.4998
            ],
            [
              -106.16192,
              39.49971
            ],
            [
              -106.16168,
              39.49966
            ],
            [
              -106.16146,
              39.49962
            ],
            [
              -106.16118,
              39.49963
            ],
            [
              -106.16062,
              39.49967
            ],
            [
              -106.16023,
              39.49973
            ],
            [
              -106.15994,
              39.49984
            ],
            [
              -106.15976,
              39.49993
            ],
            [
              -106.15896,
              39.50054
            ],
            [
              -106.15803,
              39.50059
            ],
            [
              -106.15795,
              39.49996
            ],
            [
              -106.15776,
              39.49994
            ],
            [
              -106.15734,
              39.49967
            ],
            [
              -106.1567,
              39.49966
            ],
            [
              -106.15659,
              39.49967
            ],
            [
              -106.15648,
              39.49971
            ],
            [
              -106.15627,
              39.49981
            ],
            [
              -106.15608,
              39.49994
            ],
            [
              -106.15609,
              39.50021
            ],
            [
              -106.1561,
              39.5003
            ],
            [
              -106.15525,
              39.50032
            ],
            [
              -106.15471,
              39.50033
            ],
            [
              -106.15452,
              39.50033
            ],
            [
              -106.15453,
              39.5
            ],
            [
              -106.14878,
              39.50019
            ],
            [
              -106.14888,
              39.4998
            ],
            [
              -106.14889,
              39.49943
            ],
            [
              -106.14716,
              39.49941
            ],
            [
              -106.14662,
              39.49941
            ],
            [
              -106.14602,
              39.4994
            ],
            [
              -106.14577,
              39.49946
            ],
            [
              -106.14518,
              39.49945
            ],
            [
              -106.14502,
              39.49967
            ],
            [
              -106.14401,
              39.49906
            ],
            [
              -106.14234,
              39.49816
            ],
            [
              -106.13753,
              39.49511
            ],
            [
              -106.13814,
              39.49342
            ],
            [
              -106.14422,
              39.4807
            ],
            [
              -106.13601,
              39.47548
            ]
          ]
        ]
      },
      "properties": {
        "epicPass": false,
        "ikonPass": true,
        "name": "Copper Mountain",
        "osmId": "way/531005986",
        "osmName": "Copper Mountain",
        "passes": [
          "ikon"
        ],
        "source": "OpenStreetMap Overpass API",
        "sourceUrl": "https://www.openstreetmap.org/way/531005986"
      }
    },
    {
      "type": "Feature",
      "geometry": {
        "type": "Polygon",
        "coordinates": [
          [
            [
              -106.94337,
              38.88049
            ],
            [
              -106.93796,
              38.87889
            ],
            [
              -106.93194,
              38.87829
            ],
            [
              -106.92904,
              38.88143
            ],
            [
              -106.92862,
              38.88441
            ],
            [
              -106.92447,
              38.88638
            ],
            [
              -106.91889,
              38.88868
            ],
            [
              -106.92346,
              38.89833
            ],
            [
              -106.92404,
              38.90143
            ],
            [
              -106.92524,
              38.90487
            ],
            [
              -106.92586,
              38.90606
            ],
            [
              -106.92861,
              38.90749
            ],
            [
              -106.93185,
              38.90798
            ],
            [
              -106.93887,
              38.90853
            ],
            [
              -106.94186,
              38.91138
            ],
            [
              -106.94505,
              38.91253
            ],
            [
              -106.94638,
              38.91437
            ],
            [
              -106.95052,
              38.91505
            ],
            [
              -106.95278,
              38.91571
            ],
            [
              -106.95613,
              38.91422
            ],
            [
              -106.95777,
              38.91349
            ],
            [
              -106.95835,
              38.91276
            ],
            [
              -106.95836,
              38.91087
            ],
            [
              -106.95833,
              38.90638
            ],
            [
              -106.96089,
              38.90478
            ],
            [
              -106.9648,
              38.90089
            ],
            [
              -106.96562,
              38.8998
            ],
            [
              -106.96563,
              38.89979
            ],
            [
              -106.96557,
              38.89976
            ],
            [
              -106.96553,
              38.89966
            ],
            [
              -106.96555,
              38.89966
            ],
            [
              -106.96554,
              38.89963
            ],
            [
              -106.96567,
              38.89946
            ],
            [
              -106.96577,
              38.8995
            ],
            [
              -106.96668,
              38.89835
            ],
            [
              -106.96608,
              38.89793
            ],
            [
              -106.96699,
              38.89607
            ],
            [
              -106.96743,
              38.89606
            ],
            [
              -106.96756,
              38.89539
            ],
            [
              -106.9626,
              38.89231
            ],
            [
              -106.95742,
              38.88836
            ],
            [
              -106.95503,
              38.8858
            ],
            [
              -106.94353,
              38.88056
            ],
            [
              -106.94337,
              38.88049
            ]
          ]
        ]
      },
      "properties": {
        "epicPass": true,
        "ikonPass": false,
        "name": "Crested Butte",
        "osmId": "way/530521512",
        "osmName": "Crested Butte Mountain Resort",
        "passes": [
          "epic"
        ],
        "source": "OpenStreetMap Overpass API",
        "sourceUrl": "https://www.openstreetmap.org/way/530521512"
      }
    },
    {
      "type": "Feature",
      "geometry": {
        "type": "Polygon",
        "coordinates": [
          [
            [
              -105.59225,
              39.94675
            ],
            [
              -105.59186,
              39.94639
            ],
            [
              -105.59163,
              39.94587
            ],
            [
              -105.59153,
              39.94537
            ],
            [
              -105.59156,
              39.94489
            ],
            [
              -105.5917,
              39.94431
            ],
            [
              -105.59209,
              39.94384
            ],
            [
              -105.59249,
              39.94353
            ],
            [
              -105.59285,
              39.94297
            ],
            [
              -105.5931,
              39.9425
            ],
            [
              -105.59331,
              39.94207
            ],
            [
              -105.5934,
              39.94174
            ],
            [
              -105.59312,
              39.94122
            ],
            [
              -105.5925,
              39.94133
            ],
            [
              -105.59152,
              39.9413
            ],
            [
              -105.59097,
              39.94112
            ],
            [
              -105.59056,
              39.94078
            ],
            [
              -105.59041,
              39.94033
            ],
            [
              -105.58995,
              39.94
            ],
            [
              -105.58937,
              39.93963
            ],
            [
              -105.58895,
              39.93941
            ],
            [
              -105.58874,
              39.93926
            ],
            [
              -105.58789,
              39.93886
            ],
            [
              -105.58721,
              39.93858
            ],
            [
              -105.58654,
              39.93835
            ],
            [
              -105.58567,
              39.93819
            ],
            [
              -105.58533,
              39.93825
            ],
            [
              -105.58514,
              39.93862
            ],
            [
              -105.58519,
              39.93878
            ],
            [
              -105.58475,
              39.93891
            ],
            [
              -105.58399,
              39.93842
            ],
            [
              -105.58356,
              39.93823
            ],
            [
              -105.58314,
              39.93826
            ],
            [
              -105.58275,
              39.93846
            ],
            [
              -105.58248,
              39.93821
            ],
            [
              -105.58244,
              39.93803
            ],
            [
              -105.58082,
              39.93794
            ],
            [
              -105.58025,
              39.9381
            ],
            [
              -105.58011,
              39.9383
            ],
            [
              -105.57982,
              39.93841
            ],
            [
              -105.57957,
              39.93853
            ],
            [
              -105.57927,
              39.93867
            ],
            [
              -105.57899,
              39.93876
            ],
            [
              -105.57859,
              39.9389
            ],
            [
              -105.57831,
              39.93914
            ],
            [
              -105.57803,
              39.93928
            ],
            [
              -105.57775,
              39.93945
            ],
            [
              -105.57761,
              39.93954
            ],
            [
              -105.57754,
              39.9395
            ],
            [
              -105.57726,
              39.93965
            ],
            [
              -105.57709,
              39.93971
            ],
            [
              -105.57669,
              39.93978
            ],
            [
              -105.57663,
              39.9394
            ],
            [
              -105.5766,
              39.93917
            ],
            [
              -105.5766,
              39.93906
            ],
            [
              -105.5766,
              39.93892
            ],
            [
              -105.57666,
              39.9388
            ],
            [
              -105.57673,
              39.93868
            ],
            [
              -105.57682,
              39.93861
            ],
            [
              -105.57693,
              39.93854
            ],
            [
              -105.57781,
              39.93809
            ],
            [
              -105.57874,
              39.93767
            ],
            [
              -105.57922,
              39.93755
            ],
            [
              -105.57961,
              39.93749
            ],
            [
              -105.57982,
              39.93749
            ],
            [
              -105.57989,
              39.93749
            ],
            [
              -105.58022,
              39.93752
            ],
            [
              -105.58042,
              39.93756
            ],
            [
              -105.58066,
              39.93762
            ],
            [
              -105.58086,
              39.93768
            ],
            [
              -105.58149,
              39.93775
            ],
            [
              -105.58088,
              39.9375
            ],
            [
              -105.5807,
              39.93736
            ],
            [
              -105.58029,
              39.93721
            ],
            [
              -105.57968,
              39.93718
            ],
            [
              -105.57916,
              39.93732
            ],
            [
              -105.57817,
              39.93733
            ],
            [
              -105.57895,
              39.93686
            ],
            [
              -105.57928,
              39.93665
            ],
            [
              -105.57958,
              39.93656
            ],
            [
              -105.57903,
              39.93664
            ],
            [
              -105.57886,
              39.93672
            ],
            [
              -105.57876,
              39.93663
            ],
            [
              -105.57866,
              39.93657
            ],
            [
              -105.57852,
              39.93653
            ],
            [
              -105.57837,
              39.93638
            ],
            [
              -105.5785,
              39.93615
            ],
            [
              -105.57864,
              39.93596
            ],
            [
              -105.57883,
              39.93581
            ],
            [
              -105.57927,
              39.93555
            ],
            [
              -105.5797,
              39.93538
            ],
            [
              -105.57987,
              39.93533
            ],
            [
              -105.57989,
              39.93496
            ],
            [
              -105.57989,
              39.93472
            ],
            [
              -105.57999,
              39.93431
            ],
            [
              -105.57995,
              39.93407
            ],
            [
              -105.58007,
              39.93385
            ],
            [
              -105.58012,
              39.93369
            ],
            [
              -105.58024,
              39.93349
            ],
            [
              -105.5803,
              39.93337
            ],
            [
              -105.58045,
              39.93329
            ],
            [
              -105.58085,
              39.93315
            ],
            [
              -105.58135,
              39.93321
            ],
            [
              -105.58195,
              39.93264
            ],
            [
              -105.58295,
              39.93219
            ],
            [
              -105.58558,
              39.93216
            ],
            [
              -105.58814,
              39.93318
            ],
            [
              -105.58936,
              39.9341
            ],
            [
              -105.5916,
              39.93432
            ],
            [
              -105.59278,
              39.93412
            ],
            [
              -105.59331,
              39.9339
            ],
            [
              -105.59359,
              39.93372
            ],
            [
              -105.59376,
              39.93364
            ],
            [
              -105.59421,
              39.93356
            ],
            [
              -105.59444,
              39.93344
            ],
            [
              -105.59486,
              39.93312
            ],
            [
              -105.59532,
              39.93286
            ],
            [
              -105.59593,
              39.93265
            ],
            [
              -105.59655,
              39.93263
            ],
            [
              -105.59679,
              39.93266
            ],
            [
              -105.59697,
              39.93289
            ],
            [
              -105.59719,
              39.9334
            ],
            [
              -105.59738,
              39.9339
            ],
            [
              -105.59784,
              39.93454
            ],
            [
              -105.59828,
              39.93507
            ],
            [
              -105.59838,
              39.93556
            ],
            [
              -105.59801,
              39.93603
            ],
            [
              -105.59855,
              39.93627
            ],
            [
              -105.59917,
              39.93648
            ],
            [
              -105.59995,
              39.93673
            ],
            [
              -105.60037,
              39.93698
            ],
            [
              -105.60102,
              39.93729
            ],
            [
              -105.60217,
              39.93759
            ],
            [
              -105.60266,
              39.9376
            ],
            [
              -105.60328,
              39.93767
            ],
            [
              -105.60371,
              39.93781
            ],
            [
              -105.60404,
              39.93805
            ],
            [
              -105.60437,
              39.9383
            ],
            [
              -105.60515,
              39.93891
            ],
            [
              -105.60589,
              39.93946
            ],
            [
              -105.6067,
              39.94003
            ],
            [
              -105.60733,
              39.94046
            ],
            [
              -105.6077,
              39.94066
            ],
            [
              -105.60785,
              39.94072
            ],
            [
              -105.60804,
              39.94069
            ],
            [
              -105.60811,
              39.94074
            ],
            [
              -105.60812,
              39.94084
            ],
            [
              -105.60804,
              39.94093
            ],
            [
              -105.60823,
              39.94104
            ],
            [
              -105.60827,
              39.94116
            ],
            [
              -105.60923,
              39.94152
            ],
            [
              -105.6096,
              39.94163
            ],
            [
              -105.60981,
              39.94164
            ],
            [
              -105.61014,
              39.94154
            ],
            [
              -105.61021,
              39.94163
            ],
            [
              -105.61016,
              39.94173
            ],
            [
              -105.60964,
              39.94184
            ],
            [
              -105.60927,
              39.94176
            ],
            [
              -105.60897,
              39.9416
            ],
            [
              -105.60805,
              39.94124
            ],
            [
              -105.60802,
              39.94129
            ],
            [
              -105.60842,
              39.9418
            ],
            [
              -105.60856,
              39.94211
            ],
            [
              -105.60873,
              39.94246
            ],
            [
              -105.60889,
              39.94276
            ],
            [
              -105.60939,
              39.94379
            ],
            [
              -105.60959,
              39.9444
            ],
            [
              -105.60923,
              39.94554
            ],
            [
              -105.60889,
              39.94584
            ],
            [
              -105.60846,
              39.94607
            ],
            [
              -105.60841,
              39.94642
            ],
            [
              -105.60749,
              39.94744
            ],
            [
              -105.60717,
              39.94785
            ],
            [
              -105.60639,
              39.94851
            ],
            [
              -105.60636,
              39.94915
            ],
            [
              -105.60603,
              39.94991
            ],
            [
              -105.60549,
              39.95025
            ],
            [
              -105.60503,
              39.9504
            ],
            [
              -105.60476,
              39.95044
            ],
            [
              -105.6043,
              39.95035
            ],
            [
              -105.60357,
              39.95024
            ],
            [
              -105.60314,
              39.95022
            ],
            [
              -105.60196,
              39.95007
            ],
            [
              -105.60132,
              39.94975
            ],
            [
              -105.60072,
              39.94974
            ],
            [
              -105.60039,
              39.94966
            ],
            [
              -105.59912,
              39.94946
            ],
            [
              -105.59897,
              39.94927
            ],
            [
              -105.59859,
              39.94865
            ],
            [
              -105.5982,
              39.94834
            ],
            [
              -105.598,
              39.94804
            ],
            [
              -105.5975,
              39.94777
            ],
            [
              -105.59704,
              39.94765
            ],
            [
              -105.59663,
              39.94747
            ],
            [
              -105.59618,
              39.94715
            ],
            [
              -105.59605,
              39.94694
            ],
            [
              -105.59501,
              39.94656
            ],
            [
              -105.59442,
              39.94643
            ],
            [
              -105.59279,
              39.94618
            ],
            [
              -105.59252,
              39.94645
            ],
            [
              -105.59225,
              39.94675
            ]
          ]
        ]
      },
      "properties": {
        "epicPass": false,
        "ikonPass": true,
        "name": "Eldora",
        "osmId": "way/427517284",
        "osmName": "Eldora",
        "passes": [
          "ikon"
        ],
        "source": "OpenStreetMap Overpass API",
        "sourceUrl": "https://www.openstreetmap.org/way/427517284"
      }
    },
    {
      "type": "Feature",
      "geometry": {
        "type": "Polygon",
        "coordinates": [
          [
            [
              -105.94079,
              39.60577
            ],
            [
              -105.94089,
              39.60569
            ],
            [
              -105.94088,
              39.60558
            ],
            [
              -105.94066,
              39.60551
            ],
            [
              -105.94046,
              39.60539
            ],
            [
              -105.94026,
              39.60533
            ],
            [
              -105.93879,
              39.60197
            ],
            [
              -105.93473,
              39.59724
            ],
            [
              -105.93186,
              39.59313
            ],
            [
              -105.93426,
              39.58868
            ],
            [
              -105.93431,
              39.58449
            ],
            [
              -105.93574,
              39.5817
            ],
            [
              -105.93535,
              39.57778
            ],
            [
              -105.92207,
              39.56846
            ],
            [
              -105.92013,
              39.56798
            ],
            [
              -105.91925,
              39.56916
            ],
            [
              -105.91829,
              39.57059
            ],
            [
              -105.91642,
              39.5721
            ],
            [
              -105.91183,
              39.57458
            ],
            [
              -105.90815,
              39.57667
            ],
            [
              -105.90764,
              39.57629
            ],
            [
              -105.90726,
              39.57287
            ],
            [
              -105.90368,
              39.57189
            ],
            [
              -105.90366,
              39.56936
            ],
            [
              -105.9049,
              39.56762
            ],
            [
              -105.91193,
              39.56344
            ],
            [
              -105.90376,
              39.55388
            ],
            [
              -105.90486,
              39.55046
            ],
            [
              -105.90527,
              39.54607
            ],
            [
              -105.90735,
              39.54305
            ],
            [
              -105.90966,
              39.54069
            ],
            [
              -105.9105,
              39.53973
            ],
            [
              -105.91103,
              39.53911
            ],
            [
              -105.92046,
              39.53802
            ],
            [
              -105.93259,
              39.5374
            ],
            [
              -105.94336,
              39.54147
            ],
            [
              -105.9528,
              39.54991
            ],
            [
              -105.95411,
              39.56336
            ],
            [
              -105.95475,
              39.57113
            ],
            [
              -105.95188,
              39.57904
            ],
            [
              -105.9566,
              39.58415
            ],
            [
              -105.96138,
              39.58932
            ],
            [
              -105.96316,
              39.59415
            ],
            [
              -105.96164,
              39.59822
            ],
            [
              -105.95943,
              39.60429
            ],
            [
              -105.95904,
              39.6047
            ],
            [
              -105.95922,
              39.60508
            ],
            [
              -105.9585,
              39.60596
            ],
            [
              -105.95306,
              39.6065
            ],
            [
              -105.94837,
              39.60619
            ],
            [
              -105.94264,
              39.6058
            ],
            [
              -105.94263,
              39.60588
            ],
            [
              -105.94262,
              39.60604
            ],
            [
              -105.94235,
              39.60599
            ],
            [
              -105.94227,
              39.60605
            ],
            [
              -105.94198,
              39.60625
            ],
            [
              -105.94186,
              39.60634
            ],
            [
              -105.94156,
              39.60636
            ],
            [
              -105.94112,
              39.60641
            ],
            [
              -105.94119,
              39.6063
            ],
            [
              -105.94111,
              39.6061
            ],
            [
              -105.94106,
              39.60612
            ],
            [
              -105.94091,
              39.60588
            ],
            [
              -105.94079,
              39.60577
            ]
          ]
        ]
      },
      "properties": {
        "epicPass": true,
        "ikonPass": false,
        "name": "Keystone",
        "osmId": "way/531000583",
        "osmName": "Keystone",
        "passes": [
          "epic"
        ],
        "source": "OpenStreetMap Overpass API",
        "sourceUrl": "https://www.openstreetmap.org/way/531000583"
      }
    },
    {
      "type": "Feature",
      "geometry": {
        "type": "Polygon",
        "coordinates": [
          [
            [
              -106.79116,
              40.45278
            ],
            [
              -106.78718,
              40.45177
            ],
            [
              -106.78165,
              40.44964
            ],
            [
              -106.7798,
              40.4494
            ],
            [
              -106.77799,
              40.44909
            ],
            [
              -106.77667,
              40.44889
            ],
            [
              -106.77565,
              40.44887
            ],
            [
              -106.77467,
              40.44591
            ],
            [
              -106.77145,
              40.44446
            ],
            [
              -106.76897,
              40.44043
            ],
            [
              -106.76699,
              40.43312
            ],
            [
              -106.7566,
              40.43114
            ],
            [
              -106.74796,
              40.43054
            ],
            [
              -106.74483,
              40.43408
            ],
            [
              -106.74111,
              40.43725
            ],
            [
              -106.73889,
              40.44019
            ],
            [
              -106.73916,
              40.44387
            ],
            [
              -106.73714,
              40.44835
            ],
            [
              -106.73675,
              40.45227
            ],
            [
              -106.73703,
              40.45355
            ],
            [
              -106.73715,
              40.45413
            ],
            [
              -106.73738,
              40.45519
            ],
            [
              -106.73749,
              40.45574
            ],
            [
              -106.73672,
              40.45778
            ],
            [
              -106.73627,
              40.45977
            ],
            [
              -106.74003,
              40.4629
            ],
            [
              -106.7444,
              40.46551
            ],
            [
              -106.74517,
              40.46917
            ],
            [
              -106.74281,
              40.47413
            ],
            [
              -106.75183,
              40.47532
            ],
            [
              -106.75756,
              40.47642
            ],
            [
              -106.76041,
              40.47763
            ],
            [
              -106.76288,
              40.47814
            ],
            [
              -106.76741,
              40.4788
            ],
            [
              -106.77228,
              40.47946
            ],
            [
              -106.77354,
              40.48095
            ],
            [
              -106.77392,
              40.48144
            ],
            [
              -106.77429,
              40.48139
            ],
            [
              -106.77505,
              40.48016
            ],
            [
              -106.77594,
              40.4797
            ],
            [
              -106.77664,
              40.47928
            ],
            [
              -106.77824,
              40.47861
            ],
            [
              -106.77929,
              40.478
            ],
            [
              -106.78023,
              40.47698
            ],
            [
              -106.78018,
              40.47622
            ],
            [
              -106.78222,
              40.47615
            ],
            [
              -106.78206,
              40.47566
            ],
            [
              -106.78179,
              40.47231
            ],
            [
              -106.78607,
              40.47238
            ],
            [
              -106.78609,
              40.46814
            ],
            [
              -106.78621,
              40.46637
            ],
            [
              -106.78694,
              40.46636
            ],
            [
              -106.78698,
              40.46502
            ],
            [
              -106.78763,
              40.46454
            ],
            [
              -106.78865,
              40.46423
            ],
            [
              -106.78947,
              40.46371
            ],
            [
              -106.79158,
              40.4635
            ],
            [
              -106.79413,
              40.46249
            ],
            [
              -106.79575,
              40.46119
            ],
            [
              -106.79677,
              40.46058
            ],
            [
              -106.79858,
              40.45991
            ],
            [
              -106.79962,
              40.45995
            ],
            [
              -106.80223,
              40.45938
            ],
            [
              -106.80386,
              40.45862
            ],
            [
              -106.80389,
              40.45713
            ],
            [
              -106.80379,
              40.45682
            ],
            [
              -106.80252,
              40.4568
            ],
            [
              -106.80056,
              40.45786
            ],
            [
              -106.79792,
              40.45874
            ],
            [
              -106.79662,
              40.45885
            ],
            [
              -106.79497,
              40.45697
            ],
            [
              -106.79555,
              40.45503
            ],
            [
              -106.79116,
              40.45278
            ]
          ]
        ]
      },
      "properties": {
        "epicPass": false,
        "ikonPass": true,
        "name": "Steamboat",
        "osmId": "way/530998526",
        "osmName": "Steamboat Ski Resort",
        "passes": [
          "ikon"
        ],
        "source": "OpenStreetMap Overpass API",
        "sourceUrl": "https://www.openstreetmap.org/way/530998526"
      }
    },
    {
      "type": "Feature",
      "geometry": {
        "type": "Polygon",
        "coordinates": [
          [
            [
              -107.8725,
              37.9435
            ],
            [
              -107.846,
              37.951
            ],
            [
              -107.812,
              37.9445
            ],
            [
              -107.781,
              37.919
            ],
            [
              -107.774,
              37.895
            ],
            [
              -107.7975,
              37.873
            ],
            [
              -107.823,
              37.859
            ],
            [
              -107.849,
              37.875
            ],
            [
              -107.878,
              37.904
            ],
            [
              -107.8725,
              37.9435
            ]
          ]
        ]
      },
      "properties": {
        "approximate": true,
        "epicPass": true,
        "ikonPass": false,
        "name": "Telluride",
        "osmId": null,
        "osmName": null,
        "passes": [
          "epic"
        ],
        "source": "Manual fallback boundary",
        "sourceNote": "Approximate resort-area envelope, not an official boundary.",
        "sourceUrl": "https://en.wikipedia.org/wiki/Telluride_Ski_Resort"
      }
    },
    {
      "type": "Feature",
      "geometry": {
        "type": "Polygon",
        "coordinates": [
          [
            [
              -106.37052,
              39.63872
            ],
            [
              -106.36906,
              39.63866
            ],
            [
              -106.36875,
              39.63838
            ],
            [
              -106.36822,
              39.63865
            ],
            [
              -106.36622,
              39.6382
            ],
            [
              -106.36525,
              39.63751
            ],
            [
              -106.36538,
              39.63739
            ],
            [
              -106.35316,
              39.63124
            ],
            [
              -106.33603,
              39.62049
            ],
            [
              -106.33284,
              39.61429
            ],
            [
              -106.33069,
              39.60925
            ],
            [
              -106.32294,
              39.60792
            ],
            [
              -106.31078,
              39.60311
            ],
            [
              -106.30254,
              39.60251
            ],
            [
              -106.30195,
              39.60246
            ],
            [
              -106.29467,
              39.59647
            ],
            [
              -106.29272,
              39.59308
            ],
            [
              -106.29361,
              39.59117
            ],
            [
              -106.29462,
              39.59075
            ],
            [
              -106.30165,
              39.58786
            ],
            [
              -106.30464,
              39.58662
            ],
            [
              -106.31462,
              39.58732
            ],
            [
              -106.31151,
              39.58053
            ],
            [
              -106.30219,
              39.57161
            ],
            [
              -106.32985,
              39.5574
            ],
            [
              -106.35258,
              39.57234
            ],
            [
              -106.36294,
              39.59005
            ],
            [
              -106.36768,
              39.5897
            ],
            [
              -106.37867,
              39.59409
            ],
            [
              -106.37672,
              39.59877
            ],
            [
              -106.38433,
              39.6003
            ],
            [
              -106.39021,
              39.60493
            ],
            [
              -106.38751,
              39.60991
            ],
            [
              -106.39365,
              39.61784
            ],
            [
              -106.39435,
              39.61875
            ],
            [
              -106.39504,
              39.61964
            ],
            [
              -106.39585,
              39.62369
            ],
            [
              -106.39782,
              39.63359
            ],
            [
              -106.40155,
              39.63657
            ],
            [
              -106.40161,
              39.63862
            ],
            [
              -106.39891,
              39.64072
            ],
            [
              -106.39399,
              39.64191
            ],
            [
              -106.39395,
              39.64179
            ],
            [
              -106.39322,
              39.64195
            ],
            [
              -106.39211,
              39.64226
            ],
            [
              -106.39195,
              39.6423
            ],
            [
              -106.39186,
              39.64233
            ],
            [
              -106.3916,
              39.6424
            ],
            [
              -106.39153,
              39.64241
            ],
            [
              -106.39117,
              39.64251
            ],
            [
              -106.39078,
              39.64281
            ],
            [
              -106.38979,
              39.64287
            ],
            [
              -106.38932,
              39.64302
            ],
            [
              -106.38921,
              39.64315
            ],
            [
              -106.38899,
              39.64316
            ],
            [
              -106.38878,
              39.6429
            ],
            [
              -106.38607,
              39.64311
            ],
            [
              -106.38425,
              39.64275
            ],
            [
              -106.38131,
              39.64188
            ],
            [
              -106.38082,
              39.64206
            ],
            [
              -106.38003,
              39.64174
            ],
            [
              -106.37937,
              39.64098
            ],
            [
              -106.37811,
              39.6407
            ],
            [
              -106.37764,
              39.64054
            ],
            [
              -106.37694,
              39.6406
            ],
            [
              -106.37644,
              39.64051
            ],
            [
              -106.37567,
              39.64007
            ],
            [
              -106.37578,
              39.63984
            ],
            [
              -106.37566,
              39.6396
            ],
            [
              -106.37412,
              39.63967
            ],
            [
              -106.37324,
              39.63948
            ],
            [
              -106.37313,
              39.63932
            ],
            [
              -106.37258,
              39.63949
            ],
            [
              -106.37054,
              39.63919
            ],
            [
              -106.37052,
              39.63872
            ]
          ]
        ]
      },
      "properties": {
        "epicPass": true,
        "ikonPass": false,
        "name": "Vail",
        "osmId": "way/531009607",
        "osmName": "Vail",
        "passes": [
          "epic"
        ],
        "source": "OpenStreetMap Overpass API",
        "sourceUrl": "https://www.openstreetmap.org/way/531009607"
      }
    },
    {
      "type": "Feature",
      "geometry": {
        "type": "Polygon",
        "coordinates": [
          [
            [
              -105.78164,
              39.90843
            ],
            [
              -105.78108,
              39.90689
            ],
            [
              -105.78096,
              39.90499
            ],
            [
              -105.78061,
              39.90372
            ],
            [
              -105.78022,
              39.90282
            ],
            [
              -105.77982,
              39.90212
            ],
            [
              -105.77894,
              39.90086
            ],
            [
              -105.77781,
              39.89913
            ],
            [
              -105.77735,
              39.89862
            ],
            [
              -105.7764,
              39.89791
            ],
            [
              -105.7743,
              39.89695
            ],
            [
              -105.77335,
              39.89656
            ],
            [
              -105.77259,
              39.89616
            ],
            [
              -105.77108,
              39.89525
            ],
            [
              -105.77012,
              39.89393
            ],
            [
              -105.76943,
              39.89353
            ],
            [
              -105.7677,
              39.89213
            ],
            [
              -105.76703,
              39.89137
            ],
            [
              -105.76474,
              39.88727
            ],
            [
              -105.76371,
              39.88542
            ],
            [
              -105.76679,
              39.88227
            ],
            [
              -105.76721,
              39.88177
            ],
            [
              -105.76724,
              39.88174
            ],
            [
              -105.76864,
              39.88008
            ],
            [
              -105.77027,
              39.87916
            ],
            [
              -105.77493,
              39.87499
            ],
            [
              -105.77055,
              39.87379
            ],
            [
              -105.76682,
              39.87351
            ],
            [
              -105.76503,
              39.8747
            ],
            [
              -105.76224,
              39.87534
            ],
            [
              -105.76026,
              39.8759
            ],
            [
              -105.75978,
              39.8761
            ],
            [
              -105.75929,
              39.87749
            ],
            [
              -105.75962,
              39.87854
            ],
            [
              -105.75877,
              39.87884
            ],
            [
              -105.7584,
              39.87941
            ],
            [
              -105.75711,
              39.87949
            ],
            [
              -105.75605,
              39.87941
            ],
            [
              -105.75494,
              39.87843
            ],
            [
              -105.75409,
              39.87814
            ],
            [
              -105.75381,
              39.87764
            ],
            [
              -105.75379,
              39.87745
            ],
            [
              -105.75508,
              39.87519
            ],
            [
              -105.75485,
              39.87216
            ],
            [
              -105.75404,
              39.87013
            ],
            [
              -105.75307,
              39.86919
            ],
            [
              -105.75267,
              39.86839
            ],
            [
              -105.75233,
              39.86736
            ],
            [
              -105.75248,
              39.86561
            ],
            [
              -105.75258,
              39.86474
            ],
            [
              -105.75213,
              39.86381
            ],
            [
              -105.75143,
              39.86284
            ],
            [
              -105.75126,
              39.8622
            ],
            [
              -105.75156,
              39.86083
            ],
            [
              -105.75257,
              39.8583
            ],
            [
              -105.75307,
              39.85725
            ],
            [
              -105.7534,
              39.85617
            ],
            [
              -105.75357,
              39.8551
            ],
            [
              -105.75348,
              39.85397
            ],
            [
              -105.7531,
              39.85217
            ],
            [
              -105.75433,
              39.85203
            ],
            [
              -105.75571,
              39.8518
            ],
            [
              -105.75757,
              39.85066
            ],
            [
              -105.75917,
              39.84958
            ],
            [
              -105.76162,
              39.84769
            ],
            [
              -105.76276,
              39.84729
            ],
            [
              -105.76386,
              39.84716
            ],
            [
              -105.76539,
              39.84711
            ],
            [
              -105.7665,
              39.84725
            ],
            [
              -105.76891,
              39.84721
            ],
            [
              -105.77236,
              39.84691
            ],
            [
              -105.77361,
              39.84635
            ],
            [
              -105.77503,
              39.8454
            ],
            [
              -105.77753,
              39.84321
            ],
            [
              -105.77914,
              39.84283
            ],
            [
              -105.78079,
              39.84245
            ],
            [
              -105.78141,
              39.84214
            ],
            [
              -105.78218,
              39.84167
            ],
            [
              -105.78321,
              39.84107
            ],
            [
              -105.78402,
              39.84079
            ],
            [
              -105.78484,
              39.84046
            ],
            [
              -105.78567,
              39.8399
            ],
            [
              -105.78614,
              39.83936
            ],
            [
              -105.78657,
              39.83816
            ],
            [
              -105.78689,
              39.83744
            ],
            [
              -105.78841,
              39.83585
            ],
            [
              -105.78964,
              39.83505
            ],
            [
              -105.79085,
              39.83456
            ],
            [
              -105.79224,
              39.83415
            ],
            [
              -105.79346,
              39.83388
            ],
            [
              -105.79508,
              39.83404
            ],
            [
              -105.79659,
              39.83424
            ],
            [
              -105.79841,
              39.83516
            ],
            [
              -105.79904,
              39.83733
            ],
            [
              -105.79961,
              39.83949
            ],
            [
              -105.8016,
              39.84101
            ],
            [
              -105.8019,
              39.84161
            ],
            [
              -105.80384,
              39.84559
            ],
            [
              -105.80635,
              39.85012
            ],
            [
              -105.80791,
              39.85223
            ],
            [
              -105.81177,
              39.8585
            ],
            [
              -105.81176,
              39.85976
            ],
            [
              -105.81182,
              39.86059
            ],
            [
              -105.81183,
              39.86142
            ],
            [
              -105.81182,
              39.86245
            ],
            [
              -105.81173,
              39.86387
            ],
            [
              -105.81177,
              39.86502
            ],
            [
              -105.81177,
              39.86632
            ],
            [
              -105.81173,
              39.86769
            ],
            [
              -105.81142,
              39.8691
            ],
            [
              -105.81095,
              39.87107
            ],
            [
              -105.8097,
              39.87531
            ],
            [
              -105.80953,
              39.87623
            ],
            [
              -105.80948,
              39.87703
            ],
            [
              -105.80959,
              39.8778
            ],
            [
              -105.81029,
              39.87946
            ],
            [
              -105.81063,
              39.88047
            ],
            [
              -105.81071,
              39.88138
            ],
            [
              -105.8107,
              39.88212
            ],
            [
              -105.80999,
              39.88397
            ],
            [
              -105.8091,
              39.88567
            ],
            [
              -105.81393,
              39.88562
            ],
            [
              -105.8137,
              39.89345
            ],
            [
              -105.81328,
              39.90699
            ],
            [
              -105.81323,
              39.90863
            ],
            [
              -105.78164,
              39.90843
            ]
          ]
        ]
      },
      "properties": {
        "epicPass": false,
        "ikonPass": true,
        "name": "Winter Park",
        "osmId": "way/460246666",
        "osmName": "Winter Park Resort",
        "passes": [
          "ikon"
        ],
        "source": "OpenStreetMap Overpass API",
        "sourceUrl": "https://www.openstreetmap.org/way/460246666"
      }
    }
  ]
}
