{
  "type": "FeatureCollection",
  "features": [
    {
      "type": "Feature",
      "properties": {
        "id": "co-open-space-alderfer-three-sisters-park-1126",
        "name": "Alderfer/Three Sisters Park",
        "coloradoOpenSpaceName": "Alderfer/Three Sisters Park",
        "boundaryType": "county-open-space",
        "manager": "Jefferson County Open Space",
        "owner": "Jefferson County",
        "access": "open",
        "acres": 1126,
        "source": "USGS PAD-US",
        "sourceLayer": "PAD-US 4.1 Colorado",
        "sourceFeatureClass": "Fee",
        "sourceDesignation": "County Parks",
        "sourceDataset": "Jefferson County - JCOS_Land_Boundaries_for_CoMap.gdb",
        "sourcePaid": ""
      },
      "geometry": {
        "type": "MultiPolygon",
        "coordinates": [
          [
            [
              [
                -105.3420760168,
                39.632392737
              ],
              [
                -105.3421145406,
                39.631947303
              ],
              [
                -105.3422125323,
                39.6308141311
              ],
              [
                -105.342218274,
                39.6306598414
              ],
              [
                -105.3422874528,
                39.6271881118
              ],
              [
                -105.3423013557,
                39.6265944565
              ],
              [
                -105.3417013185,
                39.6265986024
              ],
              [
                -105.341709119,
                39.6255236572
              ],
              [
                -105.342326532,
                39.6255193906
              ],
              [
                -105.3423819444,
                39.6231530974
              ],
              [
                -105.3425035119,
                39.6231122342
              ],
              [
                -105.3426116208,
                39.6230795411
              ],
              [
                -105.3427211481,
                39.6230497734
              ],
              [
                -105.3428319345,
                39.6230230058
              ],
              [
                -105.3429438783,
                39.6229992287
              ],
              [
                -105.3430568345,
                39.6229784971
              ],
              [
                -105.3431706264,
                39.6229608071
              ],
              [
                -105.3432851729,
                39.6229462248
              ],
              [
                -105.3434002953,
                39.6229347207
              ],
              [
                -105.3435158805,
                39.6229263417
              ],
              [
                -105.343631747,
                39.6229210915
              ],
              [
                -105.3437478072,
                39.6229189678
              ],
              [
                -105.3438638745,
                39.622919971
              ],
              [
                -105.3439798171,
                39.6229241147
              ],
              [
                -105.3440955339,
                39.6229313659
              ],
              [
                -105.3442108367,
                39.6229417659
              ],
              [
                -105.3443255939,
                39.6229552669
              ],
              [
                -105.3453390835,
                39.6230884159
              ],
              [
                -105.3465849116,
                39.6228967239
              ],
              [
                -105.3464001068,
                39.6089918493
              ],
              [
                -105.3467678702,
                39.6089896274
              ],
              [
                -105.3652787952,
                39.6088762617
              ],
              [
                -105.3652953786,
                39.6161689397
              ],
              [
                -105.3613224007,
                39.6162583492
              ],
              [
                -105.3612038358,
                39.6162610152
              ],
              [
                -105.3607522132,
                39.6162711694
              ],
              [
                -105.360887453,
                39.6206387412
              ],
              [
                -105.3610832381,
                39.6269605537
              ],
              [
                -105.3609419227,
                39.6269138715
              ],
              [
                -105.3606792128,
                39.6269101279
              ],
              [
                -105.3606402358,
                39.6304573929
              ],
              [
                -105.3606393762,
                39.6305267046
              ],
              [
                -105.360589823,
                39.6344545237
              ],
              [
                -105.3605451522,
                39.6376799173
              ],
              [
                -105.3604110029,
                39.6385911797
              ],
              [
                -105.3600572075,
                39.6409254472
              ],
              [
                -105.3508182289,
                39.6408672671
              ],
              [
                -105.3508198775,
                39.6409218541
              ],
              [
                -105.350229565,
                39.6409183551
              ],
              [
                -105.350251267,
                39.6407292886
              ],
              [
                -105.3498108071,
                39.6403872867
              ],
              [
                -105.3501111336,
                39.6402486723
              ],
              [
                -105.3506147389,
                39.6401264747
              ],
              [
                -105.3506242488,
                39.6398265592
              ],
              [
                -105.3506300028,
                39.6396288937
              ],
              [
                -105.3505430967,
                39.6395862442
              ],
              [
                -105.3505906261,
                39.6376844845
              ],
              [
                -105.3506641055,
                39.6369508738
              ],
              [
                -105.350952354,
                39.634135571
              ],
              [
                -105.3511466898,
                39.6322553908
              ],
              [
                -105.3510420958,
                39.6322776956
              ],
              [
                -105.3505287913,
                39.6323926924
              ],
              [
                -105.3500037077,
                39.6325535822
              ],
              [
                -105.3498390568,
                39.6325599318
              ],
              [
                -105.3496604386,
                39.6326670183
              ],
              [
                -105.3496518389,
                39.6327544212
              ],
              [
                -105.3485526084,
                39.6333117378
              ],
              [
                -105.3468665746,
                39.6331629004
              ],
              [
                -105.3449842845,
                39.6329745656
              ],
              [
                -105.3449967044,
                39.6328536581
              ],
              [
                -105.344492779,
                39.6328963342
              ],
              [
                -105.3444179325,
                39.6331909047
              ],
              [
                -105.3435574216,
                39.6329622937
              ],
              [
                -105.3435932424,
                39.6326753685
              ],
              [
                -105.3428375346,
                39.6324627488
              ],
              [
                -105.3422641372,
                39.6324063601
              ],
              [
                -105.3420760168,
                39.632392737
              ]
            ],
            [
              [
                -105.3574715668,
                39.6229596073
              ],
              [
                -105.3592327357,
                39.6228799875
              ],
              [
                -105.3593539085,
                39.6225149664
              ],
              [
                -105.359908444,
                39.622527896
              ],
              [
                -105.3599180166,
                39.6220519186
              ],
              [
                -105.3574935562,
                39.6220512471
              ],
              [
                -105.3574715668,
                39.6229596073
              ]
            ],
            [
              [
                -105.3513357416,
                39.6198396428
              ],
              [
                -105.3535639528,
                39.6198123283
              ],
              [
                -105.3560705447,
                39.6197817324
              ],
              [
                -105.3560194453,
                39.6166221296
              ],
              [
                -105.3560145052,
                39.6163166131
              ],
              [
                -105.3511793772,
                39.6163627945
              ],
              [
                -105.3513357416,
                39.6198396428
              ]
            ]
          ]
        ]
      }
    },
    {
      "type": "Feature",
      "properties": {
        "id": "co-open-space-apex-park-698",
        "name": "Apex Park",
        "coloradoOpenSpaceName": "Apex Park",
        "boundaryType": "county-open-space",
        "manager": "Jefferson County Open Space",
        "owner": "Jefferson County",
        "access": "open",
        "acres": 698,
        "source": "USGS PAD-US",
        "sourceLayer": "PAD-US 4.1 Colorado",
        "sourceFeatureClass": "Fee",
        "sourceDesignation": "County Parks",
        "sourceDataset": "Jefferson County - JCOS_Land_Boundaries_for_CoMap.gdb ",
        "sourcePaid": ""
      },
      "geometry": {
        "type": "MultiPolygon",
        "coordinates": [
          [
            [
              [
                -105.2085655333,
                39.7165557194
              ],
              [
                -105.2096797051,
                39.7157358692
              ],
              [
                -105.2097215181,
                39.7158730076
              ],
              [
                -105.2097043966,
                39.7161403295
              ],
              [
                -105.2096138715,
                39.7163789151
              ],
              [
                -105.2094414692,
                39.7166110966
              ],
              [
                -105.2091255544,
                39.7169252797
              ],
              [
                -105.208900281,
                39.7170750572
              ],
              [
                -105.208737042,
                39.717150478
              ],
              [
                -105.2087237109,
                39.7171032575
              ],
              [
                -105.2086196102,
                39.716943833
              ],
              [
                -105.2085494629,
                39.7167899513
              ],
              [
                -105.2085485768,
                39.7167674335
              ],
              [
                -105.2085655333,
                39.7165557194
              ]
            ]
          ],
          [
            [
              [
                -105.2215389184,
                39.7278415566
              ],
              [
                -105.2213911432,
                39.7255578735
              ],
              [
                -105.2198765238,
                39.7255365491
              ],
              [
                -105.2193644122,
                39.7255164915
              ],
              [
                -105.2186440613,
                39.7255018854
              ],
              [
                -105.218424864,
                39.7254973367
              ],
              [
                -105.2182801373,
                39.7254943328
              ],
              [
                -105.2169301558,
                39.7254669131
              ],
              [
                -105.2168891441,
                39.7254665146
              ],
              [
                -105.2168887143,
                39.7254232534
              ],
              [
                -105.2168813155,
                39.7246819684
              ],
              [
                -105.2168820919,
                39.724392327
              ],
              [
                -105.2168822276,
                39.7241406292
              ],
              [
                -105.2168830148,
                39.7239508496
              ],
              [
                -105.2168837882,
                39.7237579948
              ],
              [
                -105.2168841621,
                39.7235586261
              ],
              [
                -105.2168848721,
                39.7233714523
              ],
              [
                -105.2168857383,
                39.7231571021
              ],
              [
                -105.2168861905,
                39.7229337663
              ],
              [
                -105.2168871031,
                39.7227123771
              ],
              [
                -105.2168883494,
                39.7223031588
              ],
              [
                -105.2168459252,
                39.7218023926
              ],
              [
                -105.2168260178,
                39.721319993
              ],
              [
                -105.2168266955,
                39.7209739378
              ],
              [
                -105.2168270199,
                39.7208324632
              ],
              [
                -105.2168273892,
                39.7206579585
              ],
              [
                -105.2168260908,
                39.7201671744
              ],
              [
                -105.2168102911,
                39.7189173055
              ],
              [
                -105.2167918894,
                39.7184029485
              ],
              [
                -105.21679815,
                39.7180503098
              ],
              [
                -105.2167940885,
                39.7177848798
              ],
              [
                -105.2167886029,
                39.7174244618
              ],
              [
                -105.2167847513,
                39.7171746009
              ],
              [
                -105.2167796231,
                39.7168368546
              ],
              [
                -105.2167738242,
                39.7164502641
              ],
              [
                -105.2167001561,
                39.7164511117
              ],
              [
                -105.2161824997,
                39.7164569208
              ],
              [
                -105.2157488206,
                39.7164618207
              ],
              [
                -105.2153954207,
                39.7164657909
              ],
              [
                -105.2150639248,
                39.7164695443
              ],
              [
                -105.2147249125,
                39.7164733096
              ],
              [
                -105.2144094427,
                39.7164768523
              ],
              [
                -105.2141367192,
                39.7164797723
              ],
              [
                -105.2138284545,
                39.7164800468
              ],
              [
                -105.2135029244,
                39.7164800505
              ],
              [
                -105.2132518988,
                39.7164800481
              ],
              [
                -105.2130091498,
                39.7164800231
              ],
              [
                -105.2127534513,
                39.7164800083
              ],
              [
                -105.2124864033,
                39.7164800309
              ],
              [
                -105.2123479765,
                39.7164800403
              ],
              [
                -105.2121100771,
                39.7164851001
              ],
              [
                -105.2117352129,
                39.7164931223
              ],
              [
                -105.211658469,
                39.7164947522
              ],
              [
                -105.2116534927,
                39.7161575137
              ],
              [
                -105.2116450332,
                39.7155842946
              ],
              [
                -105.2116460386,
                39.7154991337
              ],
              [
                -105.2116478017,
                39.7153497009
              ],
              [
                -105.2117740559,
                39.715260047
              ],
              [
                -105.2118795742,
                39.7153297985
              ],
              [
                -105.2120773486,
                39.7154610308
              ],
              [
                -105.2123039392,
                39.7155404101
              ],
              [
                -105.2125526321,
                39.7155337963
              ],
              [
                -105.2126922234,
                39.7154869626
              ],
              [
                -105.2140807093,
                39.7150209661
              ],
              [
                -105.2141558561,
                39.7148562162
              ],
              [
                -105.2141451957,
                39.7147294979
              ],
              [
                -105.2141188484,
                39.7146632993
              ],
              [
                -105.214548204,
                39.714284079
              ],
              [
                -105.2147116608,
                39.7140781265
              ],
              [
                -105.2148710276,
                39.7138113497
              ],
              [
                -105.2148364596,
                39.7137616297
              ],
              [
                -105.2146238233,
                39.7136556394
              ],
              [
                -105.2144798352,
                39.7134667914
              ],
              [
                -105.2146455848,
                39.7132851664
              ],
              [
                -105.2147238706,
                39.713370732
              ],
              [
                -105.2149959043,
                39.713225021
              ],
              [
                -105.214906497,
                39.7131391855
              ],
              [
                -105.2147847681,
                39.7131325934
              ],
              [
                -105.2167321602,
                39.7109982093
              ],
              [
                -105.2167901024,
                39.7109741314
              ],
              [
                -105.2168566173,
                39.7109464184
              ],
              [
                -105.2211524894,
                39.7091596822
              ],
              [
                -105.2211688811,
                39.7109559172
              ],
              [
                -105.2218523522,
                39.7109476267
              ],
              [
                -105.2256937322,
                39.7109860394
              ],
              [
                -105.2258659712,
                39.7108753589
              ],
              [
                -105.225927856,
                39.7108543952
              ],
              [
                -105.2260956743,
                39.7107856884
              ],
              [
                -105.2262334191,
                39.7107517261
              ],
              [
                -105.2263599897,
                39.7107664339
              ],
              [
                -105.2265256864,
                39.7108221577
              ],
              [
                -105.2267408948,
                39.71099594
              ],
              [
                -105.2268587954,
                39.7109970504
              ],
              [
                -105.2303863521,
                39.711032774
              ],
              [
                -105.2388805068,
                39.7109457973
              ],
              [
                -105.2388907237,
                39.7109456928
              ],
              [
                -105.2388904167,
                39.7109818273
              ],
              [
                -105.2388846007,
                39.7110955607
              ],
              [
                -105.238776138,
                39.7132155151
              ],
              [
                -105.238775817,
                39.713221781
              ],
              [
                -105.238742314,
                39.7138765714
              ],
              [
                -105.2403312092,
                39.7140894742
              ],
              [
                -105.2425076239,
                39.7138318457
              ],
              [
                -105.2448683119,
                39.7138970921
              ],
              [
                -105.2456217514,
                39.7131799054
              ],
              [
                -105.2462173067,
                39.7134601149
              ],
              [
                -105.24627241,
                39.7136561753
              ],
              [
                -105.2464518496,
                39.7149080568
              ],
              [
                -105.2464193501,
                39.7161938227
              ],
              [
                -105.2487869692,
                39.7168117633
              ],
              [
                -105.2498257333,
                39.7165754022
              ],
              [
                -105.2501711573,
                39.7168074818
              ],
              [
                -105.2500315923,
                39.7169389279
              ],
              [
                -105.2495837053,
                39.7173607547
              ],
              [
                -105.2495801711,
                39.7175862786
              ],
              [
                -105.2495845694,
                39.717801565
              ],
              [
                -105.2496366587,
                39.7178029724
              ],
              [
                -105.2496364581,
                39.7178437942
              ],
              [
                -105.2496624062,
                39.7178972936
              ],
              [
                -105.2496619897,
                39.7179520873
              ],
              [
                -105.2511119787,
                39.7179563828
              ],
              [
                -105.2510714859,
                39.7179984724
              ],
              [
                -105.2495991371,
                39.71799411
              ],
              [
                -105.2496021703,
                39.717898659
              ],
              [
                -105.2495854328,
                39.7178438261
              ],
              [
                -105.2495834053,
                39.7178437681
              ],
              [
                -105.2473986867,
                39.7178372601
              ],
              [
                -105.2469162061,
                39.717274452
              ],
              [
                -105.2457847629,
                39.7168219865
              ],
              [
                -105.2457524511,
                39.7168271299
              ],
              [
                -105.2456431584,
                39.7168401642
              ],
              [
                -105.2455908237,
                39.7168249923
              ],
              [
                -105.2453121358,
                39.7168629358
              ],
              [
                -105.245312562,
                39.7168544223
              ],
              [
                -105.2453059669,
                39.7166622105
              ],
              [
                -105.244643953,
                39.7166109325
              ],
              [
                -105.2440584976,
                39.7162671013
              ],
              [
                -105.2438999806,
                39.7162331949
              ],
              [
                -105.2429928328,
                39.7162073734
              ],
              [
                -105.2427597324,
                39.7162676146
              ],
              [
                -105.2421940142,
                39.7164658144
              ],
              [
                -105.2421097172,
                39.7165639889
              ],
              [
                -105.2420841379,
                39.7166865559
              ],
              [
                -105.2421135629,
                39.7170658865
              ],
              [
                -105.2420418325,
                39.7170670674
              ],
              [
                -105.2402230664,
                39.7170970007
              ],
              [
                -105.240233381,
                39.7161729573
              ],
              [
                -105.2386276796,
                39.7161656456
              ],
              [
                -105.2382142884,
                39.7166133466
              ],
              [
                -105.2382417351,
                39.7167174876
              ],
              [
                -105.2382220888,
                39.7167382477
              ],
              [
                -105.2383316632,
                39.7171782567
              ],
              [
                -105.238363181,
                39.7171782927
              ],
              [
                -105.2385736532,
                39.7171792187
              ],
              [
                -105.2385736579,
                39.7173073269
              ],
              [
                -105.238516755,
                39.718238294
              ],
              [
                -105.2379628914,
                39.7182380133
              ],
              [
                -105.2376404183,
                39.7182426634
              ],
              [
                -105.2367179686,
                39.7182480269
              ],
              [
                -105.2347726684,
                39.7155955056
              ],
              [
                -105.2346848193,
                39.7154757166
              ],
              [
                -105.2329829057,
                39.7154790127
              ],
              [
                -105.2327143703,
                39.7154795301
              ],
              [
                -105.2325998575,
                39.7152757051
              ],
              [
                -105.2325585066,
                39.7152021026
              ],
              [
                -105.2311389768,
                39.7151437354
              ],
              [
                -105.2311640149,
                39.7181348323
              ],
              [
                -105.2314018737,
                39.7181369967
              ],
              [
                -105.2314120603,
                39.7181380481
              ],
              [
                -105.2314108895,
                39.7182037714
              ],
              [
                -105.2315379796,
                39.7182045742
              ],
              [
                -105.2319102263,
                39.7182359839
              ],
              [
                -105.2320202351,
                39.7182740666
              ],
              [
                -105.2298769582,
                39.7182795055
              ],
              [
                -105.2298128667,
                39.7241809491
              ],
              [
                -105.2297994916,
                39.7254124429
              ],
              [
                -105.2297954913,
                39.7254851983
              ],
              [
                -105.2296769844,
                39.7254864424
              ],
              [
                -105.2270824596,
                39.7255137008
              ],
              [
                -105.2259071194,
                39.7255363214
              ],
              [
                -105.2255908882,
                39.7255261047
              ],
              [
                -105.225853148,
                39.7291341563
              ],
              [
                -105.2237561727,
                39.7291437353
              ],
              [
                -105.2237210401,
                39.7291128867
              ],
              [
                -105.2222892294,
                39.7278558163
              ],
              [
                -105.2221641362,
                39.7278534344
              ],
              [
                -105.2215389184,
                39.7278415566
              ]
            ]
          ]
        ]
      }
    },
    {
      "type": "Feature",
      "properties": {
        "id": "co-open-space-centennial-cone-park-3654",
        "name": "Centennial Cone Park",
        "coloradoOpenSpaceName": "Centennial Cone Park",
        "boundaryType": "county-open-space",
        "manager": "Jefferson County Open Space",
        "owner": "Jefferson County",
        "access": "open",
        "acres": 3654,
        "source": "USGS PAD-US",
        "sourceLayer": "PAD-US 4.1 Colorado",
        "sourceFeatureClass": "Fee",
        "sourceDesignation": "County Parks",
        "sourceDataset": "Jefferson County - JCOS_Land_Boundaries_for_CoMap.gdb",
        "sourcePaid": ""
      },
      "geometry": {
        "type": "MultiPolygon",
        "coordinates": [
          [
            [
              [
                -105.3491851127,
                39.7763561022
              ],
              [
                -105.3491963683,
                39.7756703772
              ],
              [
                -105.34591682,
                39.7730685645
              ],
              [
                -105.3453993112,
                39.7726720518
              ],
              [
                -105.3431316446,
                39.7726432024
              ],
              [
                -105.3430503802,
                39.7726421679
              ],
              [
                -105.3430487256,
                39.7708390719
              ],
              [
                -105.3407034308,
                39.770814788
              ],
              [
                -105.338365904,
                39.7707927184
              ],
              [
                -105.338363682,
                39.7689987066
              ],
              [
                -105.3313386,
                39.7689424784
              ],
              [
                -105.3313390222,
                39.7687662686
              ],
              [
                -105.3309543334,
                39.7686408086
              ],
              [
                -105.3301215058,
                39.767521441
              ],
              [
                -105.3302350869,
                39.7660930461
              ],
              [
                -105.329765049,
                39.7654546144
              ],
              [
                -105.3293023449,
                39.7652127078
              ],
              [
                -105.3280137437,
                39.7641441258
              ],
              [
                -105.3272450863,
                39.7628532377
              ],
              [
                -105.3267427995,
                39.762628633
              ],
              [
                -105.32675512,
                39.7616875218
              ],
              [
                -105.3267588216,
                39.7601855883
              ],
              [
                -105.3267447438,
                39.7596140099
              ],
              [
                -105.324635347,
                39.7595796357
              ],
              [
                -105.3242200526,
                39.7595728636
              ],
              [
                -105.3241385746,
                39.75626471
              ],
              [
                -105.3241303896,
                39.755932382
              ],
              [
                -105.3222103313,
                39.7574339544
              ],
              [
                -105.3218562894,
                39.7577108202
              ],
              [
                -105.3217818013,
                39.754463904
              ],
              [
                -105.3217729012,
                39.754075921
              ],
              [
                -105.3205337803,
                39.7540533132
              ],
              [
                -105.319459992,
                39.7540337114
              ],
              [
                -105.3193289731,
                39.7522689179
              ],
              [
                -105.319268696,
                39.7514569666
              ],
              [
                -105.3130070091,
                39.7512052037
              ],
              [
                -105.31233301,
                39.7511780837
              ],
              [
                -105.3123957663,
                39.7520876596
              ],
              [
                -105.3056721046,
                39.752217764
              ],
              [
                -105.3056855407,
                39.7474088554
              ],
              [
                -105.3063056528,
                39.747511258
              ],
              [
                -105.3068773375,
                39.7474961581
              ],
              [
                -105.3079756709,
                39.747514235
              ],
              [
                -105.3088317739,
                39.7472299844
              ],
              [
                -105.3092193334,
                39.7469733428
              ],
              [
                -105.309500401,
                39.7466854825
              ],
              [
                -105.312015163,
                39.7466288601
              ],
              [
                -105.3117646897,
                39.7429914427
              ],
              [
                -105.3117682169,
                39.7429915718
              ],
              [
                -105.3130818092,
                39.7431307745
              ],
              [
                -105.3178578687,
                39.7436367678
              ],
              [
                -105.3178568895,
                39.743636753
              ],
              [
                -105.3210038359,
                39.7439699524
              ],
              [
                -105.3302393614,
                39.7449517867
              ],
              [
                -105.3492142561,
                39.7454535078
              ],
              [
                -105.3493268399,
                39.7454440135
              ],
              [
                -105.3602732987,
                39.7445203278
              ],
              [
                -105.3602249861,
                39.7442201096
              ],
              [
                -105.3603108001,
                39.7407074558
              ],
              [
                -105.3603027905,
                39.7362064796
              ],
              [
                -105.3605195619,
                39.7359730673
              ],
              [
                -105.3610194932,
                39.7351650524
              ],
              [
                -105.3613516048,
                39.734893094
              ],
              [
                -105.3617951013,
                39.7347432149
              ],
              [
                -105.3624361766,
                39.7347712931
              ],
              [
                -105.3633273094,
                39.7351214554
              ],
              [
                -105.3640394175,
                39.7354009222
              ],
              [
                -105.3644548611,
                39.7354816695
              ],
              [
                -105.365136509,
                39.735449186
              ],
              [
                -105.366412918,
                39.7350715449
              ],
              [
                -105.3683825541,
                39.7344718979
              ],
              [
                -105.3688586296,
                39.7344178237
              ],
              [
                -105.3693199885,
                39.7345378951
              ],
              [
                -105.3697703353,
                39.7349316758
              ],
              [
                -105.3698547862,
                39.735359194
              ],
              [
                -105.3698027793,
                39.7360658683
              ],
              [
                -105.3700854297,
                39.736666523
              ],
              [
                -105.3704563992,
                39.7369847755
              ],
              [
                -105.3711104786,
                39.7372472455
              ],
              [
                -105.3716610147,
                39.7372987753
              ],
              [
                -105.3731549174,
                39.7370984108
              ],
              [
                -105.3738951823,
                39.7370624852
              ],
              [
                -105.3754705376,
                39.737111033
              ],
              [
                -105.3764822715,
                39.737024175
              ],
              [
                -105.3776850246,
                39.7368215539
              ],
              [
                -105.3784896708,
                39.7364940586
              ],
              [
                -105.3789502576,
                39.7364368303
              ],
              [
                -105.3794001352,
                39.7365321579
              ],
              [
                -105.3798128958,
                39.736821987
              ],
              [
                -105.3802503189,
                39.7373526653
              ],
              [
                -105.3804775788,
                39.7375633527
              ],
              [
                -105.3806806607,
                39.7376966277
              ],
              [
                -105.3811513405,
                39.7378874507
              ],
              [
                -105.3816735131,
                39.7379645281
              ],
              [
                -105.382115571,
                39.7379367667
              ],
              [
                -105.3826917676,
                39.7377612518
              ],
              [
                -105.3833045047,
                39.7373449042
              ],
              [
                -105.38459993,
                39.7363557221
              ],
              [
                -105.3849192257,
                39.7361886544
              ],
              [
                -105.3854518002,
                39.7360856421
              ],
              [
                -105.3861436363,
                39.7362097193
              ],
              [
                -105.38660453,
                39.7364867975
              ],
              [
                -105.3878755882,
                39.737343106
              ],
              [
                -105.3884288076,
                39.7378924251
              ],
              [
                -105.3884705893,
                39.7380028239
              ],
              [
                -105.3894591929,
                39.7397266026
              ],
              [
                -105.3895816785,
                39.7401583553
              ],
              [
                -105.3895158421,
                39.7411681724
              ],
              [
                -105.3886434321,
                39.7411633256
              ],
              [
                -105.3886434478,
                39.7411760306
              ],
              [
                -105.3886477884,
                39.7446953988
              ],
              [
                -105.3886479088,
                39.7447778745
              ],
              [
                -105.3886492852,
                39.7462483588
              ],
              [
                -105.3886515791,
                39.7472661698
              ],
              [
                -105.3886534263,
                39.7480870109
              ],
              [
                -105.3886537781,
                39.7482530904
              ],
              [
                -105.3886540303,
                39.748848494
              ],
              [
                -105.38869602,
                39.7488504239
              ],
              [
                -105.389898848,
                39.7488526613
              ],
              [
                -105.3899847389,
                39.7493070727
              ],
              [
                -105.3897570212,
                39.7496998662
              ],
              [
                -105.3893031352,
                39.7499517328
              ],
              [
                -105.3888138787,
                39.7501192263
              ],
              [
                -105.3886960173,
                39.7502088995
              ],
              [
                -105.3886545852,
                39.7502318953
              ],
              [
                -105.3886546805,
                39.7504687477
              ],
              [
                -105.3886960163,
                39.7504401562
              ],
              [
                -105.3889359541,
                39.7502576191
              ],
              [
                -105.389409003,
                39.7500956758
              ],
              [
                -105.3899180397,
                39.7498179706
              ],
              [
                -105.3900901918,
                39.7495329833
              ],
              [
                -105.3901624012,
                39.7496223824
              ],
              [
                -105.3906682325,
                39.7501066029
              ],
              [
                -105.389928784,
                39.7506659063
              ],
              [
                -105.3893548649,
                39.7502165841
              ],
              [
                -105.3886960165,
                39.7505122665
              ],
              [
                -105.3886547082,
                39.7505381639
              ],
              [
                -105.388655051,
                39.7513914294
              ],
              [
                -105.388655089,
                39.7514765318
              ],
              [
                -105.3886551209,
                39.7515669534
              ],
              [
                -105.3886555274,
                39.7525722344
              ],
              [
                -105.3886558544,
                39.753383788
              ],
              [
                -105.3886561314,
                39.7540510575
              ],
              [
                -105.3886566451,
                39.755334812
              ],
              [
                -105.3886468596,
                39.7553346537
              ],
              [
                -105.3823868151,
                39.7552332981
              ],
              [
                -105.3790001645,
                39.7551783355
              ],
              [
                -105.378378172,
                39.7551685977
              ],
              [
                -105.3783669933,
                39.7551683916
              ],
              [
                -105.3742764602,
                39.7550930514
              ],
              [
                -105.3739958493,
                39.7621850778
              ],
              [
                -105.3725727474,
                39.7621763284
              ],
              [
                -105.3692462771,
                39.7621573876
              ],
              [
                -105.3693901511,
                39.7586017794
              ],
              [
                -105.3646534797,
                39.7585268774
              ],
              [
                -105.3598197341,
                39.7584987511
              ],
              [
                -105.3597219535,
                39.7619711744
              ],
              [
                -105.3548234975,
                39.7618744879
              ],
              [
                -105.3548087207,
                39.7654883449
              ],
              [
                -105.3501348109,
                39.7654062817
              ],
              [
                -105.3500721876,
                39.7690918373
              ],
              [
                -105.3500846636,
                39.7709117629
              ],
              [
                -105.3471108022,
                39.770932972
              ],
              [
                -105.3470284348,
                39.7712295261
              ],
              [
                -105.3470158003,
                39.7713075731
              ],
              [
                -105.3470209633,
                39.7713863352
              ],
              [
                -105.3470437545,
                39.7714630675
              ],
              [
                -105.3470834795,
                39.7715356824
              ],
              [
                -105.3471389454,
                39.7716018191
              ],
              [
                -105.3472084096,
                39.7716595571
              ],
              [
                -105.3472854213,
                39.7717049469
              ],
              [
                -105.3489085385,
                39.772506429
              ],
              [
                -105.3496885188,
                39.7728916104
              ],
              [
                -105.3498332905,
                39.7729777464
              ],
              [
                -105.349956515,
                39.7730818767
              ],
              [
                -105.3500544096,
                39.7732009072
              ],
              [
                -105.3501240106,
                39.7733313883
              ],
              [
                -105.3501632338,
                39.7734690461
              ],
              [
                -105.3501718021,
                39.7735841718
              ],
              [
                -105.3501062408,
                39.7761892929
              ],
              [
                -105.3500586207,
                39.7761487692
              ],
              [
                -105.3499952545,
                39.7761279799
              ],
              [
                -105.349921432,
                39.7761292582
              ],
              [
                -105.3498529653,
                39.7761371986
              ],
              [
                -105.3498059618,
                39.7761890049
              ],
              [
                -105.3497977871,
                39.776261961
              ],
              [
                -105.3498269245,
                39.7763100676
              ],
              [
                -105.3499051819,
                39.7763514831
              ],
              [
                -105.3491851127,
                39.7763561022
              ]
            ]
          ]
        ]
      }
    },
    {
      "type": "Feature",
      "properties": {
        "id": "co-open-space-clear-creek-canyon-park-211",
        "name": "Clear Creek Canyon Park",
        "coloradoOpenSpaceName": "Clear Creek Canyon Park",
        "boundaryType": "county-open-space",
        "manager": "Jefferson County Open Space",
        "owner": "US Bureau of Land Management",
        "access": "open",
        "acres": 211,
        "source": "USGS PAD-US",
        "sourceLayer": "PAD-US 4.1 Colorado",
        "sourceFeatureClass": "Fee",
        "sourceDesignation": "County Parks",
        "sourceDataset": "Jefferson County - JCOS_Land_Boundaries_for_CoMap.gdb",
        "sourcePaid": ""
      },
      "geometry": {
        "type": "MultiPolygon",
        "coordinates": [
          [
            [
              [
                -105.3210038359,
                39.7439699524
              ],
              [
                -105.3178568895,
                39.743636753
              ],
              [
                -105.3178578687,
                39.7436367678
              ],
              [
                -105.3130818092,
                39.7431307745
              ],
              [
                -105.3117682169,
                39.7429915718
              ],
              [
                -105.3117646897,
                39.7429914427
              ],
              [
                -105.311741643,
                39.7426567301
              ],
              [
                -105.3115855133,
                39.7408883325
              ],
              [
                -105.3118543217,
                39.7399872502
              ],
              [
                -105.3120237528,
                39.7394211015
              ],
              [
                -105.3132336374,
                39.7395735594
              ],
              [
                -105.3132336029,
                39.7395677299
              ],
              [
                -105.3167121862,
                39.7400442745
              ],
              [
                -105.3207474149,
                39.7406035921
              ],
              [
                -105.3209820793,
                39.7436843418
              ],
              [
                -105.3210038359,
                39.7439699524
              ]
            ]
          ],
          [
            [
              [
                -105.3302393614,
                39.7449517867
              ],
              [
                -105.3299776578,
                39.7418545575
              ],
              [
                -105.3306801102,
                39.7418765141
              ],
              [
                -105.3319541812,
                39.7418980879
              ],
              [
                -105.332967682,
                39.741915239
              ],
              [
                -105.3329874664,
                39.7419158878
              ],
              [
                -105.3462895695,
                39.7423512894
              ],
              [
                -105.3463414621,
                39.7423529848
              ],
              [
                -105.3468832055,
                39.7424491967
              ],
              [
                -105.3478183474,
                39.7426152694
              ],
              [
                -105.3488399312,
                39.7425513784
              ],
              [
                -105.3490877391,
                39.7440235944
              ],
              [
                -105.3493268399,
                39.7454440135
              ],
              [
                -105.3492142561,
                39.7454535078
              ],
              [
                -105.3302393614,
                39.7449517867
              ]
            ]
          ]
        ]
      }
    },
    {
      "type": "Feature",
      "properties": {
        "id": "co-open-space-clear-creek-canyon-park-91",
        "name": "Clear Creek Canyon Park",
        "coloradoOpenSpaceName": "Clear Creek Canyon Park",
        "boundaryType": "county-open-space",
        "manager": "Jefferson County Open Space",
        "owner": "Jefferson County",
        "access": "open",
        "acres": 91,
        "source": "USGS PAD-US",
        "sourceLayer": "PAD-US 4.1 Colorado",
        "sourceFeatureClass": "Fee",
        "sourceDesignation": "County Parks",
        "sourceDataset": "Jefferson County - JCOS_Land_Boundaries_for_CoMap.gdb",
        "sourcePaid": ""
      },
      "geometry": {
        "type": "MultiPolygon",
        "coordinates": [
          [
            [
              [
                -105.39283296,
                39.7349032965
              ],
              [
                -105.3886975704,
                39.7353487028
              ],
              [
                -105.3882375277,
                39.735398389
              ],
              [
                -105.3880513706,
                39.7326780331
              ],
              [
                -105.3879875607,
                39.7316715568
              ],
              [
                -105.3886755345,
                39.7315558398
              ],
              [
                -105.3926621373,
                39.7308853893
              ],
              [
                -105.3927718864,
                39.7334668179
              ],
              [
                -105.39283296,
                39.7349032965
              ]
            ]
          ],
          [
            [
              [
                -105.39283296,
                39.7349032965
              ],
              [
                -105.3933359331,
                39.7348493207
              ],
              [
                -105.3974061358,
                39.7344056862
              ],
              [
                -105.3978073687,
                39.7343676464
              ],
              [
                -105.397817772,
                39.7343666605
              ],
              [
                -105.3978046061,
                39.7348503335
              ],
              [
                -105.3978140874,
                39.7387560148
              ],
              [
                -105.3978107724,
                39.7387814076
              ],
              [
                -105.3978103371,
                39.738784744
              ],
              [
                -105.3978098975,
                39.7387881104
              ],
              [
                -105.3934467624,
                39.7389340546
              ],
              [
                -105.392994619,
                39.7389508196
              ],
              [
                -105.39283296,
                39.7349032965
              ]
            ]
          ]
        ]
      }
    },
    {
      "type": "Feature",
      "properties": {
        "id": "co-open-space-clear-creek-canyon-park-2901",
        "name": "Clear Creek Canyon Park",
        "coloradoOpenSpaceName": "Clear Creek Canyon Park",
        "boundaryType": "county-open-space",
        "manager": "Jefferson County Open Space",
        "owner": "Jefferson County",
        "access": "open",
        "acres": 2901,
        "source": "USGS PAD-US",
        "sourceLayer": "PAD-US 4.1 Colorado",
        "sourceFeatureClass": "Fee",
        "sourceDesignation": "County Parks",
        "sourceDataset": "Jefferson County - JCOS_Land_Boundaries_for_CoMap.gdb",
        "sourcePaid": ""
      },
      "geometry": {
        "type": "MultiPolygon",
        "coordinates": [
          [
            [
              [
                -105.39283296,
                39.7349032965
              ],
              [
                -105.3927718864,
                39.7334668179
              ],
              [
                -105.3928596872,
                39.7334552544
              ],
              [
                -105.3979485638,
                39.732784945
              ],
              [
                -105.3979488493,
                39.7330377399
              ],
              [
                -105.3979496186,
                39.7337195683
              ],
              [
                -105.3979496232,
                39.7337271052
              ],
              [
                -105.3979495333,
                39.7337271147
              ],
              [
                -105.3978794231,
                39.7337350029
              ],
              [
                -105.3978270984,
                39.7337408899
              ],
              [
                -105.3977890248,
                39.7337451798
              ],
              [
                -105.397817772,
                39.7343666605
              ],
              [
                -105.3978073687,
                39.7343676464
              ],
              [
                -105.3974061358,
                39.7344056862
              ],
              [
                -105.3933359331,
                39.7348493207
              ],
              [
                -105.39283296,
                39.7349032965
              ]
            ]
          ],
          [
            [
              [
                -105.3329874664,
                39.7419158878
              ],
              [
                -105.3336068641,
                39.74183112
              ],
              [
                -105.3362262382,
                39.7416336195
              ],
              [
                -105.3387018097,
                39.7414522678
              ],
              [
                -105.3390519046,
                39.7413945239
              ],
              [
                -105.3402628455,
                39.7410452307
              ],
              [
                -105.340664051,
                39.7409919877
              ],
              [
                -105.3410730634,
                39.7410048691
              ],
              [
                -105.3438217533,
                39.7411494272
              ],
              [
                -105.3442315145,
                39.7412223008
              ],
              [
                -105.3447770167,
                39.7414695994
              ],
              [
                -105.3462007736,
                39.742280719
              ],
              [
                -105.3462895695,
                39.7423512894
              ],
              [
                -105.3329874664,
                39.7419158878
              ]
            ]
          ],
          [
            [
              [
                -105.3167121862,
                39.7400442745
              ],
              [
                -105.3132336029,
                39.7395677299
              ],
              [
                -105.3132336374,
                39.7395735594
              ],
              [
                -105.3120237528,
                39.7394211015
              ],
              [
                -105.3118572695,
                39.7389725057
              ],
              [
                -105.3117945886,
                39.7386624248
              ],
              [
                -105.3119672678,
                39.7382682193
              ],
              [
                -105.3122999933,
                39.7380332618
              ],
              [
                -105.3128264485,
                39.7378931027
              ],
              [
                -105.3132227411,
                39.73776817
              ],
              [
                -105.3160140454,
                39.7370358919
              ],
              [
                -105.316497502,
                39.7369195658
              ],
              [
                -105.3168499025,
                39.7369090767
              ],
              [
                -105.3172410748,
                39.7370059353
              ],
              [
                -105.3176533454,
                39.7372384824
              ],
              [
                -105.3218408377,
                39.7397411798
              ],
              [
                -105.3216230059,
                39.7399581626
              ],
              [
                -105.3218968927,
                39.7401219967
              ],
              [
                -105.322545052,
                39.7405097108
              ],
              [
                -105.3234586662,
                39.7410562009
              ],
              [
                -105.3244546185,
                39.7411780606
              ],
              [
                -105.3299776578,
                39.7418545575
              ],
              [
                -105.3302393614,
                39.7449517867
              ],
              [
                -105.3210038359,
                39.7439699524
              ],
              [
                -105.3209820793,
                39.7436843418
              ],
              [
                -105.3207474149,
                39.7406035921
              ],
              [
                -105.3167121862,
                39.7400442745
              ]
            ]
          ],
          [
            [
              [
                -105.3114862287,
                39.7411053318
              ],
              [
                -105.3115855133,
                39.7408883325
              ],
              [
                -105.311741643,
                39.7426567301
              ],
              [
                -105.3117646897,
                39.7429914427
              ],
              [
                -105.312015163,
                39.7466288601
              ],
              [
                -105.309500401,
                39.7466854825
              ],
              [
                -105.3094851007,
                39.7466858759
              ],
              [
                -105.3095314821,
                39.7466450164
              ],
              [
                -105.3095745459,
                39.7465897602
              ],
              [
                -105.3096151005,
                39.7465333771
              ],
              [
                -105.3096530777,
                39.7464759424
              ],
              [
                -105.309688431,
                39.7464175086
              ],
              [
                -105.309721124,
                39.7463581602
              ],
              [
                -105.3097511056,
                39.7462979762
              ],
              [
                -105.3097783718,
                39.746237009
              ],
              [
                -105.3098028504,
                39.746175359
              ],
              [
                -105.3098245329,
                39.746113069
              ],
              [
                -105.3098433719,
                39.7460502394
              ],
              [
                -105.3098593671,
                39.7459869499
              ],
              [
                -105.3098724811,
                39.745923259
              ],
              [
                -105.3098827208,
                39.7458592647
              ],
              [
                -105.3098900643,
                39.7457950271
              ],
              [
                -105.3098944969,
                39.7457306145
              ],
              [
                -105.3098959219,
                39.7456483387
              ],
              [
                -105.309960725,
                39.7453127617
              ],
              [
                -105.3099433148,
                39.7452467568
              ],
              [
                -105.3099229186,
                39.7451812477
              ],
              [
                -105.3098995817,
                39.745116337
              ],
              [
                -105.309866174,
                39.7450358845
              ],
              [
                -105.3090639106,
                39.743239386
              ],
              [
                -105.3090436213,
                39.7431882043
              ],
              [
                -105.3090280024,
                39.7431360579
              ],
              [
                -105.3090171293,
                39.7430832011
              ],
              [
                -105.309011067,
                39.7430298875
              ],
              [
                -105.3090098183,
                39.7429763767
              ],
              [
                -105.3090134326,
                39.7429229405
              ],
              [
                -105.3090218579,
                39.7428698157
              ],
              [
                -105.309035044,
                39.7428172735
              ],
              [
                -105.3090529738,
                39.7427655732
              ],
              [
                -105.3090755289,
                39.7427149614
              ],
              [
                -105.3091025838,
                39.7426657019
              ],
              [
                -105.3091340344,
                39.7426180054
              ],
              [
                -105.3091697219,
                39.7425721246
              ],
              [
                -105.3092094659,
                39.7425282651
              ],
              [
                -105.3092530684,
                39.742486671
              ],
              [
                -105.3093003223,
                39.7424475138
              ],
              [
                -105.3093509925,
                39.7424109895
              ],
              [
                -105.30940487,
                39.742377292
              ],
              [
                -105.3094616446,
                39.7423465835
              ],
              [
                -105.3095210475,
                39.7423190095
              ],
              [
                -105.3105134629,
                39.7419464172
              ],
              [
                -105.3105731759,
                39.7419230824
              ],
              [
                -105.3106317934,
                39.7418981336
              ],
              [
                -105.3106892669,
                39.7418716343
              ],
              [
                -105.31074549,
                39.7418435962
              ],
              [
                -105.3108004237,
                39.7418140724
              ],
              [
                -105.3108539906,
                39.7417830695
              ],
              [
                -105.3109061201,
                39.7417506448
              ],
              [
                -105.3109567657,
                39.7417168404
              ],
              [
                -105.3110058235,
                39.7416817141
              ],
              [
                -105.3110532704,
                39.7416452426
              ],
              [
                -105.3110990311,
                39.7416075472
              ],
              [
                -105.3111430924,
                39.7415686351
              ],
              [
                -105.3111853509,
                39.7415285499
              ],
              [
                -105.3112257665,
                39.7414873458
              ],
              [
                -105.3112642969,
                39.7414450993
              ],
              [
                -105.3113008927,
                39.7414018205
              ],
              [
                -105.31133552,
                39.7413575962
              ],
              [
                -105.311368098,
                39.7413124673
              ],
              [
                -105.3113986533,
                39.7412664857
              ],
              [
                -105.3114270884,
                39.7412197008
              ],
              [
                -105.3114533992,
                39.7411721829
              ],
              [
                -105.3114862287,
                39.7411053318
              ]
            ]
          ],
          [
            [
              [
                -105.3600212736,
                39.7364053903
              ],
              [
                -105.3603027905,
                39.7362064796
              ],
              [
                -105.3603108001,
                39.7407074558
              ],
              [
                -105.3602249861,
                39.7442201096
              ],
              [
                -105.3602732987,
                39.7445203278
              ],
              [
                -105.3493268399,
                39.7454440135
              ],
              [
                -105.3490877391,
                39.7440235944
              ],
              [
                -105.3488399312,
                39.7425513784
              ],
              [
                -105.3493394227,
                39.7424901976
              ],
              [
                -105.3501169072,
                39.7423639787
              ],
              [
                -105.3504259985,
                39.7422016365
              ],
              [
                -105.3508237565,
                39.7419305278
              ],
              [
                -105.3508264647,
                39.7419286824
              ],
              [
                -105.3513536759,
                39.7415204367
              ],
              [
                -105.3520626517,
                39.7409945845
              ],
              [
                -105.3524928445,
                39.7408393251
              ],
              [
                -105.3547152384,
                39.7406140573
              ],
              [
                -105.355465239,
                39.7404195128
              ],
              [
                -105.3568392795,
                39.7398346477
              ],
              [
                -105.3575336085,
                39.7393621463
              ],
              [
                -105.3578016056,
                39.7390213154
              ],
              [
                -105.3580842454,
                39.7383222969
              ],
              [
                -105.3583789138,
                39.7374848152
              ],
              [
                -105.3588491906,
                39.7369440802
              ],
              [
                -105.3600212736,
                39.7364053903
              ]
            ]
          ],
          [
            [
              [
                -105.2398488896,
                39.7527707692
              ],
              [
                -105.2397213817,
                39.7527483486
              ],
              [
                -105.2395932288,
                39.7529887749
              ],
              [
                -105.2395360472,
                39.7530960517
              ],
              [
                -105.2392891679,
                39.753017609
              ],
              [
                -105.2393281441,
                39.7529120778
              ],
              [
                -105.2390358108,
                39.752830948
              ],
              [
                -105.2390112552,
                39.7528710162
              ],
              [
                -105.2389912752,
                39.7529035553
              ],
              [
                -105.2389366118,
                39.7528869727
              ],
              [
                -105.2387241637,
                39.7528582567
              ],
              [
                -105.2384962835,
                39.7528274412
              ],
              [
                -105.2384356395,
                39.7528192758
              ],
              [
                -105.2384288762,
                39.7527817086
              ],
              [
                -105.2384037557,
                39.7525748367
              ],
              [
                -105.2385040034,
                39.7515990958
              ],
              [
                -105.2375323114,
                39.7513789745
              ],
              [
                -105.2368969171,
                39.7514556926
              ],
              [
                -105.2364250483,
                39.7516367887
              ],
              [
                -105.2360240177,
                39.751737354
              ],
              [
                -105.2359246707,
                39.7517395632
              ],
              [
                -105.2359034568,
                39.7508283433
              ],
              [
                -105.2448243995,
                39.7507335002
              ],
              [
                -105.2445807994,
                39.7434732006
              ],
              [
                -105.2490408997,
                39.7434177006
              ],
              [
                -105.2489297002,
                39.7397630999
              ],
              [
                -105.2498791575,
                39.7397416655
              ],
              [
                -105.2534026463,
                39.7397064099
              ],
              [
                -105.253143901,
                39.7358894996
              ],
              [
                -105.2576333149,
                39.7358384914
              ],
              [
                -105.2576337026,
                39.7358442603
              ],
              [
                -105.2576828735,
                39.7358441304
              ],
              [
                -105.2748984479,
                39.7357973283
              ],
              [
                -105.2754135527,
                39.7357988564
              ],
              [
                -105.2754128284,
                39.7358379108
              ],
              [
                -105.2753470672,
                39.7393808063
              ],
              [
                -105.2753950373,
                39.739381659
              ],
              [
                -105.2849021239,
                39.7395502453
              ],
              [
                -105.2942696113,
                39.7397028401
              ],
              [
                -105.2942963997,
                39.7397032754
              ],
              [
                -105.2942961432,
                39.7397448049
              ],
              [
                -105.2942960097,
                39.7397665115
              ],
              [
                -105.2970317431,
                39.7398094224
              ],
              [
                -105.3037611131,
                39.7399146992
              ],
              [
                -105.30727293,
                39.7396200473
              ],
              [
                -105.3075807334,
                39.7395942168
              ],
              [
                -105.3076654374,
                39.7395871083
              ],
              [
                -105.3109942692,
                39.7393900343
              ],
              [
                -105.3110395363,
                39.7395909609
              ],
              [
                -105.3110091505,
                39.7397935519
              ],
              [
                -105.3109156646,
                39.7399768176
              ],
              [
                -105.3109759184,
                39.7402874913
              ],
              [
                -105.3109797371,
                39.7403140258
              ],
              [
                -105.3107146859,
                39.7408958165
              ],
              [
                -105.3106866903,
                39.7409510009
              ],
              [
                -105.3106537995,
                39.7410045485
              ],
              [
                -105.3106161379,
                39.7410561955
              ],
              [
                -105.3105739114,
                39.7411056968
              ],
              [
                -105.3105273019,
                39.7411527942
              ],
              [
                -105.3104765528,
                39.7411972571
              ],
              [
                -105.3104219196,
                39.7412388932
              ],
              [
                -105.3103636499,
                39.741277478
              ],
              [
                -105.3103020248,
                39.7413128416
              ],
              [
                -105.3102373736,
                39.7413447793
              ],
              [
                -105.3101567827,
                39.7413781921
              ],
              [
                -105.3092130806,
                39.7417312493
              ],
              [
                -105.3091288588,
                39.7417648897
              ],
              [
                -105.3090470484,
                39.7418018797
              ],
              [
                -105.3089678611,
                39.7418421283
              ],
              [
                -105.3088914935,
                39.7418855187
              ],
              [
                -105.3088181679,
                39.7419319213
              ],
              [
                -105.3087481033,
                39.7419812373
              ],
              [
                -105.3086814802,
                39.7420333349
              ],
              [
                -105.3086184646,
                39.7420880341
              ],
              [
                -105.3085592591,
                39.7421452005
              ],
              [
                -105.308503981,
                39.7422046713
              ],
              [
                -105.3084528447,
                39.74226632
              ],
              [
                -105.3084059417,
                39.742329931
              ],
              [
                -105.3083634249,
                39.7423953513
              ],
              [
                -105.3083253857,
                39.7424624189
              ],
              [
                -105.3082919451,
                39.7425309069
              ],
              [
                -105.3082632271,
                39.7426006689
              ],
              [
                -105.308239241,
                39.7426714844
              ],
              [
                -105.3082201036,
                39.7427431853
              ],
              [
                -105.3082058522,
                39.7428155401
              ],
              [
                -105.3081965188,
                39.7428883849
              ],
              [
                -105.3081921382,
                39.7429615128
              ],
              [
                -105.3081927267,
                39.7430347029
              ],
              [
                -105.3081982678,
                39.7431077734
              ],
              [
                -105.308208765,
                39.7431805314
              ],
              [
                -105.3082241803,
                39.7432527483
              ],
              [
                -105.3082444704,
                39.7433242632
              ],
              [
                -105.3082695709,
                39.7433948532
              ],
              [
                -105.3082906725,
                39.7434451585
              ],
              [
                -105.3090929144,
                39.7452416633
              ],
              [
                -105.3091194289,
                39.7453065025
              ],
              [
                -105.3091415072,
                39.7453723059
              ],
              [
                -105.3091591015,
                39.745438924
              ],
              [
                -105.3091721419,
                39.7455061556
              ],
              [
                -105.3091806119,
                39.7455738181
              ],
              [
                -105.309184496,
                39.7456417387
              ],
              [
                -105.3091837565,
                39.7457097168
              ],
              [
                -105.309178414,
                39.7457775642
              ],
              [
                -105.3091684767,
                39.745845127
              ],
              [
                -105.3091539641,
                39.7459121805
              ],
              [
                -105.3091349449,
                39.745978543
              ],
              [
                -105.3091114421,
                39.7460440628
              ],
              [
                -105.3090835337,
                39.7461085487
              ],
              [
                -105.3090512747,
                39.7461718047
              ],
              [
                -105.3090147917,
                39.7462336741
              ],
              [
                -105.3089741626,
                39.7462939837
              ],
              [
                -105.3089294818,
                39.7463525658
              ],
              [
                -105.3088809205,
                39.7464092731
              ],
              [
                -105.3088285508,
                39.7464639407
              ],
              [
                -105.3087725743,
                39.7465164065
              ],
              [
                -105.3087130894,
                39.7465665457
              ],
              [
                -105.3086503051,
                39.7466142262
              ],
              [
                -105.3085843771,
                39.7466592803
              ],
              [
                -105.3085154663,
                39.7467016262
              ],
              [
                -105.3084437956,
                39.7467411117
              ],
              [
                -105.3083695237,
                39.7467776651
              ],
              [
                -105.3082928954,
                39.7468111577
              ],
              [
                -105.30821409,
                39.7468415207
              ],
              [
                -105.3081333548,
                39.7468686451
              ],
              [
                -105.3080508799,
                39.7468924736
              ],
              [
                -105.3079668878,
                39.7469129413
              ],
              [
                -105.3078816471,
                39.746929985
              ],
              [
                -105.3077953513,
                39.7469435726
              ],
              [
                -105.3077082563,
                39.7469536436
              ],
              [
                -105.3076205991,
                39.7469601814
              ],
              [
                -105.3075326123,
                39.746963164
              ],
              [
                -105.3074445544,
                39.7469625957
              ],
              [
                -105.3073566664,
                39.7469584727
              ],
              [
                -105.3072691622,
                39.7469507945
              ],
              [
                -105.307182278,
                39.7469396025
              ],
              [
                -105.3070963231,
                39.7469249088
              ],
              [
                -105.3070301799,
                39.7469110964
              ],
              [
                -105.3063861355,
                39.7467655835
              ],
              [
                -105.3062883934,
                39.7467449269
              ],
              [
                -105.3061898027,
                39.7467269249
              ],
              [
                -105.3060904486,
                39.7467115674
              ],
              [
                -105.3059904497,
                39.746698921
              ],
              [
                -105.3058899424,
                39.7466889513
              ],
              [
                -105.3057890513,
                39.7466817074
              ],
              [
                -105.3056878937,
                39.7466771903
              ],
              [
                -105.3055865867,
                39.7466754002
              ],
              [
                -105.3054750061,
                39.7466765789
              ],
              [
                -105.3052276214,
                39.746682877
              ],
              [
                -105.3051511253,
                39.7466837966
              ],
              [
                -105.305074643,
                39.7466826492
              ],
              [
                -105.3049982435,
                39.7466794385
              ],
              [
                -105.3049220375,
                39.7466741789
              ],
              [
                -105.3048461423,
                39.7466668705
              ],
              [
                -105.304770588,
                39.7466575191
              ],
              [
                -105.3046955397,
                39.7466461277
              ],
              [
                -105.30462103,
                39.7466327396
              ],
              [
                -105.3045471817,
                39.7466173233
              ],
              [
                -105.3033619981,
                39.7463336207
              ],
              [
                -105.3032895237,
                39.7463140834
              ],
              [
                -105.3032189713,
                39.7462906872
              ],
              [
                -105.3031507111,
                39.7462635497
              ],
              [
                -105.3030850836,
                39.7462328054
              ],
              [
                -105.3030223892,
                39.7461985985
              ],
              [
                -105.3029629298,
                39.7461610967
              ],
              [
                -105.3029070071,
                39.7461204902
              ],
              [
                -105.3028549033,
                39.7460769748
              ],
              [
                -105.3028068375,
                39.7460307638
              ],
              [
                -105.3027630762,
                39.745982059
              ],
              [
                -105.3027238317,
                39.7459311296
              ],
              [
                -105.3026892704,
                39.7458782008
              ],
              [
                -105.3026632457,
                39.7458309395
              ],
              [
                -105.3022788393,
                39.7450691599
              ],
              [
                -105.3022471485,
                39.7450094771
              ],
              [
                -105.3022128052,
                39.744950709
              ],
              [
                -105.3021758122,
                39.7448928681
              ],
              [
                -105.3021362356,
                39.7448360802
              ],
              [
                -105.3020941094,
                39.7447803984
              ],
              [
                -105.3020494968,
                39.7447258809
              ],
              [
                -105.3020024226,
                39.7446725911
              ],
              [
                -105.3019529926,
                39.7446206065
              ],
              [
                -105.3019012418,
                39.7445699862
              ],
              [
                -105.3018472255,
                39.7445208015
              ],
              [
                -105.3017910246,
                39.7444730831
              ],
              [
                -105.3017326949,
                39.7444269148
              ],
              [
                -105.3007659338,
                39.743722442
              ],
              [
                -105.3006952833,
                39.7436736392
              ],
              [
                -105.3006214009,
                39.7436277436
              ],
              [
                -105.3005445087,
                39.7435849081
              ],
              [
                -105.3004648186,
                39.7435452433
              ],
              [
                -105.3003825587,
                39.743508848
              ],
              [
                -105.3002979386,
                39.7434758151
              ],
              [
                -105.3002112013,
                39.7434462573
              ],
              [
                -105.3001225593,
                39.7434202441
              ],
              [
                -105.3000323104,
                39.7433978456
              ],
              [
                -105.2999406347,
                39.7433791381
              ],
              [
                -105.2998478236,
                39.7433641412
              ],
              [
                -105.2997541123,
                39.743352918
              ],
              [
                -105.2996597836,
                39.7433454951
              ],
              [
                -105.2995650854,
                39.7433418971
              ],
              [
                -105.2994702579,
                39.7433421239
              ],
              [
                -105.2993879432,
                39.7433454431
              ],
              [
                -105.2976921699,
                39.7434436486
              ],
              [
                -105.2976219727,
                39.7434462796
              ],
              [
                -105.2975516991,
                39.7434460828
              ],
              [
                -105.2974815304,
                39.743443041
              ],
              [
                -105.2974116497,
                39.7434371712
              ],
              [
                -105.2973422918,
                39.7434284864
              ],
              [
                -105.2972735851,
                39.7434170093
              ],
              [
                -105.2972057607,
                39.7434027693
              ],
              [
                -105.2971390107,
                39.7433858168
              ],
              [
                -105.297073493,
                39.7433661829
              ],
              [
                -105.2970093975,
                39.7433439362
              ],
              [
                -105.2969468786,
                39.743319126
              ],
              [
                -105.2968861427,
                39.7432918304
              ],
              [
                -105.2968273592,
                39.7432621056
              ],
              [
                -105.2963532162,
                39.7429941926
              ],
              [
                -105.2962164443,
                39.7429300754
              ],
              [
                -105.2953886392,
                39.7424766828
              ],
              [
                -105.2949689874,
                39.7422102213
              ],
              [
                -105.2948942076,
                39.7421652198
              ],
              [
                -105.2948164842,
                39.7421232886
              ],
              [
                -105.2947360239,
                39.7420845799
              ],
              [
                -105.2946530392,
                39.7420491541
              ],
              [
                -105.2945677832,
                39.7420171486
              ],
              [
                -105.2944804349,
                39.7419886109
              ],
              [
                -105.2943913191,
                39.7419636567
              ],
              [
                -105.294286972,
                39.7419394629
              ],
              [
                -105.294194782,
                39.7419223822
              ],
              [
                -105.2941015342,
                39.7419090565
              ],
              [
                -105.2940075389,
                39.7418995065
              ],
              [
                -105.2939130154,
                39.7418937914
              ],
              [
                -105.2938182335,
                39.7418918739
              ],
              [
                -105.2937234406,
                39.7418938021
              ],
              [
                -105.2936289174,
                39.7418995497
              ],
              [
                -105.2935349181,
                39.7419091158
              ],
              [
                -105.2934416786,
                39.7419224684
              ],
              [
                -105.2933494996,
                39.7419395718
              ],
              [
                -105.2932585756,
                39.7419603649
              ],
              [
                -105.2931692077,
                39.7419848082
              ],
              [
                -105.2930816049,
                39.7420128333
              ],
              [
                -105.292996047,
                39.7420443449
              ],
              [
                -105.2929127245,
                39.7420792887
              ],
              [
                -105.2928318753,
                39.7421175455
              ],
              [
                -105.2927537449,
                39.7421590111
              ],
              [
                -105.2926785304,
                39.7422035811
              ],
              [
                -105.2926064281,
                39.742251136
              ],
              [
                -105.2925376613,
                39.7423015265
              ],
              [
                -105.2924724083,
                39.7423546318
              ],
              [
                -105.2924039965,
                39.7424168436
              ],
              [
                -105.2913746227,
                39.74341062
              ],
              [
                -105.2907906155,
                39.74384248
              ],
              [
                -105.2905917967,
                39.7439895052
              ],
              [
                -105.2905221474,
                39.7440144024
              ],
              [
                -105.2904504078,
                39.7440355077
              ],
              [
                -105.2903769272,
                39.7440526778
              ],
              [
                -105.2903020687,
                39.7440658749
              ],
              [
                -105.2902262284,
                39.744074987
              ],
              [
                -105.2901497184,
                39.7440800027
              ],
              [
                -105.2900729527,
                39.7440808939
              ],
              [
                -105.2899962962,
                39.7440776272
              ],
              [
                -105.2889565779,
                39.7437171902
              ],
              [
                -105.28844307,
                39.743462669
              ],
              [
                -105.2883849354,
                39.7434321777
              ],
              [
                -105.288328967,
                39.7433993716
              ],
              [
                -105.2882752806,
                39.7433643489
              ],
              [
                -105.2882240411,
                39.7433272147
              ],
              [
                -105.2881754064,
                39.743288055
              ],
              [
                -105.2881294713,
                39.7432469803
              ],
              [
                -105.2880864095,
                39.7432041184
              ],
              [
                -105.2880464748,
                39.7431597652
              ],
              [
                -105.2880092566,
                39.7431134545
              ],
              [
                -105.2879753906,
                39.7430658932
              ],
              [
                -105.2879448077,
                39.7430170405
              ],
              [
                -105.2877561781,
                39.7426691684
              ],
              [
                -105.2877274289,
                39.7426184928
              ],
              [
                -105.2876964001,
                39.7425686054
              ],
              [
                -105.2876631397,
                39.742519576
              ],
              [
                -105.2876276714,
                39.7424714862
              ],
              [
                -105.2875900668,
                39.7424243882
              ],
              [
                -105.2875503392,
                39.7423783195
              ],
              [
                -105.2875085653,
                39.7423333515
              ],
              [
                -105.2874647735,
                39.7422895305
              ],
              [
                -105.2874190507,
                39.7422469254
              ],
              [
                -105.2873714055,
                39.7422055732
              ],
              [
                -105.2873219292,
                39.7421655316
              ],
              [
                -105.2872706766,
                39.7421268495
              ],
              [
                -105.2872176872,
                39.7420895662
              ],
              [
                -105.2871630859,
                39.7420537521
              ],
              [
                -105.2871068556,
                39.7420194012
              ],
              [
                -105.2870491281,
                39.7419866098
              ],
              [
                -105.2869899487,
                39.7419553904
              ],
              [
                -105.2869293966,
                39.7419257686
              ],
              [
                -105.2868675402,
                39.7418978066
              ],
              [
                -105.286804455,
                39.7418715319
              ],
              [
                -105.2867402257,
                39.7418469751
              ],
              [
                -105.2866749187,
                39.7418241481
              ],
              [
                -105.2866086311,
                39.7418031155
              ],
              [
                -105.2865414234,
                39.7417838504
              ],
              [
                -105.2864733933,
                39.7417664407
              ],
              [
                -105.286404596,
                39.7417508561
              ],
              [
                -105.2863351761,
                39.7417371532
              ],
              [
                -105.2862651491,
                39.7417253057
              ],
              [
                -105.2861946294,
                39.7417153572
              ],
              [
                -105.2861237023,
                39.7417073165
              ],
              [
                -105.2860524742,
                39.7417012017
              ],
              [
                -105.2859809946,
                39.7416970029
              ],
              [
                -105.2851155849,
                39.7416724348
              ],
              [
                -105.2849859943,
                39.7416662244
              ],
              [
                -105.2842845124,
                39.741582492
              ],
              [
                -105.2835974881,
                39.7413769521
              ],
              [
                -105.280857412,
                39.7404872064
              ],
              [
                -105.2799717226,
                39.7402655901
              ],
              [
                -105.2792626485,
                39.7402829726
              ],
              [
                -105.2786668718,
                39.740443877
              ],
              [
                -105.2783339671,
                39.740608461
              ],
              [
                -105.2779925527,
                39.7408624122
              ],
              [
                -105.277598058,
                39.741212584
              ],
              [
                -105.2769989318,
                39.7415141775
              ],
              [
                -105.2761214949,
                39.7416788288
              ],
              [
                -105.2750016578,
                39.7418693342
              ],
              [
                -105.2742603883,
                39.7421972624
              ],
              [
                -105.273944618,
                39.7424206979
              ],
              [
                -105.2729951114,
                39.7432249574
              ],
              [
                -105.2726222766,
                39.7434002025
              ],
              [
                -105.2722933247,
                39.7434124475
              ],
              [
                -105.2720832169,
                39.7433608371
              ],
              [
                -105.2714275468,
                39.743107818
              ],
              [
                -105.2707869696,
                39.7429171904
              ],
              [
                -105.2701327233,
                39.7427596162
              ],
              [
                -105.2697623031,
                39.7424303782
              ],
              [
                -105.2697252601,
                39.7420481175
              ],
              [
                -105.2700611164,
                39.7407731341
              ],
              [
                -105.2700936501,
                39.7401141211
              ],
              [
                -105.2698408678,
                39.7396067942
              ],
              [
                -105.2692147247,
                39.7391420042
              ],
              [
                -105.2680684987,
                39.7388217306
              ],
              [
                -105.2668057175,
                39.738587913
              ],
              [
                -105.2655555125,
                39.7386807096
              ],
              [
                -105.2645518425,
                39.7387022036
              ],
              [
                -105.2633817818,
                39.7384879477
              ],
              [
                -105.2616464893,
                39.7380397221
              ],
              [
                -105.2610152288,
                39.7380107096
              ],
              [
                -105.2604095335,
                39.7381510316
              ],
              [
                -105.2600037438,
                39.7383669789
              ],
              [
                -105.2593131698,
                39.7390582273
              ],
              [
                -105.2583002793,
                39.7402636718
              ],
              [
                -105.2579367752,
                39.7405842772
              ],
              [
                -105.2570948914,
                39.7412861681
              ],
              [
                -105.2561541,
                39.7419901535
              ],
              [
                -105.2558977371,
                39.7421151973
              ],
              [
                -105.2555754365,
                39.7421475189
              ],
              [
                -105.2553883242,
                39.7421542813
              ],
              [
                -105.2552816711,
                39.7421564775
              ],
              [
                -105.2551758499,
                39.7421559311
              ],
              [
                -105.2550700953,
                39.7421522576
              ],
              [
                -105.2549643392,
                39.7421458646
              ],
              [
                -105.2548585664,
                39.7421363865
              ],
              [
                -105.2547537063,
                39.7421244809
              ],
              [
                -105.2546488305,
                39.7421094973
              ],
              [
                -105.2545341914,
                39.7420896818
              ],
              [
                -105.2540704348,
                39.7420022697
              ],
              [
                -105.2539940276,
                39.7419897607
              ],
              [
                -105.2539167754,
                39.7419799941
              ],
              [
                -105.2538393767,
                39.7419736429
              ],
              [
                -105.2537620841,
                39.7419703826
              ],
              [
                -105.2536838668,
                39.7419699065
              ],
              [
                -105.2536065107,
                39.741972799
              ],
              [
                -105.2535291708,
                39.7419791763
              ],
              [
                -105.2534517625,
                39.7419882817
              ],
              [
                -105.2533752752,
                39.7420004669
              ],
              [
                -105.2533005004,
                39.7420157317
              ],
              [
                -105.2532258095,
                39.7420341168
              ],
              [
                -105.2531537334,
                39.7420555881
              ],
              [
                -105.25308251,
                39.742079783
              ],
              [
                -105.2530121468,
                39.7421071008
              ],
              [
                -105.252945381,
                39.7421368395
              ],
              [
                -105.2528794939,
                39.7421693115
              ],
              [
                -105.2528162832,
                39.7422044851
              ],
              [
                -105.252755695,
                39.742242088
              ],
              [
                -105.2526977184,
                39.7422824681
              ],
              [
                -105.2526424377,
                39.7423245531
              ],
              [
                -105.2525898342,
                39.7423694283
              ],
              [
                -105.2525407898,
                39.7424159956
              ],
              [
                -105.2524952659,
                39.7424642776
              ],
              [
                -105.2524524321,
                39.7425146236
              ],
              [
                -105.2523979558,
                39.7425882721
              ],
              [
                -105.2512584509,
                39.7442797308
              ],
              [
                -105.2512128411,
                39.7443496265
              ],
              [
                -105.2511707779,
                39.7444209247
              ],
              [
                -105.2511323217,
                39.7444932211
              ],
              [
                -105.2510973897,
                39.7445662232
              ],
              [
                -105.2510650715,
                39.7446406414
              ],
              [
                -105.2510363601,
                39.744715405
              ],
              [
                -105.2510112526,
                39.7447911795
              ],
              [
                -105.2509887445,
                39.744867644
              ],
              [
                -105.2509707134,
                39.7449445214
              ],
              [
                -105.2509552698,
                39.745022042
              ],
              [
                -105.2509443542,
                39.7450995458
              ],
              [
                -105.2509360483,
                39.745177763
              ],
              [
                -105.2509311817,
                39.7452937267
              ],
              [
                -105.250908141,
                39.7472706316
              ],
              [
                -105.2509078842,
                39.7473303591
              ],
              [
                -105.2509094943,
                39.7473900309
              ],
              [
                -105.2509119317,
                39.7474497501
              ],
              [
                -105.2509162134,
                39.7475094672
              ],
              [
                -105.2509213362,
                39.7475688889
              ],
              [
                -105.2509282275,
                39.7476286021
              ],
              [
                -105.2509359582,
                39.7476879519
              ],
              [
                -105.2509455252,
                39.747747008
              ],
              [
                -105.2509569229,
                39.7478060578
              ],
              [
                -105.2509682602,
                39.7478651156
              ],
              [
                -105.2509822868,
                39.7479238049
              ],
              [
                -105.2509971405,
                39.7479825505
              ],
              [
                -105.2510129995,
                39.7480408881
              ],
              [
                -105.2510305307,
                39.7480992742
              ],
              [
                -105.2510490029,
                39.7481569468
              ],
              [
                -105.2510718641,
                39.7482225383
              ],
              [
                -105.2510956458,
                39.7482892039
              ],
              [
                -105.2511150252,
                39.7483465153
              ],
              [
                -105.2511317202,
                39.7484041958
              ],
              [
                -105.2511457361,
                39.7484622403
              ],
              [
                -105.2511570682,
                39.7485205767
              ],
              [
                -105.2511666345,
                39.7485792761
              ],
              [
                -105.2511726754,
                39.7486379799
              ],
              [
                -105.2511760349,
                39.7486969924
              ],
              [
                -105.2511767007,
                39.7487560733
              ],
              [
                -105.2511746903,
                39.7488150914
              ],
              [
                -105.2511709285,
                39.7488740526
              ],
              [
                -105.2511636153,
                39.7489327332
              ],
              [
                -105.2511536288,
                39.7489914198
              ],
              [
                -105.2511409655,
                39.7490496903
              ],
              [
                -105.2511256099,
                39.7491076723
              ],
              [
                -105.2511085651,
                39.7491649597
              ],
              [
                -105.2510879158,
                39.7492218863
              ],
              [
                -105.2510654119,
                39.7492784686
              ],
              [
                -105.2510394613,
                39.7493339861
              ],
              [
                -105.2510116796,
                39.7493891594
              ],
              [
                -105.250981279,
                39.7494433187
              ],
              [
                -105.2509491132,
                39.749496782
              ],
              [
                -105.2509133287,
                39.7495491959
              ],
              [
                -105.2508757958,
                39.7496005932
              ],
              [
                -105.2508364857,
                39.7496509905
              ],
              [
                -105.2507936361,
                39.7497002824
              ],
              [
                -105.2507499539,
                39.749748255
              ],
              [
                -105.2507034997,
                39.7497954778
              ],
              [
                -105.2506544277,
                39.7498410437
              ],
              [
                -105.2506045033,
                39.7498851923
              ],
              [
                -105.2505519127,
                39.7499283375
              ],
              [
                -105.2504975371,
                39.7499697149
              ],
              [
                -105.2504413948,
                39.7500097318
              ],
              [
                -105.2503825614,
                39.750048047
              ],
              [
                -105.2503228039,
                39.750084995
              ],
              [
                -105.2502613485,
                39.7501202351
              ],
              [
                -105.2501989618,
                39.7501536844
              ],
              [
                -105.2501339839,
                39.7501854998
              ],
              [
                -105.2500680604,
                39.7502158905
              ],
              [
                -105.2500012908,
                39.7502438475
              ],
              [
                -105.2499327493,
                39.7502705154
              ],
              [
                -105.2498303587,
                39.7503059561
              ],
              [
                -105.2498098761,
                39.7500711858
              ],
              [
                -105.2491352629,
                39.7502636443
              ],
              [
                -105.248294219,
                39.7506180669
              ],
              [
                -105.2468286453,
                39.7514316264
              ],
              [
                -105.2468949494,
                39.751528503
              ],
              [
                -105.245460921,
                39.7522292347
              ],
              [
                -105.2449698056,
                39.7525545209
              ],
              [
                -105.2448807395,
                39.7526102237
              ],
              [
                -105.2447898216,
                39.7526645768
              ],
              [
                -105.2446980628,
                39.7527175735
              ],
              [
                -105.2446045342,
                39.752769573
              ],
              [
                -105.2445100802,
                39.7528201391
              ],
              [
                -105.244414763,
                39.7528693602
              ],
              [
                -105.2443185446,
                39.7529175012
              ],
              [
                -105.2442205481,
                39.752964304
              ],
              [
                -105.2441226205,
                39.7530097324
              ],
              [
                -105.2440228544,
                39.7530538029
              ],
              [
                -105.2438500905,
                39.7531257897
              ],
              [
                -105.2435260871,
                39.753218105
              ],
              [
                -105.2434219203,
                39.753253891
              ],
              [
                -105.2433169118,
                39.7532886811
              ],
              [
                -105.2432109649,
                39.7533217633
              ],
              [
                -105.2431041725,
                39.7533537747
              ],
              [
                -105.2429972859,
                39.7533840714
              ],
              [
                -105.2428896438,
                39.7534129955
              ],
              [
                -105.2427810746,
                39.7534402244
              ],
              [
                -105.2426715662,
                39.7534663812
              ],
              [
                -105.2425621496,
                39.7534908706
              ],
              [
                -105.2424517944,
                39.7535135947
              ],
              [
                -105.2423405857,
                39.753535314
              ],
              [
                -105.2422293853,
                39.7535553156
              ],
              [
                -105.2421181733,
                39.7535736008
              ],
              [
                -105.242006035,
                39.7535908857
              ],
              [
                -105.2418930501,
                39.7536063931
              ],
              [
                -105.2417809771,
                39.7536202433
              ],
              [
                -105.2416679781,
                39.7536326726
              ],
              [
                -105.2415541306,
                39.7536437505
              ],
              [
                -105.2414402803,
                39.7536530971
              ],
              [
                -105.2413273413,
                39.7536607265
              ],
              [
                -105.2411619544,
                39.7536696548
              ],
              [
                -105.2402014445,
                39.7536143178
              ],
              [
                -105.2401912908,
                39.7533475139
              ],
              [
                -105.240172236,
                39.7528536676
              ],
              [
                -105.2401327212,
                39.7528414038
              ],
              [
                -105.2400926933,
                39.7528296299
              ],
              [
                -105.2400271372,
                39.7528117099
              ],
              [
                -105.2399599142,
                39.7527949495
              ],
              [
                -105.2399051269,
                39.7527824436
              ],
              [
                -105.2398488896,
                39.7527707692
              ]
            ]
          ],
          [
            [
              [
                -105.39283296,
                39.7349032965
              ],
              [
                -105.392994619,
                39.7389508196
              ],
              [
                -105.3934467624,
                39.7389340546
              ],
              [
                -105.3978098975,
                39.7387881104
              ],
              [
                -105.3978183563,
                39.7411850145
              ],
              [
                -105.3978083203,
                39.7411847916
              ],
              [
                -105.3978084107,
                39.7411903089
              ],
              [
                -105.3975282211,
                39.7411842315
              ],
              [
                -105.3975375691,
                39.7415272016
              ],
              [
                -105.3975960873,
                39.744823744
              ],
              [
                -105.3974449286,
                39.7446676549
              ],
              [
                -105.3968378509,
                39.744105572
              ],
              [
                -105.3963403848,
                39.7437734956
              ],
              [
                -105.3956178555,
                39.7435144882
              ],
              [
                -105.3948623044,
                39.743285211
              ],
              [
                -105.3944197719,
                39.7431905118
              ],
              [
                -105.393846194,
                39.7431388379
              ],
              [
                -105.393476553,
                39.7430925553
              ],
              [
                -105.3920487339,
                39.7426869239
              ],
              [
                -105.3916767053,
                39.7425680283
              ],
              [
                -105.3912832923,
                39.7424422982
              ],
              [
                -105.3909945293,
                39.7423208801
              ],
              [
                -105.3905983563,
                39.7420303024
              ],
              [
                -105.3903818214,
                39.7417364906
              ],
              [
                -105.3902606639,
                39.7413251174
              ],
              [
                -105.3902613783,
                39.7411941746
              ],
              [
                -105.3902882184,
                39.7404138728
              ],
              [
                -105.3902705022,
                39.7399551892
              ],
              [
                -105.3901594258,
                39.7396049954
              ],
              [
                -105.389866437,
                39.7390820446
              ],
              [
                -105.3895750585,
                39.7385740516
              ],
              [
                -105.3892136914,
                39.7379440323
              ],
              [
                -105.3889571002,
                39.7375472084
              ],
              [
                -105.3882037753,
                39.7368357147
              ],
              [
                -105.3874237435,
                39.7363102738
              ],
              [
                -105.3870515636,
                39.7360595635
              ],
              [
                -105.3866530791,
                39.7358071782
              ],
              [
                -105.3862807508,
                39.7356535346
              ],
              [
                -105.3859584437,
                39.7355750592
              ],
              [
                -105.3855393147,
                39.7355359966
              ],
              [
                -105.3852020788,
                39.7355530048
              ],
              [
                -105.3847930918,
                39.7356338298
              ],
              [
                -105.3845610623,
                39.7357128342
              ],
              [
                -105.3843434155,
                39.7358133159
              ],
              [
                -105.3836914118,
                39.7362762226
              ],
              [
                -105.3829078781,
                39.7368755255
              ],
              [
                -105.3824261695,
                39.7372360861
              ],
              [
                -105.3820947052,
                39.7373734246
              ],
              [
                -105.3815615669,
                39.7374044182
              ],
              [
                -105.3812548593,
                39.7373265539
              ],
              [
                -105.3808195373,
                39.7370226906
              ],
              [
                -105.3803816018,
                39.7364919127
              ],
              [
                -105.3802380273,
                39.7363511878
              ],
              [
                -105.3800126366,
                39.7361877622
              ],
              [
                -105.3796155134,
                39.736003832
              ],
              [
                -105.3793226602,
                39.7359272302
              ],
              [
                -105.3790171981,
                39.7358902095
              ],
              [
                -105.3786312185,
                39.7359011246
              ],
              [
                -105.3782570157,
                39.7359749869
              ],
              [
                -105.3775987958,
                39.7362496367
              ],
              [
                -105.3770633053,
                39.7363957338
              ],
              [
                -105.3763190325,
                39.7364882215
              ],
              [
                -105.3757476894,
                39.7365546948
              ],
              [
                -105.3746396903,
                39.7365365167
              ],
              [
                -105.3736512952,
                39.736512669
              ],
              [
                -105.3731006067,
                39.7365493928
              ],
              [
                -105.3717630664,
                39.7367413961
              ],
              [
                -105.3713708834,
                39.7367320631
              ],
              [
                -105.3711058062,
                39.7366600701
              ],
              [
                -105.3707924337,
                39.7364777769
              ],
              [
                -105.3705619669,
                39.7361814584
              ],
              [
                -105.3705009795,
                39.735925733
              ],
              [
                -105.3705233242,
                39.7356940783
              ],
              [
                -105.3705676636,
                39.7353578729
              ],
              [
                -105.3705564322,
                39.7350911543
              ],
              [
                -105.370403432,
                39.734681898
              ],
              [
                -105.3701872711,
                39.7344088462
              ],
              [
                -105.3699494307,
                39.7342152116
              ],
              [
                -105.3696077236,
                39.734034086
              ],
              [
                -105.3692709378,
                39.7339196792
              ],
              [
                -105.3688468233,
                39.733867562
              ],
              [
                -105.3683948934,
                39.733897852
              ],
              [
                -105.3680139183,
                39.7339941245
              ],
              [
                -105.3657510179,
                39.7346832601
              ],
              [
                -105.3649248136,
                39.7349237282
              ],
              [
                -105.3647180894,
                39.7349435947
              ],
              [
                -105.3644589513,
                39.7349256202
              ],
              [
                -105.3637886745,
                39.7346882162
              ],
              [
                -105.363284393,
                39.7344824694
              ],
              [
                -105.3627137257,
                39.7342645774
              ],
              [
                -105.362040195,
                39.7341732396
              ],
              [
                -105.3616984302,
                39.73419819
              ],
              [
                -105.3613678553,
                39.734269664
              ],
              [
                -105.3609863682,
                39.7344208217
              ],
              [
                -105.3605448725,
                39.7347335044
              ],
              [
                -105.3603169735,
                39.7350139364
              ],
              [
                -105.359882534,
                39.7357262144
              ],
              [
                -105.3597426337,
                39.735866026
              ],
              [
                -105.3595682869,
                39.735980458
              ],
              [
                -105.3587184479,
                39.7363491567
              ],
              [
                -105.3581877651,
                39.7366731218
              ],
              [
                -105.3579500969,
                39.7369095343
              ],
              [
                -105.3577026901,
                39.7373149677
              ],
              [
                -105.3572179375,
                39.7386752573
              ],
              [
                -105.3570597255,
                39.7389274726
              ],
              [
                -105.3567289099,
                39.7392243203
              ],
              [
                -105.356063276,
                39.7395448439
              ],
              [
                -105.3554912274,
                39.7397975093
              ],
              [
                -105.3548051577,
                39.7400255568
              ],
              [
                -105.3543208773,
                39.7401166231
              ],
              [
                -105.3535785295,
                39.7401865827
              ],
              [
                -105.3528458523,
                39.7402510292
              ],
              [
                -105.3524467012,
                39.7402875107
              ],
              [
                -105.352067372,
                39.7403677107
              ],
              [
                -105.3515130555,
                39.740634474
              ],
              [
                -105.3508505539,
                39.7411324086
              ],
              [
                -105.3506969005,
                39.7412478923
              ],
              [
                -105.3502070003,
                39.7416280949
              ],
              [
                -105.3498369352,
                39.7418511559
              ],
              [
                -105.3493387157,
                39.7420537993
              ],
              [
                -105.3487813236,
                39.7421824725
              ],
              [
                -105.3480967187,
                39.7422178924
              ],
              [
                -105.3474204557,
                39.7421283465
              ],
              [
                -105.3469108798,
                39.7419698612
              ],
              [
                -105.3460165841,
                39.7414937667
              ],
              [
                -105.3446885248,
                39.7407759535
              ],
              [
                -105.344267087,
                39.7406558609
              ],
              [
                -105.3438240034,
                39.7405986847
              ],
              [
                -105.3414261263,
                39.7404734104
              ],
              [
                -105.3405718041,
                39.740446756
              ],
              [
                -105.3402274344,
                39.7404858689
              ],
              [
                -105.3396050778,
                39.7406505208
              ],
              [
                -105.3389280991,
                39.7408509396
              ],
              [
                -105.3385320261,
                39.7409166048
              ],
              [
                -105.3366729484,
                39.7410506208
              ],
              [
                -105.331963255,
                39.7414607933
              ],
              [
                -105.3318338042,
                39.7414720651
              ],
              [
                -105.3311874605,
                39.7415078305
              ],
              [
                -105.3301103939,
                39.7414555861
              ],
              [
                -105.3294366272,
                39.7413713599
              ],
              [
                -105.3290105302,
                39.7403165083
              ],
              [
                -105.3286116335,
                39.7403104317
              ],
              [
                -105.328662553,
                39.7412740266
              ],
              [
                -105.3268041426,
                39.7410404272
              ],
              [
                -105.3278460878,
                39.7397129805
              ],
              [
                -105.3273810624,
                39.7393533708
              ],
              [
                -105.3263840799,
                39.740623528
              ],
              [
                -105.3251244649,
                39.7407732164
              ],
              [
                -105.3247142355,
                39.7406458317
              ],
              [
                -105.3241232922,
                39.7403964649
              ],
              [
                -105.3234396387,
                39.740005036
              ],
              [
                -105.3229777834,
                39.7397291262
              ],
              [
                -105.3227268235,
                39.7391275501
              ],
              [
                -105.3224457333,
                39.7389594157
              ],
              [
                -105.3221626145,
                39.739241528
              ],
              [
                -105.3189020005,
                39.7372911255
              ],
              [
                -105.3190108952,
                39.7371826261
              ],
              [
                -105.3177180578,
                39.7364258007
              ],
              [
                -105.3173291185,
                39.7362913227
              ],
              [
                -105.3168055466,
                39.7362179677
              ],
              [
                -105.3164858546,
                39.7362266536
              ],
              [
                -105.3153250056,
                39.7364881276
              ],
              [
                -105.3140109047,
                39.7368208469
              ],
              [
                -105.3132877452,
                39.7370039374
              ],
              [
                -105.3132833517,
                39.737129348
              ],
              [
                -105.313218981,
                39.7371450322
              ],
              [
                -105.3120676768,
                39.7374255429
              ],
              [
                -105.3120016278,
                39.7374416357
              ],
              [
                -105.3131924502,
                39.732748466
              ],
              [
                -105.3131890555,
                39.7321863502
              ],
              [
                -105.3131879933,
                39.7320098221
              ],
              [
                -105.3132294189,
                39.7320095802
              ],
              [
                -105.3133801455,
                39.732008676
              ],
              [
                -105.3319105204,
                39.7318960604
              ],
              [
                -105.3319190605,
                39.732227221
              ],
              [
                -105.3319518909,
                39.7335013828
              ],
              [
                -105.3320001597,
                39.7353734606
              ],
              [
                -105.3482701764,
                39.7355933512
              ],
              [
                -105.3506345279,
                39.7355868035
              ],
              [
                -105.3505717112,
                39.7341678892
              ],
              [
                -105.3502531986,
                39.7317409446
              ],
              [
                -105.3879875607,
                39.7316715568
              ],
              [
                -105.3880513706,
                39.7326780331
              ],
              [
                -105.3882375277,
                39.735398389
              ],
              [
                -105.3886975704,
                39.7353487028
              ],
              [
                -105.39283296,
                39.7349032965
              ]
            ]
          ],
          [
            [
              [
                -105.2368083241,
                39.7552796536
              ],
              [
                -105.2368762227,
                39.7550852303
              ],
              [
                -105.2369946345,
                39.754929902
              ],
              [
                -105.2371593689,
                39.754616256
              ],
              [
                -105.2372146479,
                39.7545894415
              ],
              [
                -105.2372703135,
                39.7545635164
              ],
              [
                -105.2373264405,
                39.7545382441
              ],
              [
                -105.2373829567,
                39.7545136245
              ],
              [
                -105.2374403895,
                39.7544901233
              ],
              [
                -105.2374978328,
                39.7544670436
              ],
              [
                -105.237556195,
                39.7544448993
              ],
              [
                -105.2376149426,
                39.7544235881
              ],
              [
                -105.2405186601,
                39.7541611635
              ],
              [
                -105.2410269261,
                39.7541545054
              ],
              [
                -105.241151667,
                39.7541520257
              ],
              [
                -105.2412763248,
                39.7541478808
              ],
              [
                -105.2414008607,
                39.7541420348
              ],
              [
                -105.2415252486,
                39.7541345248
              ],
              [
                -105.2416494408,
                39.7541253381
              ],
              [
                -105.2417734229,
                39.7541144829
              ],
              [
                -105.2418971233,
                39.7541019547
              ],
              [
                -105.2420205422,
                39.7540877642
              ],
              [
                -105.2421435923,
                39.7540719134
              ],
              [
                -105.2422663023,
                39.7540544047
              ],
              [
                -105.2423885667,
                39.7540352547
              ],
              [
                -105.242510401,
                39.7540144472
              ],
              [
                -105.2426317328,
                39.7539920162
              ],
              [
                -105.2427525404,
                39.7539679408
              ],
              [
                -105.2428727874,
                39.7539422409
              ],
              [
                -105.2429924225,
                39.7539149326
              ],
              [
                -105.2431114462,
                39.7538860188
              ],
              [
                -105.2432297794,
                39.7538555025
              ],
              [
                -105.2433474137,
                39.7538233907
              ],
              [
                -105.2434642889,
                39.753789703
              ],
              [
                -105.2435803954,
                39.7537544482
              ],
              [
                -105.243695703,
                39.7537176403
              ],
              [
                -105.2438101432,
                39.7536792788
              ],
              [
                -105.2439236937,
                39.7536393763
              ],
              [
                -105.2440363377,
                39.7535979483
              ],
              [
                -105.2441480155,
                39.753555018
              ],
              [
                -105.2442587195,
                39.7535105914
              ],
              [
                -105.2443683922,
                39.7534646719
              ],
              [
                -105.2444770082,
                39.7534172828
              ],
              [
                -105.244584524,
                39.7533684355
              ],
              [
                -105.2446909487,
                39.7533181553
              ],
              [
                -105.2447962082,
                39.7532664539
              ],
              [
                -105.2449002682,
                39.7532133329
              ],
              [
                -105.2450031231,
                39.7531588117
              ],
              [
                -105.24510474,
                39.7531029204
              ],
              [
                -105.2452208268,
                39.7530364906
              ],
              [
                -105.2457170037,
                39.7527464522
              ],
              [
                -105.2458483589,
                39.7526723758
              ],
              [
                -105.2459163889,
                39.7526360602
              ],
              [
                -105.2459852281,
                39.752600672
              ],
              [
                -105.2460548489,
                39.7525662166
              ],
              [
                -105.2461252545,
                39.7525326921
              ],
              [
                -105.2461963987,
                39.7525001262
              ],
              [
                -105.2462682688,
                39.7524685286
              ],
              [
                -105.2463408384,
                39.7524379078
              ],
              [
                -105.2464140946,
                39.7524082627
              ],
              [
                -105.2464880097,
                39.7523796
              ],
              [
                -105.2465625573,
                39.7523519538
              ],
              [
                -105.2466108404,
                39.7523344311
              ],
              [
                -105.246696579,
                39.7523026315
              ],
              [
                -105.2467815842,
                39.7522696676
              ],
              [
                -105.2468658322,
                39.7522355842
              ],
              [
                -105.2469492969,
                39.7522003536
              ],
              [
                -105.247031956,
                39.7521640034
              ],
              [
                -105.2471137691,
                39.7521265528
              ],
              [
                -105.2471947354,
                39.7520880028
              ],
              [
                -105.2472748124,
                39.7520483735
              ],
              [
                -105.2473539822,
                39.7520076644
              ],
              [
                -105.2474509812,
                39.7519556489
              ],
              [
                -105.2501229526,
                39.7504893059
              ],
              [
                -105.2501168434,
                39.7508229743
              ],
              [
                -105.2502305281,
                39.7507889626
              ],
              [
                -105.2507336313,
                39.7505786399
              ],
              [
                -105.2508121978,
                39.7504865019
              ],
              [
                -105.2508897338,
                39.7504362258
              ],
              [
                -105.2509645952,
                39.75038388
              ],
              [
                -105.2510377018,
                39.7503294781
              ],
              [
                -105.2511081428,
                39.7502733438
              ],
              [
                -105.251175922,
                39.7502151469
              ],
              [
                -105.2512410329,
                39.7501552331
              ],
              [
                -105.2513035014,
                39.7500936014
              ],
              [
                -105.2513632964,
                39.7500302397
              ],
              [
                -105.2514195393,
                39.749965501
              ],
              [
                -105.2514731232,
                39.7498990429
              ],
              [
                -105.2515240444,
                39.7498312055
              ],
              [
                -105.2515714063,
                39.7497623297
              ],
              [
                -105.2516161169,
                39.7496920791
              ],
              [
                -105.2516572723,
                39.7496204462
              ],
              [
                -105.2516957496,
                39.7495481212
              ],
              [
                -105.2517298091,
                39.7494744124
              ],
              [
                -105.2517611895,
                39.7494000231
              ],
              [
                -105.251789018,
                39.7493249184
              ],
              [
                -105.2518141823,
                39.7492491376
              ],
              [
                -105.2518349049,
                39.7491726598
              ],
              [
                -105.2518520703,
                39.7490954903
              ],
              [
                -105.2518665756,
                39.7490179609
              ],
              [
                -105.2518775199,
                39.7489400951
              ],
              [
                -105.2518840207,
                39.7488622068
              ],
              [
                -105.2518878541,
                39.7487839752
              ],
              [
                -105.2518881242,
                39.7487057383
              ],
              [
                -105.2518839646,
                39.7486274841
              ],
              [
                -105.2518771259,
                39.7485495761
              ],
              [
                -105.251866736,
                39.7484716556
              ],
              [
                -105.2518527833,
                39.7483944131
              ],
              [
                -105.2518343914,
                39.7483171709
              ],
              [
                -105.2518133251,
                39.7482409445
              ],
              [
                -105.2517807818,
                39.7481413511
              ],
              [
                -105.2517570133,
                39.7480743896
              ],
              [
                -105.2517394055,
                39.7480259619
              ],
              [
                -105.251723568,
                39.7479775457
              ],
              [
                -105.2517095201,
                39.7479287855
              ],
              [
                -105.2516954719,
                39.7478796837
              ],
              [
                -105.2516831979,
                39.747830595
              ],
              [
                -105.2516718169,
                39.747781155
              ],
              [
                -105.2516613228,
                39.7477317203
              ],
              [
                -105.2516517217,
                39.7476819433
              ],
              [
                -105.2516438958,
                39.7476325002
              ],
              [
                -105.2516369605,
                39.7475823842
              ],
              [
                -105.2516308992,
                39.7475326232
              ],
              [
                -105.2516266476,
                39.7474825095
              ],
              [
                -105.2516232662,
                39.7474327483
              ],
              [
                -105.2516207808,
                39.747382632
              ],
              [
                -105.2516191796,
                39.7473325364
              ],
              [
                -105.2516193815,
                39.7472755737
              ],
              [
                -105.2516424179,
                39.7452986764
              ],
              [
                -105.2516444053,
                39.7452396583
              ],
              [
                -105.2516490598,
                39.7451806517
              ],
              [
                -105.2516563675,
                39.7451219795
              ],
              [
                -105.2516663555,
                39.7450633215
              ],
              [
                -105.2516790226,
                39.7450053555
              ],
              [
                -105.251694342,
                39.7449473968
              ],
              [
                -105.2517123316,
                39.7448897766
              ],
              [
                -105.2518524614,
                39.7447070727
              ],
              [
                -105.2531188944,
                39.7428758488
              ],
              [
                -105.2532816021,
                39.7427544259
              ],
              [
                -105.2535924998,
                39.7426521708
              ],
              [
                -105.2540080111,
                39.7426766947
              ],
              [
                -105.2548167001,
                39.7428133243
              ],
              [
                -105.2555272304,
                39.7428317225
              ],
              [
                -105.2561690999,
                39.7427098546
              ],
              [
                -105.2566644467,
                39.7424784805
              ],
              [
                -105.2574307212,
                39.741911437
              ],
              [
                -105.2579851914,
                39.7414952482
              ],
              [
                -105.2579993189,
                39.7414846446
              ],
              [
                -105.2590026761,
                39.7405731683
              ],
              [
                -105.2598237495,
                39.7396251121
              ],
              [
                -105.2602567742,
                39.7389965401
              ],
              [
                -105.2608226849,
                39.7386091692
              ],
              [
                -105.2612420595,
                39.7385504566
              ],
              [
                -105.2624333711,
                39.7388191443
              ],
              [
                -105.2637289357,
                39.7391475812
              ],
              [
                -105.2643719664,
                39.739239647
              ],
              [
                -105.2654170945,
                39.7392470113
              ],
              [
                -105.2664609825,
                39.7391351263
              ],
              [
                -105.267125479,
                39.7391738003
              ],
              [
                -105.2682332731,
                39.7394405218
              ],
              [
                -105.2689419765,
                39.7396583265
              ],
              [
                -105.2693132665,
                39.7400062461
              ],
              [
                -105.2694081786,
                39.7403868904
              ],
              [
                -105.2692936137,
                39.741036943
              ],
              [
                -105.2689943614,
                39.7422439844
              ],
              [
                -105.2690618361,
                39.7425461146
              ],
              [
                -105.2693847307,
                39.7429893189
              ],
              [
                -105.2697975344,
                39.7432439531
              ],
              [
                -105.2706934871,
                39.7434691623
              ],
              [
                -105.2717795186,
                39.7438573216
              ],
              [
                -105.2721305499,
                39.7439475414
              ],
              [
                -105.2727615143,
                39.7439392423
              ],
              [
                -105.2733312382,
                39.7437297502
              ],
              [
                -105.2737924093,
                39.7433640157
              ],
              [
                -105.2747982893,
                39.7425722865
              ],
              [
                -105.2756091925,
                39.7423005073
              ],
              [
                -105.2762598621,
                39.7422169381
              ],
              [
                -105.2770070494,
                39.7420982739
              ],
              [
                -105.2774460123,
                39.741957623
              ],
              [
                -105.2777524736,
                39.7418168211
              ],
              [
                -105.2782871007,
                39.7414539139
              ],
              [
                -105.2787277324,
                39.7410684343
              ],
              [
                -105.279192093,
                39.7408651571
              ],
              [
                -105.2797193269,
                39.7408006187
              ],
              [
                -105.2802423634,
                39.740883027
              ],
              [
                -105.2826060736,
                39.7416512181
              ],
              [
                -105.2842856075,
                39.7421515515
              ],
              [
                -105.2848348605,
                39.7422070531
              ],
              [
                -105.2849258613,
                39.7422189394
              ],
              [
                -105.2850031079,
                39.7422232027
              ],
              [
                -105.2851222702,
                39.742227748
              ],
              [
                -105.2859319904,
                39.742250448
              ],
              [
                -105.2860248161,
                39.7422567839
              ],
              [
                -105.2861168493,
                39.7422681059
              ],
              [
                -105.2861851242,
                39.7422796757
              ],
              [
                -105.2862524124,
                39.7422942921
              ],
              [
                -105.2863404851,
                39.7423177745
              ],
              [
                -105.2864262442,
                39.7423459534
              ],
              [
                -105.2865092243,
                39.7423786695
              ],
              [
                -105.2865695282,
                39.7424059598
              ],
              [
                -105.2866276812,
                39.7424359205
              ],
              [
                -105.2867020457,
                39.7424792637
              ],
              [
                -105.2867723289,
                39.7425265065
              ],
              [
                -105.2868381478,
                39.7425774319
              ],
              [
                -105.2868992408,
                39.7426317561
              ],
              [
                -105.2869552514,
                39.7426892465
              ],
              [
                -105.2870059483,
                39.7427496253
              ],
              [
                -105.2870510341,
                39.7428125864
              ],
              [
                -105.2870872521,
                39.7428719787
              ],
              [
                -105.2872772224,
                39.7432223165
              ],
              [
                -105.2873185418,
                39.7432916718
              ],
              [
                -105.2873557284,
                39.7433471525
              ],
              [
                -105.2874047183,
                39.7434134631
              ],
              [
                -105.2874480486,
                39.7434662223
              ],
              [
                -105.2875043274,
                39.7435289884
              ],
              [
                -105.2875477783,
                39.7435732589
              ],
              [
                -105.2875931814,
                39.7436163128
              ],
              [
                -105.2876405205,
                39.7436581343
              ],
              [
                -105.2876897054,
                39.7436986486
              ],
              [
                -105.287747293,
                39.7437425268
              ],
              [
                -105.287820426,
                39.7437939036
              ],
              [
                -105.2878827512,
                39.7438337489
              ],
              [
                -105.2879834454,
                39.7438920148
              ],
              [
                -105.2880549973,
                39.7439293202
              ],
              [
                -105.2886085596,
                39.744203677
              ],
              [
                -105.2897487455,
                39.744609772
              ],
              [
                -105.2898426234,
                39.744621869
              ],
              [
                -105.2899530195,
                39.744631048
              ],
              [
                -105.2900797831,
                39.7446352849
              ],
              [
                -105.2901908152,
                39.7446335059
              ],
              [
                -105.2902856801,
                39.7446275734
              ],
              [
                -105.2903957396,
                39.7446162031
              ],
              [
                -105.2904736456,
                39.7446046723
              ],
              [
                -105.2905814514,
                39.7445841521
              ],
              [
                -105.2906875276,
                39.7445588161
              ],
              [
                -105.2907912959,
                39.7445283002
              ],
              [
                -105.2908783367,
                39.7444985908
              ],
              [
                -105.290949117,
                39.7444709114
              ],
              [
                -105.2910213817,
                39.7444397358
              ],
              [
                -105.2919058974,
                39.7437856493
              ],
              [
                -105.2928006826,
                39.7429137041
              ],
              [
                -105.2928494568,
                39.7428421616
              ],
              [
                -105.2929073632,
                39.742774801
              ],
              [
                -105.2929604036,
                39.7427228186
              ],
              [
                -105.293012043,
                39.7426795825
              ],
              [
                -105.2930674387,
                39.7426392063
              ],
              [
                -105.2931263983,
                39.7426019401
              ],
              [
                -105.2932127779,
                39.7425562331
              ],
              [
                -105.2932871643,
                39.7425233811
              ],
              [
                -105.2933825136,
                39.7424899621
              ],
              [
                -105.293490626,
                39.7424614933
              ],
              [
                -105.2936019995,
                39.7424419109
              ],
              [
                -105.2937154177,
                39.7424314157
              ],
              [
                -105.2938201224,
                39.7424296697
              ],
              [
                -105.293896149,
                39.7424334265
              ],
              [
                -105.2939716454,
                39.7424412774
              ],
              [
                -105.2940738666,
                39.7424588875
              ],
              [
                -105.2941557285,
                39.7424784731
              ],
              [
                -105.294233941,
                39.7425029255
              ],
              [
                -105.2943424334,
                39.7425434506
              ],
              [
                -105.2944086166,
                39.7425734834
              ],
              [
                -105.2945171915,
                39.7426342464
              ],
              [
                -105.294936829,
                39.7429007205
              ],
              [
                -105.2958472401,
                39.7433993415
              ],
              [
                -105.2959840146,
                39.7434634742
              ],
              [
                -105.2963774297,
                39.7436887304
              ],
              [
                -105.2964359669,
                39.7437206642
              ],
              [
                -105.2964959184,
                39.7437510017
              ],
              [
                -105.2965571906,
                39.7437797049
              ],
              [
                -105.2966197489,
                39.7438067451
              ],
              [
                -105.2966834801,
                39.7438320795
              ],
              [
                -105.2967483113,
                39.7438556929
              ],
              [
                -105.2968141646,
                39.743877532
              ],
              [
                -105.2968809763,
                39.7438975889
              ],
              [
                -105.2969486548,
                39.7439158337
              ],
              [
                -105.2970171107,
                39.7439322417
              ],
              [
                -105.2970862669,
                39.7439468033
              ],
              [
                -105.297156047,
                39.7439594856
              ],
              [
                -105.2972263564,
                39.7439702787
              ],
              [
                -105.2972971014,
                39.7439791555
              ],
              [
                -105.2973682117,
                39.7439861471
              ],
              [
                -105.2974395819,
                39.7439912176
              ],
              [
                -105.2975111553,
                39.7439943477
              ],
              [
                -105.2975828359,
                39.7439955473
              ],
              [
                -105.2976544996,
                39.7439948257
              ],
              [
                -105.2977453126,
                39.7439911409
              ],
              [
                -105.2994410959,
                39.7438929314
              ],
              [
                -105.2995178036,
                39.7438905574
              ],
              [
                -105.2995945424,
                39.7438923229
              ],
              [
                -105.2996709392,
                39.7438982358
              ],
              [
                -105.2997466106,
                39.7439082206
              ],
              [
                -105.2998211898,
                39.7439222687
              ],
              [
                -105.299894334,
                39.7439402999
              ],
              [
                -105.2999656356,
                39.7439622288
              ],
              [
                -105.3000348139,
                39.7439879418
              ],
              [
                -105.3001015013,
                39.7440173049
              ],
              [
                -105.3001653705,
                39.7440502043
              ],
              [
                -105.3002261111,
                39.7440864524
              ],
              [
                -105.3002779532,
                39.7441218794
              ],
              [
                -105.3004320314,
                39.7444226945
              ],
              [
                -105.3010806791,
                39.7448948474
              ],
              [
                -105.3011365347,
                39.7449376914
              ],
              [
                -105.301189415,
                39.7449827403
              ],
              [
                -105.301239159,
                39.7450298634
              ],
              [
                -105.3012856721,
                39.745078944
              ],
              [
                -105.3013287665,
                39.7451298195
              ],
              [
                -105.3013683545,
                39.7451823709
              ],
              [
                -105.3014043389,
                39.7452364583
              ],
              [
                -105.3014503598,
                39.7453182208
              ],
              [
                -105.3018347721,
                39.7460800057
              ],
              [
                -105.3018610903,
                39.7461296
              ],
              [
                -105.3018896425,
                39.7461784541
              ],
              [
                -105.3019203849,
                39.746226497
              ],
              [
                -105.3019532771,
                39.7462736975
              ],
              [
                -105.3019882895,
                39.7463199754
              ],
              [
                -105.3020253697,
                39.7463652897
              ],
              [
                -105.3020644802,
                39.7464095714
              ],
              [
                -105.3021055679,
                39.7464527753
              ],
              [
                -105.3021485772,
                39.7464948381
              ],
              [
                -105.3021934666,
                39.7465357218
              ],
              [
                -105.3022401704,
                39.7465753676
              ],
              [
                -105.3022886486,
                39.7466137308
              ],
              [
                -105.3023388283,
                39.7466507793
              ],
              [
                -105.3023906519,
                39.746686433
              ],
              [
                -105.3024440363,
                39.7467206821
              ],
              [
                -105.3025005709,
                39.7467975113
              ],
              [
                -105.3026976973,
                39.7469226927
              ],
              [
                -105.3029848081,
                39.7470711315
              ],
              [
                -105.2941711004,
                39.7469776871
              ],
              [
                -105.2847152422,
                39.7469327798
              ],
              [
                -105.2752255048,
                39.7468710355
              ],
              [
                -105.2668400526,
                39.7469062805
              ],
              [
                -105.2668441163,
                39.7431318682
              ],
              [
                -105.2624267837,
                39.7431413117
              ],
              [
                -105.2580725649,
                39.7431488615
              ],
              [
                -105.2590440979,
                39.754352368
              ],
              [
                -105.2500535856,
                39.7542785495
              ],
              [
                -105.2499386163,
                39.7579153954
              ],
              [
                -105.2494144104,
                39.7579177965
              ],
              [
                -105.2449524677,
                39.7579383118
              ],
              [
                -105.2404905225,
                39.7579586872
              ],
              [
                -105.2359257835,
                39.7580247669
              ],
              [
                -105.2355957581,
                39.7579433133
              ],
              [
                -105.2356395804,
                39.7576120276
              ],
              [
                -105.2357755031,
                39.7573009275
              ],
              [
                -105.2358773492,
                39.7570547771
              ],
              [
                -105.2360631099,
                39.7568345499
              ],
              [
                -105.2362655874,
                39.7565627322
              ],
              [
                -105.2364342755,
                39.7563944463
              ],
              [
                -105.2366375341,
                39.7560186239
              ],
              [
                -105.2367393439,
                39.7557853051
              ],
              [
                -105.2367736586,
                39.7555259658
              ],
              [
                -105.2368083241,
                39.7552796536
              ]
            ]
          ]
        ]
      }
    },
    {
      "type": "Feature",
      "properties": {
        "id": "co-open-space-deer-creek-canyon-park-1633",
        "name": "Deer Creek Canyon Park",
        "coloradoOpenSpaceName": "Deer Creek Canyon Park",
        "boundaryType": "county-open-space",
        "manager": "Jefferson County Open Space",
        "owner": "Jefferson County",
        "access": "open",
        "acres": 1633,
        "source": "USGS PAD-US",
        "sourceLayer": "PAD-US 4.1 Colorado",
        "sourceFeatureClass": "Fee",
        "sourceDesignation": "County Parks",
        "sourceDataset": "Jefferson County - JCOS_Land_Boundaries_for_CoMap.gdb",
        "sourcePaid": ""
      },
      "geometry": {
        "type": "MultiPolygon",
        "coordinates": [
          [
            [
              [
                -105.1532706275,
                39.5470342011
              ],
              [
                -105.1530200991,
                39.5469143246
              ],
              [
                -105.1526262294,
                39.5468680501
              ],
              [
                -105.1523226272,
                39.5467114886
              ],
              [
                -105.1522144739,
                39.5464203009
              ],
              [
                -105.1522857038,
                39.5462449175
              ],
              [
                -105.1524099612,
                39.5461680573
              ],
              [
                -105.1527843395,
                39.5461573371
              ],
              [
                -105.153004118,
                39.5461111839
              ],
              [
                -105.1532439663,
                39.5460346707
              ],
              [
                -105.1534047506,
                39.5458034736
              ],
              [
                -105.1533662993,
                39.5455099171
              ],
              [
                -105.1530954835,
                39.5453098168
              ],
              [
                -105.1526498684,
                39.5451062481
              ],
              [
                -105.1519723964,
                39.5447650553
              ],
              [
                -105.1513060511,
                39.5447006313
              ],
              [
                -105.150552113,
                39.5446069747
              ],
              [
                -105.1503582565,
                39.544416191
              ],
              [
                -105.150297003,
                39.5439691907
              ],
              [
                -105.1504738266,
                39.5430836514
              ],
              [
                -105.150341441,
                39.5427234431
              ],
              [
                -105.1494966435,
                39.5420445049
              ],
              [
                -105.1482792773,
                39.5413583316
              ],
              [
                -105.1482390923,
                39.5400815166
              ],
              [
                -105.1494867319,
                39.5397331076
              ],
              [
                -105.1501833385,
                39.53864368
              ],
              [
                -105.1508654976,
                39.5379433742
              ],
              [
                -105.149005846,
                39.5360664303
              ],
              [
                -105.152698978,
                39.53608312
              ],
              [
                -105.1526123259,
                39.5324521219
              ],
              [
                -105.148007408,
                39.5324502854
              ],
              [
                -105.1479998102,
                39.532189538
              ],
              [
                -105.1463099334,
                39.5300922983
              ],
              [
                -105.1455964246,
                39.5292067446
              ],
              [
                -105.1422512204,
                39.5250545926
              ],
              [
                -105.1420635438,
                39.5248216184
              ],
              [
                -105.1416959557,
                39.5243653304
              ],
              [
                -105.1387239541,
                39.5233751048
              ],
              [
                -105.1387201241,
                39.5215443447
              ],
              [
                -105.153739284,
                39.5215887227
              ],
              [
                -105.1640083115,
                39.5215005198
              ],
              [
                -105.1633487617,
                39.5191854799
              ],
              [
                -105.1644612413,
                39.5190169694
              ],
              [
                -105.166347786,
                39.521478725
              ],
              [
                -105.166505169,
                39.5287738471
              ],
              [
                -105.1765492343,
                39.5290530467
              ],
              [
                -105.1765097829,
                39.5254108899
              ],
              [
                -105.1815741229,
                39.5255690802
              ],
              [
                -105.1816055641,
                39.5327960372
              ],
              [
                -105.1854518718,
                39.532884624
              ],
              [
                -105.1854182963,
                39.5332294686
              ],
              [
                -105.1854995094,
                39.5334846369
              ],
              [
                -105.1857758361,
                39.5339592583
              ],
              [
                -105.1859870646,
                39.5343466498
              ],
              [
                -105.1861324534,
                39.5346495843
              ],
              [
                -105.1862716451,
                39.5350852994
              ],
              [
                -105.1864365438,
                39.5357021223
              ],
              [
                -105.1864142551,
                39.5360844964
              ],
              [
                -105.1865766585,
                39.5365948581
              ],
              [
                -105.1869809357,
                39.5371485174
              ],
              [
                -105.1867118568,
                39.5372983415
              ],
              [
                -105.1863099876,
                39.5376671264
              ],
              [
                -105.1861500035,
                39.5379208194
              ],
              [
                -105.1859519836,
                39.5381707417
              ],
              [
                -105.1856854909,
                39.5382093917
              ],
              [
                -105.1849835931,
                39.538343422
              ],
              [
                -105.1845300946,
                39.5384696794
              ],
              [
                -105.1840147718,
                39.5386117149
              ],
              [
                -105.1835931156,
                39.5387476638
              ],
              [
                -105.1832932609,
                39.5388169137
              ],
              [
                -105.1829688749,
                39.5388508646
              ],
              [
                -105.1823626191,
                39.5388671467
              ],
              [
                -105.181828789,
                39.5390024163
              ],
              [
                -105.1811290296,
                39.5393687691
              ],
              [
                -105.1808668673,
                39.539509666
              ],
              [
                -105.1805921531,
                39.5397178734
              ],
              [
                -105.1804809456,
                39.5399306952
              ],
              [
                -105.1803746395,
                39.540238227
              ],
              [
                -105.1802388864,
                39.5404339839
              ],
              [
                -105.1799911694,
                39.5405767267
              ],
              [
                -105.1795233706,
                39.5405162566
              ],
              [
                -105.1791243799,
                39.5403430615
              ],
              [
                -105.1788191866,
                39.5402388881
              ],
              [
                -105.1784879368,
                39.5402631569
              ],
              [
                -105.1780981601,
                39.5403325019
              ],
              [
                -105.1777564453,
                39.5403718033
              ],
              [
                -105.1774268749,
                39.5404027644
              ],
              [
                -105.176986182,
                39.5404209634
              ],
              [
                -105.1764013895,
                39.5403699592
              ],
              [
                -105.1760749187,
                39.5403921601
              ],
              [
                -105.175366959,
                39.5403418634
              ],
              [
                -105.1744623629,
                39.5403626888
              ],
              [
                -105.1739521357,
                39.5403335657
              ],
              [
                -105.1737211426,
                39.5403697041
              ],
              [
                -105.1735153768,
                39.5403441251
              ],
              [
                -105.1732346829,
                39.5403184042
              ],
              [
                -105.1726006128,
                39.5401472828
              ],
              [
                -105.172182218,
                39.5402387136
              ],
              [
                -105.171816298,
                39.54024882
              ],
              [
                -105.1716705105,
                39.5403424892
              ],
              [
                -105.1714920947,
                39.5406304408
              ],
              [
                -105.1714255352,
                39.5409215145
              ],
              [
                -105.1714781229,
                39.5411884309
              ],
              [
                -105.1716738869,
                39.5417413313
              ],
              [
                -105.1717005721,
                39.5418585666
              ],
              [
                -105.1716485952,
                39.5420980736
              ],
              [
                -105.171510614,
                39.5422297979
              ],
              [
                -105.171150959,
                39.5422701877
              ],
              [
                -105.1707007771,
                39.5422894158
              ],
              [
                -105.1703273728,
                39.5423180217
              ],
              [
                -105.1699559265,
                39.5424262602
              ],
              [
                -105.1699173967,
                39.5428641843
              ],
              [
                -105.1699262067,
                39.5431354204
              ],
              [
                -105.1699281577,
                39.543479964
              ],
              [
                -105.1698028864,
                39.5437120636
              ],
              [
                -105.1695721571,
                39.5438019769
              ],
              [
                -105.1691923336,
                39.5437852825
              ],
              [
                -105.1688339781,
                39.5436925285
              ],
              [
                -105.1685537337,
                39.5435896481
              ],
              [
                -105.168086649,
                39.5433639307
              ],
              [
                -105.1677761185,
                39.5436583781
              ],
              [
                -105.1676748426,
                39.5439021184
              ],
              [
                -105.1676093724,
                39.5440881507
              ],
              [
                -105.167197668,
                39.5440710548
              ],
              [
                -105.166771727,
                39.5437208671
              ],
              [
                -105.1664645665,
                39.5437310504
              ],
              [
                -105.1659633853,
                39.5438444534
              ],
              [
                -105.1657166169,
                39.5437800115
              ],
              [
                -105.1654450483,
                39.5435870584
              ],
              [
                -105.1651761687,
                39.5434826969
              ],
              [
                -105.164812081,
                39.5434905949
              ],
              [
                -105.1643713854,
                39.5435650635
              ],
              [
                -105.1637524028,
                39.5436405265
              ],
              [
                -105.1634130169,
                39.5436704368
              ],
              [
                -105.1631738454,
                39.543607983
              ],
              [
                -105.1629951351,
                39.5434221199
              ],
              [
                -105.1628367729,
                39.543159113
              ],
              [
                -105.1626179997,
                39.5430040478
              ],
              [
                -105.162318896,
                39.5429568448
              ],
              [
                -105.1618870901,
                39.5430925598
              ],
              [
                -105.1616792093,
                39.5431866705
              ],
              [
                -105.1613794462,
                39.5432784703
              ],
              [
                -105.1610396906,
                39.5433856011
              ],
              [
                -105.1608988726,
                39.5436168562
              ],
              [
                -105.1607533704,
                39.5439084505
              ],
              [
                -105.1606354257,
                39.5444500837
              ],
              [
                -105.1605548562,
                39.5446042926
              ],
              [
                -105.1602741277,
                39.5448814853
              ],
              [
                -105.1602721782,
                39.5451632764
              ],
              [
                -105.1603810044,
                39.5454857526
              ],
              [
                -105.1603695667,
                39.545777541
              ],
              [
                -105.1600934987,
                39.5459460453
              ],
              [
                -105.1597495136,
                39.5460691976
              ],
              [
                -105.1590702563,
                39.5462216582
              ],
              [
                -105.1582526937,
                39.5464015989
              ],
              [
                -105.157714962,
                39.546555587
              ],
              [
                -105.1571708621,
                39.5467387071
              ],
              [
                -105.1570325634,
                39.5467555237
              ],
              [
                -105.1565885416,
                39.5468074752
              ],
              [
                -105.1560060109,
                39.5466670447
              ],
              [
                -105.1549296386,
                39.5468152299
              ],
              [
                -105.1532706275,
                39.5470342011
              ]
            ]
          ],
          [
            [
              [
                -105.1932108846,
                39.5382928308
              ],
              [
                -105.1926476919,
                39.5381396895
              ],
              [
                -105.1920319136,
                39.5383613809
              ],
              [
                -105.1917366013,
                39.5385395762
              ],
              [
                -105.191540941,
                39.5385433766
              ],
              [
                -105.1913769221,
                39.5384112872
              ],
              [
                -105.1913161112,
                39.5381916984
              ],
              [
                -105.1922542288,
                39.5369889674
              ],
              [
                -105.1920642967,
                39.5367634956
              ],
              [
                -105.1918689708,
                39.5366562638
              ],
              [
                -105.1922323449,
                39.5363479993
              ],
              [
                -105.1918106746,
                39.5360942586
              ],
              [
                -105.1913702944,
                39.5361594286
              ],
              [
                -105.1909228445,
                39.536182908
              ],
              [
                -105.1903910275,
                39.5361870608
              ],
              [
                -105.1903920541,
                39.536598879
              ],
              [
                -105.1905196161,
                39.5367437983
              ],
              [
                -105.1901046607,
                39.5365057551
              ],
              [
                -105.1897044937,
                39.5363219242
              ],
              [
                -105.1892115288,
                39.5363006596
              ],
              [
                -105.1889854591,
                39.5363551749
              ],
              [
                -105.1889968116,
                39.5356970657
              ],
              [
                -105.1893616127,
                39.5357194799
              ],
              [
                -105.1898507378,
                39.535706755
              ],
              [
                -105.1901112913,
                39.535719729
              ],
              [
                -105.1904484114,
                39.5356660637
              ],
              [
                -105.1910109773,
                39.5358787613
              ],
              [
                -105.1914244545,
                39.5358442976
              ],
              [
                -105.1918195434,
                39.5357021622
              ],
              [
                -105.1924517584,
                39.5358943616
              ],
              [
                -105.1929982458,
                39.5370067473
              ],
              [
                -105.1924173198,
                39.5376621582
              ],
              [
                -105.1920720857,
                39.5379410883
              ],
              [
                -105.1924596583,
                39.5378656287
              ],
              [
                -105.1929207551,
                39.5378319534
              ],
              [
                -105.1931253907,
                39.5378393945
              ],
              [
                -105.1933911691,
                39.5379593708
              ],
              [
                -105.1936446429,
                39.5380964075
              ],
              [
                -105.1939697769,
                39.5381992336
              ],
              [
                -105.1942359373,
                39.5382898015
              ],
              [
                -105.1945308261,
                39.538312863
              ],
              [
                -105.1947325263,
                39.5383250526
              ],
              [
                -105.1958371737,
                39.5390110784
              ],
              [
                -105.1957506492,
                39.5397700792
              ],
              [
                -105.1951126529,
                39.5392241362
              ],
              [
                -105.1944658519,
                39.5388948168
              ],
              [
                -105.1938952383,
                39.5386757381
              ],
              [
                -105.1935115173,
                39.5384830271
              ],
              [
                -105.1932108846,
                39.5382928308
              ]
            ]
          ]
        ]
      }
    },
    {
      "type": "Feature",
      "properties": {
        "id": "co-open-space-elk-meadow-park-1399",
        "name": "Elk Meadow Park",
        "coloradoOpenSpaceName": "Elk Meadow Park",
        "boundaryType": "county-open-space",
        "manager": "Jefferson County Open Space",
        "owner": "Jefferson County",
        "access": "open",
        "acres": 1399,
        "source": "USGS PAD-US",
        "sourceLayer": "PAD-US 4.1 Colorado",
        "sourceFeatureClass": "Fee",
        "sourceDesignation": "County Parks",
        "sourceDataset": "Jefferson County - JCOS_Land_Boundaries_for_CoMap.gdb",
        "sourcePaid": ""
      },
      "geometry": {
        "type": "MultiPolygon",
        "coordinates": [
          [
            [
              [
                -105.3693211366,
                39.6846922616
              ],
              [
                -105.369246685,
                39.6846975617
              ],
              [
                -105.3691725,
                39.6847048245
              ],
              [
                -105.3690986936,
                39.6847141195
              ],
              [
                -105.3690253702,
                39.6847253698
              ],
              [
                -105.3689525683,
                39.6847386237
              ],
              [
                -105.3689314026,
                39.6847430639
              ],
              [
                -105.3688804221,
                39.6847537608
              ],
              [
                -105.3687517948,
                39.6847861363
              ],
              [
                -105.3681541054,
                39.6849529476
              ],
              [
                -105.3677788167,
                39.6850068109
              ],
              [
                -105.3665817578,
                39.6850136906
              ],
              [
                -105.3665924279,
                39.6849278197
              ],
              [
                -105.3666010732,
                39.6848418253
              ],
              [
                -105.3666078215,
                39.6847557545
              ],
              [
                -105.3666125731,
                39.6846695572
              ],
              [
                -105.36661543,
                39.684583337
              ],
              [
                -105.3666163596,
                39.6844970883
              ],
              [
                -105.3666152629,
                39.6844108319
              ],
              [
                -105.3666122983,
                39.6843246852
              ],
              [
                -105.3666073159,
                39.6842385041
              ],
              [
                -105.3666004189,
                39.6841523923
              ],
              [
                -105.3665874431,
                39.6840315689
              ],
              [
                -105.3667640516,
                39.6840166895
              ],
              [
                -105.3667549384,
                39.6839483931
              ],
              [
                -105.3667446872,
                39.6838801918
              ],
              [
                -105.3665681066,
                39.6838951282
              ],
              [
                -105.3665534266,
                39.6838096225
              ],
              [
                -105.3665368698,
                39.6837243122
              ],
              [
                -105.3665183426,
                39.6836393219
              ],
              [
                -105.3664979925,
                39.6835545042
              ],
              [
                -105.366475621,
                39.6834699977
              ],
              [
                -105.3664514165,
                39.6833858215
              ],
              [
                -105.3664252415,
                39.6833019562
              ],
              [
                -105.3663971869,
                39.6832184552
              ],
              [
                -105.3663673642,
                39.6831353926
              ],
              [
                -105.3663355696,
                39.6830527478
              ],
              [
                -105.3662991878,
                39.6829640077
              ],
              [
                -105.3664680405,
                39.6829213148
              ],
              [
                -105.3663515031,
                39.6826579661
              ],
              [
                -105.3661834896,
                39.6827026843
              ],
              [
                -105.3661430458,
                39.6826118116
              ],
              [
                -105.3656944297,
                39.6818081285
              ],
              [
                -105.3654954885,
                39.6811248752
              ],
              [
                -105.3654892496,
                39.6811034506
              ],
              [
                -105.3655014919,
                39.6802860532
              ],
              [
                -105.3660146241,
                39.6803038098
              ],
              [
                -105.3659930458,
                39.6802195712
              ],
              [
                -105.3659709246,
                39.6801354577
              ],
              [
                -105.3651486131,
                39.6770516204
              ],
              [
                -105.3649435591,
                39.6763606995
              ],
              [
                -105.3649090612,
                39.6762669366
              ],
              [
                -105.364872425,
                39.6761736291
              ],
              [
                -105.3648336216,
                39.6760808804
              ],
              [
                -105.3647927602,
                39.6759886484
              ],
              [
                -105.3647498483,
                39.6758969369
              ],
              [
                -105.3647047972,
                39.6758058269
              ],
              [
                -105.3646577432,
                39.6757153748
              ],
              [
                -105.3646086802,
                39.6756255261
              ],
              [
                -105.3645575942,
                39.6755364344
              ],
              [
                -105.3645044317,
                39.6754479996
              ],
              [
                -105.3644493477,
                39.6753602578
              ],
              [
                -105.3643922955,
                39.6752733136
              ],
              [
                -105.3642841326,
                39.6751181361
              ],
              [
                -105.3639569839,
                39.6747100444
              ],
              [
                -105.3638059983,
                39.6745217019
              ],
              [
                -105.3614611782,
                39.671724189
              ],
              [
                -105.3612611018,
                39.6714900526
              ],
              [
                -105.3610559245,
                39.6712586899
              ],
              [
                -105.3608454461,
                39.6710301419
              ],
              [
                -105.3606298678,
                39.6708044464
              ],
              [
                -105.3604092621,
                39.6705816796
              ],
              [
                -105.3601836222,
                39.670362006
              ],
              [
                -105.3599129232,
                39.6701083735
              ],
              [
                -105.359217243,
                39.6694700191
              ],
              [
                -105.358776295,
                39.6690559497
              ],
              [
                -105.3586727337,
                39.6689520836
              ],
              [
                -105.3585715455,
                39.6688468137
              ],
              [
                -105.3584726869,
                39.6687401247
              ],
              [
                -105.358376309,
                39.6686322148
              ],
              [
                -105.3582823698,
                39.6685229967
              ],
              [
                -105.3581908877,
                39.668412522
              ],
              [
                -105.3581019897,
                39.6683008116
              ],
              [
                -105.3580155621,
                39.6681878929
              ],
              [
                -105.3579316968,
                39.668073898
              ],
              [
                -105.3578504351,
                39.6679587458
              ],
              [
                -105.3577718775,
                39.6678425183
              ],
              [
                -105.357695858,
                39.6677252659
              ],
              [
                -105.3576224688,
                39.6676069975
              ],
              [
                -105.357551857,
                39.6674877535
              ],
              [
                -105.3574838887,
                39.6673676136
              ],
              [
                -105.3574186216,
                39.6672465128
              ],
              [
                -105.3573309475,
                39.6670734593
              ],
              [
                -105.3571008676,
                39.6665668194
              ],
              [
                -105.3566652983,
                39.6655712482
              ],
              [
                -105.3564765635,
                39.665573249
              ],
              [
                -105.3559213629,
                39.664304084
              ],
              [
                -105.3558046156,
                39.6640447609
              ],
              [
                -105.3556821195,
                39.6637871114
              ],
              [
                -105.3555537409,
                39.663531071
              ],
              [
                -105.3554196162,
                39.6632768788
              ],
              [
                -105.3552797993,
                39.6630244949
              ],
              [
                -105.3551342946,
                39.6627740059
              ],
              [
                -105.3549831976,
                39.6625255562
              ],
              [
                -105.354826473,
                39.6622791914
              ],
              [
                -105.3546052589,
                39.6619487704
              ],
              [
                -105.3566027859,
                39.661937659
              ],
              [
                -105.3566111654,
                39.6606734427
              ],
              [
                -105.3586833422,
                39.6605956258
              ],
              [
                -105.3586933409,
                39.6605946459
              ],
              [
                -105.3587024183,
                39.6510964992
              ],
              [
                -105.3679096697,
                39.651037146
              ],
              [
                -105.3680704505,
                39.6499401582
              ],
              [
                -105.3725385049,
                39.6496379298
              ],
              [
                -105.3728028155,
                39.6496200521
              ],
              [
                -105.3727946097,
                39.6509743877
              ],
              [
                -105.3728737986,
                39.6545726892
              ],
              [
                -105.3681897471,
                39.6546137731
              ],
              [
                -105.3683015548,
                39.6581914988
              ],
              [
                -105.3729531747,
                39.6581708304
              ],
              [
                -105.3729448111,
                39.6618290708
              ],
              [
                -105.373020438,
                39.6618300729
              ],
              [
                -105.3823383119,
                39.6618869461
              ],
              [
                -105.3824129375,
                39.6618873238
              ],
              [
                -105.3823792762,
                39.6635377236
              ],
              [
                -105.3823505608,
                39.664945574
              ],
              [
                -105.382346999,
                39.6653838883
              ],
              [
                -105.3822226279,
                39.672689637
              ],
              [
                -105.3777003711,
                39.6727688828
              ],
              [
                -105.3777316843,
                39.6764638233
              ],
              [
                -105.3822385591,
                39.6763380075
              ],
              [
                -105.3822364332,
                39.6784071986
              ],
              [
                -105.3822403695,
                39.6799881981
              ],
              [
                -105.3822403084,
                39.6801371487
              ],
              [
                -105.3827770067,
                39.6801432131
              ],
              [
                -105.3866875571,
                39.680186565
              ],
              [
                -105.3870571903,
                39.680190635
              ],
              [
                -105.3873411741,
                39.6801937639
              ],
              [
                -105.3870123083,
                39.6835942529
              ],
              [
                -105.3870013788,
                39.6835954349
              ],
              [
                -105.3866492243,
                39.6836335117
              ],
              [
                -105.3853893041,
                39.683309181
              ],
              [
                -105.3844905835,
                39.6829108302
              ],
              [
                -105.3844807321,
                39.6829045975
              ],
              [
                -105.3837290564,
                39.6824290485
              ],
              [
                -105.3837285385,
                39.6824287852
              ],
              [
                -105.3828971371,
                39.6820066309
              ],
              [
                -105.3820709955,
                39.6816485956
              ],
              [
                -105.3820619359,
                39.6816427023
              ],
              [
                -105.3813649389,
                39.6811892694
              ],
              [
                -105.381361332,
                39.6811871694
              ],
              [
                -105.3805023988,
                39.6806871102
              ],
              [
                -105.3788392789,
                39.6803583252
              ],
              [
                -105.3777075877,
                39.6802712061
              ],
              [
                -105.3773512159,
                39.6802790309
              ],
              [
                -105.3773418443,
                39.6856421495
              ],
              [
                -105.3773419327,
                39.6856687605
              ],
              [
                -105.3773419479,
                39.685673243
              ],
              [
                -105.3734235194,
                39.6849407388
              ],
              [
                -105.3732033904,
                39.6849042599
              ],
              [
                -105.3731944356,
                39.6847326391
              ],
              [
                -105.3731181238,
                39.6847225123
              ],
              [
                -105.3729867382,
                39.6847065015
              ],
              [
                -105.3729141285,
                39.684699376
              ],
              [
                -105.3728416229,
                39.6846933932
              ],
              [
                -105.372768984,
                39.6846884363
              ],
              [
                -105.3726962429,
                39.6846843901
              ],
              [
                -105.3726234288,
                39.6846813796
              ],
              [
                -105.3725505564,
                39.6846793088
              ],
              [
                -105.3724776259,
                39.684678243
              ],
              [
                -105.3723886145,
                39.6846782691
              ],
              [
                -105.3694706111,
                39.6846877653
              ],
              [
                -105.369395821,
                39.6846890099
              ],
              [
                -105.3693211366,
                39.6846922616
              ]
            ],
            [
              [
                -105.3713794994,
                39.6760197585
              ],
              [
                -105.3706379888,
                39.6760347746
              ],
              [
                -105.3706573666,
                39.6766078684
              ],
              [
                -105.3713988795,
                39.676592761
              ],
              [
                -105.3713794994,
                39.6760197585
              ]
            ]
          ]
        ]
      }
    },
    {
      "type": "Feature",
      "properties": {
        "id": "co-open-space-lair-o-the-bear-park-393",
        "name": "Lair o' the Bear Park",
        "coloradoOpenSpaceName": "Lair o' the Bear Park",
        "boundaryType": "county-open-space",
        "manager": "Jefferson County Open Space",
        "owner": "Jefferson County",
        "access": "open",
        "acres": 393,
        "source": "USGS PAD-US",
        "sourceLayer": "PAD-US 4.1 Colorado",
        "sourceFeatureClass": "Fee",
        "sourceDesignation": "County Parks",
        "sourceDataset": "Jefferson County - JCOS_Land_Boundaries_for_CoMap.gdb",
        "sourcePaid": ""
      },
      "geometry": {
        "type": "MultiPolygon",
        "coordinates": [
          [
            [
              [
                -105.2521457983,
                39.6641022502
              ],
              [
                -105.2524726682,
                39.6640962139
              ],
              [
                -105.2524837276,
                39.6639567794
              ],
              [
                -105.2526254781,
                39.6602511481
              ],
              [
                -105.2526381222,
                39.6601050923
              ],
              [
                -105.2571634111,
                39.6600686937
              ],
              [
                -105.2572552387,
                39.6600679591
              ],
              [
                -105.2573421586,
                39.6600662883
              ],
              [
                -105.2704447519,
                39.6598162499
              ],
              [
                -105.2761780109,
                39.659700349
              ],
              [
                -105.2761209869,
                39.6629264524
              ],
              [
                -105.2760860013,
                39.6664349842
              ],
              [
                -105.2759303483,
                39.6665237144
              ],
              [
                -105.275817858,
                39.6665877369
              ],
              [
                -105.2756868425,
                39.6666357687
              ],
              [
                -105.2755842937,
                39.6666579143
              ],
              [
                -105.2754560601,
                39.6666541796
              ],
              [
                -105.275321327,
                39.6666350213
              ],
              [
                -105.2752286047,
                39.6666026365
              ],
              [
                -105.2751195356,
                39.666547126
              ],
              [
                -105.2748476181,
                39.6662935271
              ],
              [
                -105.2744931739,
                39.6661055916
              ],
              [
                -105.2742905363,
                39.6659763806
              ],
              [
                -105.274087931,
                39.6658174474
              ],
              [
                -105.2738867163,
                39.6656419343
              ],
              [
                -105.2737788671,
                39.6655054944
              ],
              [
                -105.273582766,
                39.6654021407
              ],
              [
                -105.2733932137,
                39.6649959104
              ],
              [
                -105.2736906689,
                39.6647362352
              ],
              [
                -105.2732037595,
                39.6642086445
              ],
              [
                -105.2730903796,
                39.6641239136
              ],
              [
                -105.2729926523,
                39.6640656461
              ],
              [
                -105.2728244394,
                39.6640234352
              ],
              [
                -105.2727174934,
                39.664017997
              ],
              [
                -105.2724254719,
                39.6640398235
              ],
              [
                -105.272282931,
                39.664060864
              ],
              [
                -105.2721540451,
                39.6641006573
              ],
              [
                -105.2720351331,
                39.6641514295
              ],
              [
                -105.2719476278,
                39.664218166
              ],
              [
                -105.2713683683,
                39.6646697649
              ],
              [
                -105.2712822855,
                39.6647480415
              ],
              [
                -105.2712104929,
                39.6648389573
              ],
              [
                -105.2711728702,
                39.6649144578
              ],
              [
                -105.2709265644,
                39.6655254501
              ],
              [
                -105.2708971493,
                39.6658195454
              ],
              [
                -105.2708721437,
                39.6662023014
              ],
              [
                -105.2706882605,
                39.666401436
              ],
              [
                -105.2705739018,
                39.6665611873
              ],
              [
                -105.2704521538,
                39.6666091799
              ],
              [
                -105.2703460871,
                39.6666296151
              ],
              [
                -105.2702506323,
                39.6666252742
              ],
              [
                -105.2700989522,
                39.6665990515
              ],
              [
                -105.2699664008,
                39.6665479799
              ],
              [
                -105.269872321,
                39.6664836155
              ],
              [
                -105.2698123767,
                39.6664132541
              ],
              [
                -105.2696482852,
                39.6662069855
              ],
              [
                -105.2695754992,
                39.6661228522
              ],
              [
                -105.2694898998,
                39.6660321223
              ],
              [
                -105.2694350242,
                39.6659842485
              ],
              [
                -105.2693315835,
                39.6658957611
              ],
              [
                -105.2691825851,
                39.6657896727
              ],
              [
                -105.2690514526,
                39.6657094113
              ],
              [
                -105.2689481418,
                39.665652293
              ],
              [
                -105.2688098503,
                39.6655830568
              ],
              [
                -105.2686302935,
                39.6655193546
              ],
              [
                -105.2684549932,
                39.6654666713
              ],
              [
                -105.2682890139,
                39.6654238904
              ],
              [
                -105.2681416412,
                39.6654009081
              ],
              [
                -105.2679229233,
                39.6653889927
              ],
              [
                -105.2677833951,
                39.6653951758
              ],
              [
                -105.2674772058,
                39.6654218686
              ],
              [
                -105.267346221,
                39.6654385083
              ],
              [
                -105.2672294851,
                39.6654765453
              ],
              [
                -105.2671319365,
                39.6655234729
              ],
              [
                -105.2670480026,
                39.665585157
              ],
              [
                -105.2669697722,
                39.665658454
              ],
              [
                -105.2664131658,
                39.6663149644
              ],
              [
                -105.2663441844,
                39.6664014237
              ],
              [
                -105.2662532059,
                39.6665055827
              ],
              [
                -105.2660696766,
                39.666662571
              ],
              [
                -105.2658392089,
                39.6668240533
              ],
              [
                -105.2656101007,
                39.6669788899
              ],
              [
                -105.2652458948,
                39.6672582455
              ],
              [
                -105.2644902425,
                39.6677322201
              ],
              [
                -105.2639452182,
                39.6680811227
              ],
              [
                -105.2637979247,
                39.668178646
              ],
              [
                -105.2637182005,
                39.6682249404
              ],
              [
                -105.2636427426,
                39.6682590937
              ],
              [
                -105.263539596,
                39.6683065113
              ],
              [
                -105.2634385153,
                39.6683533883
              ],
              [
                -105.263301852,
                39.6684112927
              ],
              [
                -105.2632029225,
                39.6684383856
              ],
              [
                -105.2631224501,
                39.6684665015
              ],
              [
                -105.2629765231,
                39.6685029525
              ],
              [
                -105.2628804266,
                39.668512404
              ],
              [
                -105.2627871364,
                39.6685339272
              ],
              [
                -105.2626433074,
                39.6685582855
              ],
              [
                -105.2625186923,
                39.6685600485
              ],
              [
                -105.2623414012,
                39.6685684398
              ],
              [
                -105.2621704202,
                39.6685624885
              ],
              [
                -105.2617744718,
                39.6685358476
              ],
              [
                -105.2609240388,
                39.6684782213
              ],
              [
                -105.2608570806,
                39.6684744567
              ],
              [
                -105.2604362349,
                39.6685105721
              ],
              [
                -105.2599127736,
                39.6684878808
              ],
              [
                -105.2588949991,
                39.6684529187
              ],
              [
                -105.2582005856,
                39.6683940258
              ],
              [
                -105.2574989788,
                39.6683126025
              ],
              [
                -105.2570994427,
                39.6683095813
              ],
              [
                -105.2569241285,
                39.6682922703
              ],
              [
                -105.2567806166,
                39.6682789703
              ],
              [
                -105.2566629136,
                39.6682654954
              ],
              [
                -105.2565412218,
                39.6682507919
              ],
              [
                -105.2564651253,
                39.668239589
              ],
              [
                -105.2563785247,
                39.6682267008
              ],
              [
                -105.2563028026,
                39.6682143117
              ],
              [
                -105.2562210253,
                39.6682008265
              ],
              [
                -105.2561423048,
                39.6681861436
              ],
              [
                -105.256059145,
                39.6681705775
              ],
              [
                -105.2559804309,
                39.668156181
              ],
              [
                -105.2558873585,
                39.6681364469
              ],
              [
                -105.2558219797,
                39.6681219692
              ],
              [
                -105.2557377333,
                39.6681023241
              ],
              [
                -105.255568299,
                39.6680607866
              ],
              [
                -105.2554283751,
                39.6680233236
              ],
              [
                -105.2553528553,
                39.6680028844
              ],
              [
                -105.2552593031,
                39.6679730888
              ],
              [
                -105.2551167359,
                39.667927881
              ],
              [
                -105.2550545488,
                39.6679074765
              ],
              [
                -105.2549601378,
                39.667875709
              ],
              [
                -105.2548610437,
                39.6678396969
              ],
              [
                -105.2547914688,
                39.6678148215
              ],
              [
                -105.2547051203,
                39.6677831054
              ],
              [
                -105.2546302585,
                39.6677533165
              ],
              [
                -105.2545472481,
                39.6676957118
              ],
              [
                -105.2543662161,
                39.6675827631
              ],
              [
                -105.2541877915,
                39.6674674261
              ],
              [
                -105.2540119526,
                39.6673496585
              ],
              [
                -105.2538388758,
                39.6672295745
              ],
              [
                -105.2536684642,
                39.6671071095
              ],
              [
                -105.2535008764,
                39.6669824025
              ],
              [
                -105.2533361193,
                39.6668554332
              ],
              [
                -105.2531742561,
                39.666726327
              ],
              [
                -105.2530153939,
                39.6665950239
              ],
              [
                -105.2528594973,
                39.6664615804
              ],
              [
                -105.252706582,
                39.6663260536
              ],
              [
                -105.252556801,
                39.6661884564
              ],
              [
                -105.2524077608,
                39.6660466582
              ],
              [
                -105.2523553832,
                39.6659855031
              ],
              [
                -105.2523124506,
                39.6659311392
              ],
              [
                -105.2522708768,
                39.6658759914
              ],
              [
                -105.2522253101,
                39.6658106752
              ],
              [
                -105.2521856331,
                39.6657466674
              ],
              [
                -105.2521491019,
                39.6656851818
              ],
              [
                -105.2521190295,
                39.6656298372
              ],
              [
                -105.2520864593,
                39.6655654454
              ],
              [
                -105.2520549747,
                39.6654963672
              ],
              [
                -105.2520229987,
                39.6654225717
              ],
              [
                -105.2519980144,
                39.6653560927
              ],
              [
                -105.251976169,
                39.6652878228
              ],
              [
                -105.2519614167,
                39.6652331013
              ],
              [
                -105.251888885,
                39.6649595428
              ],
              [
                -105.2520137303,
                39.664432492
              ],
              [
                -105.2521457983,
                39.6641022502
              ]
            ]
          ]
        ]
      }
    },
    {
      "type": "Feature",
      "properties": {
        "id": "co-open-space-matthews-winters-park-2456",
        "name": "Matthews/Winters Park",
        "coloradoOpenSpaceName": "Matthews/Winters Park",
        "boundaryType": "county-open-space",
        "manager": "Jefferson County Open Space",
        "owner": "Jefferson County",
        "access": "open",
        "acres": 2456,
        "source": "USGS PAD-US",
        "sourceLayer": "PAD-US 4.1 Colorado",
        "sourceFeatureClass": "Fee",
        "sourceDesignation": "County Parks",
        "sourceDataset": "Jefferson County - JCOS_Land_Boundaries_for_CoMap.gdb",
        "sourcePaid": ""
      },
      "geometry": {
        "type": "MultiPolygon",
        "coordinates": [
          [
            [
              [
                -105.1940803797,
                39.6724082518
              ],
              [
                -105.1940719494,
                39.6717484246
              ],
              [
                -105.1940936816,
                39.6717479176
              ],
              [
                -105.1940987936,
                39.6717075227
              ],
              [
                -105.1941116428,
                39.6716681684
              ],
              [
                -105.1941319411,
                39.6716307339
              ],
              [
                -105.1941592353,
                39.6715960567
              ],
              [
                -105.1941929134,
                39.6715649136
              ],
              [
                -105.194232225,
                39.671537998
              ],
              [
                -105.1947450306,
                39.6712366151
              ],
              [
                -105.1947835859,
                39.6713869885
              ],
              [
                -105.1947086134,
                39.6715752485
              ],
              [
                -105.1947155727,
                39.6716590552
              ],
              [
                -105.1946237359,
                39.6718770242
              ],
              [
                -105.1946559968,
                39.6721420094
              ],
              [
                -105.1944779748,
                39.6729100522
              ],
              [
                -105.1945986189,
                39.6732683789
              ],
              [
                -105.1951719801,
                39.6738433827
              ],
              [
                -105.1951902488,
                39.6739371765
              ],
              [
                -105.1943526787,
                39.6740345901
              ],
              [
                -105.1943170418,
                39.6738078527
              ],
              [
                -105.1942755108,
                39.6735817142
              ],
              [
                -105.1942281025,
                39.6733562676
              ],
              [
                -105.1941748353,
                39.6731316028
              ],
              [
                -105.194142381,
                39.6729881838
              ],
              [
                -105.1941166773,
                39.6728439477
              ],
              [
                -105.1940977615,
                39.6726990864
              ],
              [
                -105.194085657,
                39.6725537909
              ],
              [
                -105.1940803797,
                39.6724082518
              ]
            ]
          ],
          [
            [
              [
                -105.2386537813,
                39.6722122849
              ],
              [
                -105.229384965,
                39.6720167518
              ],
              [
                -105.2295121826,
                39.6727968117
              ],
              [
                -105.2209150401,
                39.671938841
              ],
              [
                -105.2208876708,
                39.6711604142
              ],
              [
                -105.2218439318,
                39.6711352056
              ],
              [
                -105.2251328185,
                39.6715197494
              ],
              [
                -105.2248112285,
                39.6681222899
              ],
              [
                -105.2217387586,
                39.6672222562
              ],
              [
                -105.2203610986,
                39.6672230692
              ],
              [
                -105.2124748077,
                39.667227358
              ],
              [
                -105.2122502092,
                39.6672274231
              ],
              [
                -105.2102802329,
                39.6672279894
              ],
              [
                -105.2101443434,
                39.6638025865
              ],
              [
                -105.2098410014,
                39.6638038657
              ],
              [
                -105.2097676122,
                39.6638041699
              ],
              [
                -105.2078393307,
                39.6638123084
              ],
              [
                -105.2078343049,
                39.6636281179
              ],
              [
                -105.2078319859,
                39.6635435359
              ],
              [
                -105.2077382753,
                39.660122945
              ],
              [
                -105.2075157079,
                39.6601245059
              ],
              [
                -105.2074432872,
                39.6601249967
              ],
              [
                -105.2054787942,
                39.6601387843
              ],
              [
                -105.2054753774,
                39.6599214905
              ],
              [
                -105.2054740495,
                39.6598371333
              ],
              [
                -105.2054206826,
                39.6564638209
              ],
              [
                -105.2052777471,
                39.6564649282
              ],
              [
                -105.2052063092,
                39.6564654791
              ],
              [
                -105.2032050016,
                39.6563547607
              ],
              [
                -105.2032045394,
                39.6562329178
              ],
              [
                -105.2032042525,
                39.6561486223
              ],
              [
                -105.2031950275,
                39.6537072064
              ],
              [
                -105.2033782468,
                39.6535508634
              ],
              [
                -105.2034986447,
                39.6534556043
              ],
              [
                -105.2038661264,
                39.6534759535
              ],
              [
                -105.2041283506,
                39.6535135342
              ],
              [
                -105.2043044764,
                39.6535960684
              ],
              [
                -105.2048433935,
                39.6538473771
              ],
              [
                -105.2052767687,
                39.6539399602
              ],
              [
                -105.2056766534,
                39.653998776
              ],
              [
                -105.2060211612,
                39.6540975118
              ],
              [
                -105.2065149516,
                39.6542132914
              ],
              [
                -105.2068403549,
                39.6541815482
              ],
              [
                -105.2074194829,
                39.6539355662
              ],
              [
                -105.2077270911,
                39.653592238
              ],
              [
                -105.2079203948,
                39.6532461562
              ],
              [
                -105.2080435193,
                39.6533109791
              ],
              [
                -105.2082463032,
                39.6534469332
              ],
              [
                -105.2084794463,
                39.6535802669
              ],
              [
                -105.2087058686,
                39.6538212224
              ],
              [
                -105.2089303069,
                39.654096863
              ],
              [
                -105.2091505353,
                39.6542373462
              ],
              [
                -105.2095443568,
                39.6543457081
              ],
              [
                -105.2101473425,
                39.6542886707
              ],
              [
                -105.2107212049,
                39.6541059827
              ],
              [
                -105.2115209964,
                39.6542392726
              ],
              [
                -105.2119422905,
                39.6542911475
              ],
              [
                -105.2125336315,
                39.6541943433
              ],
              [
                -105.2129683516,
                39.6539854687
              ],
              [
                -105.2132218971,
                39.6537138409
              ],
              [
                -105.2133529782,
                39.6537340496
              ],
              [
                -105.2136983764,
                39.6538676259
              ],
              [
                -105.2141397263,
                39.6539585685
              ],
              [
                -105.2148082104,
                39.6540637711
              ],
              [
                -105.2155380659,
                39.6540131499
              ],
              [
                -105.2159994961,
                39.6538153646
              ],
              [
                -105.2162435458,
                39.6539422817
              ],
              [
                -105.2165100015,
                39.6540510494
              ],
              [
                -105.2169382003,
                39.6541990347
              ],
              [
                -105.2170210099,
                39.6543470066
              ],
              [
                -105.2171002367,
                39.6547060272
              ],
              [
                -105.2171953196,
                39.6548961221
              ],
              [
                -105.2175616985,
                39.6553169741
              ],
              [
                -105.2178898843,
                39.6555741513
              ],
              [
                -105.2182380285,
                39.6558155127
              ],
              [
                -105.218225786,
                39.6560109624
              ],
              [
                -105.2180835025,
                39.6563901656
              ],
              [
                -105.2179988706,
                39.6566646632
              ],
              [
                -105.2179379432,
                39.6570690908
              ],
              [
                -105.2179432405,
                39.6573965468
              ],
              [
                -105.2181081453,
                39.6577146903
              ],
              [
                -105.2183214379,
                39.6579037881
              ],
              [
                -105.2188682782,
                39.6580857016
              ],
              [
                -105.2193975661,
                39.658093093
              ],
              [
                -105.2197821355,
                39.6579801999
              ],
              [
                -105.2202334238,
                39.6577342361
              ],
              [
                -105.2204183427,
                39.6575887359
              ],
              [
                -105.2205906929,
                39.6575339626
              ],
              [
                -105.2208891149,
                39.6575856673
              ],
              [
                -105.2212439146,
                39.6576830581
              ],
              [
                -105.2216158084,
                39.6578246526
              ],
              [
                -105.2221089548,
                39.6580215514
              ],
              [
                -105.2227535485,
                39.6581651972
              ],
              [
                -105.2231075734,
                39.6581889536
              ],
              [
                -105.2234421362,
                39.6581971269
              ],
              [
                -105.2240247191,
                39.6581504379
              ],
              [
                -105.2242770895,
                39.6580413856
              ],
              [
                -105.2246355528,
                39.6577784969
              ],
              [
                -105.2247783099,
                39.6577189474
              ],
              [
                -105.224867406,
                39.6578556162
              ],
              [
                -105.2252027935,
                39.6581307164
              ],
              [
                -105.2255219249,
                39.6582625776
              ],
              [
                -105.2258875108,
                39.6583951207
              ],
              [
                -105.2263437332,
                39.6585163669
              ],
              [
                -105.2269586173,
                39.658642478
              ],
              [
                -105.2275648628,
                39.6586367819
              ],
              [
                -105.2275133466,
                39.6588563572
              ],
              [
                -105.227402389,
                39.6590121289
              ],
              [
                -105.2272717922,
                39.6591309979
              ],
              [
                -105.2270516419,
                39.6593864681
              ],
              [
                -105.2268946441,
                39.6597317193
              ],
              [
                -105.2267570717,
                39.6601300182
              ],
              [
                -105.2268148447,
                39.6605121291
              ],
              [
                -105.2269693984,
                39.660730324
              ],
              [
                -105.2274941693,
                39.6610186246
              ],
              [
                -105.2279438256,
                39.6610667389
              ],
              [
                -105.228285649,
                39.6610416484
              ],
              [
                -105.2287816039,
                39.6609227817
              ],
              [
                -105.2292355126,
                39.660654107
              ],
              [
                -105.2294524515,
                39.6606575886
              ],
              [
                -105.229707106,
                39.6607343372
              ],
              [
                -105.2300870181,
                39.660843007
              ],
              [
                -105.230466885,
                39.6608905098
              ],
              [
                -105.2310068914,
                39.6608419977
              ],
              [
                -105.2313183893,
                39.6607159619
              ],
              [
                -105.2315563379,
                39.6605209303
              ],
              [
                -105.2317294179,
                39.6601729359
              ],
              [
                -105.2317378658,
                39.6598243166
              ],
              [
                -105.2320083256,
                39.6598364415
              ],
              [
                -105.2322312953,
                39.6598057893
              ],
              [
                -105.2327191394,
                39.6596443881
              ],
              [
                -105.2330819473,
                39.6594710643
              ],
              [
                -105.2330235927,
                39.6598224628
              ],
              [
                -105.2329643595,
                39.6600249693
              ],
              [
                -105.232912047,
                39.6603705799
              ],
              [
                -105.2329407605,
                39.6607386827
              ],
              [
                -105.2330857002,
                39.6609605071
              ],
              [
                -105.233424239,
                39.6611826359
              ],
              [
                -105.2339064601,
                39.6612622191
              ],
              [
                -105.2345384626,
                39.6612021832
              ],
              [
                -105.2350798927,
                39.6611954745
              ],
              [
                -105.2351072639,
                39.6622908231
              ],
              [
                -105.2351550065,
                39.6624820381
              ],
              [
                -105.2352469679,
                39.6626831248
              ],
              [
                -105.2353500179,
                39.6628273707
              ],
              [
                -105.2355254031,
                39.6630197981
              ],
              [
                -105.23581488,
                39.6631724679
              ],
              [
                -105.2361357299,
                39.6632531981
              ],
              [
                -105.2367469817,
                39.6632385572
              ],
              [
                -105.2371926976,
                39.6631675593
              ],
              [
                -105.2372753325,
                39.6632317443
              ],
              [
                -105.2371507524,
                39.6633034885
              ],
              [
                -105.2372533513,
                39.6635677411
              ],
              [
                -105.23748183,
                39.6634162382
              ],
              [
                -105.2373689194,
                39.6631359581
              ],
              [
                -105.237327627,
                39.6630958492
              ],
              [
                -105.2378156802,
                39.6627849041
              ],
              [
                -105.2381277576,
                39.6624415677
              ],
              [
                -105.2382416959,
                39.6624418232
              ],
              [
                -105.2383115727,
                39.66450515
              ],
              [
                -105.2385049188,
                39.6686090041
              ],
              [
                -105.2386537813,
                39.6722122849
              ]
            ]
          ],
          [
            [
              [
                -105.1896255833,
                39.6792613669
              ],
              [
                -105.1888301449,
                39.6776238945
              ],
              [
                -105.1889297153,
                39.677623795
              ],
              [
                -105.1893422201,
                39.678484519
              ],
              [
                -105.189444211,
                39.678257636
              ],
              [
                -105.1894124402,
                39.6746333421
              ],
              [
                -105.1907911209,
                39.6746316922
              ],
              [
                -105.1907376052,
                39.673693012
              ],
              [
                -105.1907206027,
                39.6730204058
              ],
              [
                -105.1907563848,
                39.6723587577
              ],
              [
                -105.190735735,
                39.6716866309
              ],
              [
                -105.1907003293,
                39.6710112161
              ],
              [
                -105.190554539,
                39.6710112163
              ],
              [
                -105.1905238051,
                39.6673918579
              ],
              [
                -105.1906611167,
                39.6673920123
              ],
              [
                -105.1903074904,
                39.6668562857
              ],
              [
                -105.1901442271,
                39.6663338822
              ],
              [
                -105.1896828283,
                39.6650144682
              ],
              [
                -105.1894501819,
                39.6622509513
              ],
              [
                -105.1893019704,
                39.6620119195
              ],
              [
                -105.1892398072,
                39.6608837324
              ],
              [
                -105.1890879166,
                39.660080626
              ],
              [
                -105.189036319,
                39.6598074796
              ],
              [
                -105.1887032118,
                39.6584450214
              ],
              [
                -105.1883889139,
                39.6575630251
              ],
              [
                -105.1882105893,
                39.656472939
              ],
              [
                -105.1889504542,
                39.6564658009
              ],
              [
                -105.1916370036,
                39.6564439738
              ],
              [
                -105.1919446813,
                39.6568522313
              ],
              [
                -105.1922556719,
                39.6573981244
              ],
              [
                -105.1928456035,
                39.6584133614
              ],
              [
                -105.1931600224,
                39.6589988581
              ],
              [
                -105.193373857,
                39.6595157348
              ],
              [
                -105.1935368272,
                39.6600770858
              ],
              [
                -105.1938758866,
                39.6600769008
              ],
              [
                -105.1939347172,
                39.6654581737
              ],
              [
                -105.1940369575,
                39.6657210854
              ],
              [
                -105.1941223323,
                39.6659654564
              ],
              [
                -105.1942089967,
                39.6662362266
              ],
              [
                -105.1942088511,
                39.6671696427
              ],
              [
                -105.194206624,
                39.6675528862
              ],
              [
                -105.1941966004,
                39.6677778716
              ],
              [
                -105.194134194,
                39.6684085439
              ],
              [
                -105.193965051,
                39.6688272111
              ],
              [
                -105.1939891866,
                39.6709867006
              ],
              [
                -105.1938217895,
                39.6710110822
              ],
              [
                -105.1938471918,
                39.6724578015
              ],
              [
                -105.1938488281,
                39.6725307062
              ],
              [
                -105.1938520951,
                39.6726035904
              ],
              [
                -105.1938570145,
                39.6726764103
              ],
              [
                -105.1938635897,
                39.6727491567
              ],
              [
                -105.1938718048,
                39.6728218058
              ],
              [
                -105.1938816325,
                39.6728943298
              ],
              [
                -105.1938931215,
                39.6729667028
              ],
              [
                -105.193906244,
                39.6730389278
              ],
              [
                -105.1939209877,
                39.6731109474
              ],
              [
                -105.1939442492,
                39.6732109588
              ],
              [
                -105.1939910501,
                39.6734028877
              ],
              [
                -105.1940335055,
                39.6735954261
              ],
              [
                -105.1940716049,
                39.6737885031
              ],
              [
                -105.1941237783,
                39.6741003711
              ],
              [
                -105.1943707398,
                39.6757597664
              ],
              [
                -105.1943849098,
                39.6758480981
              ],
              [
                -105.194401049,
                39.6759362355
              ],
              [
                -105.1944192147,
                39.6760241475
              ],
              [
                -105.1944393167,
                39.6761117932
              ],
              [
                -105.1944614354,
                39.6761991641
              ],
              [
                -105.1944854987,
                39.6762862036
              ],
              [
                -105.1945115318,
                39.676372907
              ],
              [
                -105.1945395134,
                39.6764592644
              ],
              [
                -105.1945694454,
                39.6765452065
              ],
              [
                -105.1946013226,
                39.676630758
              ],
              [
                -105.1946351123,
                39.6767158567
              ],
              [
                -105.1946708371,
                39.6768004866
              ],
              [
                -105.1947084543,
                39.6768846078
              ],
              [
                -105.1947479622,
                39.6769682267
              ],
              [
                -105.1947893585,
                39.6770512968
              ],
              [
                -105.1948326272,
                39.6771337853
              ],
              [
                -105.1948777505,
                39.6772157015
              ],
              [
                -105.1949247227,
                39.6772969732
              ],
              [
                -105.1949735092,
                39.6773775967
              ],
              [
                -105.1950241227,
                39.6774575613
              ],
              [
                -105.195076536,
                39.6775368392
              ],
              [
                -105.1951307265,
                39.6776153919
              ],
              [
                -105.1951866797,
                39.6776931988
              ],
              [
                -105.1952443769,
                39.6777702327
              ],
              [
                -105.1953038177,
                39.6778464829
              ],
              [
                -105.1953877006,
                39.6779492431
              ],
              [
                -105.196134568,
                39.6788404193
              ],
              [
                -105.1945101339,
                39.6774605065
              ],
              [
                -105.194447243,
                39.6774041635
              ],
              [
                -105.1943882356,
                39.6773453694
              ],
              [
                -105.1943332767,
                39.6772842581
              ],
              [
                -105.1942825656,
                39.6772210106
              ],
              [
                -105.1942361941,
                39.6771558002
              ],
              [
                -105.1941942922,
                39.677088811
              ],
              [
                -105.1941569906,
                39.6770201966
              ],
              [
                -105.1941243824,
                39.6769501948
              ],
              [
                -105.1940939273,
                39.6768713856
              ],
              [
                -105.1940690892,
                39.6768043389
              ],
              [
                -105.1940412461,
                39.6767380271
              ],
              [
                -105.1940104109,
                39.6766724951
              ],
              [
                -105.1939766686,
                39.6766078352
              ],
              [
                -105.1939400013,
                39.6765441194
              ],
              [
                -105.1939004835,
                39.6764814402
              ],
              [
                -105.1934226209,
                39.6757958044
              ],
              [
                -105.1933829006,
                39.6757443961
              ],
              [
                -105.1933375227,
                39.6756958816
              ],
              [
                -105.1932868418,
                39.6756505653
              ],
              [
                -105.1932312529,
                39.6756088568
              ],
              [
                -105.193171176,
                39.6755710532
              ],
              [
                -105.1931070527,
                39.6755374384
              ],
              [
                -105.193039383,
                39.6755082715
              ],
              [
                -105.1929686894,
                39.6754837661
              ],
              [
                -105.192895496,
                39.6754641201
              ],
              [
                -105.1928203782,
                39.6754494795
              ],
              [
                -105.1927438744,
                39.6754399509
              ],
              [
                -105.1926665992,
                39.675435618
              ],
              [
                -105.1925891333,
                39.6754365019
              ],
              [
                -105.1925120328,
                39.6754425991
              ],
              [
                -105.1924359443,
                39.675453863
              ],
              [
                -105.1923614106,
                39.6754702044
              ],
              [
                -105.1922889934,
                39.6754915326
              ],
              [
                -105.1922192623,
                39.6755176174
              ],
              [
                -105.1921527343,
                39.6755483132
              ],
              [
                -105.1920899224,
                39.6755833634
              ],
              [
                -105.1920313166,
                39.6756225313
              ],
              [
                -105.1919773376,
                39.6756654952
              ],
              [
                -105.1919284148,
                39.6757119135
              ],
              [
                -105.191884911,
                39.6757614554
              ],
              [
                -105.1918471684,
                39.6758137552
              ],
              [
                -105.1918154516,
                39.6758683774
              ],
              [
                -105.1917900419,
                39.6759249515
              ],
              [
                -105.1917710731,
                39.6759830187
              ],
              [
                -105.1917587477,
                39.6760421192
              ],
              [
                -105.1917531315,
                39.6761018341
              ],
              [
                -105.1917030008,
                39.6761568683
              ],
              [
                -105.191693372,
                39.6762178871
              ],
              [
                -105.1916340572,
                39.6765935598
              ],
              [
                -105.1916633959,
                39.6771167671
              ],
              [
                -105.191619974,
                39.677917001
              ],
              [
                -105.1912893437,
                39.6786233787
              ],
              [
                -105.191365507,
                39.6794739614
              ],
              [
                -105.1915742214,
                39.680401388
              ],
              [
                -105.1905063482,
                39.6804030074
              ],
              [
                -105.1904249808,
                39.6802637908
              ],
              [
                -105.1896255833,
                39.6792613669
              ]
            ]
          ],
          [
            [
              [
                -105.1907346868,
                39.6818307572
              ],
              [
                -105.1906413048,
                39.6807720292
              ],
              [
                -105.1916483876,
                39.6807710616
              ],
              [
                -105.1918127419,
                39.6814184081
              ],
              [
                -105.1919199572,
                39.681828626
              ],
              [
                -105.1907346868,
                39.6818307572
              ]
            ]
          ],
          [
            [
              [
                -105.1923517398,
                39.689694862
              ],
              [
                -105.1921291287,
                39.6895270466
              ],
              [
                -105.1919331619,
                39.6895601155
              ],
              [
                -105.1916962299,
                39.6895613341
              ],
              [
                -105.1915710022,
                39.6895208696
              ],
              [
                -105.1913796109,
                39.6894026979
              ],
              [
                -105.1913150145,
                39.6893377697
              ],
              [
                -105.1912534713,
                39.6892090931
              ],
              [
                -105.1913125317,
                39.689017844
              ],
              [
                -105.1914163889,
                39.6889361545
              ],
              [
                -105.1912120481,
                39.6887197343
              ],
              [
                -105.1912051887,
                39.6885794402
              ],
              [
                -105.1910107475,
                39.6884983204
              ],
              [
                -105.1909979073,
                39.6882923607
              ],
              [
                -105.1911708491,
                39.6882702989
              ],
              [
                -105.1913421123,
                39.688241464
              ],
              [
                -105.1915112532,
                39.6882059273
              ],
              [
                -105.1916778335,
                39.6881637847
              ],
              [
                -105.1918137796,
                39.6881229323
              ],
              [
                -105.1919464269,
                39.6880760511
              ],
              [
                -105.1920753301,
                39.6880233011
              ],
              [
                -105.1922000507,
                39.6879648591
              ],
              [
                -105.1923201718,
                39.6879009224
              ],
              [
                -105.1924352862,
                39.6878317074
              ],
              [
                -105.1925450074,
                39.6877574472
              ],
              [
                -105.1926489644,
                39.6876783913
              ],
              [
                -105.1927468072,
                39.6875948076
              ],
              [
                -105.1928382052,
                39.6875069768
              ],
              [
                -105.1929228524,
                39.6874151949
              ],
              [
                -105.193000461,
                39.6873197728
              ],
              [
                -105.1930309823,
                39.6873924501
              ],
              [
                -105.1930559695,
                39.6874663792
              ],
              [
                -105.1930753348,
                39.6875413075
              ],
              [
                -105.1930900841,
                39.6880940616
              ],
              [
                -105.1930966453,
                39.6881824653
              ],
              [
                -105.1931115715,
                39.6882702605
              ],
              [
                -105.1931347821,
                39.6883569744
              ],
              [
                -105.1931661526,
                39.6884421428
              ],
              [
                -105.1932055144,
                39.6885253056
              ],
              [
                -105.1935025106,
                39.6890879254
              ],
              [
                -105.1935583644,
                39.6892031582
              ],
              [
                -105.1936055051,
                39.6893206937
              ],
              [
                -105.193643771,
                39.6894401374
              ],
              [
                -105.1936730352,
                39.6895610901
              ],
              [
                -105.1936932003,
                39.6896831491
              ],
              [
                -105.1937607174,
                39.6902135288
              ],
              [
                -105.1937542358,
                39.6903735422
              ],
              [
                -105.1939208553,
                39.6914865268
              ],
              [
                -105.1939868624,
                39.6919308138
              ],
              [
                -105.1939059409,
                39.6928472515
              ],
              [
                -105.1937663377,
                39.6945214166
              ],
              [
                -105.1936355258,
                39.695728406
              ],
              [
                -105.1935514515,
                39.6963925122
              ],
              [
                -105.1935479048,
                39.6964205254
              ],
              [
                -105.1935284044,
                39.6964204874
              ],
              [
                -105.1936602045,
                39.692727638
              ],
              [
                -105.193661943,
                39.692678955
              ],
              [
                -105.1936700405,
                39.692452105
              ],
              [
                -105.193260362,
                39.692452156
              ],
              [
                -105.1932688059,
                39.6923132887
              ],
              [
                -105.193107231,
                39.6919494387
              ],
              [
                -105.1930097155,
                39.6915631261
              ],
              [
                -105.1930366721,
                39.6913414602
              ],
              [
                -105.1926813223,
                39.6911378677
              ],
              [
                -105.1926893026,
                39.6909395902
              ],
              [
                -105.1928570463,
                39.6907051386
              ],
              [
                -105.1928390621,
                39.6903651468
              ],
              [
                -105.1926252443,
                39.6901147843
              ],
              [
                -105.1924347848,
                39.6898403784
              ],
              [
                -105.1923517398,
                39.689694862
              ]
            ]
          ],
          [
            [
              [
                -105.2038286402,
                39.6939371072
              ],
              [
                -105.2036623678,
                39.6935509714
              ],
              [
                -105.2034381186,
                39.6932202751
              ],
              [
                -105.2031666684,
                39.6929179537
              ],
              [
                -105.2024887077,
                39.6923186108
              ],
              [
                -105.2019129838,
                39.6917052761
              ],
              [
                -105.2017503854,
                39.6915037748
              ],
              [
                -105.2016313511,
                39.6912937853
              ],
              [
                -105.2015367222,
                39.6909857256
              ],
              [
                -105.2014615886,
                39.6904817799
              ],
              [
                -105.2010169759,
                39.6887123119
              ],
              [
                -105.2009160869,
                39.6886228264
              ],
              [
                -105.2000014856,
                39.6856352908
              ],
              [
                -105.2031197902,
                39.6855457699
              ],
              [
                -105.20323514,
                39.6818086326
              ],
              [
                -105.2032286257,
                39.6745818085
              ],
              [
                -105.2032223221,
                39.6745201645
              ],
              [
                -105.2123038963,
                39.6745814344
              ],
              [
                -105.2123764913,
                39.6745819107
              ],
              [
                -105.2125821322,
                39.6745833584
              ],
              [
                -105.2125303481,
                39.6708814579
              ],
              [
                -105.2163499706,
                39.6708698488
              ],
              [
                -105.2172422635,
                39.6708669724
              ],
              [
                -105.2172479726,
                39.6712471056
              ],
              [
                -105.2172989193,
                39.6746266041
              ],
              [
                -105.2160871934,
                39.674623086
              ],
              [
                -105.2160933485,
                39.6748484915
              ],
              [
                -105.2161252195,
                39.6760143056
              ],
              [
                -105.2162885679,
                39.6819881582
              ],
              [
                -105.2221436001,
                39.6820684122
              ],
              [
                -105.2218279762,
                39.6891727483
              ],
              [
                -105.2215183716,
                39.6957546065
              ],
              [
                -105.2212759481,
                39.69572658
              ],
              [
                -105.2190799682,
                39.6952333641
              ],
              [
                -105.2150471229,
                39.6953104449
              ],
              [
                -105.2140683601,
                39.6952428728
              ],
              [
                -105.2120252261,
                39.6947550383
              ],
              [
                -105.2106265041,
                39.6944132252
              ],
              [
                -105.209188365,
                39.693939542
              ],
              [
                -105.2074960218,
                39.6934991652
              ],
              [
                -105.2065175776,
                39.6933615167
              ],
              [
                -105.2064084092,
                39.69376206
              ],
              [
                -105.2070935369,
                39.6939329553
              ],
              [
                -105.2077922994,
                39.6948821761
              ],
              [
                -105.2078500785,
                39.6955120209
              ],
              [
                -105.2075311443,
                39.6957219271
              ],
              [
                -105.2072157146,
                39.6959431774
              ],
              [
                -105.206301596,
                39.6967713436
              ],
              [
                -105.2050002136,
                39.697781454
              ],
              [
                -105.2045943918,
                39.6975237441
              ],
              [
                -105.2044314737,
                39.6965521696
              ],
              [
                -105.2040842008,
                39.6965241903
              ],
              [
                -105.2039397563,
                39.6953903521
              ],
              [
                -105.2039079912,
                39.6944970054
              ],
              [
                -105.2038286402,
                39.6939371072
              ]
            ]
          ],
          [
            [
              [
                -105.1999189047,
                39.70107658
              ],
              [
                -105.1994975369,
                39.6999290005
              ],
              [
                -105.1982564795,
                39.7001011725
              ],
              [
                -105.1980599299,
                39.698963467
              ],
              [
                -105.1980246,
                39.6987589829
              ],
              [
                -105.1982001805,
                39.6987361485
              ],
              [
                -105.1983984113,
                39.698710356
              ],
              [
                -105.1983394837,
                39.6985086486
              ],
              [
                -105.1975077851,
                39.6956691189
              ],
              [
                -105.1937572236,
                39.6966579989
              ],
              [
                -105.1942225664,
                39.6923831971
              ],
              [
                -105.1938612505,
                39.6894974712
              ],
              [
                -105.1936697085,
                39.6890461185
              ],
              [
                -105.1933351374,
                39.6883997699
              ],
              [
                -105.1932677085,
                39.6880912241
              ],
              [
                -105.1932545288,
                39.6875972761
              ],
              [
                -105.1932528565,
                39.6875346294
              ],
              [
                -105.1931793304,
                39.6873654944
              ],
              [
                -105.1930956852,
                39.6871731275
              ],
              [
                -105.1932031478,
                39.6869649894
              ],
              [
                -105.1933044428,
                39.6866383346
              ],
              [
                -105.1933313248,
                39.6863030787
              ],
              [
                -105.1932969243,
                39.6852301354
              ],
              [
                -105.1932426463,
                39.6845180431
              ],
              [
                -105.1929951834,
                39.6834089614
              ],
              [
                -105.1928997346,
                39.6828274324
              ],
              [
                -105.1929056819,
                39.6821642426
              ],
              [
                -105.1928396686,
                39.6818945688
              ],
              [
                -105.1928452032,
                39.6818266526
              ],
              [
                -105.1926237287,
                39.6808834014
              ],
              [
                -105.1923883681,
                39.679465849
              ],
              [
                -105.1923605501,
                39.6777125324
              ],
              [
                -105.1925038289,
                39.6766387845
              ],
              [
                -105.1924682316,
                39.67614968
              ],
              [
                -105.1925639198,
                39.6759972251
              ],
              [
                -105.1927981603,
                39.6760554942
              ],
              [
                -105.1937265266,
                39.6775256522
              ],
              [
                -105.1944004584,
                39.6781821726
              ],
              [
                -105.1962933421,
                39.6797917394
              ],
              [
                -105.1969217509,
                39.6801022173
              ],
              [
                -105.1978326822,
                39.6814233471
              ],
              [
                -105.1979358001,
                39.6818185966
              ],
              [
                -105.1983602586,
                39.6824196115
              ],
              [
                -105.199470729,
                39.6867145371
              ],
              [
                -105.1994073328,
                39.6871463729
              ],
              [
                -105.199856808,
                39.6887562064
              ],
              [
                -105.1998646473,
                39.6891873643
              ],
              [
                -105.2005138276,
                39.6909989912
              ],
              [
                -105.200948436,
                39.6919157453
              ],
              [
                -105.2016848582,
                39.6926178605
              ],
              [
                -105.2024519849,
                39.6931531475
              ],
              [
                -105.2031557961,
                39.6944847174
              ],
              [
                -105.2035145929,
                39.6963025417
              ],
              [
                -105.2035295014,
                39.6964448588
              ],
              [
                -105.2027886896,
                39.6964459543
              ],
              [
                -105.2028410568,
                39.6995052081
              ],
              [
                -105.2029067504,
                39.6996438237
              ],
              [
                -105.2021366522,
                39.7003489558
              ],
              [
                -105.201761033,
                39.7004968496
              ],
              [
                -105.2003057369,
                39.7021541497
              ],
              [
                -105.1998939206,
                39.701895609
              ],
              [
                -105.1995993198,
                39.701225909
              ],
              [
                -105.1999189047,
                39.70107658
              ]
            ]
          ],
          [
            [
              [
                -105.2064944382,
                39.7017571244
              ],
              [
                -105.207326535,
                39.7009020555
              ],
              [
                -105.20751552,
                39.7007078495
              ],
              [
                -105.2078349161,
                39.7005498017
              ],
              [
                -105.2078577298,
                39.6998526735
              ],
              [
                -105.2075889232,
                39.6996458068
              ],
              [
                -105.2075825048,
                39.6996456442
              ],
              [
                -105.2075820763,
                39.6996405393
              ],
              [
                -105.2075801965,
                39.6996390918
              ],
              [
                -105.2075819581,
                39.6996391377
              ],
              [
                -105.2075705028,
                39.6995027244
              ],
              [
                -105.2074692489,
                39.6982519545
              ],
              [
                -105.2076336278,
                39.6980833037
              ],
              [
                -105.2077492312,
                39.6995112631
              ],
              [
                -105.2084418614,
                39.6995287724
              ],
              [
                -105.2083749424,
                39.6989383006
              ],
              [
                -105.2091672394,
                39.6974506391
              ],
              [
                -105.2091321517,
                39.6965457665
              ],
              [
                -105.2092893105,
                39.6963837419
              ],
              [
                -105.2103377183,
                39.6960601149
              ],
              [
                -105.2110224577,
                39.6960904024
              ],
              [
                -105.2135311352,
                39.6965316215
              ],
              [
                -105.2164196326,
                39.6968372527
              ],
              [
                -105.2182985523,
                39.6966543653
              ],
              [
                -105.219674038,
                39.6971118146
              ],
              [
                -105.2210286937,
                39.6973657087
              ],
              [
                -105.2210174176,
                39.7001325365
              ],
              [
                -105.2210118519,
                39.7014979154
              ],
              [
                -105.2155037217,
                39.7006098257
              ],
              [
                -105.2084131881,
                39.7036706425
              ],
              [
                -105.2084127166,
                39.7036641233
              ],
              [
                -105.2066338374,
                39.7036508945
              ],
              [
                -105.2064944382,
                39.7017571244
              ]
            ]
          ]
        ]
      }
    },
    {
      "type": "Feature",
      "properties": {
        "id": "co-open-space-mount-falcon-park-2238",
        "name": "Mount Falcon Park",
        "coloradoOpenSpaceName": "Mount Falcon Park",
        "boundaryType": "county-open-space",
        "manager": "Jefferson County Open Space",
        "owner": "Jefferson County",
        "access": "open",
        "acres": 2238,
        "source": "USGS PAD-US",
        "sourceLayer": "PAD-US 4.1 Colorado",
        "sourceFeatureClass": "Fee",
        "sourceDesignation": "County Parks",
        "sourceDataset": "Jefferson County - JCOS_Land_Boundaries_for_CoMap.gdb",
        "sourcePaid": ""
      },
      "geometry": {
        "type": "MultiPolygon",
        "coordinates": [
          [
            [
              [
                -105.2366477556,
                39.6597662544
              ],
              [
                -105.2362732904,
                39.6597354017
              ],
              [
                -105.2358199184,
                39.659807528
              ],
              [
                -105.2350989104,
                39.6599750402
              ],
              [
                -105.2348020455,
                39.6600440102
              ],
              [
                -105.2343952116,
                39.660109292
              ],
              [
                -105.2345060901,
                39.659810188
              ],
              [
                -105.2345605177,
                39.6594430792
              ],
              [
                -105.2345296975,
                39.6592489237
              ],
              [
                -105.2343719478,
                39.6589164361
              ],
              [
                -105.2341259413,
                39.6586357648
              ],
              [
                -105.2338914946,
                39.658448638
              ],
              [
                -105.2334698721,
                39.6583060637
              ],
              [
                -105.2331376202,
                39.658299499
              ],
              [
                -105.2326089592,
                39.6584123313
              ],
              [
                -105.2324063116,
                39.6585023572
              ],
              [
                -105.2321721117,
                39.6586158293
              ],
              [
                -105.2319905724,
                39.6586985923
              ],
              [
                -105.2317923459,
                39.658667793
              ],
              [
                -105.2315191045,
                39.6586257045
              ],
              [
                -105.2312180153,
                39.6586394531
              ],
              [
                -105.2309552102,
                39.65869675
              ],
              [
                -105.2305581087,
                39.6589236056
              ],
              [
                -105.2303403783,
                39.6592506768
              ],
              [
                -105.2303074206,
                39.6594704744
              ],
              [
                -105.2303145146,
                39.6597387319
              ],
              [
                -105.2298390523,
                39.6595961858
              ],
              [
                -105.229371611,
                39.659469899
              ],
              [
                -105.2289832329,
                39.6594198685
              ],
              [
                -105.2287784452,
                39.6594424189
              ],
              [
                -105.2289328702,
                39.658985777
              ],
              [
                -105.2291531166,
                39.6585875449
              ],
              [
                -105.2291937356,
                39.6581825694
              ],
              [
                -105.2289051911,
                39.6576769653
              ],
              [
                -105.2284953614,
                39.6574822498
              ],
              [
                -105.2282161882,
                39.6574278087
              ],
              [
                -105.2275796619,
                39.6574654565
              ],
              [
                -105.2273098131,
                39.6575410446
              ],
              [
                -105.2271108332,
                39.6575375311
              ],
              [
                -105.2267604562,
                39.6574657013
              ],
              [
                -105.2262251507,
                39.6573054316
              ],
              [
                -105.2261080655,
                39.6572619242
              ],
              [
                -105.2260724408,
                39.6570932869
              ],
              [
                -105.2259966356,
                39.6568144446
              ],
              [
                -105.2258828493,
                39.656655544
              ],
              [
                -105.2256658089,
                39.6564888034
              ],
              [
                -105.2252831764,
                39.6563625605
              ],
              [
                -105.2247760109,
                39.6563036453
              ],
              [
                -105.2241790007,
                39.6564302863
              ],
              [
                -105.2239112213,
                39.6566297564
              ],
              [
                -105.2237399439,
                39.6568317125
              ],
              [
                -105.2235511972,
                39.6570554851
              ],
              [
                -105.2233203553,
                39.6570954121
              ],
              [
                -105.2228916913,
                39.657067289
              ],
              [
                -105.2222873988,
                39.6568568228
              ],
              [
                -105.2221316022,
                39.6568015876
              ],
              [
                -105.2215706127,
                39.6566027644
              ],
              [
                -105.2207608474,
                39.6564431129
              ],
              [
                -105.2202950605,
                39.6564138712
              ],
              [
                -105.2199774951,
                39.6564693485
              ],
              [
                -105.2195997202,
                39.6566650442
              ],
              [
                -105.2194085115,
                39.6568162319
              ],
              [
                -105.2196080324,
                39.6562692566
              ],
              [
                -105.2196998201,
                39.6560164856
              ],
              [
                -105.2197105072,
                39.6556436031
              ],
              [
                -105.2196161719,
                39.6554063431
              ],
              [
                -105.2192007738,
                39.6550078639
              ],
              [
                -105.2187706001,
                39.6547096211
              ],
              [
                -105.2185399294,
                39.6544883024
              ],
              [
                -105.2184179928,
                39.654143069
              ],
              [
                -105.2182936086,
                39.6538222936
              ],
              [
                -105.2181251787,
                39.6535934616
              ],
              [
                -105.2175853462,
                39.6531907569
              ],
              [
                -105.2170644391,
                39.653039429
              ],
              [
                -105.2164523733,
                39.6528268094
              ],
              [
                -105.2158623769,
                39.6527417847
              ],
              [
                -105.2154132284,
                39.6528107539
              ],
              [
                -105.2149242016,
                39.6529613652
              ],
              [
                -105.2143034559,
                39.6528636544
              ],
              [
                -105.2137161684,
                39.6525865782
              ],
              [
                -105.2131985673,
                39.6524340857
              ],
              [
                -105.2126354567,
                39.6525749473
              ],
              [
                -105.2123514586,
                39.6527102543
              ],
              [
                -105.212113951,
                39.6529779534
              ],
              [
                -105.2119635155,
                39.6531870718
              ],
              [
                -105.2113755633,
                39.6530701047
              ],
              [
                -105.2105846652,
                39.6529699521
              ],
              [
                -105.2102680054,
                39.6530478404
              ],
              [
                -105.2098888783,
                39.6532001323
              ],
              [
                -105.2095872637,
                39.6528599461
              ],
              [
                -105.208948472,
                39.6524596342
              ],
              [
                -105.2086987356,
                39.6521468229
              ],
              [
                -105.2083631529,
                39.6518091141
              ],
              [
                -105.2080396975,
                39.651662485
              ],
              [
                -105.2077322583,
                39.6516134874
              ],
              [
                -105.2073123766,
                39.6516618322
              ],
              [
                -105.2069700868,
                39.651820435
              ],
              [
                -105.2067282206,
                39.6520658032
              ],
              [
                -105.2066201551,
                39.6523729276
              ],
              [
                -105.2065839747,
                39.6526905843
              ],
              [
                -105.2065236148,
                39.6529961964
              ],
              [
                -105.2064121909,
                39.6530205382
              ],
              [
                -105.2055181112,
                39.6528576295
              ],
              [
                -105.2050818861,
                39.6526683821
              ],
              [
                -105.2046945657,
                39.6524876234
              ],
              [
                -105.2039974568,
                39.6523779264
              ],
              [
                -105.2037571288,
                39.6523434735
              ],
              [
                -105.2034626776,
                39.652313987
              ],
              [
                -105.2031335652,
                39.6523249182
              ],
              [
                -105.2030274049,
                39.6509732114
              ],
              [
                -105.203018873,
                39.6508646947
              ],
              [
                -105.2025544119,
                39.6455530923
              ],
              [
                -105.2006846343,
                39.6455691025
              ],
              [
                -105.1998661634,
                39.6455761014
              ],
              [
                -105.1999331428,
                39.6432030184
              ],
              [
                -105.20064376,
                39.6431992961
              ],
              [
                -105.2006769508,
                39.6420731727
              ],
              [
                -105.2026871624,
                39.6420563032
              ],
              [
                -105.2029840593,
                39.6383301871
              ],
              [
                -105.2116561574,
                39.6382731194
              ],
              [
                -105.2116544721,
                39.6382483571
              ],
              [
                -105.2121185601,
                39.6276466231
              ],
              [
                -105.2124192324,
                39.6276492898
              ],
              [
                -105.2124123903,
                39.6275480421
              ],
              [
                -105.2124014414,
                39.6274556829
              ],
              [
                -105.2125459185,
                39.6274593428
              ],
              [
                -105.2222190647,
                39.6274221825
              ],
              [
                -105.2222475332,
                39.6271842448
              ],
              [
                -105.222251409,
                39.6269431241
              ],
              [
                -105.2222323698,
                39.6262485595
              ],
              [
                -105.2222570321,
                39.6240698094
              ],
              [
                -105.2222601026,
                39.6237994416
              ],
              [
                -105.2316731712,
                39.6238581966
              ],
              [
                -105.2412367338,
                39.6239392546
              ],
              [
                -105.2414061967,
                39.6311138791
              ],
              [
                -105.2413466787,
                39.6380881253
              ],
              [
                -105.2412929771,
                39.6383435144
              ],
              [
                -105.2320117221,
                39.6382847993
              ],
              [
                -105.2311005083,
                39.6382789943
              ],
              [
                -105.2305940622,
                39.6457061337
              ],
              [
                -105.2400147484,
                39.6457292173
              ],
              [
                -105.240025905,
                39.6457292433
              ],
              [
                -105.2406173485,
                39.6457306674
              ],
              [
                -105.2403772998,
                39.6472487512
              ],
              [
                -105.2400813822,
                39.6491200635
              ],
              [
                -105.2398917756,
                39.6491214514
              ],
              [
                -105.2394154799,
                39.649124938
              ],
              [
                -105.2394705,
                39.6488044218
              ],
              [
                -105.2351694476,
                39.6487714128
              ],
              [
                -105.2343699363,
                39.6526491468
              ],
              [
                -105.2349516948,
                39.652646786
              ],
              [
                -105.2381164017,
                39.6526336537
              ],
              [
                -105.2388136316,
                39.6526308017
              ],
              [
                -105.2387911902,
                39.6528637265
              ],
              [
                -105.238067169,
                39.6603626365
              ],
              [
                -105.2374658287,
                39.6603873195
              ],
              [
                -105.237377149,
                39.6602109213
              ],
              [
                -105.2370364421,
                39.6599059336
              ],
              [
                -105.2366477556,
                39.6597662544
              ]
            ]
          ]
        ]
      }
    },
    {
      "type": "Feature",
      "properties": {
        "id": "co-open-space-north-table-mountain-park-58",
        "name": "North Table Mountain Park",
        "coloradoOpenSpaceName": "North Table Mountain Park",
        "boundaryType": "county-open-space",
        "manager": "Jefferson County Open Space",
        "owner": "Jefferson County",
        "access": "open",
        "acres": 58,
        "source": "USGS PAD-US",
        "sourceLayer": "PAD-US 4.1 Colorado",
        "sourceFeatureClass": "Fee",
        "sourceDesignation": "County Parks",
        "sourceDataset": "Jefferson County - JCOS_Land_Boundaries_for_CoMap.gdb",
        "sourcePaid": ""
      },
      "geometry": {
        "type": "MultiPolygon",
        "coordinates": [
          [
            [
              [
                -105.203137275,
                39.7712782355
              ],
              [
                -105.2024850812,
                39.7706895816
              ],
              [
                -105.2028115601,
                39.7707805342
              ],
              [
                -105.2031413476,
                39.7710839285
              ],
              [
                -105.2031491168,
                39.7707131046
              ],
              [
                -105.2031532218,
                39.7705171966
              ],
              [
                -105.2031559446,
                39.7703872614
              ],
              [
                -105.2037904117,
                39.7703465496
              ],
              [
                -105.2046462294,
                39.7705027587
              ],
              [
                -105.2064182115,
                39.7699907515
              ],
              [
                -105.2065897606,
                39.7699686346
              ],
              [
                -105.2082635921,
                39.7700008276
              ],
              [
                -105.2099671677,
                39.7711823868
              ],
              [
                -105.2096141155,
                39.7716111154
              ],
              [
                -105.2081324681,
                39.7728719952
              ],
              [
                -105.2067579163,
                39.7736118373
              ],
              [
                -105.2067287538,
                39.7736275319
              ],
              [
                -105.2066747143,
                39.7736566142
              ],
              [
                -105.2037127772,
                39.7752503083
              ],
              [
                -105.2037023497,
                39.7752559174
              ],
              [
                -105.2034480191,
                39.7753927346
              ],
              [
                -105.2031372227,
                39.7753013451
              ],
              [
                -105.2029247969,
                39.7752387198
              ],
              [
                -105.2021909015,
                39.7742187322
              ],
              [
                -105.2021327437,
                39.7740919589
              ],
              [
                -105.2020265375,
                39.7735491732
              ],
              [
                -105.2024333557,
                39.7732533813
              ],
              [
                -105.2031899945,
                39.7728925783
              ],
              [
                -105.2031953372,
                39.7726571565
              ],
              [
                -105.2031043809,
                39.7726574181
              ],
              [
                -105.2031045001,
                39.7726533451
              ],
              [
                -105.203137275,
                39.7712782355
              ]
            ]
          ]
        ]
      }
    },
    {
      "type": "Feature",
      "properties": {
        "id": "co-open-space-north-table-mountain-park-274",
        "name": "North Table Mountain Park",
        "coloradoOpenSpaceName": "North Table Mountain Park",
        "boundaryType": "county-open-space",
        "manager": "Jefferson County Open Space",
        "owner": "Jefferson County",
        "access": "open",
        "acres": 274,
        "source": "USGS PAD-US",
        "sourceLayer": "PAD-US 4.1 Colorado",
        "sourceFeatureClass": "Fee",
        "sourceDesignation": "County Parks",
        "sourceDataset": "Jefferson County - JCOS_Land_Boundaries_for_CoMap.gdb",
        "sourcePaid": ""
      },
      "geometry": {
        "type": "MultiPolygon",
        "coordinates": [
          [
            [
              [
                -105.2217132608,
                39.7980471154
              ],
              [
                -105.2217484742,
                39.7909683445
              ],
              [
                -105.2217783366,
                39.7890478093
              ],
              [
                -105.221859736,
                39.7837583793
              ],
              [
                -105.2218670512,
                39.7832834582
              ],
              [
                -105.2310868475,
                39.7832743741
              ],
              [
                -105.2310977305,
                39.7832743625
              ],
              [
                -105.2309476314,
                39.7846037178
              ],
              [
                -105.2309739794,
                39.7851566041
              ],
              [
                -105.2302685951,
                39.7913889526
              ],
              [
                -105.2301717331,
                39.7920551269
              ],
              [
                -105.2299314085,
                39.7927793063
              ],
              [
                -105.2296912627,
                39.7932245047
              ],
              [
                -105.2292726339,
                39.7938123842
              ],
              [
                -105.2284821168,
                39.794861623
              ],
              [
                -105.2280471112,
                39.7953019093
              ],
              [
                -105.2261851647,
                39.7977696288
              ],
              [
                -105.2260315114,
                39.7977006351
              ],
              [
                -105.22597026,
                39.7976784196
              ],
              [
                -105.2258858223,
                39.7976477939
              ],
              [
                -105.225841088,
                39.7976383628
              ],
              [
                -105.2257681215,
                39.797622981
              ],
              [
                -105.2257311296,
                39.7976151828
              ],
              [
                -105.2255710186,
                39.7976041753
              ],
              [
                -105.2255331039,
                39.797606603
              ],
              [
                -105.2254304723,
                39.7976131731
              ],
              [
                -105.2254108345,
                39.7976144303
              ],
              [
                -105.2252550069,
                39.7976463276
              ],
              [
                -105.2252381667,
                39.7976522992
              ],
              [
                -105.2251169653,
                39.7976952822
              ],
              [
                -105.2251088974,
                39.797698143
              ],
              [
                -105.2249769309,
                39.7977688768
              ],
              [
                -105.2249694738,
                39.797774637
              ],
              [
                -105.2248604674,
                39.7978588475
              ],
              [
                -105.2247707777,
                39.797928982
              ],
              [
                -105.2246700125,
                39.7979839849
              ],
              [
                -105.2245172462,
                39.7980345976
              ],
              [
                -105.2217132288,
                39.7980535627
              ],
              [
                -105.2217132608,
                39.7980471154
              ]
            ]
          ]
        ]
      }
    },
    {
      "type": "Feature",
      "properties": {
        "id": "co-open-space-north-table-mountain-park-758",
        "name": "North Table Mountain Park",
        "coloradoOpenSpaceName": "North Table Mountain Park",
        "boundaryType": "county-open-space",
        "manager": "Jefferson County Open Space",
        "owner": "Jefferson County",
        "access": "open",
        "acres": 758,
        "source": "USGS PAD-US",
        "sourceLayer": "PAD-US 4.1 Colorado",
        "sourceFeatureClass": "Fee",
        "sourceDesignation": "County Parks",
        "sourceDataset": "Jefferson County - JCOS_Land_Boundaries_for_CoMap.gdb",
        "sourcePaid": ""
      },
      "geometry": {
        "type": "MultiPolygon",
        "coordinates": [
          [
            [
              [
                -105.1917396807,
                39.7768170119
              ],
              [
                -105.1921960617,
                39.7761809276
              ],
              [
                -105.1937072984,
                39.7761636139
              ],
              [
                -105.1966480013,
                39.7761295467
              ],
              [
                -105.1966406661,
                39.7730934969
              ],
              [
                -105.1967022362,
                39.773057998
              ],
              [
                -105.196755738,
                39.7730142225
              ],
              [
                -105.1967977858,
                39.7729641874
              ],
              [
                -105.1968291497,
                39.7729093765
              ],
              [
                -105.1968463257,
                39.7728511044
              ],
              [
                -105.1968509939,
                39.77279137
              ],
              [
                -105.1968414577,
                39.7727320078
              ],
              [
                -105.1968195174,
                39.7726746248
              ],
              [
                -105.1984873257,
                39.7726868859
              ],
              [
                -105.1997462082,
                39.7726669959
              ],
              [
                -105.2031043809,
                39.7726574181
              ],
              [
                -105.2031953372,
                39.7726571565
              ],
              [
                -105.2031899945,
                39.7728925783
              ],
              [
                -105.2024333557,
                39.7732533813
              ],
              [
                -105.2020265375,
                39.7735491732
              ],
              [
                -105.2021327437,
                39.7740919589
              ],
              [
                -105.2021909015,
                39.7742187322
              ],
              [
                -105.2029247969,
                39.7752387198
              ],
              [
                -105.2031372227,
                39.7753013451
              ],
              [
                -105.2031190066,
                39.7760548327
              ],
              [
                -105.20303765,
                39.7832739223
              ],
              [
                -105.2030375771,
                39.7832803957
              ],
              [
                -105.193651013,
                39.7835267057
              ],
              [
                -105.1936510904,
                39.7835200106
              ],
              [
                -105.1936525378,
                39.7833939061
              ],
              [
                -105.1935334072,
                39.7833726844
              ],
              [
                -105.1934215114,
                39.7833342686
              ],
              [
                -105.1929194613,
                39.783014867
              ],
              [
                -105.1929006721,
                39.7828281378
              ],
              [
                -105.1927107741,
                39.7825188088
              ],
              [
                -105.1924806499,
                39.782258798
              ],
              [
                -105.1920283667,
                39.7821481454
              ],
              [
                -105.19212838,
                39.7818573926
              ],
              [
                -105.1921429313,
                39.7817936183
              ],
              [
                -105.1921440555,
                39.7817287383
              ],
              [
                -105.1921292228,
                39.7816645432
              ],
              [
                -105.1920545931,
                39.7814502022
              ],
              [
                -105.1920254891,
                39.7813894069
              ],
              [
                -105.1919830684,
                39.7813333577
              ],
              [
                -105.1919289954,
                39.7812837821
              ],
              [
                -105.1918642835,
                39.7812424569
              ],
              [
                -105.1918189577,
                39.7812210458
              ],
              [
                -105.1911539688,
                39.7809387695
              ],
              [
                -105.191119419,
                39.7809165797
              ],
              [
                -105.1910951024,
                39.7808876747
              ],
              [
                -105.191078778,
                39.7808436889
              ],
              [
                -105.1910789248,
                39.7808093845
              ],
              [
                -105.1911344694,
                39.7805326159
              ],
              [
                -105.191145536,
                39.7804280072
              ],
              [
                -105.1911335776,
                39.7803236149
              ],
              [
                -105.1910975537,
                39.7802226166
              ],
              [
                -105.1910825898,
                39.7801931058
              ],
              [
                -105.1909880815,
                39.780030716
              ],
              [
                -105.1909536977,
                39.7799698666
              ],
              [
                -105.1909326487,
                39.7799053196
              ],
              [
                -105.1909275055,
                39.779847492
              ],
              [
                -105.1909385718,
                39.7797711689
              ],
              [
                -105.1909637053,
                39.7797073748
              ],
              [
                -105.191140844,
                39.7794810318
              ],
              [
                -105.1911623717,
                39.7794429837
              ],
              [
                -105.1912136517,
                39.7793154554
              ],
              [
                -105.1912355338,
                39.7791830574
              ],
              [
                -105.1912272624,
                39.7790499517
              ],
              [
                -105.1912020833,
                39.7789057398
              ],
              [
                -105.1911875245,
                39.7787735848
              ],
              [
                -105.1912045173,
                39.7785646521
              ],
              [
                -105.1912913996,
                39.7780250804
              ],
              [
                -105.1913910761,
                39.7775926125
              ],
              [
                -105.1914074502,
                39.7775175294
              ],
              [
                -105.1915218054,
                39.7772059257
              ],
              [
                -105.1915967665,
                39.7770542304
              ],
              [
                -105.1916133509,
                39.7770214982
              ],
              [
                -105.1916294609,
                39.7769913464
              ],
              [
                -105.1916464903,
                39.7769618953
              ],
              [
                -105.1916635165,
                39.7769324462
              ],
              [
                -105.1916814633,
                39.7769030048
              ],
              [
                -105.1917002603,
                39.7768742047
              ],
              [
                -105.1917199636,
                39.7768454017
              ],
              [
                -105.1917396807,
                39.7768170119
              ]
            ]
          ],
          [
            [
              [
                -105.2124864364,
                39.7832215979
              ],
              [
                -105.2124319876,
                39.780282831
              ],
              [
                -105.2124241912,
                39.7798617565
              ],
              [
                -105.2123530386,
                39.7760218695
              ],
              [
                -105.2123071879,
                39.7735496988
              ],
              [
                -105.2122971929,
                39.773549811
              ],
              [
                -105.2118919725,
                39.7735543547
              ],
              [
                -105.210340034,
                39.7735717532
              ],
              [
                -105.2067579163,
                39.7736118373
              ],
              [
                -105.2081324681,
                39.7728719952
              ],
              [
                -105.2096141155,
                39.7716111154
              ],
              [
                -105.2099671677,
                39.7711823868
              ],
              [
                -105.2082635921,
                39.7700008276
              ],
              [
                -105.2065897606,
                39.7699686346
              ],
              [
                -105.2075501386,
                39.7691071877
              ],
              [
                -105.2075291699,
                39.7682541764
              ],
              [
                -105.2101288481,
                39.7669258019
              ],
              [
                -105.2104376903,
                39.7669969206
              ],
              [
                -105.2107465286,
                39.7670680587
              ],
              [
                -105.2120202741,
                39.7690322185
              ],
              [
                -105.2138259341,
                39.7690245825
              ],
              [
                -105.2117125755,
                39.7657490411
              ],
              [
                -105.2122870752,
                39.7653216789
              ],
              [
                -105.2146143495,
                39.7653292476
              ],
              [
                -105.2146127282,
                39.7654016362
              ],
              [
                -105.214597105,
                39.7660992558
              ],
              [
                -105.2145561692,
                39.7679274722
              ],
              [
                -105.215224995,
                39.7679302461
              ],
              [
                -105.2156082259,
                39.7679318332
              ],
              [
                -105.2169524541,
                39.7679373916
              ],
              [
                -105.2213221657,
                39.7689594705
              ],
              [
                -105.2217269108,
                39.7690335086
              ],
              [
                -105.2193987532,
                39.7690186234
              ],
              [
                -105.2202813036,
                39.7695954322
              ],
              [
                -105.2205047212,
                39.769658045
              ],
              [
                -105.220632673,
                39.7696938784
              ],
              [
                -105.221724531,
                39.7704995539
              ],
              [
                -105.2217246838,
                39.7705341142
              ],
              [
                -105.2225006506,
                39.7712658474
              ],
              [
                -105.2228826345,
                39.7719877929
              ],
              [
                -105.222993988,
                39.772511663
              ],
              [
                -105.2230886346,
                39.7725639845
              ],
              [
                -105.2230443544,
                39.7725654589
              ],
              [
                -105.2241114618,
                39.77317298
              ],
              [
                -105.224464279,
                39.7735799081
              ],
              [
                -105.2247810498,
                39.7741427362
              ],
              [
                -105.2248156866,
                39.7746646495
              ],
              [
                -105.2248351074,
                39.775069208
              ],
              [
                -105.2243234267,
                39.7761542346
              ],
              [
                -105.2241939822,
                39.7767393697
              ],
              [
                -105.224255569,
                39.7774590478
              ],
              [
                -105.2245588543,
                39.7781727681
              ],
              [
                -105.2252506785,
                39.7788292647
              ],
              [
                -105.2256195294,
                39.7791235048
              ],
              [
                -105.2257783645,
                39.7792168564
              ],
              [
                -105.2261754614,
                39.7794502174
              ],
              [
                -105.2265775218,
                39.7794887681
              ],
              [
                -105.2268579396,
                39.7795156591
              ],
              [
                -105.2281897154,
                39.7795054255
              ],
              [
                -105.2289918459,
                39.7794992543
              ],
              [
                -105.2295089854,
                39.7794952704
              ],
              [
                -105.2310990245,
                39.7794830025
              ],
              [
                -105.2312470722,
                39.779481856
              ],
              [
                -105.2314207047,
                39.7794916928
              ],
              [
                -105.2314752556,
                39.7794800897
              ],
              [
                -105.2313976621,
                39.7800815253
              ],
              [
                -105.2314211343,
                39.7812947225
              ],
              [
                -105.2313477097,
                39.7812954833
              ],
              [
                -105.2312998925,
                39.7812959785
              ],
              [
                -105.2312944102,
                39.7812960201
              ],
              [
                -105.2311228319,
                39.7812973268
              ],
              [
                -105.2218385729,
                39.7813774499
              ],
              [
                -105.2218669554,
                39.7832770114
              ],
              [
                -105.2218670512,
                39.7832834582
              ],
              [
                -105.221856809,
                39.7832833984
              ],
              [
                -105.2124865543,
                39.7832279561
              ],
              [
                -105.2124864364,
                39.7832215979
              ]
            ]
          ],
          [
            [
              [
                -105.2194186114,
                39.7899194254
              ],
              [
                -105.2194326611,
                39.7889955663
              ],
              [
                -105.2204006195,
                39.7890171308
              ],
              [
                -105.2201860049,
                39.7892109819
              ],
              [
                -105.219725022,
                39.7896829923
              ],
              [
                -105.2194186114,
                39.7899194254
              ]
            ]
          ],
          [
            [
              [
                -105.2122486457,
                39.7984271471
              ],
              [
                -105.2122522622,
                39.7981979418
              ],
              [
                -105.2123684481,
                39.7907004502
              ],
              [
                -105.2192620799,
                39.7908973101
              ],
              [
                -105.2194036797,
                39.7909013502
              ],
              [
                -105.2187981933,
                39.7911425773
              ],
              [
                -105.2187982253,
                39.791209286
              ],
              [
                -105.2171526578,
                39.7916850207
              ],
              [
                -105.2169821007,
                39.7916636076
              ],
              [
                -105.2167302795,
                39.7915777422
              ],
              [
                -105.2161924629,
                39.7912878157
              ],
              [
                -105.2151058848,
                39.7914520226
              ],
              [
                -105.2145262574,
                39.7917310696
              ],
              [
                -105.2138935258,
                39.7920107141
              ],
              [
                -105.2136701207,
                39.7922519234
              ],
              [
                -105.2138204286,
                39.7927817181
              ],
              [
                -105.2133680874,
                39.7935351814
              ],
              [
                -105.2130768371,
                39.7942840621
              ],
              [
                -105.2125461705,
                39.795919258
              ],
              [
                -105.2124535104,
                39.7965595462
              ],
              [
                -105.2125496473,
                39.7967758891
              ],
              [
                -105.2130744712,
                39.7971127117
              ],
              [
                -105.2133622186,
                39.7974523529
              ],
              [
                -105.2137265235,
                39.797918267
              ],
              [
                -105.2138352309,
                39.7979766582
              ],
              [
                -105.2138382642,
                39.7981660602
              ],
              [
                -105.2124631246,
                39.7981963917
              ],
              [
                -105.2124517395,
                39.8018392134
              ],
              [
                -105.2122381978,
                39.8018397308
              ],
              [
                -105.2122486457,
                39.7984271471
              ]
            ]
          ]
        ]
      }
    },
    {
      "type": "Feature",
      "properties": {
        "id": "co-open-space-red-rocks-park-621",
        "name": "Red Rocks Park",
        "coloradoOpenSpaceName": "Red Rocks Park",
        "boundaryType": "denver-mountain-park",
        "manager": "Denver Mountain Parks",
        "owner": "City and County of Denver",
        "access": "open",
        "acres": 621,
        "source": "USGS PAD-US",
        "sourceLayer": "PAD-US 4.1 Colorado",
        "sourceFeatureClass": "Fee",
        "sourceDesignation": "Joint City/County Parks",
        "sourceDataset": "Derived from Jefferson County parcel data - jeffco_dmp.shp",
        "sourcePaid": ""
      },
      "geometry": {
        "type": "MultiPolygon",
        "coordinates": [
          [
            [
              [
                -105.2032286257,
                39.6745818085
              ],
              [
                -105.198585223,
                39.6745604231
              ],
              [
                -105.1985806863,
                39.6709425442
              ],
              [
                -105.1960676149,
                39.6709374512
              ],
              [
                -105.1950025039,
                39.6709351682
              ],
              [
                -105.1939953248,
                39.6716789741
              ],
              [
                -105.1939891866,
                39.6709867006
              ],
              [
                -105.1940528127,
                39.6709249795
              ],
              [
                -105.1968003198,
                39.6687090614
              ],
              [
                -105.1985933109,
                39.6672991768
              ],
              [
                -105.1986560795,
                39.6560286443
              ],
              [
                -105.1986259788,
                39.6549266549
              ],
              [
                -105.1985873606,
                39.6542486955
              ],
              [
                -105.19857842,
                39.6532127363
              ],
              [
                -105.1984627435,
                39.6509200631
              ],
              [
                -105.2004126827,
                39.6509193818
              ],
              [
                -105.2024163215,
                39.650871802
              ],
              [
                -105.203018873,
                39.6508646947
              ],
              [
                -105.2030274049,
                39.6509732114
              ],
              [
                -105.2031335652,
                39.6523249182
              ],
              [
                -105.2031950275,
                39.6537072064
              ],
              [
                -105.2032042525,
                39.6561486223
              ],
              [
                -105.2032045394,
                39.6562329178
              ],
              [
                -105.2032050016,
                39.6563547607
              ],
              [
                -105.2052063092,
                39.6564654791
              ],
              [
                -105.2052777471,
                39.6564649282
              ],
              [
                -105.2054206826,
                39.6564638209
              ],
              [
                -105.2054740495,
                39.6598371333
              ],
              [
                -105.2054753774,
                39.6599214905
              ],
              [
                -105.2054787942,
                39.6601387843
              ],
              [
                -105.2074432872,
                39.6601249967
              ],
              [
                -105.2075157079,
                39.6601245059
              ],
              [
                -105.2077382753,
                39.660122945
              ],
              [
                -105.2078319859,
                39.6635435359
              ],
              [
                -105.2078343049,
                39.6636281179
              ],
              [
                -105.2078393307,
                39.6638123084
              ],
              [
                -105.2097676122,
                39.6638041699
              ],
              [
                -105.2098410014,
                39.6638038657
              ],
              [
                -105.2101443434,
                39.6638025865
              ],
              [
                -105.2102802329,
                39.6672279894
              ],
              [
                -105.2122502092,
                39.6672274231
              ],
              [
                -105.2124748077,
                39.667227358
              ],
              [
                -105.2203610986,
                39.6672230692
              ],
              [
                -105.2204124648,
                39.6708549184
              ],
              [
                -105.2172422635,
                39.6708669724
              ],
              [
                -105.2163499706,
                39.6708698488
              ],
              [
                -105.2125303481,
                39.6708814579
              ],
              [
                -105.2125821322,
                39.6745833584
              ],
              [
                -105.2123764913,
                39.6745819107
              ],
              [
                -105.2123038963,
                39.6745814344
              ],
              [
                -105.2032223221,
                39.6745201645
              ],
              [
                -105.2032286257,
                39.6745818085
              ]
            ]
          ]
        ]
      }
    },
    {
      "type": "Feature",
      "properties": {
        "id": "co-open-space-south-table-mountain-park-86",
        "name": "South Table Mountain Park",
        "coloradoOpenSpaceName": "South Table Mountain Park",
        "boundaryType": "county-open-space",
        "manager": "Jefferson County Open Space",
        "owner": "Jefferson County",
        "access": "open",
        "acres": 86,
        "source": "USGS PAD-US",
        "sourceLayer": "PAD-US 4.1 Colorado",
        "sourceFeatureClass": "Fee",
        "sourceDesignation": "County Parks",
        "sourceDataset": "City of Golden GIS Department - Recreation Land.mdb",
        "sourcePaid": ""
      },
      "geometry": {
        "type": "MultiPolygon",
        "coordinates": [
          [
            [
              [
                -105.1623713416,
                39.7538432897
              ],
              [
                -105.1622567246,
                39.7538257905
              ],
              [
                -105.1619939363,
                39.7539259244
              ],
              [
                -105.1618803751,
                39.7538737836
              ],
              [
                -105.1617671309,
                39.7537564383
              ],
              [
                -105.1616757979,
                39.7537040151
              ],
              [
                -105.1611522252,
                39.7536743629
              ],
              [
                -105.1609824008,
                39.7536738845
              ],
              [
                -105.1608669641,
                39.7536416295
              ],
              [
                -105.1607676601,
                39.7535836924
              ],
              [
                -105.1605612943,
                39.7534170139
              ],
              [
                -105.1604653128,
                39.7534050735
              ],
              [
                -105.1603196467,
                39.7535580316
              ],
              [
                -105.160115337,
                39.7536995076
              ],
              [
                -105.159924757,
                39.753760725
              ],
              [
                -105.1597578106,
                39.7537176882
              ],
              [
                -105.1596913644,
                39.7536687668
              ],
              [
                -105.1596016818,
                39.7534585011
              ],
              [
                -105.1596698541,
                39.7531553437
              ],
              [
                -105.1595826618,
                39.7526159945
              ],
              [
                -105.1594408427,
                39.7523441506
              ],
              [
                -105.1594424028,
                39.7522058547
              ],
              [
                -105.1595036629,
                39.7520409722
              ],
              [
                -105.15962819,
                39.7518490048
              ],
              [
                -105.1596294416,
                39.7517745309
              ],
              [
                -105.159520054,
                39.7515954315
              ],
              [
                -105.1594726261,
                39.7514765694
              ],
              [
                -105.1594690638,
                39.7512936465
              ],
              [
                -105.1595821448,
                39.7508962567
              ],
              [
                -105.159607709,
                39.750576515
              ],
              [
                -105.1595483689,
                39.7501631747
              ],
              [
                -105.1597477914,
                39.7498332897
              ],
              [
                -105.1600357627,
                39.7496735249
              ],
              [
                -105.1600850304,
                39.7495981742
              ],
              [
                -105.1600947498,
                39.7494276529
              ],
              [
                -105.1603179368,
                39.7492402516
              ],
              [
                -105.1605024885,
                39.7489532187
              ],
              [
                -105.1605810152,
                39.7488923682
              ],
              [
                -105.1608155105,
                39.7487554315
              ],
              [
                -105.1608809791,
                39.7480916085
              ],
              [
                -105.1611941653,
                39.7476755681
              ],
              [
                -105.1611975267,
                39.7475348845
              ],
              [
                -105.1610183345,
                39.7472656816
              ],
              [
                -105.1653881949,
                39.7472370178
              ],
              [
                -105.1653982992,
                39.7472369513
              ],
              [
                -105.1653984415,
                39.7472569617
              ],
              [
                -105.1654115298,
                39.7491013174
              ],
              [
                -105.1654272509,
                39.7513165376
              ],
              [
                -105.1654274565,
                39.7513455234
              ],
              [
                -105.1654214284,
                39.7544639317
              ],
              [
                -105.1654214155,
                39.7544702991
              ],
              [
                -105.1654230067,
                39.7545747119
              ],
              [
                -105.1652065608,
                39.7544659997
              ],
              [
                -105.1644178153,
                39.7544781538
              ],
              [
                -105.1642190181,
                39.7543996899
              ],
              [
                -105.1639897958,
                39.7543609426
              ],
              [
                -105.163718882,
                39.7543032115
              ],
              [
                -105.1633613012,
                39.754146043
              ],
              [
                -105.1628464165,
                39.7539733388
              ],
              [
                -105.1623713416,
                39.7538432897
              ]
            ]
          ]
        ]
      }
    },
    {
      "type": "Feature",
      "properties": {
        "id": "co-open-space-south-table-mountain-park-33",
        "name": "South Table Mountain Park",
        "coloradoOpenSpaceName": "South Table Mountain Park",
        "boundaryType": "county-open-space",
        "manager": "Jefferson County Open Space",
        "owner": "Jefferson County",
        "access": "open",
        "acres": 33,
        "source": "USGS PAD-US",
        "sourceLayer": "PAD-US 4.1 Colorado",
        "sourceFeatureClass": "Fee",
        "sourceDesignation": "County Land - General",
        "sourceDataset": "Jefferson County - JCOS_Land_Boundaries_for_CoMap.gdb",
        "sourcePaid": ""
      },
      "geometry": {
        "type": "MultiPolygon",
        "coordinates": [
          [
            [
              [
                -105.1816753185,
                39.7548007049
              ],
              [
                -105.1792804722,
                39.7547759551
              ],
              [
                -105.1792804366,
                39.7547779903
              ],
              [
                -105.1792647716,
                39.7556718844
              ],
              [
                -105.1792100342,
                39.7556427802
              ],
              [
                -105.1790474219,
                39.7555563176
              ],
              [
                -105.179041582,
                39.7555522035
              ],
              [
                -105.178782438,
                39.7553696182
              ],
              [
                -105.1787806573,
                39.7553691097
              ],
              [
                -105.178371297,
                39.7552521526
              ],
              [
                -105.1781828405,
                39.7552454523
              ],
              [
                -105.1764553381,
                39.7544878562
              ],
              [
                -105.1764506614,
                39.7544858047
              ],
              [
                -105.1764552087,
                39.7544858439
              ],
              [
                -105.1839987702,
                39.7545500243
              ],
              [
                -105.1842239041,
                39.7545498471
              ],
              [
                -105.1842460622,
                39.7545498296
              ],
              [
                -105.1889727963,
                39.7545324361
              ],
              [
                -105.1889829245,
                39.7545323982
              ],
              [
                -105.1889985023,
                39.7580462381
              ],
              [
                -105.1889985306,
                39.7580525784
              ],
              [
                -105.1891291303,
                39.758053452
              ],
              [
                -105.1936996518,
                39.7580712226
              ],
              [
                -105.1937103247,
                39.758070601
              ],
              [
                -105.1937573749,
                39.7580678621
              ],
              [
                -105.1937675556,
                39.7580672695
              ],
              [
                -105.1937560342,
                39.7616393959
              ],
              [
                -105.1937559851,
                39.7616547831
              ],
              [
                -105.1937500732,
                39.7634897313
              ],
              [
                -105.1936492538,
                39.7634886231
              ],
              [
                -105.1922757291,
                39.7634782353
              ],
              [
                -105.1922757491,
                39.7634719049
              ],
              [
                -105.1922920374,
                39.7583372676
              ],
              [
                -105.1922818596,
                39.7583372367
              ],
              [
                -105.1922271261,
                39.7583370737
              ],
              [
                -105.1886774238,
                39.7583263954
              ],
              [
                -105.1886774205,
                39.7583218679
              ],
              [
                -105.1886774191,
                39.7583200175
              ],
              [
                -105.1886744332,
                39.7547953421
              ],
              [
                -105.1886642815,
                39.7547954095
              ],
              [
                -105.1886087471,
                39.7547957791
              ],
              [
                -105.1883816001,
                39.7547972894
              ],
              [
                -105.1842790926,
                39.7548245026
              ],
              [
                -105.1841961664,
                39.7548243962
              ],
              [
                -105.1839975429,
                39.7548241403
              ],
              [
                -105.1818745889,
                39.7548027199
              ],
              [
                -105.1816855834,
                39.7548008108
              ],
              [
                -105.1816753185,
                39.7548007049
              ]
            ]
          ]
        ]
      }
    },
    {
      "type": "Feature",
      "properties": {
        "id": "co-open-space-south-table-mountain-park-728",
        "name": "South Table Mountain Park",
        "coloradoOpenSpaceName": "South Table Mountain Park",
        "boundaryType": "county-open-space",
        "manager": "Jefferson County Open Space",
        "owner": "Jefferson County",
        "access": "open",
        "acres": 728,
        "source": "USGS PAD-US",
        "sourceLayer": "PAD-US 4.1 Colorado",
        "sourceFeatureClass": "Fee",
        "sourceDesignation": "County Parks",
        "sourceDataset": "Jefferson County - JCOS_Land_Boundaries_for_CoMap.gdb",
        "sourcePaid": ""
      },
      "geometry": {
        "type": "MultiPolygon",
        "coordinates": [
          [
            [
              [
                -105.1986966237,
                39.7448062764
              ],
              [
                -105.198708371,
                39.7438005473
              ],
              [
                -105.2015579888,
                39.7438021006
              ],
              [
                -105.200864922,
                39.7450442947
              ],
              [
                -105.2008675895,
                39.7448145171
              ],
              [
                -105.1986966237,
                39.7448062764
              ]
            ]
          ],
          [
            [
              [
                -105.2032332696,
                39.7544725818
              ],
              [
                -105.2004662557,
                39.7472657619
              ],
              [
                -105.2003598727,
                39.7469886951
              ],
              [
                -105.2019421095,
                39.7441529014
              ],
              [
                -105.2024582418,
                39.7446456508
              ],
              [
                -105.2032722618,
                39.7455461475
              ],
              [
                -105.2037808949,
                39.7461088007
              ],
              [
                -105.2044022866,
                39.7463133158
              ],
              [
                -105.2048460666,
                39.7463318115
              ],
              [
                -105.2055057095,
                39.746870108
              ],
              [
                -105.2054468013,
                39.7472714478
              ],
              [
                -105.2045646643,
                39.7477579368
              ],
              [
                -105.2046088195,
                39.7479854955
              ],
              [
                -105.2046890514,
                39.7480925691
              ],
              [
                -105.2046178367,
                39.7481355913
              ],
              [
                -105.204563665,
                39.7481829327
              ],
              [
                -105.2045209614,
                39.7482368266
              ],
              [
                -105.2044910631,
                39.7482956135
              ],
              [
                -105.2044748168,
                39.7483575285
              ],
              [
                -105.2042999197,
                39.7483066125
              ],
              [
                -105.2039290964,
                39.7484247372
              ],
              [
                -105.2040410839,
                39.7487568168
              ],
              [
                -105.2044348629,
                39.7490738981
              ],
              [
                -105.2049926893,
                39.7487583131
              ],
              [
                -105.2054008,
                39.7487236324
              ],
              [
                -105.2054722291,
                39.7487141237
              ],
              [
                -105.2055702999,
                39.7486891021
              ],
              [
                -105.2056708336,
                39.7486464649
              ],
              [
                -105.2057507866,
                39.7488518894
              ],
              [
                -105.2062939968,
                39.7489547026
              ],
              [
                -105.2063751954,
                39.7488862672
              ],
              [
                -105.2063204211,
                39.7490283733
              ],
              [
                -105.2068523919,
                39.7491398903
              ],
              [
                -105.206678011,
                39.7492348139
              ],
              [
                -105.2069961652,
                39.7495166
              ],
              [
                -105.2071705413,
                39.7494216736
              ],
              [
                -105.2076737709,
                39.7498458946
              ],
              [
                -105.2078997318,
                39.7500596251
              ],
              [
                -105.2079020253,
                39.7497758988
              ],
              [
                -105.2080282479,
                39.7499710018
              ],
              [
                -105.208124257,
                39.750086464
              ],
              [
                -105.2082545097,
                39.7501864024
              ],
              [
                -105.2084477314,
                39.7502969231
              ],
              [
                -105.2091499847,
                39.7509271117
              ],
              [
                -105.2089833465,
                39.7509255514
              ],
              [
                -105.207888329,
                39.7509153147
              ],
              [
                -105.2078798825,
                39.7518415898
              ],
              [
                -105.2078606461,
                39.7544938285
              ],
              [
                -105.2078610318,
                39.7545515839
              ],
              [
                -105.2032332696,
                39.7544725818
              ]
            ]
          ],
          [
            [
              [
                -105.1889985023,
                39.7580462381
              ],
              [
                -105.1889829245,
                39.7545323982
              ],
              [
                -105.1889727963,
                39.7545324361
              ],
              [
                -105.1842460622,
                39.7545498296
              ],
              [
                -105.1842459891,
                39.754543385
              ],
              [
                -105.1842060185,
                39.7510016434
              ],
              [
                -105.1842450132,
                39.7473637468
              ],
              [
                -105.1843031585,
                39.7436474401
              ],
              [
                -105.1843038559,
                39.7436032014
              ],
              [
                -105.1843348796,
                39.7416342077
              ],
              [
                -105.184340243,
                39.7412278036
              ],
              [
                -105.185906211,
                39.7410730466
              ],
              [
                -105.1860097753,
                39.7410730873
              ],
              [
                -105.1861271979,
                39.7410782842
              ],
              [
                -105.1862275922,
                39.7410875289
              ],
              [
                -105.1863265642,
                39.7411008659
              ],
              [
                -105.1866674825,
                39.7411603913
              ],
              [
                -105.1869003304,
                39.7412145828
              ],
              [
                -105.1871367515,
                39.7412766442
              ],
              [
                -105.1873088687,
                39.7413730217
              ],
              [
                -105.1874670689,
                39.7414374433
              ],
              [
                -105.1879866581,
                39.7415457102
              ],
              [
                -105.1881829977,
                39.7416984292
              ],
              [
                -105.1885802322,
                39.7420326936
              ],
              [
                -105.1886586366,
                39.7421084226
              ],
              [
                -105.1889526793,
                39.7423873034
              ],
              [
                -105.1889448404,
                39.7426424238
              ],
              [
                -105.1889374368,
                39.7428838172
              ],
              [
                -105.1889298739,
                39.7431298181
              ],
              [
                -105.1889144177,
                39.7436318931
              ],
              [
                -105.1889888413,
                39.7436340468
              ],
              [
                -105.1891026908,
                39.7436320122
              ],
              [
                -105.1938355387,
                39.7436356717
              ],
              [
                -105.1938190884,
                39.745445426
              ],
              [
                -105.1985282264,
                39.745455281
              ],
              [
                -105.199682648,
                39.7457846642
              ],
              [
                -105.2004501712,
                39.7457875723
              ],
              [
                -105.1997936281,
                39.7469642309
              ],
              [
                -105.1999095815,
                39.7472661526
              ],
              [
                -105.2026800275,
                39.7544809104
              ],
              [
                -105.1937331227,
                39.754514214
              ],
              [
                -105.1936997182,
                39.7580642208
              ],
              [
                -105.1936996518,
                39.7580712226
              ],
              [
                -105.1891291303,
                39.758053452
              ],
              [
                -105.1889985306,
                39.7580525784
              ],
              [
                -105.1889985023,
                39.7580462381
              ]
            ],
            [
              [
                -105.1938006675,
                39.7472684864
              ],
              [
                -105.1890565864,
                39.7472705936
              ],
              [
                -105.1890380008,
                39.7490856595
              ],
              [
                -105.1937836227,
                39.7490797851
              ],
              [
                -105.1938006675,
                39.7472684864
              ]
            ]
          ],
          [
            [
              [
                -105.2078686127,
                39.7589427922
              ],
              [
                -105.2094577069,
                39.7568119327
              ],
              [
                -105.2116869799,
                39.7575905186
              ],
              [
                -105.2123926942,
                39.757977019
              ],
              [
                -105.2123851379,
                39.7582300405
              ],
              [
                -105.2129042656,
                39.7591322559
              ],
              [
                -105.2123359078,
                39.759860499
              ],
              [
                -105.2125210829,
                39.7599465975
              ],
              [
                -105.2122492957,
                39.7602642065
              ],
              [
                -105.2121504637,
                39.7603836136
              ],
              [
                -105.2120760924,
                39.7604776477
              ],
              [
                -105.2120038821,
                39.76057268
              ],
              [
                -105.2119338215,
                39.7606686513
              ],
              [
                -105.2118659296,
                39.760765562
              ],
              [
                -105.2111545625,
                39.761835346
              ],
              [
                -105.2109962462,
                39.7620388643
              ],
              [
                -105.2106046248,
                39.7623727214
              ],
              [
                -105.2101438318,
                39.7626490223
              ],
              [
                -105.2096278646,
                39.7628593661
              ],
              [
                -105.2059638523,
                39.7597024133
              ],
              [
                -105.2070621069,
                39.7590624907
              ],
              [
                -105.2078686127,
                39.7589427922
              ]
            ]
          ],
          [
            [
              [
                -105.1841974843,
                39.7657295141
              ],
              [
                -105.1841886273,
                39.7652431082
              ],
              [
                -105.1889094008,
                39.7653010897
              ],
              [
                -105.1889102376,
                39.7653010999
              ],
              [
                -105.1889102384,
                39.7653010138
              ],
              [
                -105.1889279953,
                39.7634371895
              ],
              [
                -105.1889629558,
                39.7634377009
              ],
              [
                -105.1921748108,
                39.7634846331
              ],
              [
                -105.1922757291,
                39.7634782353
              ],
              [
                -105.1936492538,
                39.7634886231
              ],
              [
                -105.1937500732,
                39.7634897313
              ],
              [
                -105.1937559851,
                39.7616547831
              ],
              [
                -105.2077277041,
                39.7618265833
              ],
              [
                -105.2077029274,
                39.763138463
              ],
              [
                -105.2006350017,
                39.7637915908
              ],
              [
                -105.2003303293,
                39.7638235342
              ],
              [
                -105.1986925786,
                39.7641304168
              ],
              [
                -105.1983436411,
                39.7642213104
              ],
              [
                -105.1962035194,
                39.7647786103
              ],
              [
                -105.1938753771,
                39.7653848036
              ],
              [
                -105.1935375739,
                39.7654752965
              ],
              [
                -105.1932018635,
                39.7655703354
              ],
              [
                -105.1928683429,
                39.7656698657
              ],
              [
                -105.1925371504,
                39.7657738771
              ],
              [
                -105.1924409644,
                39.7658048861
              ],
              [
                -105.1922941955,
                39.7658492535
              ],
              [
                -105.1916988499,
                39.765973365
              ],
              [
                -105.191083875,
                39.7660582223
              ],
              [
                -105.1909850953,
                39.7660737708
              ],
              [
                -105.1908455472,
                39.7661004837
              ],
              [
                -105.190732602,
                39.7661259019
              ],
              [
                -105.1906334138,
                39.766151487
              ],
              [
                -105.1903834737,
                39.7662213434
              ],
              [
                -105.1902389655,
                39.7662593594
              ],
              [
                -105.1901126779,
                39.7662897859
              ],
              [
                -105.1899852975,
                39.7663173994
              ],
              [
                -105.189814162,
                39.7663503578
              ],
              [
                -105.1896416325,
                39.766378697
              ],
              [
                -105.1880839714,
                39.7666020662
              ],
              [
                -105.1879292141,
                39.7666220258
              ],
              [
                -105.1877392181,
                39.7666419563
              ],
              [
                -105.1875484487,
                39.7666567513
              ],
              [
                -105.1874050004,
                39.7666646307
              ],
              [
                -105.1862597968,
                39.7667146545
              ],
              [
                -105.1860101587,
                39.7667188285
              ],
              [
                -105.1853898024,
                39.7666705131
              ],
              [
                -105.1847897427,
                39.7665398182
              ],
              [
                -105.1846217673,
                39.7664859851
              ],
              [
                -105.1845785247,
                39.7664672319
              ],
              [
                -105.1842079907,
                39.7663065416
              ],
              [
                -105.1842079534,
                39.7663045207
              ],
              [
                -105.1841974843,
                39.7657295141
              ]
            ]
          ]
        ]
      }
    },
    {
      "type": "Feature",
      "properties": {
        "id": "co-open-space-south-valley-park-998",
        "name": "South Valley Park",
        "coloradoOpenSpaceName": "South Valley Park",
        "boundaryType": "county-open-space",
        "manager": "Jefferson County Open Space",
        "owner": "Jefferson County",
        "access": "open",
        "acres": 998,
        "source": "USGS PAD-US",
        "sourceLayer": "PAD-US 4.1 Colorado",
        "sourceFeatureClass": "Fee",
        "sourceDesignation": "County Parks",
        "sourceDataset": "Jefferson County - JCOS_Land_Boundaries_for_CoMap.gdb",
        "sourcePaid": ""
      },
      "geometry": {
        "type": "MultiPolygon",
        "coordinates": [
          [
            [
              [
                -105.1388099861,
                39.5509223145
              ],
              [
                -105.1391360782,
                39.5510024076
              ],
              [
                -105.1399765789,
                39.5511699886
              ],
              [
                -105.1400527211,
                39.5511851701
              ],
              [
                -105.1404370129,
                39.5513926863
              ],
              [
                -105.1407818023,
                39.5521075957
              ],
              [
                -105.1408264927,
                39.55219085
              ],
              [
                -105.1408789059,
                39.5522713588
              ],
              [
                -105.1409387647,
                39.5523486951
              ],
              [
                -105.1410057489,
                39.5524224458
              ],
              [
                -105.1410795042,
                39.5524922191
              ],
              [
                -105.1411596355,
                39.5525576433
              ],
              [
                -105.141245716,
                39.5526183685
              ],
              [
                -105.1413372894,
                39.5526740715
              ],
              [
                -105.1414338662,
                39.5527244564
              ],
              [
                -105.1415349324,
                39.5527692562
              ],
              [
                -105.1416399499,
                39.5528082305
              ],
              [
                -105.1421645883,
                39.5529850097
              ],
              [
                -105.1422565435,
                39.5530187189
              ],
              [
                -105.1423455372,
                39.5530568953
              ],
              [
                -105.1424312076,
                39.5530993844
              ],
              [
                -105.142513206,
                39.5531460136
              ],
              [
                -105.1425912003,
                39.553196593
              ],
              [
                -105.1429216172,
                39.5534213776
              ],
              [
                -105.1432567606,
                39.5536419277
              ],
              [
                -105.1435965409,
                39.5538581873
              ],
              [
                -105.1439408674,
                39.5540700938
              ],
              [
                -105.1442896459,
                39.5542775932
              ],
              [
                -105.1446427831,
                39.5544806287
              ],
              [
                -105.1450001834,
                39.5546791435
              ],
              [
                -105.1453617503,
                39.5548730864
              ],
              [
                -105.145384368,
                39.554887019
              ],
              [
                -105.1455062258,
                39.5550212838
              ],
              [
                -105.1455165472,
                39.5550606663
              ],
              [
                -105.1455189302,
                39.5551008094
              ],
              [
                -105.1455133184,
                39.555140759
              ],
              [
                -105.1454998463,
                39.5551795675
              ],
              [
                -105.1454788321,
                39.5552163132
              ],
              [
                -105.1453172188,
                39.5555671593
              ],
              [
                -105.1453009516,
                39.5556551532
              ],
              [
                -105.1452934891,
                39.555743856
              ],
              [
                -105.1452948754,
                39.5558327399
              ],
              [
                -105.1453051047,
                39.5559212774
              ],
              [
                -105.1453241125,
                39.5560089415
              ],
              [
                -105.145351788,
                39.5560952124
              ],
              [
                -105.1453879666,
                39.556179575
              ],
              [
                -105.1454324329,
                39.5562615315
              ],
              [
                -105.145484924,
                39.5563405909
              ],
              [
                -105.1455451258,
                39.556416287
              ],
              [
                -105.1456126833,
                39.5564881669
              ],
              [
                -105.1456871912,
                39.5565558059
              ],
              [
                -105.1457682108,
                39.5566187995
              ],
              [
                -105.1458552573,
                39.5566767755
              ],
              [
                -105.145947816,
                39.5567293887
              ],
              [
                -105.1460453349,
                39.5567763265
              ],
              [
                -105.1461472347,
                39.5568173085
              ],
              [
                -105.146252911,
                39.5568520931
              ],
              [
                -105.1463617336,
                39.5568804738
              ],
              [
                -105.1464730599,
                39.5569022789
              ],
              [
                -105.1499539322,
                39.5574745239
              ],
              [
                -105.150078822,
                39.5574985382
              ],
              [
                -105.1502012959,
                39.55752911
              ],
              [
                -105.15032078,
                39.5575660965
              ],
              [
                -105.1504367158,
                39.5576093256
              ],
              [
                -105.1505485589,
                39.5576585914
              ],
              [
                -105.1506557872,
                39.5577136661
              ],
              [
                -105.1507578945,
                39.5577742892
              ],
              [
                -105.1508544049,
                39.5578401791
              ],
              [
                -105.150944866,
                39.5579110258
              ],
              [
                -105.1510288531,
                39.5579864965
              ],
              [
                -105.1511059711,
                39.5580662391
              ],
              [
                -105.151175863,
                39.5581498783
              ],
              [
                -105.1512189122,
                39.5582100633
              ],
              [
                -105.1512381973,
                39.5582370242
              ],
              [
                -105.1512926834,
                39.558327266
              ],
              [
                -105.1513390647,
                39.5584201824
              ],
              [
                -105.1513771241,
                39.5585153367
              ],
              [
                -105.1514066858,
                39.5586122846
              ],
              [
                -105.151427608,
                39.5587105702
              ],
              [
                -105.1514397946,
                39.5588097335
              ],
              [
                -105.1514431863,
                39.5589093102
              ],
              [
                -105.15143777,
                39.559008834
              ],
              [
                -105.1514235686,
                39.5591078371
              ],
              [
                -105.1514006508,
                39.5592058563
              ],
              [
                -105.1512043832,
                39.559907303
              ],
              [
                -105.1511796342,
                39.5599957585
              ],
              [
                -105.1511568909,
                39.5600932808
              ],
              [
                -105.1511429435,
                39.5601917892
              ],
              [
                -105.1511378604,
                39.5602908107
              ],
              [
                -105.1511416622,
                39.560389866
              ],
              [
                -105.1511543342,
                39.5604884775
              ],
              [
                -105.151175814,
                39.5605861718
              ],
              [
                -105.1512059966,
                39.5606824772
              ],
              [
                -105.1512447405,
                39.5607769288
              ],
              [
                -105.1512918536,
                39.5608690737
              ],
              [
                -105.1513471129,
                39.5609584665
              ],
              [
                -105.1514102525,
                39.5610446767
              ],
              [
                -105.1514809656,
                39.5611272875
              ],
              [
                -105.1527617367,
                39.5625162809
              ],
              [
                -105.152821463,
                39.5625855826
              ],
              [
                -105.1528754118,
                39.5626576669
              ],
              [
                -105.1529233697,
                39.5627322466
              ],
              [
                -105.1529651427,
                39.562809022
              ],
              [
                -105.1530005643,
                39.5628876864
              ],
              [
                -105.1530294934,
                39.5629679273
              ],
              [
                -105.1530336239,
                39.5629809584
              ],
              [
                -105.1532696698,
                39.5637258384
              ],
              [
                -105.1533906591,
                39.5641076338
              ],
              [
                -105.1534309087,
                39.5642238058
              ],
              [
                -105.1534775675,
                39.564338532
              ],
              [
                -105.1535305461,
                39.5644516011
              ],
              [
                -105.1535761954,
                39.5645373437
              ],
              [
                -105.153589751,
                39.5645628057
              ],
              [
                -105.1536550721,
                39.5646719396
              ],
              [
                -105.1537263861,
                39.564778803
              ],
              [
                -105.1540809729,
                39.565283259
              ],
              [
                -105.1541404098,
                39.5653735727
              ],
              [
                -105.1541934258,
                39.5654662502
              ],
              [
                -105.1542398668,
                39.5655610169
              ],
              [
                -105.1542795936,
                39.5656575951
              ],
              [
                -105.154312491,
                39.5657557011
              ],
              [
                -105.154338458,
                39.5658550429
              ],
              [
                -105.1543447987,
                39.5659700508
              ],
              [
                -105.1543426227,
                39.5660851513
              ],
              [
                -105.1543319409,
                39.5661999672
              ],
              [
                -105.1543127892,
                39.566314121
              ],
              [
                -105.1542852263,
                39.56642724
              ],
              [
                -105.1542493442,
                39.5665389526
              ],
              [
                -105.1542052614,
                39.5666488924
              ],
              [
                -105.1541531208,
                39.5667566992
              ],
              [
                -105.1540930948,
                39.5668620206
              ],
              [
                -105.1540253789,
                39.5669645105
              ],
              [
                -105.1539501971,
                39.5670638334
              ],
              [
                -105.1536039003,
                39.5677453254
              ],
              [
                -105.1535513279,
                39.5678404622
              ],
              [
                -105.1534916109,
                39.5679330376
              ],
              [
                -105.1532835633,
                39.568233103
              ],
              [
                -105.1533211545,
                39.568247612
              ],
              [
                -105.1533175261,
                39.5682524316
              ],
              [
                -105.1533155769,
                39.5682516826
              ],
              [
                -105.1528659304,
                39.5688486965
              ],
              [
                -105.1527209127,
                39.5690867698
              ],
              [
                -105.1526315506,
                39.5693407966
              ],
              [
                -105.1526005027,
                39.5696029001
              ],
              [
                -105.1526340497,
                39.5698871432
              ],
              [
                -105.1526554891,
                39.5699644298
              ],
              [
                -105.1526795645,
                39.5700344282
              ],
              [
                -105.1527050498,
                39.5700963498
              ],
              [
                -105.1528353776,
                39.5703783135
              ],
              [
                -105.1529061305,
                39.5705866723
              ],
              [
                -105.1529290696,
                39.5708012295
              ],
              [
                -105.1529223263,
                39.5709087959
              ],
              [
                -105.151335367,
                39.5712323427
              ],
              [
                -105.1508747393,
                39.5698786699
              ],
              [
                -105.1503890753,
                39.5684513937
              ],
              [
                -105.1492108262,
                39.5689700855
              ],
              [
                -105.1387934009,
                39.5561073752
              ],
              [
                -105.1388099861,
                39.5509223145
              ]
            ]
          ],
          [
            [
              [
                -105.1535591827,
                39.5637082682
              ],
              [
                -105.1534021767,
                39.5632238563
              ],
              [
                -105.1532709834,
                39.5628227477
              ],
              [
                -105.1531945976,
                39.5626665368
              ],
              [
                -105.1529923576,
                39.5623894464
              ],
              [
                -105.1516466237,
                39.5609240449
              ],
              [
                -105.1515399992,
                39.5607609211
              ],
              [
                -105.1514663979,
                39.5605872123
              ],
              [
                -105.1514425393,
                39.5604976237
              ],
              [
                -105.1514275062,
                39.5604068952
              ],
              [
                -105.1514213869,
                39.5603155458
              ],
              [
                -105.1514242149,
                39.5602241
              ],
              [
                -105.1514359744,
                39.5601330817
              ],
              [
                -105.151702247,
                39.5591493711
              ],
              [
                -105.1517183967,
                39.5590446372
              ],
              [
                -105.1517250157,
                39.5588338465
              ],
              [
                -105.151697366,
                39.5586240845
              ],
              [
                -105.1516708044,
                39.5585206295
              ],
              [
                -105.1516358835,
                39.5584186738
              ],
              [
                -105.1516166725,
                39.5583741266
              ],
              [
                -105.1515927398,
                39.5583186223
              ],
              [
                -105.151541544,
                39.5582208713
              ],
              [
                -105.1514825003,
                39.5581258093
              ],
              [
                -105.151415844,
                39.5580338125
              ],
              [
                -105.1513418365,
                39.5579452473
              ],
              [
                -105.1512607747,
                39.5578604629
              ],
              [
                -105.1511729777,
                39.5577797972
              ],
              [
                -105.1510787964,
                39.5577035696
              ],
              [
                -105.1509785997,
                39.5576320819
              ],
              [
                -105.1508727907,
                39.5575656194
              ],
              [
                -105.1507617863,
                39.5575044445
              ],
              [
                -105.150525972,
                39.557398907
              ],
              [
                -105.1502748948,
                39.5573171412
              ],
              [
                -105.1500125357,
                39.5572604455
              ],
              [
                -105.1465316709,
                39.5566882023
              ],
              [
                -105.1463376992,
                39.5566428363
              ],
              [
                -105.1461562805,
                39.5565729693
              ],
              [
                -105.1460718964,
                39.5565294377
              ],
              [
                -105.1459187611,
                39.5564267182
              ],
              [
                -105.1458510898,
                39.5563682553
              ],
              [
                -105.1457359393,
                39.5562391912
              ],
              [
                -105.1456503318,
                39.5560970242
              ],
              [
                -105.1456193959,
                39.5560222692
              ],
              [
                -105.1455966851,
                39.555945767
              ],
              [
                -105.1455823577,
                39.5558680583
              ],
              [
                -105.1455765141,
                39.5557896924
              ],
              [
                -105.1455791987,
                39.5557112227
              ],
              [
                -105.1455903901,
                39.5556332066
              ],
              [
                -105.14563792,
                39.5554807287
              ],
              [
                -105.1457177602,
                39.5553365641
              ],
              [
                -105.145778192,
                39.5552529373
              ],
              [
                -105.1458519735,
                39.5552073046
              ],
              [
                -105.1459130456,
                39.555194392
              ],
              [
                -105.1459762425,
                39.5551973022
              ],
              [
                -105.1460357249,
                39.5552169342
              ],
              [
                -105.1471184502,
                39.5556679506
              ],
              [
                -105.1472011189,
                39.5556878463
              ],
              [
                -105.1472842227,
                39.5557066522
              ],
              [
                -105.1473677514,
                39.5557243171
              ],
              [
                -105.1474516538,
                39.5557408464
              ],
              [
                -105.1475359249,
                39.5557562379
              ],
              [
                -105.1476205216,
                39.5557704957
              ],
              [
                -105.1477054408,
                39.5557836145
              ],
              [
                -105.1477906308,
                39.5557955676
              ],
              [
                -105.1478760739,
                39.5558063924
              ],
              [
                -105.1479617489,
                39.5558160525
              ],
              [
                -105.1480476366,
                39.5558245262
              ],
              [
                -105.1481337021,
                39.5558318734
              ],
              [
                -105.1482199157,
                39.5558380371
              ],
              [
                -105.1483062602,
                39.5558430392
              ],
              [
                -105.1483926972,
                39.5558468752
              ],
              [
                -105.1484792154,
                39.5558495488
              ],
              [
                -105.148565765,
                39.5558510403
              ],
              [
                -105.1486523381,
                39.5558513609
              ],
              [
                -105.1487389423,
                39.5558505336
              ],
              [
                -105.1488254773,
                39.5558485019
              ],
              [
                -105.1489119653,
                39.5558453306
              ],
              [
                -105.148998365,
                39.5558409913
              ],
              [
                -105.1490846458,
                39.5558354756
              ],
              [
                -105.1491708098,
                39.5558287895
              ],
              [
                -105.1492568055,
                39.5558209556
              ],
              [
                -105.1493425893,
                39.5558119476
              ],
              [
                -105.1494281766,
                39.5558017922
              ],
              [
                -105.1495135215,
                39.5557904729
              ],
              [
                -105.1495985891,
                39.555778012
              ],
              [
                -105.1496833667,
                39.5557643837
              ],
              [
                -105.1497678176,
                39.5557496327
              ],
              [
                -105.1498519374,
                39.5557337351
              ],
              [
                -105.1499356821,
                39.5557167067
              ],
              [
                -105.1500190088,
                39.5556985427
              ],
              [
                -105.1501450526,
                39.5556687462
              ],
              [
                -105.1572212742,
                39.5539159127
              ],
              [
                -105.1573346269,
                39.5538890765
              ],
              [
                -105.157411501,
                39.5538722767
              ],
              [
                -105.1574887504,
                39.5538565071
              ],
              [
                -105.1575663354,
                39.5538418173
              ],
              [
                -105.157644226,
                39.5538281485
              ],
              [
                -105.1577224375,
                39.5538155185
              ],
              [
                -105.1578009131,
                39.5538039806
              ],
              [
                -105.1578796229,
                39.5537935147
              ],
              [
                -105.1579585842,
                39.5537840791
              ],
              [
                -105.1580377286,
                39.5537757498
              ],
              [
                -105.1581170391,
                39.5537684472
              ],
              [
                -105.1581965243,
                39.5537622497
              ],
              [
                -105.1582761328,
                39.5537571135
              ],
              [
                -105.1583558346,
                39.5537530443
              ],
              [
                -105.1584356163,
                39.5537500674
              ],
              [
                -105.1585154554,
                39.5537481719
              ],
              [
                -105.1585953273,
                39.5537473408
              ],
              [
                -105.1586752095,
                39.5537476115
              ],
              [
                -105.1587550709,
                39.5537489325
              ],
              [
                -105.1588348845,
                39.5537513436
              ],
              [
                -105.1589146461,
                39.5537548387
              ],
              [
                -105.1589942971,
                39.5537593926
              ],
              [
                -105.1590738499,
                39.5537650482
              ],
              [
                -105.1591532738,
                39.5537717684
              ],
              [
                -105.1592324824,
                39.5537795497
              ],
              [
                -105.1593115476,
                39.553788411
              ],
              [
                -105.1593904033,
                39.5537983329
              ],
              [
                -105.159468995,
                39.5538093239
              ],
              [
                -105.159547346,
                39.5538213895
              ],
              [
                -105.1596254105,
                39.5538344766
              ],
              [
                -105.1597031654,
                39.5538486263
              ],
              [
                -105.1597805916,
                39.5538638463
              ],
              [
                -105.1598576645,
                39.5538800999
              ],
              [
                -105.1589608429,
                39.5544825476
              ],
              [
                -105.1638112135,
                39.5581459284
              ],
              [
                -105.1652425973,
                39.5577859862
              ],
              [
                -105.1691863334,
                39.5569118724
              ],
              [
                -105.1711448807,
                39.5618743103
              ],
              [
                -105.1632337492,
                39.5622137755
              ],
              [
                -105.1595035146,
                39.5648349185
              ],
              [
                -105.1583503806,
                39.5655525245
              ],
              [
                -105.1578996898,
                39.5658431408
              ],
              [
                -105.1572394084,
                39.5661992042
              ],
              [
                -105.1571908084,
                39.5663456341
              ],
              [
                -105.155546268,
                39.5675077275
              ],
              [
                -105.1555050913,
                39.5676441662
              ],
              [
                -105.1543804257,
                39.5684342688
              ],
              [
                -105.1537936911,
                39.5681904017
              ],
              [
                -105.1539590053,
                39.5679422711
              ],
              [
                -105.1544706215,
                39.5669398149
              ],
              [
                -105.1545237628,
                39.566825582
              ],
              [
                -105.1546038688,
                39.5665909146
              ],
              [
                -105.1546305628,
                39.5664712737
              ],
              [
                -105.1546482211,
                39.566350634
              ],
              [
                -105.1546567837,
                39.5662294042
              ],
              [
                -105.1546562202,
                39.5661079944
              ],
              [
                -105.1546465343,
                39.5659868142
              ],
              [
                -105.1546277572,
                39.5658662753
              ],
              [
                -105.1545632197,
                39.5656287517
              ],
              [
                -105.1545176761,
                39.5655125704
              ],
              [
                -105.1544634792,
                39.5653986353
              ],
              [
                -105.1543298878,
                39.5651790407
              ],
              [
                -105.1539752987,
                39.5646745855
              ],
              [
                -105.153897094,
                39.5645561524
              ],
              [
                -105.1538268748,
                39.5644347575
              ],
              [
                -105.1537111257,
                39.5641843829
              ],
              [
                -105.1535591827,
                39.5637082682
              ]
            ],
            [
              [
                -105.1537609494,
                39.563697997
              ],
              [
                -105.1537300041,
                39.563333646
              ],
              [
                -105.1535282656,
                39.5633439079
              ],
              [
                -105.1535591827,
                39.5637082682
              ],
              [
                -105.1537609494,
                39.563697997
              ]
            ],
            [
              [
                -105.1673656334,
                39.5612535046
              ],
              [
                -105.1677787458,
                39.5618602875
              ],
              [
                -105.1687197115,
                39.5614764822
              ],
              [
                -105.1683066153,
                39.5608697538
              ],
              [
                -105.1673656334,
                39.5612535046
              ]
            ]
          ],
          [
            [
              [
                -105.1412226941,
                39.5513261506
              ],
              [
                -105.1415227238,
                39.5512938965
              ],
              [
                -105.1426528049,
                39.5509798468
              ],
              [
                -105.1432823792,
                39.5508400719
              ],
              [
                -105.1444270122,
                39.5507677074
              ],
              [
                -105.1451073192,
                39.5506117529
              ],
              [
                -105.1484382774,
                39.5505902729
              ],
              [
                -105.1484266984,
                39.5496412995
              ],
              [
                -105.1487009053,
                39.5494274849
              ],
              [
                -105.1494205443,
                39.5492297277
              ],
              [
                -105.1497033167,
                39.5492995808
              ],
              [
                -105.1502982956,
                39.5495513423
              ],
              [
                -105.1511406157,
                39.5491547463
              ],
              [
                -105.1516747479,
                39.5486762286
              ],
              [
                -105.1518697314,
                39.5484310686
              ],
              [
                -105.1526523806,
                39.5481356703
              ],
              [
                -105.1531389225,
                39.5483493803
              ],
              [
                -105.1543296361,
                39.5481151032
              ],
              [
                -105.1552638281,
                39.5476179712
              ],
              [
                -105.1560933178,
                39.547459455
              ],
              [
                -105.1572216638,
                39.5472470649
              ],
              [
                -105.1571579029,
                39.5470847203
              ],
              [
                -105.1571161627,
                39.5469768098
              ],
              [
                -105.1571755097,
                39.5469596098
              ],
              [
                -105.1580787987,
                39.5466600306
              ],
              [
                -105.1595349644,
                39.5463237398
              ],
              [
                -105.1602989249,
                39.5460536797
              ],
              [
                -105.1605169277,
                39.545700694
              ],
              [
                -105.1605112005,
                39.5455865192
              ],
              [
                -105.160388192,
                39.5452078779
              ],
              [
                -105.160434853,
                39.5449466839
              ],
              [
                -105.1606218441,
                39.5447677273
              ],
              [
                -105.1607085945,
                39.5446445594
              ],
              [
                -105.1607831283,
                39.5443713276
              ],
              [
                -105.1608371216,
                39.5441016222
              ],
              [
                -105.1609823433,
                39.5437991176
              ],
              [
                -105.1611418109,
                39.5435542003
              ],
              [
                -105.1615782365,
                39.5434145798
              ],
              [
                -105.1617652852,
                39.5433625355
              ],
              [
                -105.162063181,
                39.543220374
              ],
              [
                -105.1622978805,
                39.5431822089
              ],
              [
                -105.1624722046,
                39.5432194651
              ],
              [
                -105.1626766553,
                39.5433869901
              ],
              [
                -105.1627911584,
                39.5435872152
              ],
              [
                -105.1629663751,
                39.5437700453
              ],
              [
                -105.1632259116,
                39.543877064
              ],
              [
                -105.1635196474,
                39.5438876009
              ],
              [
                -105.1645640636,
                39.5437444431
              ],
              [
                -105.1649641757,
                39.5436923967
              ],
              [
                -105.1652315629,
                39.5437490686
              ],
              [
                -105.1655166415,
                39.5439350135
              ],
              [
                -105.165630883,
                39.5439953313
              ],
              [
                -105.1658961341,
                39.5440510751
              ],
              [
                -105.1661014282,
                39.5440312688
              ],
              [
                -105.1665130874,
                39.5439383888
              ],
              [
                -105.1667201472,
                39.5439482311
              ],
              [
                -105.1668056708,
                39.5477059105
              ],
              [
                -105.1668782902,
                39.5510629486
              ],
              [
                -105.1604686825,
                39.5508995708
              ],
              [
                -105.1600938067,
                39.5533070169
              ],
              [
                -105.1600037813,
                39.5532876639
              ],
              [
                -105.159913328,
                39.5532695193
              ],
              [
                -105.1598224911,
                39.5532526059
              ],
              [
                -105.159731271,
                39.5532369281
              ],
              [
                -105.1596397265,
                39.5532224835
              ],
              [
                -105.1595478621,
                39.5532092887
              ],
              [
                -105.1594557097,
                39.5531973073
              ],
              [
                -105.1593633307,
                39.5531865958
              ],
              [
                -105.159270683,
                39.5531771295
              ],
              [
                -105.1591778445,
                39.5531689169
              ],
              [
                -105.1590848531,
                39.5531619688
              ],
              [
                -105.1589917164,
                39.5531562621
              ],
              [
                -105.1588984521,
                39.5531518243
              ],
              [
                -105.1588051051,
                39.5531486378
              ],
              [
                -105.1587117058,
                39.5531467271
              ],
              [
                -105.1586182755,
                39.5531460657
              ],
              [
                -105.1585248519,
                39.5531466533
              ],
              [
                -105.1584314458,
                39.5531485378
              ],
              [
                -105.1583380985,
                39.553151663
              ],
              [
                -105.1582448483,
                39.5531560621
              ],
              [
                -105.1581516882,
                39.5531616971
              ],
              [
                -105.1580586881,
                39.5531686094
              ],
              [
                -105.1579658453,
                39.5531767669
              ],
              [
                -105.1578732146,
                39.5531861926
              ],
              [
                -105.1577807958,
                39.5531968576
              ],
              [
                -105.1576886421,
                39.5532087627
              ],
              [
                -105.1575967519,
                39.5532219232
              ],
              [
                -105.1575051986,
                39.5532363131
              ],
              [
                -105.157413971,
                39.5532519555
              ],
              [
                -105.1573231188,
                39.5532688056
              ],
              [
                -105.1572326407,
                39.5532868806
              ],
              [
                -105.1571425988,
                39.5533061867
              ],
              [
                -105.1569845305,
                39.5533432795
              ],
              [
                -105.1499083606,
                39.55509611
              ],
              [
                -105.1498093128,
                39.5551195953
              ],
              [
                -105.1497390578,
                39.5551350125
              ],
              [
                -105.1496684517,
                39.5551494774
              ],
              [
                -105.1495975383,
                39.5551629822
              ],
              [
                -105.1495263374,
                39.5551755346
              ],
              [
                -105.1494548547,
                39.5551871133
              ],
              [
                -105.1493831337,
                39.5551977279
              ],
              [
                -105.1493111747,
                39.5552073702
              ],
              [
                -105.1492390092,
                39.5552160469
              ],
              [
                -105.1491666753,
                39.5552237425
              ],
              [
                -105.1490941547,
                39.5552304335
              ],
              [
                -105.1490215026,
                39.5552361828
              ],
              [
                -105.1489487388,
                39.5552409417
              ],
              [
                -105.1488758659,
                39.5552447027
              ],
              [
                -105.1488029334,
                39.5552474944
              ],
              [
                -105.1487299436,
                39.5552492871
              ],
              [
                -105.1486569377,
                39.5552501083
              ],
              [
                -105.1485839022,
                39.5552499348
              ],
              [
                -105.1485108989,
                39.5552487709
              ],
              [
                -105.1484379168,
                39.5552466229
              ],
              [
                -105.1483650058,
                39.5552434746
              ],
              [
                -105.1482921704,
                39.5552393704
              ],
              [
                -105.1482194525,
                39.5552342687
              ],
              [
                -105.1481468544,
                39.5552281882
              ],
              [
                -105.1480743881,
                39.5552211208
              ],
              [
                -105.1480021054,
                39.5552130834
              ],
              [
                -105.1479300229,
                39.5552040685
              ],
              [
                -105.147858137,
                39.5551940655
              ],
              [
                -105.1477865077,
                39.5551831194
              ],
              [
                -105.1477151167,
                39.5551711893
              ],
              [
                -105.1476440129,
                39.5551583059
              ],
              [
                -105.1475732084,
                39.5551444537
              ],
              [
                -105.1475027337,
                39.5551296594
              ],
              [
                -105.1474326156,
                39.5551138921
              ],
              [
                -105.1473628271,
                39.5550972078
              ],
              [
                -105.1472934428,
                39.555079582
              ],
              [
                -105.1472244755,
                39.5550610032
              ],
              [
                -105.1471559298,
                39.5550414897
              ],
              [
                -105.1470878241,
                39.5550210834
              ],
              [
                -105.1463675479,
                39.5547994271
              ],
              [
                -105.1458783413,
                39.554560574
              ],
              [
                -105.1443493128,
                39.5539519637
              ],
              [
                -105.142824454,
                39.5529901073
              ],
              [
                -105.1427291393,
                39.5529282771
              ],
              [
                -105.1425242266,
                39.5528193285
              ],
              [
                -105.1424154649,
                39.5527726536
              ],
              [
                -105.1417784429,
                39.5525546615
              ],
              [
                -105.1416028399,
                39.5524820077
              ],
              [
                -105.1413731009,
                39.5523347562
              ],
              [
                -105.1411953731,
                39.5521493298
              ],
              [
                -105.1409229015,
                39.5515877439
              ],
              [
                -105.1412226941,
                39.5513261506
              ]
            ]
          ]
        ]
      }
    },
    {
      "type": "Feature",
      "properties": {
        "id": "co-open-space-white-ranch-park-3855",
        "name": "White Ranch Park",
        "coloradoOpenSpaceName": "White Ranch Park",
        "boundaryType": "county-open-space",
        "manager": "Jefferson County Open Space",
        "owner": "Jefferson County",
        "access": "open",
        "acres": 3855,
        "source": "USGS PAD-US",
        "sourceLayer": "PAD-US 4.1 Colorado",
        "sourceFeatureClass": "Fee",
        "sourceDesignation": "County Parks",
        "sourceDataset": "Jefferson County - JCOS_Land_Boundaries_for_CoMap.gdb",
        "sourcePaid": ""
      },
      "geometry": {
        "type": "MultiPolygon",
        "coordinates": [
          [
            [
              [
                -105.2502116818,
                39.8384811525
              ],
              [
                -105.2501989853,
                39.8377133865
              ],
              [
                -105.2501964243,
                39.8375566452
              ],
              [
                -105.2542655609,
                39.8375590488
              ],
              [
                -105.2541848754,
                39.8344162824
              ],
              [
                -105.2541740228,
                39.8339925428
              ],
              [
                -105.2505235378,
                39.8339944726
              ],
              [
                -105.250003637,
                39.8339947391
              ],
              [
                -105.2498875943,
                39.8339948063
              ],
              [
                -105.2495646555,
                39.8339949723
              ],
              [
                -105.2495616737,
                39.8328307037
              ],
              [
                -105.24952987,
                39.8305339467
              ],
              [
                -105.2490839284,
                39.8305257868
              ],
              [
                -105.2493513505,
                39.8294255195
              ],
              [
                -105.248558554,
                39.8290988697
              ],
              [
                -105.248945058,
                39.8282974492
              ],
              [
                -105.248869296,
                39.8278343645
              ],
              [
                -105.2494657557,
                39.8273054936
              ],
              [
                -105.249140256,
                39.8269915188
              ],
              [
                -105.2492329703,
                39.8266697757
              ],
              [
                -105.2493592253,
                39.8262315351
              ],
              [
                -105.2498665432,
                39.8262653692
              ],
              [
                -105.2498593092,
                39.8261849947
              ],
              [
                -105.24977296,
                39.8255351748
              ],
              [
                -105.2498566979,
                39.8254649171
              ],
              [
                -105.2499916979,
                39.8253516835
              ],
              [
                -105.2505550993,
                39.8250955198
              ],
              [
                -105.2503050844,
                39.824571012
              ],
              [
                -105.2505711413,
                39.8243540237
              ],
              [
                -105.2504111458,
                39.8240530792
              ],
              [
                -105.2504231212,
                39.8236763403
              ],
              [
                -105.2505392161,
                39.8233211123
              ],
              [
                -105.2518417547,
                39.8221935537
              ],
              [
                -105.2518744265,
                39.8220753918
              ],
              [
                -105.2519752609,
                39.8217106577
              ],
              [
                -105.2520313883,
                39.8206847701
              ],
              [
                -105.2527832371,
                39.8208357056
              ],
              [
                -105.2533734536,
                39.8209541887
              ],
              [
                -105.2543148392,
                39.8210206834
              ],
              [
                -105.2547703428,
                39.8210792919
              ],
              [
                -105.2565095249,
                39.8215526815
              ],
              [
                -105.2565880021,
                39.8216004088
              ],
              [
                -105.2568201458,
                39.8216612833
              ],
              [
                -105.2572505318,
                39.8219170162
              ],
              [
                -105.2575539299,
                39.8216989989
              ],
              [
                -105.2574674179,
                39.8215814343
              ],
              [
                -105.2572261677,
                39.8212535839
              ],
              [
                -105.2571934871,
                39.8209292185
              ],
              [
                -105.2572099327,
                39.8206899786
              ],
              [
                -105.2572234185,
                39.8204938372
              ],
              [
                -105.257515367,
                39.8206843891
              ],
              [
                -105.2575203552,
                39.8205960249
              ],
              [
                -105.2578658118,
                39.8208223944
              ],
              [
                -105.2578672245,
                39.8208174013
              ],
              [
                -105.2579827347,
                39.8204090178
              ],
              [
                -105.2579834931,
                39.8204063326
              ],
              [
                -105.258077531,
                39.8200738587
              ],
              [
                -105.2584416393,
                39.8200382405
              ],
              [
                -105.2587340445,
                39.8201208206
              ],
              [
                -105.2587896818,
                39.820134994
              ],
              [
                -105.2589302732,
                39.8201708069
              ],
              [
                -105.2590160232,
                39.820197703
              ],
              [
                -105.2590162862,
                39.8201977858
              ],
              [
                -105.2592274361,
                39.8202479552
              ],
              [
                -105.2593661909,
                39.8203084544
              ],
              [
                -105.2603497593,
                39.8207426347
              ],
              [
                -105.2607824252,
                39.8211416918
              ],
              [
                -105.2610098104,
                39.8213882082
              ],
              [
                -105.2614575205,
                39.8211923725
              ],
              [
                -105.2617186453,
                39.8210781517
              ],
              [
                -105.2617901146,
                39.8212466416
              ],
              [
                -105.2619969275,
                39.8211541395
              ],
              [
                -105.2620029941,
                39.8211514264
              ],
              [
                -105.2620124098,
                39.8211723159
              ],
              [
                -105.2623388916,
                39.8218966697
              ],
              [
                -105.2623862307,
                39.8219347594
              ],
              [
                -105.2628182123,
                39.8222823335
              ],
              [
                -105.2628184943,
                39.8223566233
              ],
              [
                -105.2628214495,
                39.8231338761
              ],
              [
                -105.2628214749,
                39.8231405473
              ],
              [
                -105.2629078583,
                39.8231383394
              ],
              [
                -105.2632632495,
                39.8231292565
              ],
              [
                -105.2635117075,
                39.8231143033
              ],
              [
                -105.2635130755,
                39.8231142208
              ],
              [
                -105.263514831,
                39.8230168307
              ],
              [
                -105.2637086942,
                39.8122537365
              ],
              [
                -105.2628746065,
                39.81093108
              ],
              [
                -105.2614282979,
                39.8086374609
              ],
              [
                -105.2609767016,
                39.807816284
              ],
              [
                -105.2608935865,
                39.8076651447
              ],
              [
                -105.2608930156,
                39.8076641074
              ],
              [
                -105.259159296,
                39.8050456984
              ],
              [
                -105.2581081963,
                39.8034615346
              ],
              [
                -105.2579277302,
                39.8031895354
              ],
              [
                -105.257926763,
                39.8031880782
              ],
              [
                -105.2544321765,
                39.7978799662
              ],
              [
                -105.2546168959,
                39.7978767903
              ],
              [
                -105.2547209076,
                39.7978750015
              ],
              [
                -105.2848935282,
                39.7973527399
              ],
              [
                -105.2938343745,
                39.7971964641
              ],
              [
                -105.2939818149,
                39.8375037377
              ],
              [
                -105.2939917055,
                39.8402046447
              ],
              [
                -105.2938774161,
                39.8402108063
              ],
              [
                -105.2938666708,
                39.8402113854
              ],
              [
                -105.2885066178,
                39.8405001854
              ],
              [
                -105.2884965454,
                39.8405007275
              ],
              [
                -105.2760998398,
                39.841167705
              ],
              [
                -105.2755123862,
                39.8411986362
              ],
              [
                -105.2639120666,
                39.8412446614
              ],
              [
                -105.2596257849,
                39.8412627379
              ],
              [
                -105.250258606,
                39.8413213835
              ],
              [
                -105.2502116818,
                39.8384811525
              ]
            ]
          ]
        ]
      }
    },
    {
      "type": "Feature",
      "properties": {
        "id": "co-open-space-white-ranch-park-286",
        "name": "White Ranch Park",
        "coloradoOpenSpaceName": "White Ranch Park",
        "boundaryType": "county-open-space",
        "manager": "Jefferson County Open Space",
        "owner": "Jefferson County",
        "access": "open",
        "acres": 286,
        "source": "USGS PAD-US",
        "sourceLayer": "PAD-US 4.1 Colorado",
        "sourceFeatureClass": "Fee",
        "sourceDesignation": "County Parks",
        "sourceDataset": "Jefferson County - JCOS_Land_Boundaries_for_CoMap.gdb",
        "sourcePaid": ""
      },
      "geometry": {
        "type": "MultiPolygon",
        "coordinates": [
          [
            [
              [
                -105.2943213069,
                39.854371664
              ],
              [
                -105.2941360572,
                39.8512325616
              ],
              [
                -105.2942221348,
                39.8512309563
              ],
              [
                -105.2987624939,
                39.8511462125
              ],
              [
                -105.2987596784,
                39.8510331738
              ],
              [
                -105.298676149,
                39.8476794182
              ],
              [
                -105.2986751714,
                39.8474825807
              ],
              [
                -105.2986580152,
                39.8440280934
              ],
              [
                -105.3033635328,
                39.8441079602
              ],
              [
                -105.3034808794,
                39.8441099501
              ],
              [
                -105.3034366913,
                39.8476114148
              ],
              [
                -105.3034348393,
                39.8477581793
              ],
              [
                -105.3123738503,
                39.8479054655
              ],
              [
                -105.3124978806,
                39.8479075044
              ],
              [
                -105.312604693,
                39.8479092603
              ],
              [
                -105.3125161241,
                39.8498635825
              ],
              [
                -105.3124790979,
                39.8506805661
              ],
              [
                -105.3124699418,
                39.8508825759
              ],
              [
                -105.3123491812,
                39.853683983
              ],
              [
                -105.3123417395,
                39.8538566151
              ],
              [
                -105.3123427236,
                39.8538934073
              ],
              [
                -105.3052830189,
                39.8542522515
              ],
              [
                -105.3033429978,
                39.8543542158
              ],
              [
                -105.2943470168,
                39.8548073102
              ],
              [
                -105.2943470138,
                39.8548072503
              ],
              [
                -105.2943465985,
                39.8548002267
              ],
              [
                -105.2943213069,
                39.854371664
              ]
            ]
          ]
        ]
      }
    },
    {
      "type": "Feature",
      "properties": {
        "id": "co-open-space-windy-saddle-park-27",
        "name": "Windy Saddle Park",
        "coloradoOpenSpaceName": "Windy Saddle Park",
        "boundaryType": "county-open-space",
        "manager": "Jefferson County Open Space",
        "owner": "Jefferson County",
        "access": "open",
        "acres": 27,
        "source": "USGS PAD-US",
        "sourceLayer": "PAD-US 4.1 Colorado",
        "sourceFeatureClass": "Fee",
        "sourceDesignation": "County Parks",
        "sourceDataset": "City of Golden GIS Department - Recreation Land.mdb",
        "sourcePaid": ""
      },
      "geometry": {
        "type": "MultiPolygon",
        "coordinates": [
          [
            [
              [
                -105.2307137156,
                39.7369065068
              ],
              [
                -105.2303016018,
                39.7326369972
              ],
              [
                -105.2352825613,
                39.7325090225
              ],
              [
                -105.235297266,
                39.7328689299
              ],
              [
                -105.2307137156,
                39.7369065068
              ]
            ]
          ]
        ]
      }
    },
    {
      "type": "Feature",
      "properties": {
        "id": "co-open-space-windy-saddle-park-723",
        "name": "Windy Saddle Park",
        "coloradoOpenSpaceName": "Windy Saddle Park",
        "boundaryType": "county-open-space",
        "manager": "Jefferson County Open Space",
        "owner": "Jefferson County",
        "access": "open",
        "acres": 723,
        "source": "USGS PAD-US",
        "sourceLayer": "PAD-US 4.1 Colorado",
        "sourceFeatureClass": "Fee",
        "sourceDesignation": "County Parks",
        "sourceDataset": "Jefferson County - JCOS_Land_Boundaries_for_CoMap.gdb",
        "sourcePaid": ""
      },
      "geometry": {
        "type": "MultiPolygon",
        "coordinates": [
          [
            [
              [
                -105.2438668299,
                39.729171679
              ],
              [
                -105.2439743664,
                39.7291375232
              ],
              [
                -105.2440197101,
                39.7292156056
              ],
              [
                -105.244074863,
                39.7292687107
              ],
              [
                -105.2441383327,
                39.7293107613
              ],
              [
                -105.2443301957,
                39.7294291842
              ],
              [
                -105.2444775688,
                39.7295363214
              ],
              [
                -105.2446565165,
                39.7296965259
              ],
              [
                -105.2448248553,
                39.7298445068
              ],
              [
                -105.2449286155,
                39.7299167167
              ],
              [
                -105.2450581742,
                39.7299943722
              ],
              [
                -105.2450795093,
                39.7300166207
              ],
              [
                -105.2450938918,
                39.7300419775
              ],
              [
                -105.2451006022,
                39.7300691714
              ],
              [
                -105.2450993011,
                39.7300968361
              ],
              [
                -105.2450900548,
                39.730123583
              ],
              [
                -105.2450733253,
                39.7301480681
              ],
              [
                -105.2450499551,
                39.7301690617
              ],
              [
                -105.245021119,
                39.7301855093
              ],
              [
                -105.2449882619,
                39.7301965886
              ],
              [
                -105.2449530349,
                39.7302017373
              ],
              [
                -105.2449172067,
                39.7302007006
              ],
              [
                -105.2448825774,
                39.7301935312
              ],
              [
                -105.2448508859,
                39.7301805881
              ],
              [
                -105.2448237226,
                39.7301625194
              ],
              [
                -105.2448171567,
                39.7301556394
              ],
              [
                -105.2447881438,
                39.7301148526
              ],
              [
                -105.2447836946,
                39.730096602
              ],
              [
                -105.2447703706,
                39.7299977131
              ],
              [
                -105.2447582215,
                39.7299516567
              ],
              [
                -105.2447274278,
                39.7298758855
              ],
              [
                -105.2446799928,
                39.7297965808
              ],
              [
                -105.2446780288,
                39.7297932974
              ],
              [
                -105.2446125733,
                39.7297154304
              ],
              [
                -105.2445438857,
                39.7296538583
              ],
              [
                -105.2444826294,
                39.729610665
              ],
              [
                -105.2444691812,
                39.7296011819
              ],
              [
                -105.2443347506,
                39.7295339741
              ],
              [
                -105.2441951694,
                39.7294910555
              ],
              [
                -105.2441701051,
                39.729486339
              ],
              [
                -105.2440170299,
                39.7294575341
              ],
              [
                -105.2435859511,
                39.7293867824
              ],
              [
                -105.2433631619,
                39.7293316517
              ],
              [
                -105.2433970357,
                39.7293208912
              ],
              [
                -105.2438668299,
                39.729171679
              ]
            ]
          ],
          [
            [
              [
                -105.2312350972,
                39.7465102899
              ],
              [
                -105.2313873302,
                39.7463781066
              ],
              [
                -105.2316319019,
                39.7461606073
              ],
              [
                -105.2318698965,
                39.7459451424
              ],
              [
                -105.232118964,
                39.7457203038
              ],
              [
                -105.2323693447,
                39.7454955685
              ],
              [
                -105.2325635164,
                39.7453183057
              ],
              [
                -105.2327754477,
                39.7451080947
              ],
              [
                -105.2330362159,
                39.7448513193
              ],
              [
                -105.2332656614,
                39.7446295896
              ],
              [
                -105.2334603973,
                39.7444375853
              ],
              [
                -105.2336616915,
                39.744239061
              ],
              [
                -105.2339082907,
                39.7439626551
              ],
              [
                -105.2342275759,
                39.7435986155
              ],
              [
                -105.2342413515,
                39.7435419692
              ],
              [
                -105.23393786,
                39.7427558108
              ],
              [
                -105.2337782396,
                39.7427834191
              ],
              [
                -105.2334976158,
                39.7426799082
              ],
              [
                -105.2329788099,
                39.7422033749
              ],
              [
                -105.2329761275,
                39.7422018354
              ],
              [
                -105.2329545878,
                39.7413781316
              ],
              [
                -105.2329520946,
                39.7412969222
              ],
              [
                -105.2329373447,
                39.7408338244
              ],
              [
                -105.232918475,
                39.7402387709
              ],
              [
                -105.2329481326,
                39.740016113
              ],
              [
                -105.2329504434,
                39.739966521
              ],
              [
                -105.2325591173,
                39.7399713413
              ],
              [
                -105.2316503276,
                39.7399823922
              ],
              [
                -105.2314711456,
                39.7399845874
              ],
              [
                -105.23101464,
                39.7399902831
              ],
              [
                -105.2308854205,
                39.7386856901
              ],
              [
                -105.2307700658,
                39.7374905642
              ],
              [
                -105.2307505756,
                39.7372904762
              ],
              [
                -105.2357583166,
                39.7328793368
              ],
              [
                -105.2368865833,
                39.7328523287
              ],
              [
                -105.2364099329,
                39.7331402165
              ],
              [
                -105.2368669502,
                39.7335914686
              ],
              [
                -105.2374493793,
                39.7332367694
              ],
              [
                -105.2375040496,
                39.7332003502
              ],
              [
                -105.237546819,
                39.7332406579
              ],
              [
                -105.2381903225,
                39.7338246798
              ],
              [
                -105.2389659874,
                39.7344396857
              ],
              [
                -105.2450856176,
                39.7345094933
              ],
              [
                -105.2452191467,
                39.7352757949
              ],
              [
                -105.2453962088,
                39.7354796991
              ],
              [
                -105.2456574441,
                39.7355070282
              ],
              [
                -105.2458810039,
                39.7353753768
              ],
              [
                -105.2459069635,
                39.7348490255
              ],
              [
                -105.2462172785,
                39.7338497459
              ],
              [
                -105.246061245,
                39.7339746418
              ],
              [
                -105.2460189782,
                39.7338647412
              ],
              [
                -105.2460193987,
                39.7337883036
              ],
              [
                -105.2460015449,
                39.7337113501
              ],
              [
                -105.2459999401,
                39.7336360961
              ],
              [
                -105.2459937534,
                39.733562126
              ],
              [
                -105.245981424,
                39.7334850983
              ],
              [
                -105.2459668824,
                39.733416954
              ],
              [
                -105.245943407,
                39.7333284859
              ],
              [
                -105.2459206393,
                39.7332623157
              ],
              [
                -105.2458900749,
                39.7331858748
              ],
              [
                -105.2458571487,
                39.7331185973
              ],
              [
                -105.2458211487,
                39.7330483929
              ],
              [
                -105.2457975797,
                39.7329724612
              ],
              [
                -105.2457576692,
                39.7329026994
              ],
              [
                -105.2457108984,
                39.7328340073
              ],
              [
                -105.2456759296,
                39.732766481
              ],
              [
                -105.2456195069,
                39.7327005776
              ],
              [
                -105.2455673357,
                39.7326357118
              ],
              [
                -105.2455123976,
                39.7325724252
              ],
              [
                -105.245469825,
                39.7325265508
              ],
              [
                -105.2454663978,
                39.7323261575
              ],
              [
                -105.2415562192,
                39.7295687607
              ],
              [
                -105.2415578364,
                39.7294841314
              ],
              [
                -105.2415567953,
                39.7294257392
              ],
              [
                -105.2415581299,
                39.7292360841
              ],
              [
                -105.2415669988,
                39.7291907893
              ],
              [
                -105.2416226255,
                39.729060591
              ],
              [
                -105.241682491,
                39.7289815835
              ],
              [
                -105.2419073297,
                39.728794062
              ],
              [
                -105.2428064998,
                39.7280441147
              ],
              [
                -105.2428825504,
                39.7279806835
              ],
              [
                -105.2429348035,
                39.7280194433
              ],
              [
                -105.2429586222,
                39.728045007
              ],
              [
                -105.242985278,
                39.7281359225
              ],
              [
                -105.2429629546,
                39.7281961737
              ],
              [
                -105.2428955742,
                39.7282543399
              ],
              [
                -105.242804403,
                39.7282991441
              ],
              [
                -105.2426241067,
                39.7283918036
              ],
              [
                -105.242512329,
                39.7284876884
              ],
              [
                -105.2424594808,
                39.7285635844
              ],
              [
                -105.2424263277,
                39.7286458638
              ],
              [
                -105.2424150753,
                39.7287897458
              ],
              [
                -105.2424357182,
                39.7288844944
              ],
              [
                -105.2424780403,
                39.7289748468
              ],
              [
                -105.2425406669,
                39.7290578704
              ],
              [
                -105.2426521524,
                39.7291525599
              ],
              [
                -105.2428280035,
                39.729250583
              ],
              [
                -105.2431651004,
                39.7294331601
              ],
              [
                -105.2433584832,
                39.7295092125
              ],
              [
                -105.2439341357,
                39.7295976355
              ],
              [
                -105.2439971984,
                39.7296101333
              ],
              [
                -105.2442009762,
                39.7296664817
              ],
              [
                -105.2442807346,
                39.7296994283
              ],
              [
                -105.2444174563,
                39.7297903293
              ],
              [
                -105.244494389,
                39.729876483
              ],
              [
                -105.2445558094,
                39.7300074728
              ],
              [
                -105.2445687531,
                39.7300893344
              ],
              [
                -105.2445967193,
                39.730189874
              ],
              [
                -105.2446637232,
                39.7302714953
              ],
              [
                -105.2447365432,
                39.7303159501
              ],
              [
                -105.2447618993,
                39.7303314295
              ],
              [
                -105.2448393284,
                39.7303558858
              ],
              [
                -105.2449218668,
                39.7303664162
              ],
              [
                -105.2450461653,
                39.7303551396
              ],
              [
                -105.2451586543,
                39.7303127765
              ],
              [
                -105.2452466867,
                39.7302440882
              ],
              [
                -105.2452867559,
                39.7301873852
              ],
              [
                -105.2453136729,
                39.7300607046
              ],
              [
                -105.2452850951,
                39.729966622
              ],
              [
                -105.2452178529,
                39.729885119
              ],
              [
                -105.2451021193,
                39.7298131567
              ],
              [
                -105.2449941631,
                39.7297420472
              ],
              [
                -105.2447515521,
                39.7295283959
              ],
              [
                -105.2445053466,
                39.7293279196
              ],
              [
                -105.2443077936,
                39.7292041921
              ],
              [
                -105.2442115889,
                39.729140555
              ],
              [
                -105.2441726353,
                39.7290672999
              ],
              [
                -105.2441870571,
                39.7289888971
              ],
              [
                -105.2442310581,
                39.7289398099
              ],
              [
                -105.2443465645,
                39.7288983979
              ],
              [
                -105.244572773,
                39.7288811543
              ],
              [
                -105.2448642356,
                39.7288422214
              ],
              [
                -105.2449569267,
                39.7288407956
              ],
              [
                -105.2450067034,
                39.7288482243
              ],
              [
                -105.2450097033,
                39.7288494935
              ],
              [
                -105.2450700233,
                39.7288856464
              ],
              [
                -105.245273921,
                39.7290326298
              ],
              [
                -105.2453235674,
                39.7290670482
              ],
              [
                -105.2453741169,
                39.7290997617
              ],
              [
                -105.2454264531,
                39.7291311021
              ],
              [
                -105.2454796673,
                39.7291610748
              ],
              [
                -105.2455346684,
                39.7291896662
              ],
              [
                -105.2455905672,
                39.7292168965
              ],
              [
                -105.2456482439,
                39.729242427
              ],
              [
                -105.2457547584,
                39.7292845176
              ],
              [
                -105.2460565667,
                39.7293949872
              ],
              [
                -105.2461231308,
                39.7294229175
              ],
              [
                -105.2461861177,
                39.7294559982
              ],
              [
                -105.2462437552,
                39.7294938715
              ],
              [
                -105.2462960348,
                39.729536203
              ],
              [
                -105.2463429832,
                39.7295826221
              ],
              [
                -105.2463827909,
                39.7296328188
              ],
              [
                -105.2464154981,
                39.7296857366
              ],
              [
                -105.2464401817,
                39.7297396632
              ],
              [
                -105.2467281738,
                39.7304756784
              ],
              [
                -105.2467528656,
                39.7305289122
              ],
              [
                -105.2467829016,
                39.7305804631
              ],
              [
                -105.2468182782,
                39.7306299555
              ],
              [
                -105.2468598864,
                39.7306767015
              ],
              [
                -105.246905947,
                39.7307202228
              ],
              [
                -105.2469839472,
                39.7307794156
              ],
              [
                -105.2475390505,
                39.7311484801
              ],
              [
                -105.2476037681,
                39.7311932191
              ],
              [
                -105.2476667229,
                39.7312396918
              ],
              [
                -105.2477278794,
                39.7312875204
              ],
              [
                -105.2477810466,
                39.7313329329
              ],
              [
                -105.2481071155,
                39.7316184597
              ],
              [
                -105.2481549867,
                39.7316566489
              ],
              [
                -105.2482072988,
                39.7316917623
              ],
              [
                -105.2482631785,
                39.7317234582
              ],
              [
                -105.2483226407,
                39.7317506955
              ],
              [
                -105.2483847799,
                39.7317741491
              ],
              [
                -105.2485091012,
                39.7318070236
              ],
              [
                -105.2487110159,
                39.7322624707
              ],
              [
                -105.2489312966,
                39.732217648
              ],
              [
                -105.249370204,
                39.7321283363
              ],
              [
                -105.2496006617,
                39.7325540442
              ],
              [
                -105.2507520971,
                39.7324627719
              ],
              [
                -105.2506952934,
                39.7314483016
              ],
              [
                -105.251143026,
                39.7305209961
              ],
              [
                -105.2535491456,
                39.7304984556
              ],
              [
                -105.2535642295,
                39.7304983143
              ],
              [
                -105.2534266035,
                39.7306810989
              ],
              [
                -105.2534218756,
                39.7306873783
              ],
              [
                -105.2550022808,
                39.7306949346
              ],
              [
                -105.255844891,
                39.7306939695
              ],
              [
                -105.2572864903,
                39.7306672124
              ],
              [
                -105.2573734423,
                39.7306655983
              ],
              [
                -105.2573832181,
                39.7306654167
              ],
              [
                -105.2574581771,
                39.7320846682
              ],
              [
                -105.2574682915,
                39.7322761597
              ],
              [
                -105.2576333149,
                39.7358384914
              ],
              [
                -105.253143901,
                39.7358894996
              ],
              [
                -105.2534026463,
                39.7397064099
              ],
              [
                -105.2498791575,
                39.7397416655
              ],
              [
                -105.2489297002,
                39.7397630999
              ],
              [
                -105.2490408997,
                39.7434177006
              ],
              [
                -105.2445807994,
                39.7434732006
              ],
              [
                -105.2448243995,
                39.7507335002
              ],
              [
                -105.2359034568,
                39.7508283433
              ],
              [
                -105.2358318075,
                39.7477503773
              ],
              [
                -105.2358193515,
                39.7472152636
              ],
              [
                -105.2340821851,
                39.7471988832
              ],
              [
                -105.2311914622,
                39.7472190106
              ],
              [
                -105.2311116321,
                39.7472195743
              ],
              [
                -105.23110587,
                39.7466427323
              ],
              [
                -105.2312350972,
                39.7465102899
              ]
            ],
            [
              [
                -105.2402125664,
                39.7451114214
              ],
              [
                -105.24017361,
                39.7450667389
              ],
              [
                -105.2395572043,
                39.7453851852
              ],
              [
                -105.2399697164,
                39.7458611963
              ],
              [
                -105.240146685,
                39.7457698223
              ],
              [
                -105.2402422775,
                39.745720459
              ],
              [
                -105.2404145703,
                39.7456314154
              ],
              [
                -105.2405861139,
                39.7455427586
              ],
              [
                -105.2402125664,
                39.7451114214
              ]
            ],
            [
              [
                -105.2350023146,
                39.7457260086
              ],
              [
                -105.2346748964,
                39.7449025933
              ],
              [
                -105.2344189778,
                39.7449613186
              ],
              [
                -105.2337862574,
                39.7451028075
              ],
              [
                -105.2337464861,
                39.7451156242
              ],
              [
                -105.2340704664,
                39.7459591812
              ],
              [
                -105.2350023146,
                39.7457260086
              ]
            ]
          ]
        ]
      }
    }
  ]
}
