{
"type": "FeatureCollection",
"name": "us-national-parks.original",
"features": [
{ "type": "Feature", "properties": { "nationalParkName": "Acadia National Park", "name": "Acadia National Park", "unitCode": "ACAD", "unitType": "National Parks", "state": "ME", "parkName": "Acadia", "source": "National Park Service Land Resources Division", "sourceLayerUrl": "https://services1.arcgis.com/fBc8EJBxQRMcHlei/ArcGIS/rest/services/NPS_Land_Resources_Division_Boundary_and_Tract_Data_Service/FeatureServer/2" }, "geometry": { "type": "MultiPolygon", "coordinates": [ [ [ [ -68.18977, 44.31524 ], [ -68.19806, 44.32054 ], [ -68.20325, 44.33776 ], [ -68.21341, 44.31401 ], [ -68.20327, 44.31567 ], [ -68.20389, 44.32665 ], [ -68.18773, 44.30886 ], [ -68.19311, 44.3069 ], [ -68.20176, 44.32299 ], [ -68.19976, 44.30776 ], [ -68.20758, 44.29793 ], [ -68.21428, 44.29627 ], [ -68.22095, 44.30459 ], [ -68.2296, 44.3013 ], [ -68.24442, 44.30943 ], [ -68.24449, 44.31524 ], [ -68.24841, 44.31467 ], [ -68.25279, 44.31984 ], [ -68.24946, 44.32106 ], [ -68.2489, 44.32318 ], [ -68.25304, 44.3205 ], [ -68.2503, 44.31626 ], [ -68.25891, 44.31247 ], [ -68.25991, 44.30515 ], [ -68.27287, 44.30377 ], [ -68.28174, 44.31186 ], [ -68.28932, 44.2978 ], [ -68.2939, 44.31312 ], [ -68.27741, 44.32133 ], [ -68.28391, 44.34257 ], [ -68.29835, 44.34062 ], [ -68.301, 44.34766 ], [ -68.28627, 44.35673 ], [ -68.28756, 44.36402 ], [ -68.30898, 44.36287 ], [ -68.31754, 44.37197 ], [ -68.30936, 44.38144 ], [ -68.29747, 44.37521 ], [ -68.30153, 44.38014 ], [ -68.29564, 44.38504 ], [ -68.28521, 44.38075 ], [ -68.28925, 44.37602 ], [ -68.27402, 44.37481 ], [ -68.27708, 44.40386 ], [ -68.28656, 44.40578 ], [ -68.28544, 44.41206 ], [ -68.26617, 44.41609 ], [ -68.25285, 44.41056 ], [ -68.25455, 44.40247 ], [ -68.2511, 44.41202 ], [ -68.23934, 44.40827 ], [ -68.22498, 44.39084 ], [ -68.23345, 44.3943 ], [ -68.23605, 44.39126 ], [ -68.23268, 44.39397 ], [ -68.22434, 44.38864 ], [ -68.22616, 44.37916 ], [ -68.20449, 44.36858 ], [ -68.20509, 44.35853 ], [ -68.19866, 44.35899 ], [ -68.19385, 44.36287 ], [ -68.18801, 44.36011 ], [ -68.1939, 44.36302 ], [ -68.20157, 44.35917 ], [ -68.1955, 44.36882 ], [ -68.19086, 44.36211 ], [ -68.182, 44.36198 ], [ -68.1837, 44.35718 ], [ -68.17876, 44.348 ], [ -68.18058, 44.34105 ], [ -68.17339, 44.32868 ], [ -68.17833, 44.32489 ], [ -68.18358, 44.32878 ], [ -68.18977, 44.31524 ] ] ], [ [ [ -68.24232, 44.31335 ], [ -68.24333, 44.31286 ], [ -68.24221, 44.31307 ], [ -68.24232, 44.31335 ] ] ], [ [ [ -68.30846, 44.3641 ], [ -68.30766, 44.36485 ], [ -68.30835, 44.36502 ], [ -68.30846, 44.3641 ] ] ], [ [ [ -68.2582, 44.37659 ], [ -68.25743, 44.37718 ], [ -68.25862, 44.3774 ], [ -68.2582, 44.37659 ] ] ], [ [ [ -68.23309, 44.37925 ], [ -68.23386, 44.37644 ], [ -68.2321, 44.38055 ], [ -68.23309, 44.37925 ] ] ], [ [ [ -68.2924, 44.37631 ], [ -68.29002, 44.37575 ], [ -68.28957, 44.37669 ], [ -68.2924, 44.37631 ] ] ], [ [ [ -68.2716, 44.37901 ], [ -68.27062, 44.37706 ], [ -68.26987, 44.3787 ], [ -68.2716, 44.37901 ] ] ], [ [ [ -68.18554, 44.3565 ], [ -68.18482, 44.35479 ], [ -68.1832, 44.35518 ], [ -68.18554, 44.3565 ] ] ], [ [ [ -68.24158, 44.37429 ], [ -68.23972, 44.37343 ], [ -68.23844, 44.37486 ], [ -68.24158, 44.37429 ] ] ], [ [ [ -68.21064, 44.3075 ], [ -68.21004, 44.30319 ], [ -68.20883, 44.30343 ], [ -68.21064, 44.3075 ] ] ], [ [ [ -68.27389, 44.39405 ], [ -68.26724, 44.39137 ], [ -68.26668, 44.39267 ], [ -68.27389, 44.39405 ] ] ], [ [ [ -68.2696, 44.38505 ], [ -68.2677, 44.3815 ], [ -68.26661, 44.38446 ], [ -68.2696, 44.38505 ] ] ], [ [ [ -68.24318, 44.40051 ], [ -68.24611, 44.39925 ], [ -68.23976, 44.40153 ], [ -68.24318, 44.40051 ] ] ], [ [ [ -68.27659, 44.36823 ], [ -68.27242, 44.37069 ], [ -68.27697, 44.37238 ], [ -68.27659, 44.36823 ] ] ], [ [ [ -68.26783, 44.40891 ], [ -68.26427, 44.40507 ], [ -68.26134, 44.406 ], [ -68.26783, 44.40891 ] ] ], [ [ [ -68.28965, 44.31422 ], [ -68.29172, 44.30936 ], [ -68.28978, 44.30832 ], [ -68.28622, 44.30954 ], [ -68.28965, 44.31422 ] ] ], [ [ [ -68.24015, 44.34934 ], [ -68.23918, 44.34144 ], [ -68.23428, 44.33558 ], [ -68.24015, 44.34934 ] ] ], [ [ [ -68.25942, 44.34021 ], [ -68.2603, 44.33319 ], [ -68.25485, 44.32266 ], [ -68.25005, 44.32387 ], [ -68.25247, 44.33472 ], [ -68.25942, 44.34021 ] ] ], [ [ [ -68.24685, 44.37653 ], [ -68.25272, 44.37716 ], [ -68.25697, 44.36064 ], [ -68.25247, 44.35016 ], [ -68.24567, 44.3538 ], [ -68.24685, 44.37653 ] ] ], [ [ [ -68.3915, 44.35223 ], [ -68.37657, 44.35871 ], [ -68.37434, 44.35377 ], [ -68.38078, 44.35395 ], [ -68.37274, 44.34396 ], [ -68.3761, 44.34156 ], [ -68.37502, 44.33535 ], [ -68.37911, 44.33294 ], [ -68.3715, 44.32616 ], [ -68.37044, 44.33281 ], [ -68.36572, 44.32989 ], [ -68.35227, 44.30026 ], [ -68.34729, 44.30154 ], [ -68.35113, 44.31517 ], [ -68.34332, 44.31616 ], [ -68.34251, 44.32195 ], [ -68.33808, 44.32363 ], [ -68.33357, 44.31433 ], [ -68.33319, 44.33184 ], [ -68.31567, 44.31831 ], [ -68.31905, 44.31017 ], [ -68.30884, 44.2979 ], [ -68.3131, 44.30006 ], [ -68.31866, 44.29874 ], [ -68.32933, 44.30394 ], [ -68.35675, 44.29193 ], [ -68.33938, 44.27929 ], [ -68.34716, 44.26904 ], [ -68.35404, 44.27214 ], [ -68.34607, 44.26632 ], [ -68.35044, 44.26036 ], [ -68.34437, 44.25936 ], [ -68.35049, 44.25454 ], [ -68.35352, 44.25912 ], [ -68.34975, 44.26249 ], [ -68.3634, 44.27148 ], [ -68.36755, 44.2585 ], [ -68.37428, 44.25844 ], [ -68.36599, 44.27246 ], [ -68.37501, 44.26857 ], [ -68.37574, 44.274 ], [ -68.38106, 44.27197 ], [ -68.39197, 44.27924 ], [ -68.38545, 44.27725 ], [ -68.38599, 44.28235 ], [ -68.37829, 44.277 ], [ -68.36411, 44.27754 ], [ -68.37825, 44.2771 ], [ -68.38661, 44.28284 ], [ -68.39218, 44.28211 ], [ -68.39616, 44.28582 ], [ -68.3926, 44.29225 ], [ -68.38211, 44.28965 ], [ -68.37848, 44.29521 ], [ -68.39473, 44.29524 ], [ -68.39447, 44.31163 ], [ -68.40325, 44.31617 ], [ -68.39692, 44.31601 ], [ -68.39651, 44.32762 ], [ -68.38899, 44.32866 ], [ -68.39582, 44.33335 ], [ -68.38233, 44.33959 ], [ -68.38157, 44.35034 ], [ -68.3915, 44.35223 ] ] ], [ [ [ -68.36672, 44.27504 ], [ -68.36757, 44.27421 ], [ -68.36473, 44.27423 ], [ -68.36672, 44.27504 ] ] ], [ [ [ -68.37379, 44.27458 ], [ -68.37193, 44.27434 ], [ -68.37151, 44.27557 ], [ -68.37379, 44.27458 ] ] ], [ [ [ -68.35093, 44.29951 ], [ -68.34788, 44.29649 ], [ -68.34682, 44.29804 ], [ -68.35093, 44.29951 ] ] ], [ [ [ -68.35458, 44.29769 ], [ -68.3521, 44.29783 ], [ -68.35738, 44.30002 ], [ -68.35458, 44.29769 ] ] ], [ [ [ -68.37699, 44.31347 ], [ -68.38839, 44.31069 ], [ -68.37607, 44.31233 ], [ -68.37699, 44.31347 ] ] ], [ [ [ -68.36893, 44.32519 ], [ -68.37376, 44.32199 ], [ -68.38099, 44.32467 ], [ -68.37848, 44.31993 ], [ -68.3725, 44.32072 ], [ -68.36893, 44.32519 ] ] ], [ [ [ -68.35855, 44.28995 ], [ -68.35597, 44.28235 ], [ -68.34828, 44.28196 ], [ -68.34817, 44.28477 ], [ -68.35855, 44.28995 ] ] ], [ [ [ -68.64039, 44.07019 ], [ -68.62994, 44.06647 ], [ -68.62901, 44.05627 ], [ -68.61047, 44.04835 ], [ -68.62481, 44.02099 ], [ -68.6491, 44.015 ], [ -68.65382, 44.00645 ], [ -68.66049, 44.01715 ], [ -68.65537, 44.02781 ], [ -68.64652, 44.02832 ], [ -68.65505, 44.02985 ], [ -68.65365, 44.03794 ], [ -68.63923, 44.04629 ], [ -68.64197, 44.05501 ], [ -68.63369, 44.06375 ], [ -68.64039, 44.07019 ] ] ], [ [ [ -68.07433, 44.37469 ], [ -68.06972, 44.37398 ], [ -68.06493, 44.36934 ], [ -68.06073, 44.37002 ], [ -68.05523, 44.35534 ], [ -68.03857, 44.36577 ], [ -68.04627, 44.35972 ], [ -68.04486, 44.338 ], [ -68.05354, 44.33844 ], [ -68.05853, 44.33188 ], [ -68.06798, 44.34108 ], [ -68.06029, 44.3438 ], [ -68.07644, 44.3471 ], [ -68.07786, 44.36931 ], [ -68.07687, 44.37388 ], [ -68.07433, 44.37469 ] ] ], [ [ [ -68.33649, 44.24727 ], [ -68.32709, 44.25715 ], [ -68.31598, 44.25364 ], [ -68.31247, 44.24559 ], [ -68.29919, 44.24288 ], [ -68.3225, 44.23918 ], [ -68.31662, 44.2257 ], [ -68.32548, 44.23089 ], [ -68.32159, 44.22436 ], [ -68.33605, 44.22174 ], [ -68.34168, 44.2257 ], [ -68.32929, 44.22738 ], [ -68.33196, 44.23167 ], [ -68.32651, 44.2325 ], [ -68.34095, 44.25292 ], [ -68.33649, 44.24727 ] ] ], [ [ [ -68.32378, 44.2478 ], [ -68.32159, 44.24669 ], [ -68.32257, 44.24816 ], [ -68.32378, 44.2478 ] ] ], [ [ [ -68.31952, 44.42622 ], [ -68.3172, 44.4179 ], [ -68.3077, 44.4171 ], [ -68.31545, 44.4103 ], [ -68.32815, 44.42122 ], [ -68.31952, 44.42622 ] ] ], [ [ [ -68.62803, 44.06398 ], [ -68.60974, 44.05958 ], [ -68.61223, 44.05315 ], [ -68.62803, 44.06398 ] ] ], [ [ [ -68.34794, 44.35687 ], [ -68.34278, 44.35285 ], [ -68.34859, 44.34569 ], [ -68.35513, 44.34646 ], [ -68.34794, 44.35687 ] ] ], [ [ [ -68.33909, 44.27061 ], [ -68.3438, 44.25651 ], [ -68.34498, 44.26589 ], [ -68.34775, 44.26729 ], [ -68.34423, 44.26841 ], [ -68.34464, 44.26971 ], [ -68.33909, 44.27061 ] ] ], [ [ [ -68.19713, 44.24669 ], [ -68.19241, 44.2393 ], [ -68.19988, 44.2367 ], [ -68.2051, 44.24252 ], [ -68.20302, 44.24519 ], [ -68.19713, 44.24669 ] ] ], [ [ [ -68.20149, 44.24286 ], [ -68.20138, 44.24268 ], [ -68.20118, 44.24276 ], [ -68.20149, 44.24286 ] ] ], [ [ [ -68.2034, 44.24457 ], [ -68.20305, 44.24474 ], [ -68.20334, 44.24478 ], [ -68.2034, 44.24457 ] ] ], [ [ [ -68.20261, 44.24373 ], [ -68.20253, 44.24344 ], [ -68.20222, 44.24354 ], [ -68.20261, 44.24373 ] ] ], [ [ [ -68.62831, 44.07684 ], [ -68.61391, 44.07605 ], [ -68.61439, 44.06748 ], [ -68.62507, 44.06941 ], [ -68.62831, 44.07684 ] ] ], [ [ [ -68.61282, 44.02063 ], [ -68.61054, 44.01306 ], [ -68.61614, 44.00946 ], [ -68.61995, 44.01671 ], [ -68.61282, 44.02063 ] ] ], [ [ [ -68.16928, 44.40258 ], [ -68.15679, 44.41006 ], [ -68.16493, 44.4005 ], [ -68.16928, 44.40258 ] ] ], [ [ [ -68.36704, 44.42983 ], [ -68.35463, 44.42406 ], [ -68.35997, 44.42044 ], [ -68.36704, 44.42983 ] ] ], [ [ [ -68.19206, 44.37621 ], [ -68.18769, 44.36631 ], [ -68.1904, 44.36486 ], [ -68.19749, 44.37405 ], [ -68.19206, 44.37621 ] ] ], [ [ [ -68.20687, 44.37466 ], [ -68.20032, 44.3713 ], [ -68.1989, 44.3644 ], [ -68.2036, 44.36632 ], [ -68.20687, 44.37466 ] ] ], [ [ [ -68.03569, 44.33349 ], [ -68.03005, 44.33361 ], [ -68.03252, 44.32506 ], [ -68.03569, 44.33349 ] ] ], [ [ [ -68.24673, 44.31237 ], [ -68.24148, 44.30544 ], [ -68.23993, 44.2958 ], [ -68.24673, 44.31237 ] ] ], [ [ [ -68.32513, 44.41257 ], [ -68.32017, 44.40623 ], [ -68.32756, 44.41046 ], [ -68.32513, 44.41257 ] ] ], [ [ [ -68.05216, 44.33775 ], [ -68.04487, 44.33568 ], [ -68.04922, 44.33043 ], [ -68.05221, 44.33348 ], [ -68.05216, 44.33775 ] ] ], [ [ [ -68.47237, 44.10304 ], [ -68.47614, 44.09949 ], [ -68.47747, 44.10191 ], [ -68.47237, 44.10304 ] ] ], [ [ [ -68.40001, 44.33407 ], [ -68.40374, 44.33184 ], [ -68.40869, 44.33191 ], [ -68.4073, 44.33499 ], [ -68.40001, 44.33407 ] ] ], [ [ [ -68.20767, 44.39795 ], [ -68.20288, 44.40012 ], [ -68.20151, 44.39802 ], [ -68.20767, 44.39795 ] ] ], [ [ [ -68.28612, 44.42147 ], [ -68.28415, 44.42308 ], [ -68.28596, 44.41741 ], [ -68.28612, 44.42147 ] ] ], [ [ [ -68.07491, 44.37646 ], [ -68.07161, 44.37627 ], [ -68.0708, 44.37459 ], [ -68.07714, 44.37373 ], [ -68.07491, 44.37646 ] ] ], [ [ [ -68.40133, 44.29161 ], [ -68.39891, 44.28602 ], [ -68.40084, 44.28627 ], [ -68.40133, 44.29161 ] ] ], [ [ [ -68.65567, 44.00592 ], [ -68.65329, 44.0041 ], [ -68.65574, 44.00344 ], [ -68.65567, 44.00592 ] ] ], [ [ [ -68.19975, 44.36386 ], [ -68.2032, 44.36202 ], [ -68.20288, 44.36542 ], [ -68.19975, 44.36386 ] ] ], [ [ [ -68.06831, 44.34337 ], [ -68.06933, 44.34111 ], [ -68.07123, 44.34245 ], [ -68.06831, 44.34337 ] ] ], [ [ [ -68.29549, 44.4172 ], [ -68.29784, 44.41757 ], [ -68.29755, 44.42175 ], [ -68.29549, 44.4172 ] ] ], [ [ [ -68.15465, 44.4136 ], [ -68.15557, 44.41081 ], [ -68.15677, 44.41341 ], [ -68.15465, 44.4136 ] ] ], [ [ [ -68.34045, 44.25623 ], [ -68.33833, 44.256 ], [ -68.341, 44.25313 ], [ -68.34045, 44.25623 ] ] ], [ [ [ -68.20715, 44.37556 ], [ -68.20781, 44.37054 ], [ -68.20813, 44.37321 ], [ -68.20715, 44.37556 ] ] ], [ [ [ -68.0417, 44.35138 ], [ -68.03955, 44.34899 ], [ -68.04132, 44.3493 ], [ -68.0417, 44.35138 ] ] ], [ [ [ -68.3222, 44.35505 ], [ -68.32356, 44.35677 ], [ -68.32175, 44.35641 ], [ -68.3222, 44.35505 ] ] ], [ [ [ -68.20504, 44.39791 ], [ -68.20346, 44.39722 ], [ -68.20746, 44.39689 ], [ -68.20504, 44.39791 ] ] ], [ [ [ -68.26992, 44.2847 ], [ -68.26882, 44.28238 ], [ -68.2706, 44.28334 ], [ -68.26992, 44.2847 ] ] ], [ [ [ -68.34141, 44.2514 ], [ -68.34288, 44.2522 ], [ -68.34127, 44.2528 ], [ -68.34141, 44.2514 ] ] ], [ [ [ -68.34002, 44.25323 ], [ -68.33698, 44.25199 ], [ -68.33857, 44.25145 ], [ -68.34002, 44.25323 ] ] ], [ [ [ -68.06966, 44.37562 ], [ -68.06909, 44.37634 ], [ -68.06812, 44.37519 ], [ -68.06966, 44.37562 ] ] ], [ [ [ -68.23969, 44.40885 ], [ -68.23472, 44.40582 ], [ -68.23499, 44.40549 ], [ -68.23969, 44.40885 ] ] ], [ [ [ -68.31011, 44.4207 ], [ -68.30869, 44.4191 ], [ -68.31098, 44.41976 ], [ -68.31011, 44.4207 ] ] ], [ [ [ -68.32591, 44.42523 ], [ -68.32584, 44.42394 ], [ -68.32694, 44.42468 ], [ -68.32591, 44.42523 ] ] ], [ [ [ -68.23949, 44.2623 ], [ -68.2402, 44.26143 ], [ -68.24087, 44.26182 ], [ -68.23949, 44.2623 ] ] ], [ [ [ -68.34764, 44.25382 ], [ -68.34808, 44.25249 ], [ -68.34889, 44.2529 ], [ -68.34764, 44.25382 ] ] ], [ [ [ -68.20708, 44.37415 ], [ -68.20607, 44.36984 ], [ -68.20688, 44.37012 ], [ -68.20708, 44.37415 ] ] ], [ [ [ -68.30035, 44.2397 ], [ -68.3017, 44.24005 ], [ -68.30108, 44.24045 ], [ -68.30035, 44.2397 ] ] ], [ [ [ -68.3741, 44.34111 ], [ -68.37471, 44.34099 ], [ -68.37445, 44.3419 ], [ -68.3741, 44.34111 ] ] ], [ [ [ -68.0702, 44.37538 ], [ -68.07094, 44.37594 ], [ -68.06979, 44.37603 ], [ -68.0702, 44.37538 ] ] ], [ [ [ -68.39768, 44.2829 ], [ -68.3974, 44.28343 ], [ -68.39641, 44.28316 ], [ -68.39768, 44.2829 ] ] ], [ [ [ -68.34917, 44.25202 ], [ -68.34901, 44.25268 ], [ -68.34845, 44.25241 ], [ -68.34917, 44.25202 ] ] ], [ [ [ -68.30176, 44.33749 ], [ -68.30092, 44.33786 ], [ -68.30089, 44.33742 ], [ -68.30176, 44.33749 ] ] ], [ [ [ -68.34957, 44.25266 ], [ -68.35042, 44.2527 ], [ -68.34989, 44.25308 ], [ -68.34957, 44.25266 ] ] ], [ [ [ -68.23493, 44.40474 ], [ -68.23411, 44.40452 ], [ -68.23467, 44.40435 ], [ -68.23493, 44.40474 ] ] ], [ [ [ -68.2064, 44.37688 ], [ -68.20572, 44.37719 ], [ -68.20564, 44.37688 ], [ -68.2064, 44.37688 ] ] ], [ [ [ -68.2054, 44.3757 ], [ -68.20481, 44.37545 ], [ -68.20533, 44.37539 ], [ -68.2054, 44.3757 ] ] ], [ [ [ -68.29825, 44.34034 ], [ -68.29776, 44.3404 ], [ -68.29766, 44.34012 ], [ -68.29825, 44.34034 ] ] ], [ [ [ -68.18229, 44.3555 ], [ -68.1823, 44.35613 ], [ -68.18207, 44.35572 ], [ -68.18229, 44.3555 ] ] ], [ [ [ -68.31375, 44.29872 ], [ -68.31357, 44.29908 ], [ -68.31324, 44.29898 ], [ -68.31375, 44.29872 ] ] ], [ [ [ -68.25077, 44.4119 ], [ -68.25066, 44.41214 ], [ -68.25037, 44.41193 ], [ -68.25077, 44.4119 ] ] ], [ [ [ -68.31299, 44.2997 ], [ -68.31284, 44.29975 ], [ -68.31259, 44.29938 ], [ -68.31299, 44.2997 ] ] ], [ [ [ -68.34226, 44.25351 ], [ -68.34215, 44.25376 ], [ -68.34216, 44.25343 ], [ -68.34226, 44.25351 ] ] ] ] } },
{ "type": "Feature", "properties": { "nationalParkName": "Arches National Park", "name": "Arches National Park", "unitCode": "ARCH", "unitType": "National Parks", "state": "UT", "parkName": "Arches", "source": "National Park Service Land Resources Division", "sourceLayerUrl": "https://services1.arcgis.com/fBc8EJBxQRMcHlei/ArcGIS/rest/services/NPS_Land_Resources_Division_Boundary_and_Tract_Data_Service/FeatureServer/2" }, "geometry": { "type": "Polygon", "coordinates": [ [ [ -109.66672, 38.84694 ], [ -109.66687, 38.83174 ], [ -109.63544, 38.83175 ], [ -109.63544, 38.8245 ], [ -109.61699, 38.82451 ], [ -109.61698, 38.81726 ], [ -109.59843, 38.81735 ], [ -109.59842, 38.81011 ], [ -109.57991, 38.81009 ], [ -109.57991, 38.79555 ], [ -109.5525, 38.7972 ], [ -109.55478, 38.8101 ], [ -109.5432, 38.79809 ], [ -109.53847, 38.81131 ], [ -109.53667, 38.80373 ], [ -109.52741, 38.8025 ], [ -109.53828, 38.79438 ], [ -109.52417, 38.78515 ], [ -109.52456, 38.7788 ], [ -109.51652, 38.79676 ], [ -109.4935, 38.80038 ], [ -109.49568, 38.79503 ], [ -109.51025, 38.79242 ], [ -109.51018, 38.78588 ], [ -109.49179, 38.78747 ], [ -109.48924, 38.77919 ], [ -109.50594, 38.78234 ], [ -109.50755, 38.77565 ], [ -109.49753, 38.77403 ], [ -109.50523, 38.77009 ], [ -109.51892, 38.77413 ], [ -109.50848, 38.76856 ], [ -109.50968, 38.7606 ], [ -109.48199, 38.76061 ], [ -109.48174, 38.73885 ], [ -109.49099, 38.73884 ], [ -109.49096, 38.72436 ], [ -109.51404, 38.72441 ], [ -109.51403, 38.71717 ], [ -109.50942, 38.71715 ], [ -109.5094, 38.69904 ], [ -109.50018, 38.69179 ], [ -109.50592, 38.64625 ], [ -109.47772, 38.64519 ], [ -109.4879, 38.63363 ], [ -109.53886, 38.61003 ], [ -109.55708, 38.61489 ], [ -109.56433, 38.60317 ], [ -109.60126, 38.60605 ], [ -109.61498, 38.61568 ], [ -109.63504, 38.61853 ], [ -109.64419, 38.66638 ], [ -109.65346, 38.66636 ], [ -109.6534, 38.68799 ], [ -109.635, 38.68808 ], [ -109.63512, 38.73877 ], [ -109.67197, 38.7449 ], [ -109.67228, 38.75929 ], [ -109.68545, 38.75931 ], [ -109.68551, 38.77376 ], [ -109.69472, 38.77383 ], [ -109.69468, 38.8028 ], [ -109.6854, 38.80271 ], [ -109.68542, 38.8246 ], [ -109.69465, 38.8246 ], [ -109.69463, 38.83185 ], [ -109.71321, 38.83916 ], [ -109.71317, 38.84691 ], [ -109.66672, 38.84694 ] ] ] } },
{ "type": "Feature", "properties": { "nationalParkName": "Badlands National Park", "name": "Badlands National Park", "unitCode": "BADL", "unitType": "National Parks", "state": "SD", "parkName": "Badlands", "source": "National Park Service Land Resources Division", "sourceLayerUrl": "https://services1.arcgis.com/fBc8EJBxQRMcHlei/ArcGIS/rest/services/NPS_Land_Resources_Division_Boundary_and_Tract_Data_Service/FeatureServer/2" }, "geometry": { "type": "MultiPolygon", "coordinates": [ [ [ [ -102.3434, 43.92232 ], [ -102.33842, 43.91507 ], [ -102.27837, 43.90766 ], [ -102.27835, 43.90044 ], [ -102.2683, 43.9004 ], [ -102.2683, 43.89313 ], [ -102.25827, 43.89312 ], [ -102.25828, 43.88588 ], [ -102.21868, 43.88589 ], [ -102.21866, 43.87865 ], [ -102.19864, 43.87863 ], [ -102.19861, 43.86415 ], [ -102.17865, 43.86413 ], [ -102.17865, 43.85688 ], [ -102.15859, 43.85686 ], [ -102.1586, 43.82064 ], [ -102.13856, 43.82065 ], [ -102.12924, 43.80625 ], [ -102.02931, 43.80639 ], [ -102.0151, 43.79551 ], [ -101.98837, 43.80272 ], [ -101.97969, 43.79205 ], [ -101.96966, 43.79205 ], [ -101.96964, 43.78478 ], [ -101.90966, 43.78483 ], [ -101.90973, 43.80294 ], [ -101.90422, 43.80298 ], [ -101.90653, 43.79213 ], [ -101.8902, 43.7922 ], [ -101.88979, 43.74876 ], [ -101.89962, 43.74871 ], [ -101.89966, 43.74146 ], [ -101.91972, 43.74142 ], [ -101.91971, 43.73418 ], [ -101.93959, 43.73229 ], [ -101.94464, 43.74134 ], [ -101.99944, 43.74119 ], [ -101.99955, 43.74842 ], [ -102.01923, 43.74844 ], [ -102.01923, 43.76287 ], [ -102.06893, 43.76297 ], [ -102.06903, 43.75573 ], [ -102.09903, 43.75578 ], [ -102.09899, 43.76302 ], [ -102.13862, 43.76321 ], [ -102.13859, 43.77771 ], [ -102.1586, 43.77756 ], [ -102.15858, 43.79205 ], [ -102.16858, 43.79205 ], [ -102.16863, 43.79928 ], [ -102.17863, 43.79928 ], [ -102.17869, 43.80652 ], [ -102.1887, 43.80647 ], [ -102.1887, 43.8137 ], [ -102.19873, 43.81366 ], [ -102.19874, 43.82064 ], [ -102.22874, 43.82068 ], [ -102.22876, 43.82793 ], [ -102.25836, 43.82794 ], [ -102.25837, 43.82072 ], [ -102.29822, 43.8209 ], [ -102.29843, 43.79893 ], [ -102.28846, 43.79532 ], [ -102.28847, 43.78817 ], [ -102.29846, 43.78446 ], [ -102.29846, 43.77722 ], [ -102.33849, 43.77719 ], [ -102.33846, 43.76272 ], [ -102.3777, 43.76282 ], [ -102.37769, 43.7493 ], [ -102.42247, 43.74922 ], [ -102.42252, 43.77097 ], [ -102.45745, 43.7709 ], [ -102.45746, 43.7492 ], [ -102.47744, 43.74924 ], [ -102.47742, 43.74199 ], [ -102.49704, 43.74199 ], [ -102.49704, 43.73475 ], [ -102.52703, 43.73468 ], [ -102.52691, 43.70574 ], [ -102.53692, 43.70571 ], [ -102.53558, 43.67255 ], [ -102.54059, 43.66534 ], [ -102.55556, 43.66535 ], [ -102.5555, 43.62922 ], [ -102.56546, 43.62925 ], [ -102.56549, 43.65096 ], [ -102.59537, 43.65105 ], [ -102.5954, 43.66549 ], [ -102.61501, 43.66555 ], [ -102.61498, 43.65112 ], [ -102.62495, 43.65112 ], [ -102.62495, 43.64388 ], [ -102.63991, 43.64389 ], [ -102.62992, 43.6294 ], [ -102.6299, 43.60767 ], [ -102.61496, 43.59317 ], [ -102.5953, 43.59313 ], [ -102.59536, 43.54963 ], [ -102.54549, 43.5497 ], [ -102.54551, 43.53522 ], [ -102.53555, 43.53521 ], [ -102.53556, 43.52077 ], [ -102.49582, 43.52075 ], [ -102.49578, 43.52796 ], [ -102.47627, 43.5279 ], [ -102.4762, 43.50986 ], [ -102.59525, 43.50627 ], [ -102.59523, 43.49903 ], [ -102.61501, 43.49908 ], [ -102.615, 43.50631 ], [ -102.63485, 43.51355 ], [ -102.63485, 43.53887 ], [ -102.68965, 43.53889 ], [ -102.68966, 43.54976 ], [ -102.67967, 43.54976 ], [ -102.67973, 43.56062 ], [ -102.70463, 43.56065 ], [ -102.72944, 43.53527 ], [ -102.77412, 43.53534 ], [ -102.78407, 43.54258 ], [ -102.80399, 43.54261 ], [ -102.80394, 43.5209 ], [ -102.79398, 43.52088 ], [ -102.79396, 43.51092 ], [ -102.81381, 43.49921 ], [ -102.82147, 43.48562 ], [ -102.86191, 43.48224 ], [ -102.898, 43.5159 ], [ -102.88347, 43.53184 ], [ -102.87352, 43.53184 ], [ -102.87353, 43.53908 ], [ -102.88348, 43.5427 ], [ -102.88346, 43.55718 ], [ -102.8934, 43.56442 ], [ -102.88845, 43.65125 ], [ -102.7941, 43.65124 ], [ -102.79413, 43.68757 ], [ -102.60658, 43.68744 ], [ -102.60669, 43.73466 ], [ -102.55692, 43.73471 ], [ -102.5569, 43.74195 ], [ -102.537, 43.74194 ], [ -102.53701, 43.74918 ], [ -102.51204, 43.7492 ], [ -102.51206, 43.76727 ], [ -102.50205, 43.76727 ], [ -102.50205, 43.7781 ], [ -102.48752, 43.78891 ], [ -102.41778, 43.79273 ], [ -102.41761, 43.83571 ], [ -102.44756, 43.83578 ], [ -102.44756, 43.87922 ], [ -102.43771, 43.8792 ], [ -102.43763, 43.91887 ], [ -102.3434, 43.92232 ] ] ], [ [ [ -102.31727, 43.57796 ], [ -102.2774, 43.57795 ], [ -102.27755, 43.52735 ], [ -102.28748, 43.52731 ], [ -102.2876, 43.48391 ], [ -102.30748, 43.48389 ], [ -102.3075, 43.47677 ], [ -102.37712, 43.47699 ], [ -102.3771, 43.48414 ], [ -102.42666, 43.48438 ], [ -102.42664, 43.49883 ], [ -102.44644, 43.49889 ], [ -102.44648, 43.52776 ], [ -102.39667, 43.52757 ], [ -102.39668, 43.53474 ], [ -102.36709, 43.53464 ], [ -102.36719, 43.56363 ], [ -102.35722, 43.56356 ], [ -102.35719, 43.57078 ], [ -102.3173, 43.57073 ], [ -102.31727, 43.57796 ] ] ] ] } },
{ "type": "Feature", "properties": { "nationalParkName": "Big Bend National Park", "name": "Big Bend National Park", "unitCode": "BIBE", "unitType": "National Parks", "state": "TX", "parkName": "Big Bend", "source": "National Park Service Land Resources Division", "sourceLayerUrl": "https://services1.arcgis.com/fBc8EJBxQRMcHlei/ArcGIS/rest/services/NPS_Land_Resources_Division_Boundary_and_Tract_Data_Service/FeatureServer/2" }, "geometry": { "type": "Polygon", "coordinates": [ [ [ -103.18153, 29.65118 ], [ -103.17367, 29.68049 ], [ -103.15699, 29.68066 ], [ -103.1566, 29.66623 ], [ -103.13992, 29.6661 ], [ -103.13953, 29.65134 ], [ -103.12291, 29.65142 ], [ -103.12253, 29.63691 ], [ -103.10582, 29.63699 ], [ -103.10588, 29.62252 ], [ -103.08959, 29.62258 ], [ -103.0893, 29.60805 ], [ -103.05652, 29.60814 ], [ -103.0562, 29.59365 ], [ -103.03972, 29.59421 ], [ -103.03717, 29.53617 ], [ -103.02056, 29.53671 ], [ -103.01984, 29.52223 ], [ -103.00309, 29.52278 ], [ -103.00016, 29.45191 ], [ -102.98343, 29.45243 ], [ -102.98241, 29.42363 ], [ -102.94905, 29.42459 ], [ -102.94848, 29.41017 ], [ -102.91538, 29.41112 ], [ -102.91473, 29.39489 ], [ -102.86494, 29.39646 ], [ -102.86948, 29.37635 ], [ -102.8414, 29.37708 ], [ -102.84546, 29.36506 ], [ -102.83939, 29.35948 ], [ -102.88352, 29.34957 ], [ -102.88008, 29.33771 ], [ -102.89315, 29.30895 ], [ -102.88823, 29.29303 ], [ -102.90357, 29.27827 ], [ -102.89926, 29.26939 ], [ -102.90409, 29.25535 ], [ -102.87176, 29.24184 ], [ -102.86747, 29.22374 ], [ -102.89563, 29.20847 ], [ -102.91252, 29.21933 ], [ -102.91776, 29.1905 ], [ -102.93223, 29.19468 ], [ -102.93872, 29.18831 ], [ -102.94481, 29.19097 ], [ -102.95057, 29.1732 ], [ -102.97656, 29.18646 ], [ -102.99661, 29.17843 ], [ -102.99597, 29.16065 ], [ -103.0159, 29.13499 ], [ -103.01498, 29.12781 ], [ -103.03805, 29.11419 ], [ -103.03386, 29.1009 ], [ -103.04499, 29.09531 ], [ -103.05435, 29.10088 ], [ -103.06436, 29.09153 ], [ -103.07739, 29.09125 ], [ -103.07695, 29.07585 ], [ -103.08742, 29.06728 ], [ -103.08587, 29.05388 ], [ -103.09394, 29.06508 ], [ -103.10148, 29.05944 ], [ -103.10665, 29.03862 ], [ -103.0981, 29.02583 ], [ -103.11729, 29.00042 ], [ -103.11594, 28.98479 ], [ -103.13507, 28.98358 ], [ -103.15366, 28.9716 ], [ -103.20202, 28.98717 ], [ -103.22053, 28.98327 ], [ -103.22768, 28.99175 ], [ -103.23692, 28.98205 ], [ -103.24901, 28.98061 ], [ -103.26789, 28.99624 ], [ -103.27359, 28.98252 ], [ -103.28148, 28.98097 ], [ -103.28654, 29.00113 ], [ -103.31051, 29.01004 ], [ -103.30802, 29.02482 ], [ -103.32639, 29.01629 ], [ -103.33896, 29.02029 ], [ -103.34202, 29.02838 ], [ -103.32741, 29.03233 ], [ -103.32719, 29.03903 ], [ -103.34092, 29.04597 ], [ -103.36042, 29.01822 ], [ -103.38666, 29.02148 ], [ -103.38793, 29.03354 ], [ -103.40036, 29.03112 ], [ -103.40465, 29.03915 ], [ -103.41566, 29.03789 ], [ -103.44758, 29.06267 ], [ -103.44977, 29.07241 ], [ -103.47054, 29.06629 ], [ -103.4748, 29.09074 ], [ -103.49445, 29.10855 ], [ -103.49951, 29.10692 ], [ -103.5, 29.11538 ], [ -103.52392, 29.12119 ], [ -103.52445, 29.13719 ], [ -103.53984, 29.1463 ], [ -103.55091, 29.14382 ], [ -103.5537, 29.15815 ], [ -103.5784, 29.14945 ], [ -103.59349, 29.15003 ], [ -103.60951, 29.16564 ], [ -103.65123, 29.15694 ], [ -103.65936, 29.17084 ], [ -103.69681, 29.17699 ], [ -103.70475, 29.18502 ], [ -103.71837, 29.18085 ], [ -103.74258, 29.20872 ], [ -103.74238, 29.22181 ], [ -103.75731, 29.22074 ], [ -103.75949, 29.23371 ], [ -103.76968, 29.22061 ], [ -103.78192, 29.22674 ], [ -103.78115, 29.24263 ], [ -103.77019, 29.24281 ], [ -103.77046, 29.25574 ], [ -103.7622, 29.25587 ], [ -103.76209, 29.25062 ], [ -103.74745, 29.25182 ], [ -103.74732, 29.24572 ], [ -103.66223, 29.24889 ], [ -103.66784, 29.24276 ], [ -103.62936, 29.21572 ], [ -103.61912, 29.22698 ], [ -103.60636, 29.21798 ], [ -103.59583, 29.22952 ], [ -103.58372, 29.22067 ], [ -103.54956, 29.25791 ], [ -103.53852, 29.25813 ], [ -103.53982, 29.30122 ], [ -103.50564, 29.30149 ], [ -103.50733, 29.34543 ], [ -103.45766, 29.3465 ], [ -103.45776, 29.37578 ], [ -103.44117, 29.37612 ], [ -103.4416, 29.39064 ], [ -103.4255, 29.39071 ], [ -103.42618, 29.40507 ], [ -103.39281, 29.40572 ], [ -103.39315, 29.42035 ], [ -103.2885, 29.42346 ], [ -103.29097, 29.46681 ], [ -103.25524, 29.46763 ], [ -103.25316, 29.5195 ], [ -103.26932, 29.51936 ], [ -103.27259, 29.51198 ], [ -103.31907, 29.534 ], [ -103.33569, 29.53353 ], [ -103.34283, 29.60538 ], [ -103.33833, 29.62066 ], [ -103.32167, 29.62102 ], [ -103.30531, 29.63614 ], [ -103.30647, 29.69443 ], [ -103.24106, 29.69485 ], [ -103.24062, 29.68015 ], [ -103.2239, 29.68024 ], [ -103.22347, 29.66572 ], [ -103.18997, 29.66584 ], [ -103.18954, 29.65117 ], [ -103.18153, 29.65118 ] ] ] } },
{ "type": "Feature", "properties": { "nationalParkName": "Biscayne National Park", "name": "Biscayne National Park", "unitCode": "BISC", "unitType": "National Parks", "state": "FL", "parkName": "Biscayne", "source": "National Park Service Land Resources Division", "sourceLayerUrl": "https://services1.arcgis.com/fBc8EJBxQRMcHlei/ArcGIS/rest/services/NPS_Land_Resources_Division_Boundary_and_Tract_Data_Service/FeatureServer/2" }, "geometry": { "type": "Polygon", "coordinates": [ [ [ -80.33205, 25.45956 ], [ -80.34661, 25.46288 ], [ -80.34678, 25.48192 ], [ -80.34215, 25.48193 ], [ -80.33524, 25.52989 ], [ -80.3315, 25.53709 ], [ -80.32397, 25.53603 ], [ -80.32916, 25.54435 ], [ -80.31393, 25.55219 ], [ -80.30736, 25.57248 ], [ -80.30925, 25.60723 ], [ -80.22013, 25.59601 ], [ -80.20098, 25.67112 ], [ -80.17825, 25.67112 ], [ -80.13428, 25.64493 ], [ -80.08944, 25.64465 ], [ -80.10226, 25.50019 ], [ -80.15405, 25.30815 ], [ -80.16515, 25.29144 ], [ -80.21008, 25.33638 ], [ -80.24386, 25.3353 ], [ -80.25593, 25.35144 ], [ -80.28246, 25.36649 ], [ -80.3107, 25.37262 ], [ -80.31497, 25.36704 ], [ -80.31548, 25.37362 ], [ -80.33173, 25.37713 ], [ -80.33143, 25.41874 ], [ -80.3223, 25.41884 ], [ -80.31643, 25.43802 ], [ -80.32746, 25.44647 ], [ -80.3472, 25.44643 ], [ -80.3396, 25.45064 ], [ -80.34372, 25.46134 ], [ -80.33205, 25.45956 ] ] ] } },
{ "type": "Feature", "properties": { "nationalParkName": "Black Canyon of the Gunnison National Park", "name": "Black Canyon of the Gunnison National Park", "unitCode": "BLCA", "unitType": "National Parks", "state": "CO", "parkName": "Black Canyon of the Gunnison", "source": "National Park Service Land Resources Division", "sourceLayerUrl": "https://services1.arcgis.com/fBc8EJBxQRMcHlei/ArcGIS/rest/services/NPS_Land_Resources_Division_Boundary_and_Tract_Data_Service/FeatureServer/2" }, "geometry": { "type": "MultiPolygon", "coordinates": [ [ [ [ -107.78279, 38.61995 ], [ -107.76649, 38.62024 ], [ -107.76681, 38.61308 ], [ -107.73286, 38.6133 ], [ -107.73298, 38.59894 ], [ -107.70374, 38.5987 ], [ -107.68524, 38.60976 ], [ -107.68489, 38.62075 ], [ -107.65247, 38.62059 ], [ -107.64791, 38.59137 ], [ -107.66657, 38.59124 ], [ -107.67119, 38.59866 ], [ -107.67187, 38.58047 ], [ -107.65285, 38.57667 ], [ -107.64344, 38.5803 ], [ -107.63506, 38.55845 ], [ -107.62554, 38.55843 ], [ -107.63679, 38.53922 ], [ -107.61837, 38.53197 ], [ -107.61838, 38.52473 ], [ -107.6553, 38.52833 ], [ -107.65532, 38.5175 ], [ -107.66911, 38.51749 ], [ -107.67371, 38.52473 ], [ -107.69673, 38.52835 ], [ -107.69246, 38.53922 ], [ -107.71165, 38.53195 ], [ -107.72094, 38.54496 ], [ -107.716, 38.55575 ], [ -107.78872, 38.55513 ], [ -107.80153, 38.57624 ], [ -107.82946, 38.58248 ], [ -107.82644, 38.64128 ], [ -107.80778, 38.64124 ], [ -107.78279, 38.61995 ] ] ], [ [ [ -107.63687, 38.51748 ], [ -107.63228, 38.503 ], [ -107.64609, 38.503 ], [ -107.64149, 38.51024 ], [ -107.65069, 38.51025 ], [ -107.65071, 38.51749 ], [ -107.63687, 38.51748 ] ] ] ] } },
{ "type": "Feature", "properties": { "nationalParkName": "Bryce Canyon National Park", "name": "Bryce Canyon National Park", "unitCode": "BRCA", "unitType": "National Parks", "state": "UT", "parkName": "Bryce Canyon", "source": "National Park Service Land Resources Division", "sourceLayerUrl": "https://services1.arcgis.com/fBc8EJBxQRMcHlei/ArcGIS/rest/services/NPS_Land_Resources_Division_Boundary_and_Tract_Data_Service/FeatureServer/2" }, "geometry": { "type": "Polygon", "coordinates": [ [ [ -112.13347, 37.61538 ], [ -112.1289, 37.56486 ], [ -112.21059, 37.56584 ], [ -112.21039, 37.55135 ], [ -112.21949, 37.55136 ], [ -112.21951, 37.54409 ], [ -112.23774, 37.54407 ], [ -112.23769, 37.52207 ], [ -112.24682, 37.5221 ], [ -112.24679, 37.49319 ], [ -112.21494, 37.49325 ], [ -112.21493, 37.45703 ], [ -112.22857, 37.45705 ], [ -112.22985, 37.44213 ], [ -112.26615, 37.44209 ], [ -112.26505, 37.49332 ], [ -112.27411, 37.49331 ], [ -112.27388, 37.54407 ], [ -112.25593, 37.54409 ], [ -112.22866, 37.59483 ], [ -112.21043, 37.60208 ], [ -112.21041, 37.61294 ], [ -112.18311, 37.61659 ], [ -112.1838, 37.64456 ], [ -112.13875, 37.66275 ], [ -112.14565, 37.68104 ], [ -112.13877, 37.68108 ], [ -112.13881, 37.69553 ], [ -112.08418, 37.69927 ], [ -112.08325, 37.66264 ], [ -112.09697, 37.66261 ], [ -112.10149, 37.63357 ], [ -112.11058, 37.63357 ], [ -112.11056, 37.62273 ], [ -112.11962, 37.62278 ], [ -112.1197, 37.61544 ], [ -112.13347, 37.61538 ] ] ] } },
{ "type": "Feature", "properties": { "nationalParkName": "Canyonlands National Park", "name": "Canyonlands National Park", "unitCode": "CANY", "unitType": "National Parks", "state": "UT", "parkName": "Canyonlands", "source": "National Park Service Land Resources Division", "sourceLayerUrl": "https://services1.arcgis.com/fBc8EJBxQRMcHlei/ArcGIS/rest/services/NPS_Land_Resources_Division_Boundary_and_Tract_Data_Service/FeatureServer/2" }, "geometry": { "type": "MultiPolygon", "coordinates": [ [ [ [ -109.77465, 38.5075 ], [ -109.76895, 38.5008 ], [ -109.77142, 38.44595 ], [ -109.73525, 38.42825 ], [ -109.73208, 38.42274 ], [ -109.73974, 38.41693 ], [ -109.72555, 38.4169 ], [ -109.72551, 38.34447 ], [ -109.75303, 38.34448 ], [ -109.75308, 38.2937 ], [ -109.78058, 38.29376 ], [ -109.78055, 38.25751 ], [ -109.78974, 38.2575 ], [ -109.78903, 38.20641 ], [ -109.77985, 38.2064 ], [ -109.77985, 38.19917 ], [ -109.7616, 38.19922 ], [ -109.76158, 38.18476 ], [ -109.74319, 38.18481 ], [ -109.74319, 38.17033 ], [ -109.70654, 38.17036 ], [ -109.70652, 38.12687 ], [ -109.68235, 38.12688 ], [ -109.68222, 38.01792 ], [ -109.66395, 38.0179 ], [ -109.66393, 37.99267 ], [ -109.67225, 37.99051 ], [ -109.67379, 37.98307 ], [ -109.66946, 37.96422 ], [ -109.68915, 37.96483 ], [ -109.691, 37.97126 ], [ -109.70776, 37.96484 ], [ -109.72383, 37.98053 ], [ -109.70827, 37.95992 ], [ -109.73692, 37.95991 ], [ -109.74607, 37.9744 ], [ -109.77311, 37.97438 ], [ -109.77312, 38.00336 ], [ -109.79142, 38.00336 ], [ -109.79146, 38.03232 ], [ -109.80975, 38.03233 ], [ -109.80977, 38.06147 ], [ -110.03864, 38.06123 ], [ -110.03865, 38.07576 ], [ -110.10238, 38.07578 ], [ -110.10237, 38.10478 ], [ -110.0664, 38.10474 ], [ -110.06637, 38.15173 ], [ -110.05168, 38.15173 ], [ -110.05162, 38.26035 ], [ -110.03324, 38.26035 ], [ -110.03325, 38.26759 ], [ -110.01487, 38.26759 ], [ -110.01487, 38.27483 ], [ -109.95997, 38.28212 ], [ -109.96001, 38.31112 ], [ -109.97845, 38.31113 ], [ -109.97834, 38.34003 ], [ -109.99647, 38.34004 ], [ -109.99639, 38.36178 ], [ -110.024, 38.36177 ], [ -110.02401, 38.37627 ], [ -110.05168, 38.37626 ], [ -110.05166, 38.46307 ], [ -110.01484, 38.46305 ], [ -110.0146, 38.48937 ], [ -110.02538, 38.49999 ], [ -109.97618, 38.49994 ], [ -109.97616, 38.49064 ], [ -109.96323, 38.49292 ], [ -109.97088, 38.4841 ], [ -109.9613, 38.48102 ], [ -109.95377, 38.48748 ], [ -109.94625, 38.48328 ], [ -109.94899, 38.47922 ], [ -109.93858, 38.49182 ], [ -109.93245, 38.48819 ], [ -109.90719, 38.50245 ], [ -109.91185, 38.48951 ], [ -109.93187, 38.48145 ], [ -109.92154, 38.47952 ], [ -109.88402, 38.48641 ], [ -109.88529, 38.48225 ], [ -109.86734, 38.48224 ], [ -109.85223, 38.49088 ], [ -109.79411, 38.49066 ], [ -109.79435, 38.50027 ], [ -109.78923, 38.5043 ], [ -109.78254, 38.49638 ], [ -109.77465, 38.5075 ] ] ], [ [ [ -110.18959, 38.4705 ], [ -110.18956, 38.44149 ], [ -110.2168, 38.44149 ], [ -110.2168, 38.427 ], [ -110.23524, 38.42701 ], [ -110.23526, 38.44876 ], [ -110.2168, 38.44873 ], [ -110.21679, 38.46322 ], [ -110.19881, 38.47049 ], [ -110.19881, 38.47774 ], [ -110.18959, 38.47774 ], [ -110.1896, 38.48498 ], [ -110.18038, 38.48499 ], [ -110.18037, 38.4705 ], [ -110.18959, 38.4705 ] ] ] ] } },
{ "type": "Feature", "properties": { "nationalParkName": "Capitol Reef National Park", "name": "Capitol Reef National Park", "unitCode": "CARE", "unitType": "National Parks", "state": "UT", "parkName": "Capitol Reef", "source": "National Park Service Land Resources Division", "sourceLayerUrl": "https://services1.arcgis.com/fBc8EJBxQRMcHlei/ArcGIS/rest/services/NPS_Land_Resources_Division_Boundary_and_Tract_Data_Service/FeatureServer/2" }, "geometry": { "type": "Polygon", "coordinates": [ [ [ -111.30569, 38.5344 ], [ -111.30571, 38.52698 ], [ -111.29462, 38.52699 ], [ -111.2946, 38.5125 ], [ -111.24848, 38.5126 ], [ -111.24844, 38.46911 ], [ -111.19357, 38.46917 ], [ -111.19355, 38.45467 ], [ -111.17515, 38.45468 ], [ -111.17509, 38.42572 ], [ -111.19352, 38.42572 ], [ -111.19349, 38.39688 ], [ -111.17508, 38.39688 ], [ -111.17503, 38.38239 ], [ -111.15665, 38.38239 ], [ -111.15662, 38.33898 ], [ -111.13821, 38.33895 ], [ -111.1382, 38.32447 ], [ -111.11981, 38.32448 ], [ -111.12018, 38.28524 ], [ -111.1387, 38.28313 ], [ -111.13813, 38.21449 ], [ -111.13758, 38.19298 ], [ -111.11998, 38.19296 ], [ -111.11432, 38.125 ], [ -111.09597, 38.11775 ], [ -111.09593, 38.09603 ], [ -111.11432, 38.08879 ], [ -111.11434, 38.07429 ], [ -111.12348, 38.0743 ], [ -111.12348, 38.05978 ], [ -111.11432, 38.05978 ], [ -111.11428, 38.03083 ], [ -111.05981, 38.03076 ], [ -111.05977, 37.98724 ], [ -111.04148, 37.98725 ], [ -111.04363, 37.95165 ], [ -111.0331, 37.9337 ], [ -111.02291, 37.93144 ], [ -111.01998, 37.89368 ], [ -111.00885, 37.89862 ], [ -111.01509, 37.88518 ], [ -111.01033, 37.87083 ], [ -110.99327, 37.87346 ], [ -111.0027, 37.86264 ], [ -110.96777, 37.84303 ], [ -110.95569, 37.77144 ], [ -110.94211, 37.74026 ], [ -110.93018, 37.73299 ], [ -110.92821, 37.7051 ], [ -110.90324, 37.66385 ], [ -110.904, 37.65217 ], [ -110.87332, 37.62698 ], [ -110.86242, 37.59858 ], [ -110.8906, 37.59858 ], [ -110.89057, 37.61308 ], [ -110.89969, 37.61308 ], [ -110.89971, 37.62755 ], [ -110.90887, 37.62754 ], [ -110.91798, 37.65645 ], [ -110.93624, 37.65646 ], [ -110.93635, 37.67094 ], [ -110.97337, 37.6709 ], [ -110.97336, 37.71401 ], [ -110.98597, 37.71401 ], [ -110.98598, 37.7285 ], [ -111.00423, 37.7285 ], [ -111.00423, 37.74298 ], [ -111.02248, 37.74298 ], [ -111.02249, 37.75747 ], [ -111.03162, 37.75747 ], [ -111.03162, 37.76471 ], [ -111.04989, 37.77197 ], [ -111.04992, 37.7937 ], [ -111.05905, 37.79371 ], [ -111.06815, 37.8082 ], [ -111.07722, 37.8082 ], [ -111.07727, 37.90244 ], [ -111.09557, 37.90241 ], [ -111.0958, 37.94588 ], [ -111.11412, 37.94585 ], [ -111.1142, 37.98012 ], [ -111.13249, 37.98014 ], [ -111.13254, 37.99462 ], [ -111.14168, 37.99463 ], [ -111.1417, 38.00187 ], [ -111.16916, 38.0019 ], [ -111.16917, 38.00915 ], [ -111.18705, 38.00915 ], [ -111.18707, 38.15291 ], [ -111.21252, 38.15285 ], [ -111.21189, 38.19676 ], [ -111.23043, 38.19674 ], [ -111.23042, 38.21123 ], [ -111.24878, 38.21122 ], [ -111.24878, 38.24011 ], [ -111.26521, 38.2401 ], [ -111.26514, 38.25459 ], [ -111.30188, 38.25458 ], [ -111.30182, 38.29084 ], [ -111.32023, 38.29807 ], [ -111.32023, 38.30945 ], [ -111.35702, 38.30944 ], [ -111.35888, 38.39584 ], [ -111.3957, 38.39578 ], [ -111.39575, 38.42478 ], [ -111.4233, 38.42475 ], [ -111.42329, 38.43925 ], [ -111.41407, 38.43925 ], [ -111.41407, 38.44649 ], [ -111.37738, 38.44655 ], [ -111.3774, 38.47559 ], [ -111.39583, 38.47557 ], [ -111.39824, 38.52706 ], [ -111.34271, 38.52706 ], [ -111.34274, 38.53445 ], [ -111.30569, 38.5344 ] ] ] } },
{ "type": "Feature", "properties": { "nationalParkName": "Carlsbad Caverns National Park", "name": "Carlsbad Caverns National Park", "unitCode": "CAVE", "unitType": "National Parks", "state": "NM", "parkName": "Carlsbad Caverns", "source": "National Park Service Land Resources Division", "sourceLayerUrl": "https://services1.arcgis.com/fBc8EJBxQRMcHlei/ArcGIS/rest/services/NPS_Land_Resources_Division_Boundary_and_Tract_Data_Service/FeatureServer/2" }, "geometry": { "type": "MultiPolygon", "coordinates": [ [ [ [ -104.57983, 32.16699 ], [ -104.57947, 32.17409 ], [ -104.56239, 32.17426 ], [ -104.56187, 32.1814 ], [ -104.5276, 32.1816 ], [ -104.5278, 32.19589 ], [ -104.39215, 32.19909 ], [ -104.37505, 32.19575 ], [ -104.37077, 32.1848 ], [ -104.38355, 32.17747 ], [ -104.38358, 32.16651 ], [ -104.40921, 32.16661 ], [ -104.40952, 32.15914 ], [ -104.46925, 32.15971 ], [ -104.46916, 32.15234 ], [ -104.50339, 32.14505 ], [ -104.512, 32.13039 ], [ -104.52054, 32.1304 ], [ -104.52052, 32.12307 ], [ -104.53762, 32.12347 ], [ -104.53765, 32.11581 ], [ -104.54627, 32.11588 ], [ -104.54629, 32.09385 ], [ -104.58883, 32.09388 ], [ -104.59733, 32.07937 ], [ -104.64011, 32.07941 ], [ -104.64085, 32.07056 ], [ -104.66207, 32.07121 ], [ -104.66368, 32.04758 ], [ -104.67626, 32.0483 ], [ -104.67645, 32.04085 ], [ -104.68478, 32.04147 ], [ -104.68238, 32.09383 ], [ -104.66543, 32.09385 ], [ -104.66482, 32.12292 ], [ -104.64875, 32.12287 ], [ -104.64877, 32.16643 ], [ -104.57983, 32.16699 ] ] ], [ [ [ -104.46042, 32.11217 ], [ -104.47242, 32.10863 ], [ -104.47609, 32.11457 ], [ -104.47152, 32.11048 ], [ -104.46042, 32.11217 ] ] ] ] } },
{ "type": "Feature", "properties": { "nationalParkName": "Channel Islands National Park", "name": "Channel Islands National Park", "unitCode": "CHIS", "unitType": "National Parks", "state": "CA", "parkName": "Channel Islands", "source": "National Park Service Land Resources Division", "sourceLayerUrl": "https://services1.arcgis.com/fBc8EJBxQRMcHlei/ArcGIS/rest/services/NPS_Land_Resources_Division_Boundary_and_Tract_Data_Service/FeatureServer/2" }, "geometry": { "type": "MultiPolygon", "coordinates": [ [ [ [ -119.94997, 34.05935 ], [ -119.93391, 34.08879 ], [ -119.91232, 34.09448 ], [ -119.85143, 34.08748 ], [ -119.80997, 34.07043 ], [ -119.75381, 34.07518 ], [ -119.70202, 34.05753 ], [ -119.67362, 34.03633 ], [ -119.63291, 34.03165 ], [ -119.62398, 34.05085 ], [ -119.60673, 34.06269 ], [ -119.55978, 34.07223 ], [ -119.51655, 34.054 ], [ -119.50041, 34.03329 ], [ -119.53181, 33.99467 ], [ -119.55282, 33.98 ], [ -119.58871, 33.97236 ], [ -119.64969, 33.9708 ], [ -119.71795, 33.94291 ], [ -119.81901, 33.9432 ], [ -119.83822, 33.953 ], [ -119.85909, 33.95296 ], [ -119.88896, 33.96884 ], [ -119.90721, 34.00491 ], [ -119.89942, 34.02426 ], [ -119.91795, 34.04014 ], [ -119.94212, 34.04642 ], [ -119.94997, 34.05935 ] ] ], [ [ [ -119.26683, 34.24807 ], [ -119.26714, 34.24923 ], [ -119.26562, 34.24875 ], [ -119.26683, 34.24807 ] ] ], [ [ [ -119.03578, 33.44809 ], [ -119.05665, 33.45727 ], [ -119.06753, 33.48641 ], [ -119.05669, 33.49889 ], [ -119.02465, 33.50513 ], [ -119.00984, 33.49506 ], [ -119.00801, 33.47313 ], [ -119.01798, 33.45475 ], [ -119.03578, 33.44809 ] ] ], [ [ [ -119.33976, 34.02378 ], [ -119.34436, 34.00282 ], [ -119.39025, 33.98582 ], [ -119.44642, 33.995 ], [ -119.46391, 34.01229 ], [ -119.45748, 34.02616 ], [ -119.43564, 34.03286 ], [ -119.39666, 34.02323 ], [ -119.36093, 34.03407 ], [ -119.33976, 34.02378 ] ] ], [ [ [ -120.47301, 34.02917 ], [ -120.46126, 34.05077 ], [ -120.42163, 34.07194 ], [ -120.3993, 34.06846 ], [ -120.38334, 34.08857 ], [ -120.36928, 34.09329 ], [ -120.34754, 34.08523 ], [ -120.33701, 34.06591 ], [ -120.30262, 34.05186 ], [ -120.2866, 34.02908 ], [ -120.2895, 34.01578 ], [ -120.30152, 34.00455 ], [ -120.36041, 33.99707 ], [ -120.40793, 34.01348 ], [ -120.42199, 34.00833 ], [ -120.45781, 34.01295 ], [ -120.47301, 34.02917 ] ] ], [ [ [ -120.27074, 34.00086 ], [ -120.26461, 34.01397 ], [ -120.24347, 34.02532 ], [ -120.17943, 34.02381 ], [ -120.15188, 34.04071 ], [ -120.09468, 34.03681 ], [ -120.06461, 34.05308 ], [ -120.04171, 34.05301 ], [ -120.0238, 34.04076 ], [ -120.0258, 34.00565 ], [ -120.00298, 33.99747 ], [ -119.97632, 34.00005 ], [ -119.96259, 33.99261 ], [ -119.94815, 33.93982 ], [ -119.96144, 33.92648 ], [ -119.99594, 33.92522 ], [ -120.04192, 33.89935 ], [ -120.08954, 33.8923 ], [ -120.10145, 33.88059 ], [ -120.12426, 33.87817 ], [ -120.19464, 33.91324 ], [ -120.22532, 33.96175 ], [ -120.26159, 33.98626 ], [ -120.27074, 34.00086 ] ] ] ] } },
{ "type": "Feature", "properties": { "nationalParkName": "Congaree National Park", "name": "Congaree National Park", "unitCode": "CONG", "unitType": "National Parks", "state": "SC", "parkName": "Congaree", "source": "National Park Service Land Resources Division", "sourceLayerUrl": "https://services1.arcgis.com/fBc8EJBxQRMcHlei/ArcGIS/rest/services/NPS_Land_Resources_Division_Boundary_and_Tract_Data_Service/FeatureServer/2" }, "geometry": { "type": "Polygon", "coordinates": [ [ [ -80.86177, 33.84107 ], [ -80.8455, 33.83137 ], [ -80.83014, 33.83498 ], [ -80.827, 33.84427 ], [ -80.82214, 33.83393 ], [ -80.79622, 33.83367 ], [ -80.79253, 33.82272 ], [ -80.78063, 33.81618 ], [ -80.7383, 33.8144 ], [ -80.73795, 33.80721 ], [ -80.72948, 33.80507 ], [ -80.72091, 33.80527 ], [ -80.72441, 33.81141 ], [ -80.71815, 33.81781 ], [ -80.67782, 33.78117 ], [ -80.64195, 33.79596 ], [ -80.63583, 33.78484 ], [ -80.63454, 33.78944 ], [ -80.60482, 33.77288 ], [ -80.60267, 33.76306 ], [ -80.6097, 33.76241 ], [ -80.60423, 33.75841 ], [ -80.61915, 33.74476 ], [ -80.63068, 33.74382 ], [ -80.65559, 33.76124 ], [ -80.65408, 33.77386 ], [ -80.68573, 33.75697 ], [ -80.7049, 33.75992 ], [ -80.70351, 33.7661 ], [ -80.71245, 33.77224 ], [ -80.71534, 33.76094 ], [ -80.72666, 33.76932 ], [ -80.73867, 33.75655 ], [ -80.73497, 33.76697 ], [ -80.74582, 33.77695 ], [ -80.75279, 33.77147 ], [ -80.74593, 33.76181 ], [ -80.75565, 33.76412 ], [ -80.75948, 33.77497 ], [ -80.76588, 33.76683 ], [ -80.77152, 33.7729 ], [ -80.78496, 33.76126 ], [ -80.78311, 33.77009 ], [ -80.80692, 33.77466 ], [ -80.81497, 33.78197 ], [ -80.82155, 33.77463 ], [ -80.82869, 33.77645 ], [ -80.82192, 33.78761 ], [ -80.83255, 33.78536 ], [ -80.83696, 33.79431 ], [ -80.8651, 33.8029 ], [ -80.86754, 33.81086 ], [ -80.86067, 33.81659 ], [ -80.86892, 33.81817 ], [ -80.86177, 33.84107 ] ] ] } },
{ "type": "Feature", "properties": { "nationalParkName": "Crater Lake National Park", "name": "Crater Lake National Park", "unitCode": "CRLA", "unitType": "National Parks", "state": "OR", "parkName": "Crater Lake", "source": "National Park Service Land Resources Division", "sourceLayerUrl": "https://services1.arcgis.com/fBc8EJBxQRMcHlei/ArcGIS/rest/services/NPS_Land_Resources_Division_Boundary_and_Tract_Data_Service/FeatureServer/2" }, "geometry": { "type": "MultiPolygon", "coordinates": [ [ [ [ -122.00458, 43.08788 ], [ -121.99973, 42.98566 ], [ -121.99226, 42.98566 ], [ -121.99226, 42.98017 ], [ -121.97813, 42.97991 ], [ -121.98465, 42.97143 ], [ -121.97891, 42.94222 ], [ -121.96614, 42.92162 ], [ -121.97609, 42.91888 ], [ -121.99977, 42.89335 ], [ -121.98595, 42.87518 ], [ -121.98597, 42.85701 ], [ -121.96613, 42.84981 ], [ -121.96614, 42.84404 ], [ -121.99977, 42.84979 ], [ -121.99968, 42.80102 ], [ -122.07197, 42.80095 ], [ -122.05651, 42.77251 ], [ -122.06473, 42.7687 ], [ -122.07835, 42.78023 ], [ -122.07838, 42.80095 ], [ -122.26668, 42.80098 ], [ -122.26667, 42.8382 ], [ -122.28927, 42.85993 ], [ -122.29126, 42.87748 ], [ -122.28869, 42.89607 ], [ -122.28376, 42.89609 ], [ -122.28279, 42.95438 ], [ -122.27292, 42.95437 ], [ -122.27286, 42.97612 ], [ -122.30248, 42.9761 ], [ -122.30247, 42.98601 ], [ -122.27568, 42.99679 ], [ -122.26664, 43.0111 ], [ -122.26661, 43.06773 ], [ -122.25297, 43.06773 ], [ -122.25294, 43.0762 ], [ -122.22327, 43.0762 ], [ -122.22325, 43.08134 ], [ -122.19796, 43.08883 ], [ -122.00458, 43.08788 ] ] ], [ [ [ -122.85522, 42.3307 ], [ -122.8556, 42.33037 ], [ -122.8556, 42.3307 ], [ -122.85522, 42.3307 ] ] ], [ [ [ -122.88231, 42.33703 ], [ -122.88267, 42.33683 ], [ -122.88289, 42.33706 ], [ -122.88231, 42.33703 ] ] ] ] } },
{ "type": "Feature", "properties": { "nationalParkName": "Cuyahoga Valley National Park", "name": "Cuyahoga Valley National Park", "unitCode": "CUVA", "unitType": "National Parks", "state": "OH", "parkName": "Cuyahoga Valley", "source": "National Park Service Land Resources Division", "sourceLayerUrl": "https://services1.arcgis.com/fBc8EJBxQRMcHlei/ArcGIS/rest/services/NPS_Land_Resources_Division_Boundary_and_Tract_Data_Service/FeatureServer/2" }, "geometry": { "type": "MultiPolygon", "coordinates": [ [ [ [ -81.64276, 41.41548 ], [ -81.63622, 41.41084 ], [ -81.63328, 41.40603 ], [ -81.63123, 41.3938 ], [ -81.61056, 41.38293 ], [ -81.60895, 41.37687 ], [ -81.60133, 41.37831 ], [ -81.5991, 41.37168 ], [ -81.58497, 41.38027 ], [ -81.5775, 41.37654 ], [ -81.56957, 41.38015 ], [ -81.5655, 41.3874 ], [ -81.56143, 41.38202 ], [ -81.54961, 41.3914 ], [ -81.54258, 41.39212 ], [ -81.53438, 41.38433 ], [ -81.54961, 41.36881 ], [ -81.56537, 41.37098 ], [ -81.56516, 41.3509 ], [ -81.5889, 41.35119 ], [ -81.5783, 41.3438 ], [ -81.57819, 41.33406 ], [ -81.58603, 41.333 ], [ -81.57977, 41.3326 ], [ -81.57812, 41.31134 ], [ -81.5549, 41.30165 ], [ -81.55483, 41.29427 ], [ -81.55134, 41.29103 ], [ -81.55862, 41.28953 ], [ -81.54558, 41.29241 ], [ -81.5346, 41.27845 ], [ -81.55875, 41.26076 ], [ -81.53336, 41.27436 ], [ -81.5206, 41.25811 ], [ -81.55077, 41.25913 ], [ -81.55621, 41.25578 ], [ -81.52009, 41.25716 ], [ -81.49112, 41.22803 ], [ -81.50046, 41.22806 ], [ -81.49759, 41.22012 ], [ -81.50491, 41.22008 ], [ -81.50513, 41.20322 ], [ -81.49611, 41.203 ], [ -81.52616, 41.20292 ], [ -81.52631, 41.1978 ], [ -81.54212, 41.19206 ], [ -81.53637, 41.16491 ], [ -81.57408, 41.16237 ], [ -81.56304, 41.13843 ], [ -81.54171, 41.13147 ], [ -81.5354, 41.12136 ], [ -81.52988, 41.1174 ], [ -81.52884, 41.11431 ], [ -81.53088, 41.10115 ], [ -81.51618, 41.0897 ], [ -81.53072, 41.10042 ], [ -81.53167, 41.10242 ], [ -81.52949, 41.116 ], [ -81.53557, 41.12123 ], [ -81.54083, 41.13056 ], [ -81.56241, 41.13766 ], [ -81.56506, 41.14056 ], [ -81.56809, 41.14903 ], [ -81.58723, 41.14925 ], [ -81.58711, 41.16093 ], [ -81.59712, 41.16108 ], [ -81.59244, 41.17911 ], [ -81.59732, 41.18986 ], [ -81.6061, 41.19173 ], [ -81.60655, 41.21739 ], [ -81.61336, 41.21734 ], [ -81.61028, 41.2316 ], [ -81.59469, 41.23727 ], [ -81.5822, 41.25127 ], [ -81.57638, 41.24857 ], [ -81.58407, 41.24714 ], [ -81.58329, 41.24196 ], [ -81.57471, 41.24288 ], [ -81.57469, 41.23897 ], [ -81.55047, 41.2417 ], [ -81.55701, 41.25612 ], [ -81.58435, 41.25326 ], [ -81.5661, 41.25624 ], [ -81.55905, 41.2606 ], [ -81.5741, 41.25556 ], [ -81.5959, 41.25635 ], [ -81.59077, 41.25675 ], [ -81.59581, 41.26217 ], [ -81.59366, 41.29321 ], [ -81.6268, 41.30034 ], [ -81.62315, 41.31995 ], [ -81.60987, 41.32524 ], [ -81.59979, 41.31897 ], [ -81.58863, 41.32141 ], [ -81.5958, 41.32742 ], [ -81.59052, 41.33714 ], [ -81.60626, 41.34061 ], [ -81.60239, 41.34966 ], [ -81.6148, 41.35284 ], [ -81.61396, 41.3658 ], [ -81.63367, 41.37056 ], [ -81.63713, 41.37691 ], [ -81.63321, 41.38322 ], [ -81.62656, 41.38238 ], [ -81.63652, 41.38651 ], [ -81.63929, 41.39277 ], [ -81.63139, 41.39335 ], [ -81.63277, 41.40401 ], [ -81.6364, 41.40974 ], [ -81.64827, 41.41784 ], [ -81.64341, 41.41549 ], [ -81.63974, 41.42046 ], [ -81.64276, 41.41548 ] ] ], [ [ [ -81.57539, 41.1804 ], [ -81.57274, 41.1748 ], [ -81.56826, 41.17851 ], [ -81.57539, 41.1804 ] ] ], [ [ [ -81.54885, 41.24386 ], [ -81.54958, 41.23789 ], [ -81.54307, 41.24121 ], [ -81.54885, 41.24386 ] ] ], [ [ [ -81.57197, 41.36702 ], [ -81.57487, 41.36192 ], [ -81.59493, 41.3657 ], [ -81.59486, 41.35579 ], [ -81.56782, 41.35808 ], [ -81.57197, 41.36702 ] ] ], [ [ [ -81.6291, 41.39461 ], [ -81.62973, 41.39589 ], [ -81.62932, 41.39631 ], [ -81.6291, 41.39461 ] ] ], [ [ [ -81.62972, 41.26234 ], [ -81.63247, 41.2596 ], [ -81.63393, 41.26237 ], [ -81.62972, 41.26234 ] ] ], [ [ [ -81.59739, 41.24481 ], [ -81.59394, 41.23963 ], [ -81.59831, 41.23642 ], [ -81.59739, 41.24481 ] ] ], [ [ [ -81.64715, 41.27743 ], [ -81.63732, 41.27325 ], [ -81.63515, 41.25904 ], [ -81.63092, 41.25318 ], [ -81.63453, 41.25316 ], [ -81.64715, 41.27743 ] ] ], [ [ [ -81.6308, 41.26009 ], [ -81.61417, 41.25806 ], [ -81.62149, 41.2541 ], [ -81.59872, 41.25569 ], [ -81.5877, 41.25218 ], [ -81.59073, 41.24554 ], [ -81.59849, 41.2448 ], [ -81.60176, 41.25256 ], [ -81.60265, 41.24433 ], [ -81.60285, 41.25387 ], [ -81.60833, 41.2535 ], [ -81.61444, 41.24215 ], [ -81.60796, 41.24369 ], [ -81.60488, 41.23487 ], [ -81.61025, 41.23283 ], [ -81.62106, 41.24587 ], [ -81.62853, 41.24649 ], [ -81.6308, 41.26009 ] ] ] ] } },
{ "type": "Feature", "properties": { "nationalParkName": "Death Valley National Park", "name": "Death Valley National Park", "unitCode": "DEVA", "unitType": "National Parks", "state": "CA", "parkName": "Death Valley", "source": "National Park Service Land Resources Division", "sourceLayerUrl": "https://services1.arcgis.com/fBc8EJBxQRMcHlei/ArcGIS/rest/services/NPS_Land_Resources_Division_Boundary_and_Tract_Data_Service/FeatureServer/2" }, "geometry": { "type": "MultiPolygon", "coordinates": [ [ [ [ -117.68375, 37.34946 ], [ -117.67035, 37.3452 ], [ -117.2271, 37.01671 ], [ -116.87844, 37.01651 ], [ -116.88079, 36.75697 ], [ -116.54401, 36.50141 ], [ -116.52808, 36.47069 ], [ -116.50496, 36.45212 ], [ -116.50495, 36.42857 ], [ -116.48698, 36.42922 ], [ -116.48715, 36.41918 ], [ -116.51731, 36.40034 ], [ -116.54674, 36.40859 ], [ -116.56945, 36.38172 ], [ -116.59538, 36.37329 ], [ -116.62391, 36.34867 ], [ -116.64111, 36.35351 ], [ -116.66389, 36.37261 ], [ -116.68432, 36.37607 ], [ -116.6848, 36.30749 ], [ -116.67637, 36.29811 ], [ -116.64951, 36.29811 ], [ -116.64952, 36.2691 ], [ -116.63128, 36.26925 ], [ -116.63128, 36.2546 ], [ -116.61371, 36.25459 ], [ -116.61343, 36.24038 ], [ -116.5529, 36.24047 ], [ -116.54835, 36.23357 ], [ -116.5395, 36.23352 ], [ -116.53948, 36.22601 ], [ -116.52706, 36.22603 ], [ -116.52707, 36.19691 ], [ -116.50905, 36.19692 ], [ -116.50916, 36.1815 ], [ -116.49127, 36.1815 ], [ -116.49127, 36.16742 ], [ -116.38444, 36.16735 ], [ -116.38342, 36.20831 ], [ -116.36686, 36.19153 ], [ -116.33225, 36.17971 ], [ -116.30649, 36.12868 ], [ -116.29552, 36.08099 ], [ -116.30003, 36.06897 ], [ -116.29507, 36.01766 ], [ -116.27655, 35.99729 ], [ -116.32832, 35.99321 ], [ -116.34906, 35.9738 ], [ -116.40589, 35.95653 ], [ -116.41735, 35.92868 ], [ -116.40319, 35.89846 ], [ -116.41706, 35.87818 ], [ -116.41536, 35.85451 ], [ -116.39899, 35.8322 ], [ -116.40272, 35.81235 ], [ -116.35516, 35.81222 ], [ -116.35528, 35.79066 ], [ -116.34072, 35.76338 ], [ -116.32421, 35.75928 ], [ -116.31685, 35.7495 ], [ -116.29178, 35.63355 ], [ -116.3484, 35.64742 ], [ -116.40618, 35.64712 ], [ -116.41653, 35.65154 ], [ -116.45668, 35.63243 ], [ -116.45704, 35.61969 ], [ -116.47313, 35.604 ], [ -116.47174, 35.59296 ], [ -116.48492, 35.59101 ], [ -116.49464, 35.59636 ], [ -116.49484, 35.62788 ], [ -116.92575, 35.62608 ], [ -116.92461, 35.7099 ], [ -116.9478, 35.70983 ], [ -116.94783, 35.71707 ], [ -116.97892, 35.71572 ], [ -116.97453, 35.73159 ], [ -116.93893, 35.73162 ], [ -116.93911, 35.79545 ], [ -117.11674, 35.79565 ], [ -117.09908, 35.85868 ], [ -117.11181, 35.87724 ], [ -117.11464, 35.91841 ], [ -117.12898, 35.93372 ], [ -117.14108, 35.99456 ], [ -117.08602, 36.02085 ], [ -117.09947, 36.03099 ], [ -117.09187, 36.0399 ], [ -117.09252, 36.04867 ], [ -117.08685, 36.04959 ], [ -117.08447, 36.04731 ], [ -117.08613, 36.04368 ], [ -117.07627, 36.04905 ], [ -117.07989, 36.04729 ], [ -117.08845, 36.05021 ], [ -117.09274, 36.04888 ], [ -117.0976, 36.03395 ], [ -117.12765, 36.05829 ], [ -117.12075, 36.07617 ], [ -117.12251, 36.10015 ], [ -117.15619, 36.13162 ], [ -117.1585, 36.15662 ], [ -117.17896, 36.15935 ], [ -117.19749, 36.15211 ], [ -117.19745, 36.15911 ], [ -117.20647, 36.15914 ], [ -117.27852, 36.20261 ], [ -117.31393, 36.2463 ], [ -117.31392, 36.25584 ], [ -117.33714, 36.26887 ], [ -117.36254, 36.27087 ], [ -117.4122, 36.32666 ], [ -117.46936, 36.32674 ], [ -117.48411, 36.31055 ], [ -117.52928, 36.30741 ], [ -117.54717, 36.32804 ], [ -117.54833, 36.34095 ], [ -117.58254, 36.34804 ], [ -117.61392, 36.37191 ], [ -117.6255, 36.36534 ], [ -117.64093, 36.42695 ], [ -117.60374, 36.43406 ], [ -117.60432, 36.44818 ], [ -117.62483, 36.44549 ], [ -117.65823, 36.48623 ], [ -117.70595, 36.52078 ], [ -117.71394, 36.54799 ], [ -117.74506, 36.5797 ], [ -117.74229, 36.59335 ], [ -117.76043, 36.62036 ], [ -117.75585, 36.64371 ], [ -117.78479, 36.65446 ], [ -117.81726, 36.65688 ], [ -117.83024, 36.66762 ], [ -117.83004, 36.70923 ], [ -117.84542, 36.71557 ], [ -117.84404, 36.73419 ], [ -117.86726, 36.74927 ], [ -117.88756, 36.79862 ], [ -117.91718, 36.83575 ], [ -117.90539, 36.84991 ], [ -117.90332, 36.8913 ], [ -117.92171, 36.94773 ], [ -117.93409, 36.95555 ], [ -117.98339, 36.95523 ], [ -117.98301, 37.11454 ], [ -118.00106, 37.11458 ], [ -118.00078, 37.1879 ], [ -117.98214, 37.23015 ], [ -117.95436, 37.22972 ], [ -117.94394, 37.23576 ], [ -117.94991, 37.22088 ], [ -117.93852, 37.21695 ], [ -117.91693, 37.22634 ], [ -117.88986, 37.22834 ], [ -117.87793, 37.2424 ], [ -117.89032, 37.26054 ], [ -117.87709, 37.26718 ], [ -117.87268, 37.29873 ], [ -117.77062, 37.32927 ], [ -117.75885, 37.34176 ], [ -117.71875, 37.33861 ], [ -117.69889, 37.33057 ], [ -117.68375, 37.34946 ] ] ], [ [ [ -116.28842, 36.42814 ], [ -116.29304, 36.42469 ], [ -116.29308, 36.4282 ], [ -116.28842, 36.42814 ] ] ] ] } },
{ "type": "Feature", "properties": { "nationalParkName": "Denali National Park", "name": "Denali National Park", "unitCode": "DENA", "unitType": "National Parks", "state": "AK", "parkName": "Denali", "source": "National Park Service Land Resources Division", "sourceLayerUrl": "https://services1.arcgis.com/fBc8EJBxQRMcHlei/ArcGIS/rest/services/NPS_Land_Resources_Division_Boundary_and_Tract_Data_Service/FeatureServer/2" }, "geometry": { "type": "Polygon", "coordinates": [ [ [ -149.21169, 63.99732 ], [ -149.21168, 63.9107 ], [ -149.79998, 63.91069 ], [ -149.79997, 63.82407 ], [ -149.77382, 63.82407 ], [ -149.77382, 63.80013 ], [ -148.9319, 63.79875 ], [ -148.92552, 63.78761 ], [ -148.9128, 63.78186 ], [ -148.91572, 63.76748 ], [ -148.90002, 63.75659 ], [ -148.90105, 63.75148 ], [ -148.91387, 63.75003 ], [ -148.91333, 63.74438 ], [ -148.87402, 63.73171 ], [ -148.89179, 63.72001 ], [ -148.88654, 63.71586 ], [ -148.86769, 63.71359 ], [ -148.87501, 63.70486 ], [ -148.82772, 63.70599 ], [ -148.82453, 63.69888 ], [ -148.7955, 63.69234 ], [ -148.77786, 63.67892 ], [ -148.81702, 63.66253 ], [ -148.82777, 63.66455 ], [ -148.83094, 63.65963 ], [ -148.81527, 63.655 ], [ -148.83223, 63.65729 ], [ -148.83931, 63.6537 ], [ -148.83868, 63.64697 ], [ -148.80896, 63.64249 ], [ -148.81098, 63.63881 ], [ -148.80103, 63.63705 ], [ -148.79558, 63.6309 ], [ -148.80671, 63.61438 ], [ -148.80371, 63.60876 ], [ -148.84445, 63.58675 ], [ -148.80595, 63.5211 ], [ -148.81983, 63.51565 ], [ -148.82801, 63.50621 ], [ -148.81829, 63.49739 ], [ -148.82511, 63.49445 ], [ -148.83715, 63.47102 ], [ -148.81427, 63.46158 ], [ -148.84261, 63.45059 ], [ -148.87919, 63.44428 ], [ -148.88521, 63.43774 ], [ -148.87706, 63.42867 ], [ -148.89088, 63.43148 ], [ -148.9318, 63.42709 ], [ -148.96071, 63.42821 ], [ -148.97999, 63.42352 ], [ -148.98008, 63.3847 ], [ -148.98622, 63.38265 ], [ -149.01712, 63.37654 ], [ -149.07919, 63.37655 ], [ -149.07914, 63.36211 ], [ -149.14353, 63.36209 ], [ -149.14344, 63.34765 ], [ -149.17414, 63.34767 ], [ -149.17411, 63.33325 ], [ -149.26747, 63.33051 ], [ -149.26737, 63.30163 ], [ -149.36248, 63.30163 ], [ -149.36228, 63.21775 ], [ -149.54543, 63.21775 ], [ -149.57194, 63.23526 ], [ -149.65303, 63.24247 ], [ -149.65294, 63.21635 ], [ -149.68295, 63.21698 ], [ -149.68447, 63.20999 ], [ -149.70004, 63.20328 ], [ -149.75225, 63.20494 ], [ -149.7775, 63.20118 ], [ -149.78779, 63.20574 ], [ -149.82759, 63.19461 ], [ -149.83989, 63.1871 ], [ -149.85783, 63.18789 ], [ -149.86834, 63.18368 ], [ -149.86469, 63.17608 ], [ -149.89204, 63.15274 ], [ -149.908, 63.15274 ], [ -149.93166, 63.14463 ], [ -149.94856, 63.14448 ], [ -149.96008, 63.1389 ], [ -149.951, 63.13108 ], [ -149.98168, 63.12307 ], [ -149.99892, 63.12486 ], [ -150.00949, 63.1214 ], [ -150.02894, 63.10025 ], [ -150.02264, 63.09543 ], [ -150.03927, 63.0886 ], [ -150.01745, 63.06723 ], [ -150.01938, 63.05554 ], [ -150.03502, 63.04615 ], [ -150.035, 62.95788 ], [ -150.11922, 62.95788 ], [ -150.11911, 62.89918 ], [ -150.11027, 62.89918 ], [ -150.11027, 62.81255 ], [ -150.29795, 62.81254 ], [ -150.29795, 62.63928 ], [ -150.98653, 62.63926 ], [ -150.98646, 62.62482 ], [ -151.01782, 62.62482 ], [ -151.01775, 62.61038 ], [ -151.04872, 62.61038 ], [ -151.04872, 62.59233 ], [ -151.05655, 62.59233 ], [ -151.06438, 62.58511 ], [ -151.08004, 62.58511 ], [ -151.08002, 62.57428 ], [ -151.09567, 62.57428 ], [ -151.09566, 62.56706 ], [ -151.11131, 62.56706 ], [ -151.11129, 62.55984 ], [ -151.11912, 62.55984 ], [ -151.12692, 62.55262 ], [ -151.15445, 62.55262 ], [ -151.15409, 62.46598 ], [ -151.40038, 62.46598 ], [ -151.40039, 62.55261 ], [ -151.58264, 62.55261 ], [ -151.59221, 62.55644 ], [ -151.60491, 62.56818 ], [ -151.60503, 62.57773 ], [ -151.62109, 62.58323 ], [ -151.60225, 62.60509 ], [ -151.62477, 62.61387 ], [ -151.6251, 62.6191 ], [ -151.60504, 62.62952 ], [ -151.64793, 62.63852 ], [ -151.66622, 62.70105 ], [ -151.73926, 62.72908 ], [ -151.74954, 62.72281 ], [ -151.80553, 62.71826 ], [ -151.82287, 62.72716 ], [ -151.83463, 62.72708 ], [ -151.86511, 62.73538 ], [ -151.90944, 62.7318 ], [ -151.93555, 62.71541 ], [ -151.96539, 62.70918 ], [ -151.9733, 62.71071 ], [ -152.00536, 62.7367 ], [ -152.02536, 62.73935 ], [ -152.04838, 62.77003 ], [ -152.07024, 62.783 ], [ -152.07117, 62.79102 ], [ -152.08169, 62.79082 ], [ -152.08205, 62.89912 ], [ -152.11301, 62.89912 ], [ -152.1132, 62.95775 ], [ -152.42808, 62.95774 ], [ -152.42812, 63.23567 ], [ -152.35351, 63.236 ], [ -152.20563, 63.25189 ], [ -152.21362, 63.26309 ], [ -152.11637, 63.28085 ], [ -152.13962, 63.29508 ], [ -152.14472, 63.31321 ], [ -152.16618, 63.33232 ], [ -152.18455, 63.34038 ], [ -152.20139, 63.34048 ], [ -152.15122, 63.35781 ], [ -152.15129, 63.35361 ], [ -152.13064, 63.35456 ], [ -152.12564, 63.35901 ], [ -152.07187, 63.35901 ], [ -152.0706, 63.37637 ], [ -152.05365, 63.39226 ], [ -152.05137, 63.41408 ], [ -152.02764, 63.4056 ], [ -152.00237, 63.40603 ], [ -151.95371, 63.42569 ], [ -151.94127, 63.42685 ], [ -151.91238, 63.44775 ], [ -151.89457, 63.45292 ], [ -151.87957, 63.46309 ], [ -151.85345, 63.46311 ], [ -151.86163, 63.46626 ], [ -151.85304, 63.4725 ], [ -151.86656, 63.47932 ], [ -151.88653, 63.51131 ], [ -151.88115, 63.51634 ], [ -151.88681, 63.53018 ], [ -151.90871, 63.54628 ], [ -151.90053, 63.56656 ], [ -151.90333, 63.58083 ], [ -151.89334, 63.58692 ], [ -151.90807, 63.59486 ], [ -151.90108, 63.60354 ], [ -151.9105, 63.61771 ], [ -151.90046, 63.62181 ], [ -151.90477, 63.62651 ], [ -151.89734, 63.63328 ], [ -151.9033, 63.64248 ], [ -151.9181, 63.64553 ], [ -151.92912, 63.66237 ], [ -151.91448, 63.66571 ], [ -151.91239, 63.68684 ], [ -151.88958, 63.69345 ], [ -151.88525, 63.70603 ], [ -151.87578, 63.70695 ], [ -151.85941, 63.71846 ], [ -151.84518, 63.72006 ], [ -151.83842, 63.73536 ], [ -151.84732, 63.73618 ], [ -151.84626, 63.74028 ], [ -151.86215, 63.74548 ], [ -151.86758, 63.75386 ], [ -151.86378, 63.7583 ], [ -151.85706, 63.75813 ], [ -151.85712, 63.76623 ], [ -151.84506, 63.76781 ], [ -151.84912, 63.77308 ], [ -151.83898, 63.77403 ], [ -151.83785, 63.77853 ], [ -151.82829, 63.78081 ], [ -151.83063, 63.78696 ], [ -151.8161, 63.79039 ], [ -151.82519, 63.8051 ], [ -151.84255, 63.80893 ], [ -151.82942, 63.81108 ], [ -151.81584, 63.80551 ], [ -151.79605, 63.80979 ], [ -151.80287, 63.82212 ], [ -151.79025, 63.82338 ], [ -151.78163, 63.82924 ], [ -151.79436, 63.83663 ], [ -151.77732, 63.83637 ], [ -151.77294, 63.83903 ], [ -151.78884, 63.84544 ], [ -151.78241, 63.85175 ], [ -151.77102, 63.85305 ], [ -151.76434, 63.8589 ], [ -151.74179, 63.85763 ], [ -151.73161, 63.86107 ], [ -151.74163, 63.87598 ], [ -151.69296, 63.88219 ], [ -151.68577, 63.89219 ], [ -151.65949, 63.88865 ], [ -151.64986, 63.89465 ], [ -151.59668, 63.88344 ], [ -151.58635, 63.87832 ], [ -151.56683, 63.87672 ], [ -151.56181, 63.87386 ], [ -151.56875, 63.86854 ], [ -151.56491, 63.86541 ], [ -151.54842, 63.86835 ], [ -151.54572, 63.87829 ], [ -151.52841, 63.87992 ], [ -151.5196, 63.87754 ], [ -151.52016, 63.86808 ], [ -151.51091, 63.86282 ], [ -151.4659, 63.86967 ], [ -151.449, 63.86359 ], [ -151.44798, 63.88157 ], [ -151.40029, 63.87813 ], [ -151.39367, 63.88461 ], [ -151.37812, 63.88663 ], [ -151.37946, 63.89281 ], [ -151.36481, 63.89373 ], [ -151.34664, 63.90045 ], [ -151.34847, 63.90611 ], [ -151.34417, 63.90542 ], [ -151.35123, 63.90866 ], [ -151.33599, 63.91032 ], [ -151.33518, 63.91367 ], [ -151.35278, 63.91936 ], [ -151.35253, 63.92313 ], [ -151.34184, 63.92383 ], [ -151.32403, 63.9143 ], [ -151.30742, 63.92252 ], [ -151.29278, 63.91819 ], [ -151.28905, 63.93136 ], [ -151.282, 63.93454 ], [ -151.29517, 63.93962 ], [ -151.29055, 63.94534 ], [ -151.28172, 63.94572 ], [ -151.27009, 63.93818 ], [ -151.25922, 63.93856 ], [ -151.25634, 63.94298 ], [ -151.26547, 63.9507 ], [ -151.2498, 63.94955 ], [ -151.24353, 63.95622 ], [ -151.25374, 63.9607 ], [ -151.2057, 63.96687 ], [ -151.21755, 63.97652 ], [ -151.19237, 63.9769 ], [ -151.19479, 63.98476 ], [ -151.18245, 63.9889 ], [ -151.19056, 63.99263 ], [ -151.15662, 63.9932 ], [ -151.14295, 63.98913 ], [ -151.1411, 63.99727 ], [ -149.21169, 63.99732 ] ] ] } },
{ "type": "Feature", "properties": { "nationalParkName": "Dry Tortugas National Park", "name": "Dry Tortugas National Park", "unitCode": "DRTO", "unitType": "National Parks", "state": "FL", "parkName": "Dry Tortugas", "source": "National Park Service Land Resources Division", "sourceLayerUrl": "https://services1.arcgis.com/fBc8EJBxQRMcHlei/ArcGIS/rest/services/NPS_Land_Resources_Division_Boundary_and_Tract_Data_Service/FeatureServer/2" }, "geometry": { "type": "MultiPolygon", "coordinates": [ [ [ [ -82.79587, 24.7242 ], [ -82.76523, 24.70164 ], [ -82.76542, 24.66867 ], [ -82.79902, 24.61764 ], [ -82.9004, 24.56624 ], [ -82.96789, 24.56533 ], [ -82.9677, 24.64905 ], [ -82.89975, 24.71691 ], [ -82.86646, 24.72538 ], [ -82.79587, 24.7242 ] ] ], [ [ [ -81.7562, 24.56623 ], [ -81.75576, 24.56709 ], [ -81.75552, 24.56644 ], [ -81.7562, 24.56623 ] ] ] ] } },
{ "type": "Feature", "properties": { "nationalParkName": "Everglades National Park", "name": "Everglades National Park", "unitCode": "EVER", "unitType": "National Parks", "state": "FL", "parkName": "Everglades", "source": "National Park Service Land Resources Division", "sourceLayerUrl": "https://services1.arcgis.com/fBc8EJBxQRMcHlei/ArcGIS/rest/services/NPS_Land_Resources_Division_Boundary_and_Tract_Data_Service/FeatureServer/2" }, "geometry": { "type": "MultiPolygon", "coordinates": [ [ [ [ -80.38895, 25.18308 ], [ -80.42476, 25.14289 ], [ -80.42563, 25.14039 ], [ -80.42337, 25.12935 ], [ -80.44284, 25.12829 ], [ -80.47441, 25.08178 ], [ -80.51581, 25.05824 ], [ -80.51666, 25.03012 ], [ -80.54642, 25.0158 ], [ -80.58355, 24.98287 ], [ -80.63213, 24.965 ], [ -80.66136, 24.93984 ], [ -80.7156, 24.92372 ], [ -80.77119, 24.86807 ], [ -80.82081, 24.85775 ], [ -81.00353, 24.98242 ], [ -81.08166, 25.07309 ], [ -81.08099, 25.08784 ], [ -81.16288, 25.16043 ], [ -81.20307, 25.22808 ], [ -81.17513, 25.33074 ], [ -81.19623, 25.44258 ], [ -81.26139, 25.57151 ], [ -81.39348, 25.71743 ], [ -81.5208, 25.81752 ], [ -81.52084, 25.83216 ], [ -81.50475, 25.83257 ], [ -81.50481, 25.84608 ], [ -81.48852, 25.84631 ], [ -81.48863, 25.86207 ], [ -81.47227, 25.8622 ], [ -81.47239, 25.87606 ], [ -81.45647, 25.87631 ], [ -81.45672, 25.89211 ], [ -81.40796, 25.89219 ], [ -81.40779, 25.84138 ], [ -81.39896, 25.84131 ], [ -81.39898, 25.83411 ], [ -81.35929, 25.83381 ], [ -81.35938, 25.8629 ], [ -81.26233, 25.86279 ], [ -81.26244, 25.80352 ], [ -81.21272, 25.80341 ], [ -81.21269, 25.78889 ], [ -81.19665, 25.78892 ], [ -81.19662, 25.77456 ], [ -81.18058, 25.77458 ], [ -81.18056, 25.76016 ], [ -81.16451, 25.76018 ], [ -81.16447, 25.73115 ], [ -81.11639, 25.7312 ], [ -81.11634, 25.71667 ], [ -81.10018, 25.71669 ], [ -81.10016, 25.68768 ], [ -81.08398, 25.68775 ], [ -81.08397, 25.67322 ], [ -81.06821, 25.67328 ], [ -81.0682, 25.65149 ], [ -81.0521, 25.65155 ], [ -81.05209, 25.61523 ], [ -80.85904, 25.61652 ], [ -80.85697, 25.76047 ], [ -80.65774, 25.76083 ], [ -80.65725, 25.74631 ], [ -80.64918, 25.74633 ], [ -80.64968, 25.7607 ], [ -80.499, 25.76098 ], [ -80.49898, 25.66863 ], [ -80.51519, 25.66851 ], [ -80.5147, 25.65432 ], [ -80.53872, 25.65419 ], [ -80.53821, 25.6413 ], [ -80.54726, 25.64119 ], [ -80.54909, 25.60851 ], [ -80.5591, 25.60846 ], [ -80.54308, 25.60854 ], [ -80.54328, 25.58661 ], [ -80.55124, 25.58661 ], [ -80.55127, 25.57924 ], [ -80.56716, 25.57924 ], [ -80.56704, 25.5499 ], [ -80.57494, 25.54985 ], [ -80.57436, 25.4628 ], [ -80.59033, 25.46195 ], [ -80.59035, 25.41809 ], [ -80.57406, 25.41825 ], [ -80.57354, 25.29236 ], [ -80.44465, 25.28715 ], [ -80.43124, 25.22466 ], [ -80.41772, 25.19842 ], [ -80.38895, 25.18308 ] ] ], [ [ [ -81.35706, 25.81871 ], [ -81.36703, 25.81356 ], [ -81.36305, 25.80629 ], [ -81.35509, 25.80631 ], [ -81.35706, 25.81871 ] ] ], [ [ [ -80.42044, 25.14151 ], [ -80.41369, 25.1384 ], [ -80.41419, 25.12406 ], [ -80.42428, 25.13463 ], [ -80.42044, 25.14151 ] ] ], [ [ [ -80.44146, 25.12784 ], [ -80.42971, 25.1157 ], [ -80.42982, 25.1115 ], [ -80.44585, 25.12225 ], [ -80.44146, 25.12784 ] ] ], [ [ [ -80.65748, 25.75457 ], [ -80.65332, 25.74636 ], [ -80.65722, 25.74635 ], [ -80.65748, 25.75457 ] ] ], [ [ [ -80.65323, 25.74907 ], [ -80.64956, 25.75458 ], [ -80.64937, 25.74907 ], [ -80.65323, 25.74907 ] ] ], [ [ [ -81.38522, 25.84302 ], [ -81.38722, 25.84848 ], [ -81.38521, 25.84847 ], [ -81.38522, 25.84302 ] ] ], [ [ [ -80.64937, 25.74906 ], [ -80.65313, 25.74636 ], [ -80.65323, 25.74906 ], [ -80.64937, 25.74906 ] ] ], [ [ [ -80.45323, 25.08661 ], [ -80.44971, 25.08677 ], [ -80.45215, 25.08449 ], [ -80.45323, 25.08661 ] ] ], [ [ [ -80.6506, 25.75721 ], [ -80.65172, 25.7607 ], [ -80.64978, 25.76071 ], [ -80.6506, 25.75721 ] ] ], [ [ [ -80.65051, 25.75472 ], [ -80.6515, 25.75712 ], [ -80.64964, 25.75712 ], [ -80.65051, 25.75472 ] ] ], [ [ [ -80.65352, 25.75711 ], [ -80.65158, 25.75471 ], [ -80.65344, 25.75472 ], [ -80.65352, 25.75711 ] ] ], [ [ [ -80.65654, 25.75472 ], [ -80.65756, 25.7571 ], [ -80.6557, 25.75711 ], [ -80.65654, 25.75472 ] ] ], [ [ [ -80.65554, 25.75711 ], [ -80.65362, 25.75471 ], [ -80.65546, 25.75472 ], [ -80.65554, 25.75711 ] ] ], [ [ [ -80.65769, 25.76068 ], [ -80.65673, 25.76068 ], [ -80.65663, 25.7572 ], [ -80.65769, 25.76068 ] ] ], [ [ [ -81.38561, 25.85311 ], [ -81.38517, 25.85197 ], [ -81.38608, 25.85198 ], [ -81.38561, 25.85311 ] ] ], [ [ [ -80.4273, 25.12608 ], [ -80.42413, 25.12606 ], [ -80.4243, 25.12562 ], [ -80.4273, 25.12608 ] ] ], [ [ [ -80.65173, 25.75904 ], [ -80.65259, 25.75849 ], [ -80.65263, 25.75959 ], [ -80.65173, 25.75904 ] ] ], [ [ [ -80.65168, 25.75777 ], [ -80.65253, 25.75724 ], [ -80.65258, 25.75834 ], [ -80.65168, 25.75777 ] ] ], [ [ [ -80.65413, 25.75725 ], [ -80.6546, 25.75835 ], [ -80.65375, 25.75835 ], [ -80.65413, 25.75725 ] ] ], [ [ [ -80.65274, 25.75904 ], [ -80.65357, 25.75849 ], [ -80.65361, 25.75959 ], [ -80.65274, 25.75904 ] ] ], [ [ [ -80.6527, 25.75777 ], [ -80.65353, 25.75725 ], [ -80.65357, 25.75836 ], [ -80.6527, 25.75777 ] ] ], [ [ [ -80.65418, 25.75849 ], [ -80.65464, 25.75959 ], [ -80.65379, 25.75958 ], [ -80.65418, 25.75849 ] ] ], [ [ [ -80.65612, 25.75726 ], [ -80.65659, 25.75836 ], [ -80.65574, 25.75835 ], [ -80.65612, 25.75726 ] ] ], [ [ [ -80.65512, 25.75725 ], [ -80.65558, 25.75835 ], [ -80.65474, 25.75835 ], [ -80.65512, 25.75725 ] ] ], [ [ [ -80.65662, 25.7596 ], [ -80.65574, 25.75849 ], [ -80.6566, 25.75851 ], [ -80.65662, 25.7596 ] ] ], [ [ [ -80.65476, 25.75903 ], [ -80.65559, 25.75849 ], [ -80.65562, 25.75959 ], [ -80.65476, 25.75903 ] ] ], [ [ [ -80.65178, 25.76028 ], [ -80.65263, 25.75972 ], [ -80.65266, 25.76066 ], [ -80.65178, 25.76028 ] ] ], [ [ [ -80.42493, 25.1115 ], [ -80.42564, 25.11185 ], [ -80.42413, 25.11303 ], [ -80.42493, 25.1115 ] ] ], [ [ [ -80.65318, 25.75973 ], [ -80.65366, 25.76066 ], [ -80.6528, 25.76065 ], [ -80.65318, 25.75973 ] ] ], [ [ [ -80.65422, 25.75973 ], [ -80.65468, 25.76065 ], [ -80.65382, 25.76064 ], [ -80.65422, 25.75973 ] ] ], [ [ [ -80.65515, 25.76065 ], [ -80.65479, 25.75973 ], [ -80.65563, 25.75972 ], [ -80.65515, 25.76065 ] ] ], [ [ [ -80.65666, 25.76064 ], [ -80.65579, 25.75973 ], [ -80.65664, 25.75974 ], [ -80.65666, 25.76064 ] ] ], [ [ [ -80.47114, 25.61802 ], [ -80.47024, 25.61801 ], [ -80.47021, 25.61719 ], [ -80.47114, 25.61802 ] ] ], [ [ [ -80.38891, 25.1833 ], [ -80.38861, 25.18447 ], [ -80.38848, 25.18438 ], [ -80.38891, 25.1833 ] ] ] ] } },
{ "type": "Feature", "properties": { "nationalParkName": "Gates of the Arctic National Park", "name": "Gates of the Arctic National Park", "unitCode": "GAAR", "unitType": "National Parks", "state": "AK", "parkName": "Gates of the Arctic", "source": "National Park Service Land Resources Division", "sourceLayerUrl": "https://services1.arcgis.com/fBc8EJBxQRMcHlei/ArcGIS/rest/services/NPS_Land_Resources_Division_Boundary_and_Tract_Data_Service/FeatureServer/2" }, "geometry": { "type": "MultiPolygon", "coordinates": [ [ [ [ -152.94197, 68.48225 ], [ -152.94195, 68.39568 ], [ -152.78579, 68.39568 ], [ -152.78565, 68.35239 ], [ -152.51211, 68.3524 ], [ -152.51214, 68.36682 ], [ -152.47304, 68.36683 ], [ -152.47304, 68.39568 ], [ -152.23858, 68.39568 ], [ -152.23505, 68.28026 ], [ -151.77317, 68.28025 ], [ -151.77316, 68.26583 ], [ -151.09644, 68.26584 ], [ -151.08916, 68.25796 ], [ -151.07323, 68.25526 ], [ -151.06742, 68.24185 ], [ -151.08799, 68.2374 ], [ -151.08603, 68.22189 ], [ -151.11665, 68.21814 ], [ -151.12547, 68.20424 ], [ -151.14373, 68.20052 ], [ -151.17024, 68.1851 ], [ -151.19028, 68.18176 ], [ -151.19673, 68.17149 ], [ -151.17175, 68.16274 ], [ -151.15339, 68.16565 ], [ -151.10084, 68.15793 ], [ -151.08186, 68.16181 ], [ -151.03785, 68.18953 ], [ -151.03183, 68.20138 ], [ -150.84739, 68.22266 ], [ -150.82766, 68.21895 ], [ -150.79898, 68.22002 ], [ -150.78966, 68.21646 ], [ -150.67501, 68.20246 ], [ -150.63499, 68.20442 ], [ -150.62033, 68.19747 ], [ -150.62004, 68.19317 ], [ -150.59888, 68.1913 ], [ -150.5849, 68.19436 ], [ -150.5709, 68.18861 ], [ -150.55464, 68.18893 ], [ -150.53716, 68.18356 ], [ -150.50813, 68.18491 ], [ -150.4751, 68.19192 ], [ -150.46964, 68.17888 ], [ -150.45876, 68.17687 ], [ -150.44228, 68.17658 ], [ -150.43627, 68.18065 ], [ -150.41779, 68.18318 ], [ -150.40058, 68.17894 ], [ -150.36862, 68.18131 ], [ -150.3536, 68.17877 ], [ -150.31987, 68.18439 ], [ -150.30111, 68.18097 ], [ -150.2992, 68.17275 ], [ -150.23266, 68.15714 ], [ -150.17376, 68.15043 ], [ -150.15669, 68.12802 ], [ -150.15703, 68.11915 ], [ -150.13073, 68.11616 ], [ -150.13917, 68.10293 ], [ -150.12055, 68.09871 ], [ -150.10398, 68.08802 ], [ -150.08698, 68.08835 ], [ -150.05164, 68.0965 ], [ -150.03109, 68.09356 ], [ -150.00718, 68.0956 ], [ -149.98123, 68.08771 ], [ -149.95795, 68.09101 ], [ -149.94559, 68.08882 ], [ -149.90508, 68.09956 ], [ -149.88764, 68.0823 ], [ -149.85581, 68.08312 ], [ -149.83949, 68.08069 ], [ -149.82777, 68.07053 ], [ -149.80089, 68.06683 ], [ -149.79337, 68.04829 ], [ -149.77641, 68.04336 ], [ -149.77547, 68.03048 ], [ -149.78449, 68.02481 ], [ -149.78309, 68.02029 ], [ -149.80987, 68.01437 ], [ -149.82469, 68.00617 ], [ -149.82805, 67.99807 ], [ -149.8539, 67.98978 ], [ -149.84819, 67.96848 ], [ -149.87503, 67.90925 ], [ -149.89517, 67.90373 ], [ -149.93186, 67.91213 ], [ -149.94219, 67.90491 ], [ -149.94017, 67.89895 ], [ -149.89977, 67.89115 ], [ -149.89924, 67.8809 ], [ -149.89049, 67.87868 ], [ -149.88899, 67.8739 ], [ -149.90049, 67.86543 ], [ -149.89427, 67.85497 ], [ -149.91031, 67.81954 ], [ -149.92982, 67.8097 ], [ -149.94616, 67.80958 ], [ -149.94915, 67.79287 ], [ -149.97152, 67.78865 ], [ -149.97581, 67.77083 ], [ -149.96957, 67.76141 ], [ -149.94592, 67.75454 ], [ -149.94401, 67.75105 ], [ -149.92377, 67.75165 ], [ -149.89878, 67.74252 ], [ -149.85911, 67.74135 ], [ -149.85624, 67.71872 ], [ -149.86145, 67.71006 ], [ -149.84978, 67.70852 ], [ -149.84893, 67.70013 ], [ -149.82647, 67.69562 ], [ -149.81913, 67.69126 ], [ -149.82416, 67.66783 ], [ -149.8472, 67.6666 ], [ -149.85594, 67.6624 ], [ -149.85152, 67.65497 ], [ -149.86497, 67.64227 ], [ -149.87004, 67.60837 ], [ -149.86294, 67.59573 ], [ -149.87573, 67.59012 ], [ -149.88351, 67.57531 ], [ -149.87056, 67.5689 ], [ -149.93799, 67.53244 ], [ -149.93195, 67.51211 ], [ -149.96496, 67.50123 ], [ -149.98213, 67.51544 ], [ -149.99932, 67.51471 ], [ -150.0337, 67.52153 ], [ -150.04731, 67.51516 ], [ -150.07169, 67.52197 ], [ -150.07531, 67.52687 ], [ -150.10952, 67.52853 ], [ -150.1578, 67.53528 ], [ -150.17824, 67.53005 ], [ -150.21697, 67.53211 ], [ -150.22959, 67.52771 ], [ -150.24184, 67.50874 ], [ -150.28194, 67.50809 ], [ -150.27773, 67.50093 ], [ -150.28806, 67.49579 ], [ -150.26806, 67.48367 ], [ -150.28228, 67.44221 ], [ -150.25689, 67.42899 ], [ -150.25956, 67.42598 ], [ -150.29187, 67.42021 ], [ -150.29486, 67.4089 ], [ -150.28146, 67.38764 ], [ -150.29589, 67.38218 ], [ -150.32252, 67.38084 ], [ -150.33905, 67.36534 ], [ -150.33535, 67.36167 ], [ -150.36773, 67.35407 ], [ -150.38963, 67.34402 ], [ -150.39323, 67.32731 ], [ -150.35964, 67.31244 ], [ -150.3629, 67.29252 ], [ -150.37963, 67.29098 ], [ -150.38257, 67.28429 ], [ -150.40005, 67.27866 ], [ -150.42902, 67.28218 ], [ -150.45009, 67.27701 ], [ -150.45969, 67.26916 ], [ -150.47956, 67.2671 ], [ -150.50034, 67.2576 ], [ -150.52785, 67.25168 ], [ -150.52591, 67.24154 ], [ -150.54055, 67.23532 ], [ -150.53531, 67.23124 ], [ -150.54841, 67.22084 ], [ -150.5428, 67.2156 ], [ -150.55395, 67.20871 ], [ -150.55287, 67.19496 ], [ -150.56667, 67.1905 ], [ -150.5513, 67.17982 ], [ -150.55129, 67.17261 ], [ -150.4605, 67.17261 ], [ -150.45332, 67.16641 ], [ -150.45459, 67.1611 ], [ -150.47142, 67.15548 ], [ -150.47886, 67.14375 ], [ -150.51413, 67.14375 ], [ -150.51413, 67.12932 ], [ -150.53269, 67.12932 ], [ -150.53264, 67.09324 ], [ -150.5419, 67.09324 ], [ -150.54189, 67.08242 ], [ -150.55114, 67.08242 ], [ -150.55113, 67.0768 ], [ -150.56619, 67.07373 ], [ -150.57626, 67.08307 ], [ -150.58708, 67.07715 ], [ -150.60249, 67.08181 ], [ -150.63291, 67.08354 ], [ -150.66124, 67.07537 ], [ -150.66269, 67.06282 ], [ -150.67934, 67.06072 ], [ -150.69368, 67.05404 ], [ -150.70755, 67.05254 ], [ -150.74168, 67.05776 ], [ -150.76269, 67.04617 ], [ -150.7906, 67.04395 ], [ -150.80436, 67.04933 ], [ -150.82404, 67.04972 ], [ -150.84193, 67.05714 ], [ -150.88514, 67.0574 ], [ -150.90178, 67.0518 ], [ -150.91131, 67.04372 ], [ -150.94174, 67.03937 ], [ -151.00706, 67.05111 ], [ -151.01559, 67.04849 ], [ -151.03332, 67.05032 ], [ -151.03423, 67.04361 ], [ -151.04974, 67.04641 ], [ -151.06709, 67.04461 ], [ -151.07499, 67.0474 ], [ -151.09039, 67.04473 ], [ -151.11086, 67.05217 ], [ -151.12191, 67.04795 ], [ -151.12165, 67.04157 ], [ -151.12734, 67.04182 ], [ -151.13587, 67.03562 ], [ -151.1293, 67.02704 ], [ -151.16464, 67.02162 ], [ -151.1718, 67.02395 ], [ -151.17662, 67.03016 ], [ -151.17664, 67.28804 ], [ -151.00353, 67.28804 ], [ -151.00354, 67.37462 ], [ -151.22756, 67.37462 ], [ -151.22758, 67.54778 ], [ -151.4516, 67.54777 ], [ -151.45161, 67.63435 ], [ -151.67562, 67.63435 ], [ -151.67561, 67.54777 ], [ -153.00281, 67.54776 ], [ -153.0028, 67.46118 ], [ -152.90854, 67.46118 ], [ -152.90791, 67.33131 ], [ -153.00279, 67.33131 ], [ -153.00279, 67.34236 ], [ -153.30083, 67.34236 ], [ -153.30041, 67.25578 ], [ -153.63439, 67.25577 ], [ -153.63437, 67.16919 ], [ -153.81825, 67.16918 ], [ -153.81783, 67.0826 ], [ -153.93981, 67.0826 ], [ -153.94024, 67.07119 ], [ -153.96139, 67.06039 ], [ -153.95955, 67.05658 ], [ -153.97486, 67.05256 ], [ -153.97534, 67.04817 ], [ -154.0005, 67.04597 ], [ -154.00024, 67.04177 ], [ -154.00676, 67.04029 ], [ -154.0376, 67.04364 ], [ -154.04164, 67.04715 ], [ -154.07046, 67.04567 ], [ -154.06992, 67.04306 ], [ -154.07867, 67.04556 ], [ -154.08866, 67.04458 ], [ -154.10717, 67.05298 ], [ -154.11779, 67.05294 ], [ -154.11754, 67.05055 ], [ -154.13348, 67.0514 ], [ -154.13977, 67.05744 ], [ -154.15128, 67.05606 ], [ -154.15037, 67.06138 ], [ -154.16225, 67.05979 ], [ -154.17057, 67.06231 ], [ -154.19256, 67.05673 ], [ -154.2014, 67.05815 ], [ -154.2071, 67.05075 ], [ -154.23143, 67.05464 ], [ -154.24789, 67.04732 ], [ -154.26005, 67.04624 ], [ -154.27552, 67.02862 ], [ -154.31315, 67.01945 ], [ -154.33557, 67.02169 ], [ -154.32444, 67.02809 ], [ -154.33513, 67.0307 ], [ -154.34312, 67.02404 ], [ -154.51377, 67.02487 ], [ -154.55475, 67.08247 ], [ -154.58083, 67.08951 ], [ -154.59422, 67.0994 ], [ -154.59687, 67.10953 ], [ -154.59141, 67.11416 ], [ -154.63449, 67.11448 ], [ -154.63237, 67.10683 ], [ -154.64113, 67.10024 ], [ -154.66702, 67.09471 ], [ -154.69059, 67.09986 ], [ -154.69083, 67.11145 ], [ -154.80558, 67.11145 ], [ -154.80559, 67.16917 ], [ -154.74892, 67.16917 ], [ -154.74893, 67.25575 ], [ -155.91209, 67.25573 ], [ -155.89973, 67.26642 ], [ -155.92589, 67.27009 ], [ -155.94173, 67.2764 ], [ -155.94004, 67.28126 ], [ -155.96375, 67.2851 ], [ -155.99815, 67.27978 ], [ -156.01053, 67.28797 ], [ -156.02487, 67.28726 ], [ -156.03564, 67.2905 ], [ -156.04734, 67.28784 ], [ -156.0613, 67.28923 ], [ -156.07097, 67.28595 ], [ -156.10623, 67.28696 ], [ -156.11354, 67.29672 ], [ -156.11, 67.3052 ], [ -156.13234, 67.31629 ], [ -156.16051, 67.34576 ], [ -156.17651, 67.35226 ], [ -156.16699, 67.37144 ], [ -156.17948, 67.38639 ], [ -156.17107, 67.39509 ], [ -156.17997, 67.40528 ], [ -156.20584, 67.40781 ], [ -156.21119, 67.41126 ], [ -156.20711, 67.42889 ], [ -156.26287, 67.42889 ], [ -156.27541, 67.42065 ], [ -156.29202, 67.41978 ], [ -156.29858, 67.43749 ], [ -156.34862, 67.44807 ], [ -156.36954, 67.44796 ], [ -156.37933, 67.48219 ], [ -156.36499, 67.48924 ], [ -156.34939, 67.51598 ], [ -156.37908, 67.53927 ], [ -156.39308, 67.5361 ], [ -156.42822, 67.53766 ], [ -156.4571, 67.5307 ], [ -156.45857, 67.52718 ], [ -156.47091, 67.52629 ], [ -156.49683, 67.53231 ], [ -156.51156, 67.52962 ], [ -156.52737, 67.53258 ], [ -156.5627, 67.52994 ], [ -156.59731, 67.52019 ], [ -156.60076, 67.51352 ], [ -156.69924, 67.51352 ], [ -156.70298, 67.5049 ], [ -156.7245, 67.49639 ], [ -156.75988, 67.4983 ], [ -156.80986, 67.4866 ], [ -156.89532, 67.4866 ], [ -156.89533, 67.4915 ], [ -156.91949, 67.50768 ], [ -156.9129, 67.51065 ], [ -156.91332, 67.52128 ], [ -156.9234, 67.52438 ], [ -156.93069, 67.53369 ], [ -156.92592, 67.54654 ], [ -156.91358, 67.55301 ], [ -156.92192, 67.56049 ], [ -156.90405, 67.56422 ], [ -156.91645, 67.57363 ], [ -156.90204, 67.57828 ], [ -156.91392, 67.58154 ], [ -156.91086, 67.58628 ], [ -156.91717, 67.59081 ], [ -156.94773, 67.58904 ], [ -156.93463, 67.61203 ], [ -156.94275, 67.61841 ], [ -156.99942, 67.61614 ], [ -156.98833, 67.63814 ], [ -156.97794, 67.64351 ], [ -156.97683, 67.64938 ], [ -156.9547, 67.6526 ], [ -156.94815, 67.65994 ], [ -156.92086, 67.66487 ], [ -156.91637, 67.67039 ], [ -156.8926, 67.67769 ], [ -156.83203, 67.64998 ], [ -156.82779, 67.64354 ], [ -156.79866, 67.64209 ], [ -156.77952, 67.64509 ], [ -156.75815, 67.64452 ], [ -156.74264, 67.63457 ], [ -156.72953, 67.63712 ], [ -156.72736, 67.64406 ], [ -156.71708, 67.6493 ], [ -156.71867, 67.65762 ], [ -156.70027, 67.66107 ], [ -156.68605, 67.6725 ], [ -156.69287, 67.68123 ], [ -156.68833, 67.69007 ], [ -156.65469, 67.69399 ], [ -156.66029, 67.69955 ], [ -156.65453, 67.70868 ], [ -156.6361, 67.71403 ], [ -156.64622, 67.72132 ], [ -156.59224, 67.73684 ], [ -156.58737, 67.74641 ], [ -156.57203, 67.75211 ], [ -156.56889, 67.76919 ], [ -156.55694, 67.77617 ], [ -156.55925, 67.78422 ], [ -156.57852, 67.78914 ], [ -156.60601, 67.78951 ], [ -156.65391, 67.79952 ], [ -156.59535, 67.81782 ], [ -156.54838, 67.85958 ], [ -156.5616, 67.86166 ], [ -156.55639, 67.86688 ], [ -156.56174, 67.87237 ], [ -156.533, 67.88734 ], [ -156.49282, 67.89932 ], [ -156.49432, 67.90299 ], [ -156.48646, 67.90339 ], [ -156.48495, 67.92193 ], [ -156.47238, 67.94379 ], [ -156.49162, 67.96239 ], [ -156.43808, 67.97415 ], [ -156.40279, 67.97434 ], [ -156.38752, 67.98011 ], [ -156.35273, 67.97822 ], [ -156.33654, 67.98194 ], [ -156.31292, 67.99789 ], [ -156.29685, 67.99573 ], [ -156.27938, 67.99698 ], [ -156.27666, 67.99189 ], [ -156.24339, 67.98762 ], [ -156.14556, 67.99031 ], [ -156.13237, 67.98513 ], [ -156.09598, 67.98546 ], [ -156.07764, 67.98301 ], [ -156.06588, 67.98811 ], [ -156.04328, 67.99081 ], [ -156.02418, 67.9859 ], [ -155.99334, 67.9969 ], [ -155.96122, 68.01482 ], [ -155.91873, 68.02476 ], [ -155.90327, 68.02204 ], [ -155.87411, 68.02795 ], [ -155.85143, 68.02697 ], [ -155.83291, 68.02136 ], [ -155.79811, 68.02036 ], [ -155.78531, 68.01708 ], [ -155.76365, 68.0033 ], [ -155.74817, 68.00134 ], [ -155.74327, 67.99172 ], [ -155.73569, 67.98984 ], [ -155.75321, 67.9868 ], [ -155.74449, 67.98505 ], [ -155.74563, 67.97634 ], [ -155.72169, 67.97774 ], [ -155.70784, 67.97515 ], [ -155.68674, 67.98018 ], [ -155.66742, 67.97309 ], [ -155.62015, 67.96596 ], [ -155.61718, 68.36618 ], [ -155.2669, 68.36619 ], [ -155.26689, 68.32352 ], [ -154.62649, 68.32353 ], [ -154.62653, 68.33796 ], [ -154.66559, 68.33796 ], [ -154.66562, 68.34517 ], [ -154.68515, 68.34517 ], [ -154.68524, 68.3596 ], [ -154.70478, 68.3596 ], [ -154.70059, 68.38844 ], [ -154.64188, 68.38843 ], [ -154.64186, 68.38122 ], [ -154.6223, 68.38122 ], [ -154.62227, 68.3662 ], [ -154.59729, 68.3662 ], [ -154.59728, 68.3596 ], [ -154.56796, 68.3596 ], [ -154.56796, 68.3662 ], [ -154.34872, 68.36621 ], [ -154.34872, 68.38122 ], [ -153.64535, 68.38124 ], [ -153.64536, 68.43895 ], [ -153.52858, 68.43895 ], [ -153.52882, 68.48224 ], [ -152.94197, 68.48225 ] ] ], [ [ [ -152.70753, 68.6121 ], [ -152.47307, 68.6121 ], [ -152.47305, 68.48225 ], [ -152.86472, 68.48225 ], [ -152.86503, 68.52553 ], [ -152.94198, 68.52553 ], [ -152.94199, 68.56881 ], [ -153.06034, 68.56881 ], [ -153.06081, 68.65538 ], [ -152.70754, 68.65539 ], [ -152.70753, 68.6121 ] ] ] ] } },
{ "type": "Feature", "properties": { "nationalParkName": "Gateway Arch National Park", "name": "Gateway Arch National Park", "unitCode": "JEFF", "unitType": "National Parks", "state": "MO", "parkName": "Gateway Arch", "source": "National Park Service Land Resources Division", "sourceLayerUrl": "https://services1.arcgis.com/fBc8EJBxQRMcHlei/ArcGIS/rest/services/NPS_Land_Resources_Division_Boundary_and_Tract_Data_Service/FeatureServer/2" }, "geometry": { "type": "MultiPolygon", "coordinates": [ [ [ [ -90.17521, 38.62833 ], [ -90.17148, 38.6212 ], [ -90.17582, 38.61674 ], [ -90.17949, 38.61744 ], [ -90.17521, 38.62833 ] ] ], [ [ [ -90.18269, 38.62921 ], [ -90.18624, 38.61926 ], [ -90.18943, 38.62032 ], [ -90.18971, 38.62625 ], [ -90.18269, 38.62921 ] ] ], [ [ [ -90.18761, 38.62387 ], [ -90.18713, 38.62375 ], [ -90.18692, 38.62427 ], [ -90.18761, 38.62387 ] ] ] ] } },
{ "type": "Feature", "properties": { "nationalParkName": "Glacier Bay National Park", "name": "Glacier Bay National Park", "unitCode": "GLBA", "unitType": "National Parks", "state": "AK", "parkName": "Glacier Bay", "source": "National Park Service Land Resources Division", "sourceLayerUrl": "https://services1.arcgis.com/fBc8EJBxQRMcHlei/ArcGIS/rest/services/NPS_Land_Resources_Division_Boundary_and_Tract_Data_Service/FeatureServer/2" }, "geometry": { "type": "Polygon", "coordinates": [ [ [ -138.06598, 59.48305 ], [ -137.60738, 59.24381 ], [ -137.54215, 59.10643 ], [ -137.50002, 58.9854 ], [ -137.52614, 58.90638 ], [ -137.45175, 58.90835 ], [ -137.28287, 59.0 ], [ -136.9697, 59.10124 ], [ -136.87676, 59.13616 ], [ -136.82875, 59.15996 ], [ -136.58447, 59.16586 ], [ -136.48986, 59.25965 ], [ -136.47437, 59.25645 ], [ -136.44911, 59.26612 ], [ -136.44227, 59.25312 ], [ -136.42381, 59.24615 ], [ -136.39369, 59.24584 ], [ -136.38629, 59.25283 ], [ -136.36548, 59.24758 ], [ -136.37039, 59.23829 ], [ -136.3607, 59.23249 ], [ -136.33217, 59.23006 ], [ -136.30955, 59.23245 ], [ -136.28309, 59.22542 ], [ -136.26305, 59.22726 ], [ -136.23083, 59.21264 ], [ -136.18975, 59.21905 ], [ -136.18613, 59.20692 ], [ -136.16444, 59.19953 ], [ -136.16575, 59.18763 ], [ -136.15792, 59.18391 ], [ -136.13354, 59.18839 ], [ -136.12154, 59.20758 ], [ -136.10717, 59.21572 ], [ -136.09687, 59.20915 ], [ -136.09851, 59.2012 ], [ -136.0895, 59.19906 ], [ -136.07384, 59.20188 ], [ -136.05146, 59.19677 ], [ -136.05833, 59.19191 ], [ -136.05671, 59.17904 ], [ -136.05101, 59.17742 ], [ -136.01944, 59.17817 ], [ -136.01084, 59.18677 ], [ -135.99663, 59.18152 ], [ -135.99143, 59.18419 ], [ -135.96985, 59.17971 ], [ -135.89905, 59.17903 ], [ -135.892, 59.17107 ], [ -135.88156, 59.16833 ], [ -135.88565, 59.15933 ], [ -135.84913, 59.15305 ], [ -135.82702, 59.13873 ], [ -135.81421, 59.13673 ], [ -135.79574, 59.14243 ], [ -135.76425, 59.13616 ], [ -135.72799, 59.11532 ], [ -135.69868, 59.10727 ], [ -135.7104, 59.10149 ], [ -135.72311, 59.06985 ], [ -135.69836, 59.03546 ], [ -135.69565, 59.02152 ], [ -135.67458, 59.01876 ], [ -135.66747, 59.01191 ], [ -135.65588, 59.01047 ], [ -135.65572, 59.00428 ], [ -135.6437, 59.00207 ], [ -135.62633, 58.98797 ], [ -135.58764, 58.98245 ], [ -135.58831, 58.97005 ], [ -135.56608, 58.96281 ], [ -135.56823, 58.94041 ], [ -135.59071, 58.93708 ], [ -135.58905, 58.92739 ], [ -135.6082, 58.92311 ], [ -135.60153, 58.91596 ], [ -135.60551, 58.90399 ], [ -135.58214, 58.89774 ], [ -135.55457, 58.90177 ], [ -135.54232, 58.89272 ], [ -135.52413, 58.8877 ], [ -135.53203, 58.86924 ], [ -135.55168, 58.8753 ], [ -135.57909, 58.86164 ], [ -135.60059, 58.86103 ], [ -135.61867, 58.85233 ], [ -135.63941, 58.85674 ], [ -135.65681, 58.85227 ], [ -135.68351, 58.8536 ], [ -135.6764, 58.83838 ], [ -135.69927, 58.8325 ], [ -135.71231, 58.82408 ], [ -135.71284, 58.79672 ], [ -135.73227, 58.78764 ], [ -135.73376, 58.76838 ], [ -135.7269, 58.76539 ], [ -135.75344, 58.75631 ], [ -135.75548, 58.7452 ], [ -135.74417, 58.73307 ], [ -135.74713, 58.7249 ], [ -135.73086, 58.72536 ], [ -135.70133, 58.73778 ], [ -135.69093, 58.72497 ], [ -135.66556, 58.71022 ], [ -135.65886, 58.71841 ], [ -135.63846, 58.7234 ], [ -135.63357, 58.71387 ], [ -135.61662, 58.70644 ], [ -135.61014, 58.71014 ], [ -135.59777, 58.70646 ], [ -135.59154, 58.71147 ], [ -135.57841, 58.69951 ], [ -135.55101, 58.6988 ], [ -135.54026, 58.68875 ], [ -135.53886, 58.67797 ], [ -135.54691, 58.67516 ], [ -135.52996, 58.65679 ], [ -135.51248, 58.66002 ], [ -135.4994, 58.65086 ], [ -135.48872, 58.65645 ], [ -135.46622, 58.63893 ], [ -135.45394, 58.63517 ], [ -135.43693, 58.63647 ], [ -135.40524, 58.6206 ], [ -135.39586, 58.60278 ], [ -135.41591, 58.5866 ], [ -135.38082, 58.57202 ], [ -135.36274, 58.55253 ], [ -135.37594, 58.54127 ], [ -135.33455, 58.52579 ], [ -135.31938, 58.51126 ], [ -135.31675, 58.5044 ], [ -135.33031, 58.49528 ], [ -135.35568, 58.49101 ], [ -135.36871, 58.49375 ], [ -135.37994, 58.50262 ], [ -135.40907, 58.505 ], [ -135.41093, 58.51003 ], [ -135.42657, 58.51409 ], [ -135.44949, 58.50993 ], [ -135.46903, 58.51082 ], [ -135.49275, 58.49967 ], [ -135.50706, 58.49967 ], [ -135.47323, 58.4721 ], [ -135.46757, 58.43124 ], [ -135.44633, 58.40562 ], [ -135.44746, 58.3799 ], [ -135.45995, 58.3611 ], [ -135.48817, 58.35483 ], [ -135.51189, 58.35899 ], [ -135.59318, 58.39289 ], [ -135.63749, 58.39378 ], [ -135.63242, 58.42403 ], [ -135.61628, 58.42588 ], [ -135.5964, 58.41694 ], [ -135.59468, 58.42344 ], [ -135.58952, 58.42344 ], [ -135.59641, 58.44527 ], [ -135.61019, 58.4415 ], [ -135.7208, 58.44149 ], [ -135.76174, 58.46321 ], [ -135.77552, 58.46322 ], [ -135.77551, 58.44154 ], [ -135.83029, 58.44155 ], [ -135.83025, 58.4271 ], [ -135.85783, 58.42711 ], [ -135.85778, 58.37209 ], [ -135.93842, 58.36651 ], [ -136.00039, 58.35621 ], [ -136.10811, 58.32255 ], [ -136.25621, 58.29064 ], [ -136.31166, 58.2951 ], [ -136.36817, 58.28641 ], [ -136.42859, 58.28247 ], [ -136.44476, 58.27451 ], [ -136.45546, 58.24962 ], [ -136.49707, 58.20283 ], [ -136.51465, 58.19102 ], [ -136.59116, 58.16399 ], [ -136.66866, 58.1592 ], [ -136.71311, 58.16569 ], [ -136.75503, 58.17996 ], [ -136.78246, 58.1971 ], [ -136.83529, 58.24854 ], [ -136.91699, 58.27157 ], [ -136.95325, 58.28696 ], [ -136.97727, 58.30606 ], [ -137.00958, 58.35162 ], [ -137.03201, 58.34036 ], [ -137.07478, 58.33185 ], [ -137.118, 58.33303 ], [ -137.14649, 58.33987 ], [ -137.23938, 58.39076 ], [ -137.29047, 58.40895 ], [ -137.33546, 58.41969 ], [ -137.59749, 58.53613 ], [ -137.63747, 58.55039 ], [ -137.67776, 58.55635 ], [ -137.71633, 58.5671 ], [ -137.76444, 58.59847 ], [ -137.76741, 58.62487 ], [ -137.78427, 58.64539 ], [ -137.83333, 58.67411 ], [ -137.99478, 58.74643 ], [ -138.03358, 58.77787 ], [ -138.04244, 58.81486 ], [ -138.02273, 58.84514 ], [ -138.03307, 58.85869 ], [ -138.06135, 58.8779 ], [ -137.94371, 58.87918 ], [ -138.02084, 58.93042 ], [ -138.08435, 58.96432 ], [ -138.17144, 59.00236 ], [ -138.18624, 59.01705 ], [ -138.26773, 59.04785 ], [ -138.3448, 59.0686 ], [ -138.33953, 59.0721 ], [ -138.30436, 59.07113 ], [ -138.27589, 59.0877 ], [ -138.26267, 59.07783 ], [ -138.24873, 59.0757 ], [ -138.21741, 59.08408 ], [ -138.16944, 59.08188 ], [ -138.15804, 59.09607 ], [ -138.16673, 59.10421 ], [ -138.16776, 59.12681 ], [ -138.15934, 59.12839 ], [ -138.15304, 59.13836 ], [ -138.16055, 59.14294 ], [ -138.15825, 59.14967 ], [ -138.17628, 59.15339 ], [ -138.17617, 59.16325 ], [ -138.19506, 59.16421 ], [ -138.19559, 59.17859 ], [ -138.22212, 59.19802 ], [ -138.23336, 59.19952 ], [ -138.24081, 59.20702 ], [ -138.25606, 59.20787 ], [ -138.24595, 59.22775 ], [ -138.26206, 59.23568 ], [ -138.30632, 59.23592 ], [ -138.29936, 59.24991 ], [ -138.32213, 59.25079 ], [ -138.34197, 59.26025 ], [ -138.34554, 59.27058 ], [ -138.38352, 59.29509 ], [ -138.38815, 59.30756 ], [ -138.406, 59.31315 ], [ -138.40776, 59.32871 ], [ -138.4141, 59.33129 ], [ -138.39697, 59.34038 ], [ -138.38034, 59.34272 ], [ -138.23777, 59.42268 ], [ -138.20927, 59.42562 ], [ -138.19715, 59.42358 ], [ -138.18282, 59.42901 ], [ -138.15735, 59.43134 ], [ -138.13707, 59.45678 ], [ -138.11854, 59.46881 ], [ -138.06598, 59.48305 ] ] ] } },
{ "type": "Feature", "properties": { "nationalParkName": "Glacier National Park", "name": "Glacier National Park", "unitCode": "GLAC", "unitType": "National Parks", "state": "MT", "parkName": "Glacier", "source": "National Park Service Land Resources Division", "sourceLayerUrl": "https://services1.arcgis.com/fBc8EJBxQRMcHlei/ArcGIS/rest/services/NPS_Land_Resources_Division_Boundary_and_Tract_Data_Service/FeatureServer/2" }, "geometry": { "type": "Polygon", "coordinates": [ [ [ -114.47496, 49.00109 ], [ -113.60972, 48.99797 ], [ -113.60976, 48.93294 ], [ -113.48744, 48.78504 ], [ -113.43652, 48.75081 ], [ -113.4228, 48.73471 ], [ -113.42174, 48.69354 ], [ -113.24189, 48.41323 ], [ -113.25186, 48.40724 ], [ -113.25943, 48.3914 ], [ -113.27453, 48.38284 ], [ -113.28134, 48.36887 ], [ -113.36343, 48.31286 ], [ -113.36586, 48.30349 ], [ -113.39433, 48.29417 ], [ -113.41695, 48.29635 ], [ -113.43122, 48.28052 ], [ -113.4528, 48.28429 ], [ -113.44813, 48.27626 ], [ -113.47418, 48.24937 ], [ -113.55289, 48.23389 ], [ -113.56491, 48.23591 ], [ -113.56823, 48.24457 ], [ -113.57498, 48.24547 ], [ -113.57117, 48.25476 ], [ -113.5781, 48.2613 ], [ -113.60481, 48.26939 ], [ -113.60562, 48.28057 ], [ -113.59379, 48.28836 ], [ -113.61261, 48.30104 ], [ -113.60917, 48.30632 ], [ -113.62705, 48.31842 ], [ -113.62611, 48.32605 ], [ -113.63347, 48.32453 ], [ -113.64004, 48.33306 ], [ -113.64097, 48.35901 ], [ -113.65845, 48.36471 ], [ -113.66017, 48.37046 ], [ -113.67082, 48.37 ], [ -113.67303, 48.37966 ], [ -113.68055, 48.37463 ], [ -113.68237, 48.38942 ], [ -113.70297, 48.39172 ], [ -113.70665, 48.40262 ], [ -113.72959, 48.4197 ], [ -113.75643, 48.41976 ], [ -113.79361, 48.42836 ], [ -113.80311, 48.44339 ], [ -113.80112, 48.45472 ], [ -113.81798, 48.4736 ], [ -113.85648, 48.49551 ], [ -113.87846, 48.49342 ], [ -113.88887, 48.49753 ], [ -113.90996, 48.49352 ], [ -113.93243, 48.50278 ], [ -113.9449, 48.5024 ], [ -113.95285, 48.49531 ], [ -113.97342, 48.50028 ], [ -113.98632, 48.49803 ], [ -113.99325, 48.50633 ], [ -114.00532, 48.50805 ], [ -114.006, 48.49724 ], [ -114.02335, 48.48678 ], [ -114.0377, 48.48563 ], [ -114.07145, 48.46838 ], [ -114.0887, 48.47035 ], [ -114.09479, 48.48229 ], [ -114.10874, 48.48917 ], [ -114.12429, 48.48931 ], [ -114.1264, 48.50631 ], [ -114.13984, 48.50819 ], [ -114.11494, 48.52861 ], [ -114.11377, 48.54056 ], [ -114.12541, 48.5484 ], [ -114.12818, 48.56967 ], [ -114.15629, 48.57997 ], [ -114.15185, 48.59196 ], [ -114.16702, 48.59447 ], [ -114.16087, 48.60185 ], [ -114.17159, 48.60777 ], [ -114.13825, 48.61926 ], [ -114.14257, 48.62991 ], [ -114.15774, 48.63792 ], [ -114.18822, 48.66979 ], [ -114.19424, 48.6786 ], [ -114.1882, 48.68693 ], [ -114.2085, 48.69529 ], [ -114.21034, 48.71192 ], [ -114.24876, 48.71924 ], [ -114.25516, 48.73113 ], [ -114.26426, 48.73248 ], [ -114.26175, 48.74808 ], [ -114.27767, 48.76029 ], [ -114.28043, 48.7816 ], [ -114.29065, 48.79011 ], [ -114.31965, 48.79809 ], [ -114.32989, 48.817 ], [ -114.34083, 48.82064 ], [ -114.33536, 48.83396 ], [ -114.34592, 48.83835 ], [ -114.35312, 48.84988 ], [ -114.34746, 48.85482 ], [ -114.36707, 48.85745 ], [ -114.36067, 48.86974 ], [ -114.37795, 48.88106 ], [ -114.36547, 48.8851 ], [ -114.37919, 48.89878 ], [ -114.37479, 48.90874 ], [ -114.38442, 48.91131 ], [ -114.37497, 48.91636 ], [ -114.38614, 48.91829 ], [ -114.39479, 48.9368 ], [ -114.41107, 48.94154 ], [ -114.41308, 48.9521 ], [ -114.42524, 48.95364 ], [ -114.4237, 48.95934 ], [ -114.47496, 49.00109 ] ] ] } },
{ "type": "Feature", "properties": { "nationalParkName": "Grand Canyon National Park", "name": "Grand Canyon National Park", "unitCode": "GRCA", "unitType": "National Parks", "state": "AZ", "parkName": "Grand Canyon", "source": "National Park Service Land Resources Division", "sourceLayerUrl": "https://services1.arcgis.com/fBc8EJBxQRMcHlei/ArcGIS/rest/services/NPS_Land_Resources_Division_Boundary_and_Tract_Data_Service/FeatureServer/2" }, "geometry": { "type": "Polygon", "coordinates": [ [ [ -111.58772, 36.86569 ], [ -111.60763, 36.8498 ], [ -111.61543, 36.8479 ], [ -111.61642, 36.83571 ], [ -111.63344, 36.80614 ], [ -111.64209, 36.80283 ], [ -111.64483, 36.78125 ], [ -111.66203, 36.75409 ], [ -111.69076, 36.73881 ], [ -111.69041, 36.72698 ], [ -111.7042, 36.71978 ], [ -111.70928, 36.6947 ], [ -111.7332, 36.68239 ], [ -111.73979, 36.65468 ], [ -111.75674, 36.64528 ], [ -111.75901, 36.62718 ], [ -111.7529, 36.61509 ], [ -111.76498, 36.59466 ], [ -111.80453, 36.56826 ], [ -111.82011, 36.54877 ], [ -111.82433, 36.53209 ], [ -111.85202, 36.50291 ], [ -111.83577, 36.49467 ], [ -111.84203, 36.47995 ], [ -111.83051, 36.45365 ], [ -111.84835, 36.43153 ], [ -111.86546, 36.42818 ], [ -111.86338, 36.41009 ], [ -111.87754, 36.39873 ], [ -111.85088, 36.40098 ], [ -111.84153, 36.39073 ], [ -111.8484, 36.38164 ], [ -111.88592, 36.37203 ], [ -111.85432, 36.33736 ], [ -111.85878, 36.31298 ], [ -111.85022, 36.30591 ], [ -111.85299, 36.29689 ], [ -111.82118, 36.26388 ], [ -111.81841, 36.23758 ], [ -111.79443, 36.19296 ], [ -111.78371, 36.18977 ], [ -111.77477, 36.19818 ], [ -111.7626, 36.19871 ], [ -111.76235, 36.00668 ], [ -111.85127, 36.00665 ], [ -111.85126, 35.9994 ], [ -111.90459, 35.99935 ], [ -111.9046, 35.99208 ], [ -111.92247, 35.99205 ], [ -111.92246, 35.97752 ], [ -111.95818, 35.9739 ], [ -111.95817, 35.963 ], [ -112.01221, 35.963 ], [ -112.01217, 35.97729 ], [ -112.04787, 35.97734 ], [ -112.04788, 35.99183 ], [ -112.1369, 35.9918 ], [ -112.13695, 36.02094 ], [ -112.24433, 36.021 ], [ -112.24435, 36.04181 ], [ -112.33873, 36.10203 ], [ -112.38492, 36.12065 ], [ -112.3948, 36.11945 ], [ -112.42595, 36.14391 ], [ -112.45016, 36.14024 ], [ -112.45732, 36.14827 ], [ -112.47068, 36.15029 ], [ -112.48943, 36.18216 ], [ -112.48658, 36.19823 ], [ -112.49614, 36.20804 ], [ -112.51614, 36.2159 ], [ -112.53196, 36.20735 ], [ -112.55657, 36.22384 ], [ -112.55217, 36.24042 ], [ -112.56437, 36.26229 ], [ -112.56881, 36.30206 ], [ -112.56428, 36.32709 ], [ -112.54875, 36.33896 ], [ -112.51893, 36.32784 ], [ -112.50594, 36.33978 ], [ -112.48786, 36.34354 ], [ -112.50823, 36.35192 ], [ -112.54785, 36.34045 ], [ -112.57298, 36.35792 ], [ -112.56384, 36.34254 ], [ -112.57268, 36.3282 ], [ -112.58318, 36.32432 ], [ -112.6058, 36.32759 ], [ -112.5992, 36.31907 ], [ -112.58594, 36.31979 ], [ -112.5841, 36.31316 ], [ -112.59167, 36.29996 ], [ -112.6097, 36.30259 ], [ -112.60935, 36.29783 ], [ -112.58921, 36.29389 ], [ -112.58456, 36.28359 ], [ -112.59303, 36.27473 ], [ -112.6036, 36.28146 ], [ -112.61014, 36.27751 ], [ -112.61342, 36.25274 ], [ -112.62696, 36.25643 ], [ -112.64086, 36.27558 ], [ -112.65567, 36.27523 ], [ -112.65925, 36.28476 ], [ -112.66898, 36.28329 ], [ -112.67143, 36.27404 ], [ -112.72583, 36.2808 ], [ -112.7261, 36.28684 ], [ -112.73937, 36.28899 ], [ -112.76518, 36.26385 ], [ -112.78683, 36.25734 ], [ -112.78635, 36.24974 ], [ -112.80409, 36.23619 ], [ -112.8112, 36.23816 ], [ -112.8264, 36.22684 ], [ -112.834, 36.23454 ], [ -112.84449, 36.23405 ], [ -112.83485, 36.22367 ], [ -112.83913, 36.20419 ], [ -112.86416, 36.17642 ], [ -112.87238, 36.15295 ], [ -112.87651, 36.2775 ], [ -112.89094, 36.2566 ], [ -112.90271, 36.25319 ], [ -112.92219, 36.25747 ], [ -112.93261, 36.24307 ], [ -112.96594, 36.23229 ], [ -113.01874, 36.23634 ], [ -113.03739, 36.22665 ], [ -113.05323, 36.20775 ], [ -113.09966, 36.1906 ], [ -113.13451, 36.16598 ], [ -113.14784, 36.17315 ], [ -113.16186, 36.17185 ], [ -113.20067, 36.14952 ], [ -113.20059, 36.11906 ], [ -113.2248, 36.09058 ], [ -113.24573, 36.09322 ], [ -113.25728, 36.08749 ], [ -113.27727, 36.09669 ], [ -113.31756, 36.09784 ], [ -113.32896, 36.06963 ], [ -113.35333, 36.0415 ], [ -113.33974, 35.98673 ], [ -113.31442, 35.96789 ], [ -113.32788, 35.95042 ], [ -113.32407, 35.93715 ], [ -113.33478, 35.91451 ], [ -113.30959, 35.89295 ], [ -113.30971, 35.86194 ], [ -113.3264, 35.84135 ], [ -113.3376, 35.7916 ], [ -113.38624, 35.75288 ], [ -113.42191, 35.75009 ], [ -113.47013, 35.76476 ], [ -113.51354, 35.76669 ], [ -113.54311, 35.79509 ], [ -113.56516, 35.80542 ], [ -113.57007, 35.82149 ], [ -113.60553, 35.84895 ], [ -113.61493, 35.84655 ], [ -113.63236, 35.81826 ], [ -113.65057, 35.82285 ], [ -113.65741, 35.84948 ], [ -113.66697, 35.86143 ], [ -113.67403, 35.86013 ], [ -113.66711, 35.86209 ], [ -113.67027, 35.86597 ], [ -113.68192, 35.87497 ], [ -113.70901, 35.8779 ], [ -113.72098, 35.88671 ], [ -113.71313, 35.88983 ], [ -113.71878, 35.90441 ], [ -113.71506, 35.92914 ], [ -113.72489, 35.93948 ], [ -113.73445, 35.93534 ], [ -113.74099, 35.93967 ], [ -113.7389, 35.9549 ], [ -113.74893, 35.9664 ], [ -113.76398, 35.96264 ], [ -113.76078, 35.96712 ], [ -113.77049, 35.97064 ], [ -113.78591, 35.99677 ], [ -113.78575, 36.02227 ], [ -113.7987, 36.02717 ], [ -113.81452, 36.04583 ], [ -113.85332, 36.0508 ], [ -113.85993, 36.0457 ], [ -113.85997, 36.05113 ], [ -113.8864, 36.05579 ], [ -113.89941, 36.07268 ], [ -113.89995, 36.08947 ], [ -113.90383, 35.97341 ], [ -113.94374, 35.98812 ], [ -113.97951, 36.02507 ], [ -113.97987, 36.1129 ], [ -113.96954, 36.10911 ], [ -113.97025, 36.11434 ], [ -113.95917, 36.11644 ], [ -113.96141, 36.12253 ], [ -113.95471, 36.11974 ], [ -113.95484, 36.12838 ], [ -113.93909, 36.12798 ], [ -113.93916, 36.14526 ], [ -113.8378, 36.14562 ], [ -113.79787, 36.16629 ], [ -113.79479, 36.16156 ], [ -113.79104, 36.17128 ], [ -113.78545, 36.16447 ], [ -113.77384, 36.1666 ], [ -113.7706, 36.1581 ], [ -113.76661, 36.16178 ], [ -113.76956, 36.153 ], [ -113.76174, 36.14016 ], [ -113.75316, 36.14085 ], [ -113.75221, 36.14609 ], [ -113.74668, 36.13897 ], [ -113.74401, 36.14824 ], [ -113.73649, 36.14472 ], [ -113.72998, 36.15171 ], [ -113.72286, 36.14807 ], [ -113.73645, 36.14137 ], [ -113.7389, 36.13334 ], [ -113.729, 36.1392 ], [ -113.73213, 36.0994 ], [ -113.73033, 36.10359 ], [ -113.71618, 36.08992 ], [ -113.70933, 36.09528 ], [ -113.72086, 36.10099 ], [ -113.71409, 36.10356 ], [ -113.72091, 36.10931 ], [ -113.70634, 36.10767 ], [ -113.72024, 36.11536 ], [ -113.70551, 36.11691 ], [ -113.72009, 36.11866 ], [ -113.71433, 36.12107 ], [ -113.71787, 36.1256 ], [ -113.71356, 36.12338 ], [ -113.71144, 36.12922 ], [ -113.70372, 36.12087 ], [ -113.69894, 36.12909 ], [ -113.70567, 36.13157 ], [ -113.69027, 36.13251 ], [ -113.69825, 36.12408 ], [ -113.69769, 36.11933 ], [ -113.69363, 36.12636 ], [ -113.68354, 36.12516 ], [ -113.69515, 36.11351 ], [ -113.69541, 36.10875 ], [ -113.68988, 36.11729 ], [ -113.67712, 36.11506 ], [ -113.67199, 36.1231 ], [ -113.66945, 36.11656 ], [ -113.66532, 36.11986 ], [ -113.66672, 36.11309 ], [ -113.68636, 36.10155 ], [ -113.6899, 36.07166 ], [ -113.65705, 36.09502 ], [ -113.66984, 36.1009 ], [ -113.66381, 36.10569 ], [ -113.65474, 36.10233 ], [ -113.65367, 36.10652 ], [ -113.66403, 36.10775 ], [ -113.66155, 36.11229 ], [ -113.64945, 36.10824 ], [ -113.65296, 36.11421 ], [ -113.64464, 36.11326 ], [ -113.63436, 36.12843 ], [ -113.63231, 36.11149 ], [ -113.63914, 36.10828 ], [ -113.6373, 36.10241 ], [ -113.64332, 36.10364 ], [ -113.63929, 36.09934 ], [ -113.64815, 36.0813 ], [ -113.64059, 36.06288 ], [ -113.64701, 36.04783 ], [ -113.63557, 36.05388 ], [ -113.62128, 36.01339 ], [ -113.64779, 35.98451 ], [ -113.64489, 35.97459 ], [ -113.63627, 35.98958 ], [ -113.6304, 35.98446 ], [ -113.61288, 35.99401 ], [ -113.59434, 36.01924 ], [ -113.6071, 36.01239 ], [ -113.60721, 36.02468 ], [ -113.6133, 36.0213 ], [ -113.60017, 36.0385 ], [ -113.61337, 36.03279 ], [ -113.61747, 36.02075 ], [ -113.62288, 36.02496 ], [ -113.61521, 36.03881 ], [ -113.62749, 36.03834 ], [ -113.62679, 36.04443 ], [ -113.61349, 36.04938 ], [ -113.61129, 36.04343 ], [ -113.59771, 36.04983 ], [ -113.61303, 36.05452 ], [ -113.59266, 36.05818 ], [ -113.59116, 36.06297 ], [ -113.60698, 36.06306 ], [ -113.61141, 36.06763 ], [ -113.59773, 36.06847 ], [ -113.60587, 36.07303 ], [ -113.62579, 36.07031 ], [ -113.61328, 36.07621 ], [ -113.61554, 36.08051 ], [ -113.59816, 36.07661 ], [ -113.60556, 36.08657 ], [ -113.62115, 36.08151 ], [ -113.62253, 36.08365 ], [ -113.61065, 36.08749 ], [ -113.61411, 36.09286 ], [ -113.60313, 36.09068 ], [ -113.57713, 36.07064 ], [ -113.60596, 36.10235 ], [ -113.58428, 36.08877 ], [ -113.58628, 36.09851 ], [ -113.57716, 36.09169 ], [ -113.57614, 36.10295 ], [ -113.57088, 36.09347 ], [ -113.57619, 36.08436 ], [ -113.56782, 36.09124 ], [ -113.56471, 36.08454 ], [ -113.55774, 36.08925 ], [ -113.56155, 36.0788 ], [ -113.55713, 36.08125 ], [ -113.55046, 36.06664 ], [ -113.54307, 36.07984 ], [ -113.5406, 36.07865 ], [ -113.54092, 36.06293 ], [ -113.54997, 36.05555 ], [ -113.55845, 36.05776 ], [ -113.53818, 36.00298 ], [ -113.51756, 36.01871 ], [ -113.52679, 36.02705 ], [ -113.52736, 36.02129 ], [ -113.53359, 36.02006 ], [ -113.53115, 36.02748 ], [ -113.53896, 36.02279 ], [ -113.53992, 36.02933 ], [ -113.52929, 36.03355 ], [ -113.53816, 36.04235 ], [ -113.54402, 36.03922 ], [ -113.54126, 36.04817 ], [ -113.53433, 36.04353 ], [ -113.5381, 36.05277 ], [ -113.52793, 36.05276 ], [ -113.53034, 36.04164 ], [ -113.5263, 36.0478 ], [ -113.52319, 36.0381 ], [ -113.51853, 36.06422 ], [ -113.51174, 36.04561 ], [ -113.50631, 36.04769 ], [ -113.49591, 36.05653 ], [ -113.48529, 36.08445 ], [ -113.47895, 36.08187 ], [ -113.47566, 36.09345 ], [ -113.47293, 36.09495 ], [ -113.47169, 36.07729 ], [ -113.45947, 36.07115 ], [ -113.47736, 36.06981 ], [ -113.47823, 36.04675 ], [ -113.48756, 36.03154 ], [ -113.47503, 36.02755 ], [ -113.4849, 36.01676 ], [ -113.47463, 36.01345 ], [ -113.47882, 36.00674 ], [ -113.47324, 35.99781 ], [ -113.48072, 35.99667 ], [ -113.47555, 35.99061 ], [ -113.48932, 35.99209 ], [ -113.48164, 35.98497 ], [ -113.48284, 35.95982 ], [ -113.48729, 35.96269 ], [ -113.48982, 35.94987 ], [ -113.49396, 35.95671 ], [ -113.49828, 35.94949 ], [ -113.49586, 35.97323 ], [ -113.51398, 35.96059 ], [ -113.54101, 35.96282 ], [ -113.54478, 35.94387 ], [ -113.55139, 35.94024 ], [ -113.53915, 35.94548 ], [ -113.53916, 35.95164 ], [ -113.53239, 35.95673 ], [ -113.53225, 35.94344 ], [ -113.51988, 35.94885 ], [ -113.51351, 35.94522 ], [ -113.5267, 35.93821 ], [ -113.52112, 35.9252 ], [ -113.51088, 35.92742 ], [ -113.5133, 35.92092 ], [ -113.52422, 35.9187 ], [ -113.52229, 35.91399 ], [ -113.50857, 35.92397 ], [ -113.4981, 35.92214 ], [ -113.49717, 35.91618 ], [ -113.48992, 35.91795 ], [ -113.49629, 35.92558 ], [ -113.48461, 35.92434 ], [ -113.48457, 35.93622 ], [ -113.48302, 35.92976 ], [ -113.47596, 35.92965 ], [ -113.48095, 35.92407 ], [ -113.47447, 35.92673 ], [ -113.47328, 35.92513 ], [ -113.48189, 35.91983 ], [ -113.47629, 35.89875 ], [ -113.46327, 35.8995 ], [ -113.46061, 35.9055 ], [ -113.45994, 35.89921 ], [ -113.45456, 35.90652 ], [ -113.45088, 35.89647 ], [ -113.43464, 35.89975 ], [ -113.44649, 35.89054 ], [ -113.43452, 35.8887 ], [ -113.43733, 35.8803 ], [ -113.448, 35.88064 ], [ -113.44053, 35.87366 ], [ -113.44687, 35.87216 ], [ -113.44663, 35.86436 ], [ -113.46267, 35.875 ], [ -113.44678, 35.85442 ], [ -113.46001, 35.85049 ], [ -113.46668, 35.85534 ], [ -113.47209, 35.83616 ], [ -113.45405, 35.83321 ], [ -113.45219, 35.84505 ], [ -113.43686, 35.83066 ], [ -113.42098, 35.83824 ], [ -113.42142, 35.83213 ], [ -113.41091, 35.84155 ], [ -113.42303, 35.84665 ], [ -113.42269, 35.87165 ], [ -113.40251, 35.8937 ], [ -113.40154, 35.91039 ], [ -113.39442, 35.9169 ], [ -113.37748, 35.91599 ], [ -113.39266, 35.92328 ], [ -113.38879, 35.932 ], [ -113.39742, 35.94099 ], [ -113.40139, 35.9322 ], [ -113.41424, 35.93007 ], [ -113.40673, 35.92824 ], [ -113.41223, 35.9243 ], [ -113.40442, 35.91905 ], [ -113.41341, 35.9178 ], [ -113.4077, 35.90957 ], [ -113.41235, 35.90276 ], [ -113.41577, 35.9086 ], [ -113.42261, 35.90334 ], [ -113.42248, 35.91899 ], [ -113.42805, 35.90917 ], [ -113.43733, 35.91041 ], [ -113.43733, 35.90469 ], [ -113.45265, 35.91448 ], [ -113.44741, 35.91309 ], [ -113.45252, 35.92057 ], [ -113.44512, 35.91631 ], [ -113.45205, 35.93134 ], [ -113.43922, 35.92698 ], [ -113.43848, 35.92998 ], [ -113.44694, 35.93752 ], [ -113.44423, 35.9615 ], [ -113.45619, 35.98912 ], [ -113.44664, 35.98189 ], [ -113.44316, 35.98566 ], [ -113.43324, 35.97453 ], [ -113.42301, 35.9878 ], [ -113.42733, 36.00526 ], [ -113.4435, 36.01926 ], [ -113.44129, 36.04169 ], [ -113.4284, 36.06351 ], [ -113.40899, 36.05358 ], [ -113.401, 36.0632 ], [ -113.40416, 36.07999 ], [ -113.36532, 36.08311 ], [ -113.33783, 36.09641 ], [ -113.34741, 36.09604 ], [ -113.3423, 36.10457 ], [ -113.34827, 36.11061 ], [ -113.36623, 36.09427 ], [ -113.38363, 36.09428 ], [ -113.37049, 36.09867 ], [ -113.37145, 36.10591 ], [ -113.36401, 36.10859 ], [ -113.36875, 36.1103 ], [ -113.35677, 36.11822 ], [ -113.37066, 36.11901 ], [ -113.35716, 36.12603 ], [ -113.37095, 36.14044 ], [ -113.38482, 36.13249 ], [ -113.36957, 36.14994 ], [ -113.39114, 36.15381 ], [ -113.38688, 36.15875 ], [ -113.39161, 36.16247 ], [ -113.36833, 36.15719 ], [ -113.39832, 36.18124 ], [ -113.39878, 36.18755 ], [ -113.41231, 36.19188 ], [ -113.40651, 36.1962 ], [ -113.39002, 36.18377 ], [ -113.38749, 36.18865 ], [ -113.38542, 36.18048 ], [ -113.37933, 36.18864 ], [ -113.37243, 36.17673 ], [ -113.36618, 36.17671 ], [ -113.36634, 36.16825 ], [ -113.35523, 36.16621 ], [ -113.36032, 36.16333 ], [ -113.34844, 36.15544 ], [ -113.34529, 36.13573 ], [ -113.3284, 36.13177 ], [ -113.34047, 36.12625 ], [ -113.33898, 36.12141 ], [ -113.32624, 36.12207 ], [ -113.32898, 36.11345 ], [ -113.30498, 36.10731 ], [ -113.29225, 36.11026 ], [ -113.29884, 36.11561 ], [ -113.29251, 36.1174 ], [ -113.30349, 36.12221 ], [ -113.29175, 36.12315 ], [ -113.29345, 36.12658 ], [ -113.30625, 36.13168 ], [ -113.29282, 36.12865 ], [ -113.29608, 36.13543 ], [ -113.29239, 36.13709 ], [ -113.28339, 36.12944 ], [ -113.2825, 36.1364 ], [ -113.27613, 36.13424 ], [ -113.2822, 36.12193 ], [ -113.27113, 36.12237 ], [ -113.27839, 36.1175 ], [ -113.27603, 36.1084 ], [ -113.26777, 36.11349 ], [ -113.26254, 36.10201 ], [ -113.23149, 36.10515 ], [ -113.24286, 36.11919 ], [ -113.22322, 36.11359 ], [ -113.22708, 36.12323 ], [ -113.22254, 36.12069 ], [ -113.21784, 36.12647 ], [ -113.2228, 36.13942 ], [ -113.19892, 36.15697 ], [ -113.19198, 36.17499 ], [ -113.18368, 36.17563 ], [ -113.18186, 36.16428 ], [ -113.17772, 36.17993 ], [ -113.14263, 36.18246 ], [ -113.1467, 36.22342 ], [ -113.16753, 36.2276 ], [ -113.1708, 36.26645 ], [ -113.17888, 36.27464 ], [ -113.16689, 36.28912 ], [ -113.16842, 36.32486 ], [ -113.09303, 36.32496 ], [ -113.09302, 36.29594 ], [ -113.04842, 36.29595 ], [ -113.03949, 36.35397 ], [ -113.03053, 36.35398 ], [ -113.03053, 36.36848 ], [ -113.02157, 36.36848 ], [ -113.02157, 36.38291 ], [ -113.03951, 36.3829 ], [ -113.03951, 36.40099 ], [ -113.02606, 36.40464 ], [ -113.02606, 36.41189 ], [ -112.70845, 36.41188 ], [ -112.70849, 36.45536 ], [ -112.68731, 36.45545 ], [ -112.67293, 36.46747 ], [ -112.63991, 36.47346 ], [ -112.61214, 36.50086 ], [ -112.58199, 36.49806 ], [ -112.57744, 36.47897 ], [ -112.53628, 36.45354 ], [ -112.53944, 36.45055 ], [ -112.51918, 36.44993 ], [ -112.50943, 36.45739 ], [ -112.44858, 36.45081 ], [ -112.43265, 36.44653 ], [ -112.43292, 36.44148 ], [ -112.43711, 36.44553 ], [ -112.44549, 36.43746 ], [ -112.4406, 36.43064 ], [ -112.41444, 36.43354 ], [ -112.40419, 36.42652 ], [ -112.38431, 36.43746 ], [ -112.36974, 36.42202 ], [ -112.36377, 36.42268 ], [ -112.37475, 36.41886 ], [ -112.35012, 36.41195 ], [ -112.36993, 36.40461 ], [ -112.34023, 36.39407 ], [ -112.35604, 36.39075 ], [ -112.35166, 36.38353 ], [ -112.36228, 36.3827 ], [ -112.34832, 36.37677 ], [ -112.32975, 36.38083 ], [ -112.33293, 36.37774 ], [ -112.32242, 36.37676 ], [ -112.33737, 36.37353 ], [ -112.31494, 36.36749 ], [ -112.30327, 36.3738 ], [ -112.3087, 36.36262 ], [ -112.34229, 36.36288 ], [ -112.34229, 36.35221 ], [ -112.14547, 36.3522 ], [ -112.14546, 36.3377 ], [ -112.04628, 36.33769 ], [ -112.03118, 36.32084 ], [ -112.03081, 36.309 ], [ -112.01996, 36.30941 ], [ -112.00735, 36.30088 ], [ -111.97787, 36.30349 ], [ -111.96689, 36.3111 ], [ -111.94458, 36.30873 ], [ -111.92141, 36.32313 ], [ -111.90845, 36.31779 ], [ -111.88115, 36.3211 ], [ -111.89503, 36.35295 ], [ -111.90576, 36.34458 ], [ -111.9156, 36.35038 ], [ -111.92567, 36.33868 ], [ -111.92691, 36.34789 ], [ -111.94353, 36.34303 ], [ -111.91103, 36.36721 ], [ -111.90566, 36.38169 ], [ -111.89092, 36.38555 ], [ -111.90267, 36.38785 ], [ -111.90129, 36.39652 ], [ -111.91863, 36.39733 ], [ -111.91661, 36.40971 ], [ -111.89863, 36.4204 ], [ -111.8815, 36.4145 ], [ -111.89102, 36.42928 ], [ -111.87578, 36.44098 ], [ -111.86033, 36.44351 ], [ -111.87615, 36.4533 ], [ -111.85206, 36.45929 ], [ -111.84919, 36.46563 ], [ -111.85787, 36.47046 ], [ -111.85709, 36.48374 ], [ -111.86963, 36.49025 ], [ -111.87112, 36.48446 ], [ -111.88616, 36.48108 ], [ -111.88447, 36.49037 ], [ -111.90126, 36.47379 ], [ -111.9045, 36.47753 ], [ -111.92005, 36.47133 ], [ -111.92389, 36.458 ], [ -111.93075, 36.46012 ], [ -111.9231, 36.46675 ], [ -111.92829, 36.46823 ], [ -111.92473, 36.47826 ], [ -111.90218, 36.48897 ], [ -111.89379, 36.50175 ], [ -111.911, 36.51547 ], [ -111.87539, 36.50576 ], [ -111.86277, 36.51007 ], [ -111.83517, 36.54015 ], [ -111.8274, 36.56685 ], [ -111.77895, 36.59436 ], [ -111.76488, 36.61705 ], [ -111.76975, 36.6252 ], [ -111.79037, 36.60926 ], [ -111.80474, 36.60682 ], [ -111.82413, 36.61225 ], [ -111.80455, 36.60904 ], [ -111.78213, 36.61815 ], [ -111.76717, 36.63517 ], [ -111.76479, 36.65633 ], [ -111.74902, 36.65871 ], [ -111.74887, 36.66954 ], [ -111.75875, 36.67007 ], [ -111.78212, 36.65211 ], [ -111.79724, 36.64832 ], [ -111.79952, 36.65242 ], [ -111.79997, 36.65019 ], [ -111.80428, 36.6495 ], [ -111.79966, 36.65298 ], [ -111.79734, 36.64925 ], [ -111.78777, 36.65354 ], [ -111.76443, 36.67551 ], [ -111.74476, 36.67735 ], [ -111.73961, 36.68829 ], [ -111.71763, 36.69829 ], [ -111.71225, 36.71299 ], [ -111.71831, 36.72245 ], [ -111.70737, 36.72708 ], [ -111.70392, 36.73785 ], [ -111.73835, 36.72992 ], [ -111.72758, 36.73689 ], [ -111.73881, 36.74423 ], [ -111.71115, 36.73859 ], [ -111.66831, 36.75644 ], [ -111.66835, 36.76685 ], [ -111.65956, 36.77318 ], [ -111.68028, 36.77683 ], [ -111.67831, 36.78123 ], [ -111.6584, 36.77569 ], [ -111.65182, 36.77971 ], [ -111.64494, 36.79593 ], [ -111.65295, 36.80388 ], [ -111.64627, 36.80256 ], [ -111.63288, 36.81637 ], [ -111.61829, 36.8354 ], [ -111.61629, 36.84916 ], [ -111.58772, 36.86569 ] ] ] } },
{ "type": "Feature", "properties": { "nationalParkName": "Grand Teton National Park", "name": "Grand Teton National Park", "unitCode": "GRTE", "unitType": "National Parks", "state": "WY", "parkName": "Grand Teton", "source": "National Park Service Land Resources Division", "sourceLayerUrl": "https://services1.arcgis.com/fBc8EJBxQRMcHlei/ArcGIS/rest/services/NPS_Land_Resources_Division_Boundary_and_Tract_Data_Service/FeatureServer/2" }, "geometry": { "type": "Polygon", "coordinates": [ [ [ -110.7953, 44.08362 ], [ -110.79511, 44.04376 ], [ -110.66001, 44.04634 ], [ -110.65975, 44.0019 ], [ -110.61928, 44.00192 ], [ -110.62033, 43.93078 ], [ -110.46799, 43.92941 ], [ -110.4678, 43.82562 ], [ -110.44134, 43.82723 ], [ -110.44587, 43.82988 ], [ -110.43542, 43.83323 ], [ -110.44077, 43.83869 ], [ -110.42281, 43.84629 ], [ -110.42793, 43.77671 ], [ -110.44792, 43.7767 ], [ -110.44792, 43.77307 ], [ -110.54763, 43.77675 ], [ -110.54769, 43.76949 ], [ -110.55763, 43.76947 ], [ -110.5576, 43.75498 ], [ -110.56753, 43.75506 ], [ -110.56748, 43.74772 ], [ -110.60093, 43.73879 ], [ -110.59552, 43.72785 ], [ -110.61557, 43.72414 ], [ -110.62473, 43.69104 ], [ -110.61936, 43.69112 ], [ -110.6191, 43.68016 ], [ -110.58399, 43.6768 ], [ -110.58348, 43.64003 ], [ -110.59383, 43.62616 ], [ -110.63458, 43.61656 ], [ -110.64784, 43.62118 ], [ -110.67259, 43.60792 ], [ -110.68433, 43.60732 ], [ -110.70537, 43.59179 ], [ -110.71119, 43.57828 ], [ -110.73279, 43.56754 ], [ -110.73686, 43.538 ], [ -110.74304, 43.53793 ], [ -110.74306, 43.54888 ], [ -110.75293, 43.54879 ], [ -110.75318, 43.56147 ], [ -110.74315, 43.56503 ], [ -110.74421, 43.60359 ], [ -110.75451, 43.61083 ], [ -110.74458, 43.61449 ], [ -110.7448, 43.62179 ], [ -110.7249, 43.63946 ], [ -110.75115, 43.63914 ], [ -110.78307, 43.59626 ], [ -110.82205, 43.59638 ], [ -110.8221, 43.61195 ], [ -110.85093, 43.60768 ], [ -110.88698, 43.5926 ], [ -110.89669, 43.57405 ], [ -110.93207, 43.60276 ], [ -110.94834, 43.60631 ], [ -110.94158, 43.61295 ], [ -110.94587, 43.62307 ], [ -110.90826, 43.63418 ], [ -110.90027, 43.63075 ], [ -110.91291, 43.65036 ], [ -110.90494, 43.65342 ], [ -110.90662, 43.67117 ], [ -110.89767, 43.67161 ], [ -110.892, 43.68212 ], [ -110.88248, 43.68551 ], [ -110.86359, 43.68172 ], [ -110.86039, 43.68895 ], [ -110.83664, 43.68382 ], [ -110.82438, 43.69009 ], [ -110.83946, 43.70561 ], [ -110.83805, 43.71613 ], [ -110.85255, 43.72505 ], [ -110.85556, 43.7579 ], [ -110.84514, 43.77035 ], [ -110.86036, 43.79183 ], [ -110.85804, 43.80126 ], [ -110.87024, 43.8054 ], [ -110.86766, 43.8183 ], [ -110.87911, 43.85572 ], [ -110.87195, 43.87458 ], [ -110.84062, 43.88254 ], [ -110.83894, 43.89613 ], [ -110.84838, 43.90439 ], [ -110.84643, 43.92234 ], [ -110.85834, 43.9405 ], [ -110.85179, 43.95955 ], [ -110.87165, 43.97844 ], [ -110.87377, 43.99486 ], [ -110.86646, 44.00063 ], [ -110.87532, 44.00721 ], [ -110.8697, 44.01967 ], [ -110.87558, 44.02485 ], [ -110.83181, 44.05015 ], [ -110.84187, 44.06775 ], [ -110.82412, 44.06582 ], [ -110.81547, 44.08216 ], [ -110.7953, 44.08362 ] ] ] } },
{ "type": "Feature", "properties": { "nationalParkName": "Great Basin National Park", "name": "Great Basin National Park", "unitCode": "GRBA", "unitType": "National Parks", "state": "NV", "parkName": "Great Basin", "source": "National Park Service Land Resources Division", "sourceLayerUrl": "https://services1.arcgis.com/fBc8EJBxQRMcHlei/ArcGIS/rest/services/NPS_Land_Resources_Division_Boundary_and_Tract_Data_Service/FeatureServer/2" }, "geometry": { "type": "Polygon", "coordinates": [ [ [ -114.18816, 38.91522 ], [ -114.18814, 38.86192 ], [ -114.22521, 38.86193 ], [ -114.2252, 38.84744 ], [ -114.20666, 38.84744 ], [ -114.20663, 38.81845 ], [ -114.28128, 38.81844 ], [ -114.28127, 38.83807 ], [ -114.28863, 38.83807 ], [ -114.28977, 38.84366 ], [ -114.28597, 38.85624 ], [ -114.31835, 38.88155 ], [ -114.32762, 38.88155 ], [ -114.32764, 38.90328 ], [ -114.30985, 38.90329 ], [ -114.30986, 38.89011 ], [ -114.30375, 38.91724 ], [ -114.3081, 38.91053 ], [ -114.32764, 38.91053 ], [ -114.32767, 38.94026 ], [ -114.33742, 38.94026 ], [ -114.33744, 38.96953 ], [ -114.35601, 38.96952 ], [ -114.35607, 39.01299 ], [ -114.33749, 39.0275 ], [ -114.33734, 39.06373 ], [ -114.25296, 39.06471 ], [ -114.25296, 39.03576 ], [ -114.22515, 39.03578 ], [ -114.22515, 39.02128 ], [ -114.20732, 39.02128 ], [ -114.20657, 38.97781 ], [ -114.16991, 38.9778 ], [ -114.17, 38.96312 ], [ -114.15191, 38.96309 ], [ -114.15154, 38.94837 ], [ -114.13247, 38.94807 ], [ -114.13257, 38.91893 ], [ -114.1572, 38.91173 ], [ -114.18816, 38.91522 ] ] ] } },
{ "type": "Feature", "properties": { "nationalParkName": "Great Sand Dunes National Park", "name": "Great Sand Dunes National Park", "unitCode": "GRSA", "unitType": "National Parks", "state": "CO", "parkName": "Great Sand Dunes", "source": "National Park Service Land Resources Division", "sourceLayerUrl": "https://services1.arcgis.com/fBc8EJBxQRMcHlei/ArcGIS/rest/services/NPS_Land_Resources_Division_Boundary_and_Tract_Data_Service/FeatureServer/2" }, "geometry": { "type": "Polygon", "coordinates": [ [ [ -105.59362, 37.8527 ], [ -105.55932, 37.85732 ], [ -105.56351, 37.8237 ], [ -105.4979, 37.82373 ], [ -105.49785, 37.7364 ], [ -105.50658, 37.73656 ], [ -105.50773, 37.72205 ], [ -105.51687, 37.72222 ], [ -105.51697, 37.69699 ], [ -105.54843, 37.69347 ], [ -105.56571, 37.67426 ], [ -105.59568, 37.66298 ], [ -105.71109, 37.66319 ], [ -105.71042, 37.69254 ], [ -105.7282, 37.69203 ], [ -105.72814, 37.91766 ], [ -105.69082, 37.90949 ], [ -105.67228, 37.91111 ], [ -105.66908, 37.91786 ], [ -105.64296, 37.92453 ], [ -105.63925, 37.9191 ], [ -105.65041, 37.91559 ], [ -105.64671, 37.89981 ], [ -105.65344, 37.89198 ], [ -105.63865, 37.88106 ], [ -105.62016, 37.87929 ], [ -105.59362, 37.8527 ] ] ] } },
{ "type": "Feature", "properties": { "nationalParkName": "Great Smoky Mountains National Park", "name": "Great Smoky Mountains National Park", "unitCode": "GRSM", "unitType": "National Parks", "state": "TN", "parkName": "Great Smoky Mountains", "source": "National Park Service Land Resources Division", "sourceLayerUrl": "https://services1.arcgis.com/fBc8EJBxQRMcHlei/ArcGIS/rest/services/NPS_Land_Resources_Division_Boundary_and_Tract_Data_Service/FeatureServer/2" }, "geometry": { "type": "MultiPolygon", "coordinates": [ [ [ [ -83.27148, 35.793 ], [ -83.24926, 35.81183 ], [ -83.26859, 35.79287 ], [ -83.26497, 35.78023 ], [ -83.28265, 35.77505 ], [ -83.29147, 35.77734 ], [ -83.29472, 35.76577 ], [ -83.29853, 35.76443 ], [ -83.34028, 35.77554 ], [ -83.344, 35.78113 ], [ -83.35709, 35.77752 ], [ -83.36795, 35.76154 ], [ -83.39874, 35.75396 ], [ -83.4055, 35.75925 ], [ -83.42587, 35.75843 ], [ -83.43084, 35.75211 ], [ -83.44385, 35.75418 ], [ -83.46209, 35.74626 ], [ -83.48471, 35.75219 ], [ -83.49655, 35.76519 ], [ -83.52312, 35.76351 ], [ -83.51702, 35.74334 ], [ -83.51845, 35.72935 ], [ -83.51016, 35.72626 ], [ -83.52931, 35.71578 ], [ -83.52725, 35.71229 ], [ -83.53092, 35.70658 ], [ -83.52012, 35.70559 ], [ -83.51562, 35.69791 ], [ -83.4914, 35.70828 ], [ -83.48118, 35.72511 ], [ -83.41981, 35.73653 ], [ -83.38058, 35.75732 ], [ -83.36263, 35.75277 ], [ -83.35261, 35.75861 ], [ -83.28832, 35.76386 ], [ -83.26818, 35.77114 ], [ -83.24769, 35.77066 ], [ -83.24507, 35.778 ], [ -83.21321, 35.78748 ], [ -83.17297, 35.78145 ], [ -83.14479, 35.78886 ], [ -83.14358, 35.78368 ], [ -83.12985, 35.78251 ], [ -83.12999, 35.7759 ], [ -83.1162, 35.77758 ], [ -83.11111, 35.7662 ], [ -83.09307, 35.75424 ], [ -83.08261, 35.72074 ], [ -83.09453, 35.70697 ], [ -83.09372, 35.69853 ], [ -83.05169, 35.6779 ], [ -83.0598, 35.65057 ], [ -83.04559, 35.64872 ], [ -83.03918, 35.64128 ], [ -83.02862, 35.65468 ], [ -82.99937, 35.65743 ], [ -82.99814, 35.65424 ], [ -83.02697, 35.65174 ], [ -83.04051, 35.63761 ], [ -83.04787, 35.64544 ], [ -83.04233, 35.63514 ], [ -83.05814, 35.62389 ], [ -83.06133, 35.60699 ], [ -83.07671, 35.59143 ], [ -83.0634, 35.58873 ], [ -83.05802, 35.59687 ], [ -83.06744, 35.57411 ], [ -83.07709, 35.57198 ], [ -83.07941, 35.58001 ], [ -83.09785, 35.57409 ], [ -83.11988, 35.55153 ], [ -83.15611, 35.55223 ], [ -83.1717, 35.53744 ], [ -83.17786, 35.51943 ], [ -83.25743, 35.59367 ], [ -83.30538, 35.55875 ], [ -83.28546, 35.53923 ], [ -83.29538, 35.53224 ], [ -83.28493, 35.52714 ], [ -83.28518, 35.51791 ], [ -83.29393, 35.51613 ], [ -83.28888, 35.50705 ], [ -83.29881, 35.50906 ], [ -83.30132, 35.49815 ], [ -83.31424, 35.5122 ], [ -83.3372, 35.50492 ], [ -83.34772, 35.50897 ], [ -83.35776, 35.49677 ], [ -83.36791, 35.50067 ], [ -83.37389, 35.49126 ], [ -83.41306, 35.47201 ], [ -83.41712, 35.46065 ], [ -83.43023, 35.46066 ], [ -83.43297, 35.45574 ], [ -83.44491, 35.46655 ], [ -83.45981, 35.46634 ], [ -83.4551, 35.47586 ], [ -83.46324, 35.46994 ], [ -83.46646, 35.4858 ], [ -83.48006, 35.48434 ], [ -83.47397, 35.46655 ], [ -83.48714, 35.43371 ], [ -83.49027, 35.4472 ], [ -83.49948, 35.45389 ], [ -83.511, 35.44955 ], [ -83.51184, 35.44114 ], [ -83.5259, 35.44151 ], [ -83.52524, 35.44722 ], [ -83.52732, 35.43861 ], [ -83.53576, 35.44493 ], [ -83.55134, 35.44154 ], [ -83.54881, 35.44775 ], [ -83.56248, 35.43955 ], [ -83.56284, 35.46169 ], [ -83.56511, 35.44184 ], [ -83.58033, 35.45639 ], [ -83.5886, 35.45602 ], [ -83.59359, 35.45345 ], [ -83.58384, 35.43912 ], [ -83.59469, 35.44203 ], [ -83.59533, 35.43431 ], [ -83.60485, 35.43683 ], [ -83.60977, 35.4292 ], [ -83.61026, 35.43536 ], [ -83.62433, 35.44011 ], [ -83.61892, 35.44024 ], [ -83.60924, 35.44909 ], [ -83.62516, 35.44407 ], [ -83.64633, 35.44661 ], [ -83.65115, 35.42899 ], [ -83.65421, 35.43685 ], [ -83.67099, 35.43748 ], [ -83.66589, 35.44657 ], [ -83.6744, 35.43788 ], [ -83.68586, 35.44118 ], [ -83.68169, 35.44644 ], [ -83.69018, 35.44191 ], [ -83.7012, 35.44496 ], [ -83.696, 35.45241 ], [ -83.70441, 35.44564 ], [ -83.71749, 35.44465 ], [ -83.70937, 35.45129 ], [ -83.72272, 35.44605 ], [ -83.72739, 35.45219 ], [ -83.75396, 35.44465 ], [ -83.72224, 35.46298 ], [ -83.7246, 35.47156 ], [ -83.72463, 35.4641 ], [ -83.74187, 35.45628 ], [ -83.74931, 35.45872 ], [ -83.74521, 35.45534 ], [ -83.76167, 35.44496 ], [ -83.79236, 35.4538 ], [ -83.80221, 35.46421 ], [ -83.80989, 35.46057 ], [ -83.80841, 35.45277 ], [ -83.81013, 35.45783 ], [ -83.81871, 35.45152 ], [ -83.83821, 35.44984 ], [ -83.84389, 35.45461 ], [ -83.86561, 35.45 ], [ -83.87912, 35.46718 ], [ -83.8941, 35.46363 ], [ -83.89939, 35.47134 ], [ -83.91965, 35.46979 ], [ -83.91804, 35.47615 ], [ -83.93415, 35.48293 ], [ -83.92664, 35.49655 ], [ -83.94961, 35.49996 ], [ -83.94905, 35.50776 ], [ -83.98322, 35.5039 ], [ -83.98507, 35.51353 ], [ -83.98842, 35.51256 ], [ -83.98836, 35.51986 ], [ -83.99295, 35.52478 ], [ -83.9917, 35.54985 ], [ -83.99876, 35.55584 ], [ -84.01389, 35.55619 ], [ -83.9985, 35.58932 ], [ -83.9755, 35.61745 ], [ -83.952, 35.62754 ], [ -83.87259, 35.70092 ], [ -83.83702, 35.71845 ], [ -83.81873, 35.72073 ], [ -83.81165, 35.70718 ], [ -83.73621, 35.72892 ], [ -83.74117, 35.71534 ], [ -83.72505, 35.71257 ], [ -83.718, 35.71845 ], [ -83.6986, 35.7084 ], [ -83.65771, 35.72557 ], [ -83.62787, 35.71397 ], [ -83.60884, 35.72299 ], [ -83.5993, 35.71964 ], [ -83.59642, 35.72703 ], [ -83.58323, 35.72441 ], [ -83.54703, 35.74041 ], [ -83.53019, 35.76211 ], [ -83.53246, 35.77113 ], [ -83.51997, 35.76521 ], [ -83.49305, 35.76693 ], [ -83.48392, 35.75437 ], [ -83.4615, 35.74823 ], [ -83.44454, 35.75694 ], [ -83.43286, 35.7543 ], [ -83.42679, 35.76122 ], [ -83.40821, 35.76303 ], [ -83.39403, 35.75781 ], [ -83.36745, 35.76493 ], [ -83.35577, 35.78622 ], [ -83.33667, 35.78885 ], [ -83.32755, 35.78856 ], [ -83.33489, 35.77951 ], [ -83.2999, 35.7665 ], [ -83.29312, 35.77871 ], [ -83.26808, 35.78172 ], [ -83.27148, 35.793 ] ] ], [ [ [ -83.60855, 35.71941 ], [ -83.6121, 35.72144 ], [ -83.61134, 35.71953 ], [ -83.60855, 35.71941 ] ] ], [ [ [ -83.52782, 35.76056 ], [ -83.53963, 35.74811 ], [ -83.53554, 35.74246 ], [ -83.55695, 35.73011 ], [ -83.62902, 35.71193 ], [ -83.6237, 35.69934 ], [ -83.5943, 35.70066 ], [ -83.57888, 35.69503 ], [ -83.53321, 35.70279 ], [ -83.53504, 35.71015 ], [ -83.52876, 35.71315 ], [ -83.53453, 35.71581 ], [ -83.51581, 35.72438 ], [ -83.52501, 35.73882 ], [ -83.51913, 35.74302 ], [ -83.52782, 35.76056 ] ] ], [ [ [ -83.86795, 35.70116 ], [ -83.93718, 35.63191 ], [ -83.95774, 35.62502 ], [ -83.99464, 35.58892 ], [ -83.99955, 35.55855 ], [ -83.97642, 35.59426 ], [ -83.95093, 35.59745 ], [ -83.93772, 35.60916 ], [ -83.93834, 35.62521 ], [ -83.92407, 35.62648 ], [ -83.92576, 35.63644 ], [ -83.91696, 35.64237 ], [ -83.91187, 35.63913 ], [ -83.89506, 35.65911 ], [ -83.88252, 35.6649 ], [ -83.87129, 35.66161 ], [ -83.8696, 35.67408 ], [ -83.83211, 35.67246 ], [ -83.81693, 35.65172 ], [ -83.77568, 35.62463 ], [ -83.74991, 35.6433 ], [ -83.74994, 35.65117 ], [ -83.73681, 35.65027 ], [ -83.73563, 35.66111 ], [ -83.72647, 35.65912 ], [ -83.71803, 35.66972 ], [ -83.7131, 35.6666 ], [ -83.69826, 35.68497 ], [ -83.67202, 35.68606 ], [ -83.66804, 35.69506 ], [ -83.64988, 35.69213 ], [ -83.62881, 35.70033 ], [ -83.64781, 35.7209 ], [ -83.66241, 35.72114 ], [ -83.69211, 35.70419 ], [ -83.71612, 35.71265 ], [ -83.7288, 35.7098 ], [ -83.74379, 35.71355 ], [ -83.74183, 35.72563 ], [ -83.79659, 35.70496 ], [ -83.81576, 35.70324 ], [ -83.81632, 35.71378 ], [ -83.83115, 35.71675 ], [ -83.86795, 35.70116 ] ] ], [ [ [ -83.1819, 35.84132 ], [ -83.18272, 35.8336 ], [ -83.19069, 35.83559 ], [ -83.21178, 35.81779 ], [ -83.24288, 35.80394 ], [ -83.24704, 35.81531 ], [ -83.23941, 35.8061 ], [ -83.23151, 35.82134 ], [ -83.21944, 35.81898 ], [ -83.1819, 35.84132 ] ] ], [ [ [ -83.99391, 35.52398 ], [ -83.99088, 35.5114 ], [ -83.99698, 35.51713 ], [ -84.00641, 35.51122 ], [ -84.00533, 35.52105 ], [ -83.99391, 35.52398 ] ] ], [ [ [ -83.988, 35.49574 ], [ -83.98319, 35.5038 ], [ -83.9772, 35.50391 ], [ -83.98162, 35.49363 ], [ -83.988, 35.49574 ] ] ], [ [ [ -83.18165, 35.83241 ], [ -83.17871, 35.83722 ], [ -83.18071, 35.84087 ], [ -83.17759, 35.837 ], [ -83.18165, 35.83241 ] ] ], [ [ [ -83.72147, 35.67659 ], [ -83.72007, 35.67623 ], [ -83.72168, 35.67583 ], [ -83.72147, 35.67659 ] ] ] ] } },
{ "type": "Feature", "properties": { "nationalParkName": "Guadalupe Mountains National Park", "name": "Guadalupe Mountains National Park", "unitCode": "GUMO", "unitType": "National Parks", "state": "TX", "parkName": "Guadalupe Mountains", "source": "National Park Service Land Resources Division", "sourceLayerUrl": "https://services1.arcgis.com/fBc8EJBxQRMcHlei/ArcGIS/rest/services/NPS_Land_Resources_Division_Boundary_and_Tract_Data_Service/FeatureServer/2" }, "geometry": { "type": "Polygon", "coordinates": [ [ [ -104.74058, 32.00034 ], [ -104.74068, 31.97591 ], [ -104.74916, 31.97598 ], [ -104.73907, 31.96753 ], [ -104.73909, 31.95735 ], [ -104.74151, 31.9509 ], [ -104.71119, 31.94067 ], [ -104.76741, 31.95363 ], [ -104.7675, 31.93853 ], [ -104.77656, 31.93853 ], [ -104.7766, 31.89356 ], [ -104.82212, 31.8903 ], [ -104.83, 31.86479 ], [ -104.84791, 31.86479 ], [ -104.8479, 31.81319 ], [ -104.91818, 31.81348 ], [ -104.91823, 31.85936 ], [ -104.93627, 31.85935 ], [ -104.93632, 31.873 ], [ -104.95333, 31.87299 ], [ -104.9533, 31.86189 ], [ -104.98899, 31.86184 ], [ -104.98904, 31.87784 ], [ -105.02536, 31.87791 ], [ -105.02465, 31.93911 ], [ -105.00715, 31.93912 ], [ -105.00722, 31.95442 ], [ -104.95807, 31.95443 ], [ -104.95394, 32.00041 ], [ -104.74058, 32.00034 ] ], [ [ -104.75014, 31.97598 ], [ -104.75407, 31.95424 ], [ -104.74287, 31.94885 ], [ -104.73974, 31.9675 ], [ -104.75014, 31.97598 ] ] ] } },
{ "type": "Feature", "properties": { "nationalParkName": "Haleakala National Park", "name": "Haleakala National Park", "unitCode": "HALE", "unitType": "National Parks", "state": "HI", "parkName": "Haleakala", "source": "National Park Service Land Resources Division", "sourceLayerUrl": "https://services1.arcgis.com/fBc8EJBxQRMcHlei/ArcGIS/rest/services/NPS_Land_Resources_Division_Boundary_and_Tract_Data_Service/FeatureServer/2" }, "geometry": { "type": "MultiPolygon", "coordinates": [ [ [ [ -156.24483, 20.77245 ], [ -156.17682, 20.73697 ], [ -156.15095, 20.73682 ], [ -156.14196, 20.73051 ], [ -156.14826, 20.73681 ], [ -156.10304, 20.73657 ], [ -156.08746, 20.72701 ], [ -156.08008, 20.71124 ], [ -156.06806, 20.70854 ], [ -156.04156, 20.66735 ], [ -156.04542, 20.65352 ], [ -156.09207, 20.68528 ], [ -156.08487, 20.6668 ], [ -156.08742, 20.68207 ], [ -156.07714, 20.66543 ], [ -156.08273, 20.66361 ], [ -156.07548, 20.65019 ], [ -156.08604, 20.64618 ], [ -156.10889, 20.69064 ], [ -156.15441, 20.67897 ], [ -156.17319, 20.69892 ], [ -156.17015, 20.64764 ], [ -156.18015, 20.62713 ], [ -156.1871, 20.62699 ], [ -156.20244, 20.69948 ], [ -156.23934, 20.70026 ], [ -156.25678, 20.71027 ], [ -156.24358, 20.72891 ], [ -156.25511, 20.74438 ], [ -156.24483, 20.77245 ] ] ], [ [ [ -156.13246, 20.64884 ], [ -156.13575, 20.65088 ], [ -156.1334, 20.65118 ], [ -156.13246, 20.64884 ] ] ], [ [ [ -156.0411, 20.66529 ], [ -156.04136, 20.66537 ], [ -156.04084, 20.66741 ], [ -156.0411, 20.66529 ] ] ] ] } },
{ "type": "Feature", "properties": { "nationalParkName": "Hawai'i Volcanoes National Park", "name": "Hawai'i Volcanoes National Park", "unitCode": "HAVO", "unitType": "National Parks", "state": "HI", "parkName": "Hawaii Volcanoes", "source": "National Park Service Land Resources Division", "sourceLayerUrl": "https://services1.arcgis.com/fBc8EJBxQRMcHlei/ArcGIS/rest/services/NPS_Land_Resources_Division_Boundary_and_Tract_Data_Service/FeatureServer/2" }, "geometry": { "type": "MultiPolygon", "coordinates": [ [ [ [ -155.42936, 19.53519 ], [ -155.32293, 19.44722 ], [ -155.29363, 19.45423 ], [ -155.28023, 19.4337 ], [ -155.25814, 19.43511 ], [ -155.23309, 19.41562 ], [ -155.12183, 19.3987 ], [ -155.05865, 19.36753 ], [ -155.04782, 19.35331 ], [ -155.04537, 19.32834 ], [ -155.02355, 19.33907 ], [ -155.01649, 19.3289 ], [ -155.07125, 19.3119 ], [ -155.13071, 19.27333 ], [ -155.1846, 19.2633 ], [ -155.19255, 19.25588 ], [ -155.26125, 19.27131 ], [ -155.29371, 19.2633 ], [ -155.33851, 19.23109 ], [ -155.3576, 19.20604 ], [ -155.41462, 19.18482 ], [ -155.44135, 19.15897 ], [ -155.43828, 19.16655 ], [ -155.45563, 19.18335 ], [ -155.44958, 19.19789 ], [ -155.46093, 19.22316 ], [ -155.42692, 19.20858 ], [ -155.38339, 19.35807 ], [ -155.3199, 19.42963 ], [ -155.41764, 19.46043 ], [ -155.57877, 19.43117 ], [ -155.51724, 19.34174 ], [ -155.57679, 19.26621 ], [ -155.65512, 19.1939 ], [ -155.68452, 19.17614 ], [ -155.66415, 19.07426 ], [ -155.67288, 19.05957 ], [ -155.70357, 19.06635 ], [ -155.71498, 19.06385 ], [ -155.74756, 19.0752 ], [ -155.71837, 19.14302 ], [ -155.77101, 19.16719 ], [ -155.76181, 19.18301 ], [ -155.77249, 19.18193 ], [ -155.77904, 19.23028 ], [ -155.79839, 19.24989 ], [ -155.74525, 19.26014 ], [ -155.74654, 19.40899 ], [ -155.6389, 19.44795 ], [ -155.59618, 19.52426 ], [ -155.55551, 19.50377 ], [ -155.4815, 19.54759 ], [ -155.42936, 19.53519 ] ] ], [ [ [ -155.70342, 19.06614 ], [ -155.69136, 19.05947 ], [ -155.71462, 19.06378 ], [ -155.70342, 19.06614 ] ] ], [ [ [ -155.75051, 19.07603 ], [ -155.70649, 19.06068 ], [ -155.69301, 19.059 ], [ -155.69623, 19.04616 ], [ -155.70877, 19.04533 ], [ -155.70861, 19.01573 ], [ -155.75083, 18.97401 ], [ -155.79738, 19.0104 ], [ -155.81498, 19.01224 ], [ -155.77168, 19.0294 ], [ -155.75051, 19.07603 ] ] ] ] } },
{ "type": "Feature", "properties": { "nationalParkName": "Hot Springs National Park", "name": "Hot Springs National Park", "unitCode": "HOSP", "unitType": "National Parks", "state": "AR", "parkName": "Hot Springs", "source": "National Park Service Land Resources Division", "sourceLayerUrl": "https://services1.arcgis.com/fBc8EJBxQRMcHlei/ArcGIS/rest/services/NPS_Land_Resources_Division_Boundary_and_Tract_Data_Service/FeatureServer/2" }, "geometry": { "type": "MultiPolygon", "coordinates": [ [ [ [ -93.02572, 34.55938 ], [ -93.01876, 34.52315 ], [ -93.05367, 34.51168 ], [ -93.05059, 34.51767 ], [ -93.05487, 34.51956 ], [ -93.03994, 34.52991 ], [ -93.04926, 34.53799 ], [ -93.0821, 34.51341 ], [ -93.07201, 34.50884 ], [ -93.07018, 34.51478 ], [ -93.06362, 34.51186 ], [ -93.05608, 34.51794 ], [ -93.06486, 34.5049 ], [ -93.11305, 34.49892 ], [ -93.11008, 34.51865 ], [ -93.06266, 34.53108 ], [ -93.05796, 34.54164 ], [ -93.04441, 34.545 ], [ -93.04364, 34.55955 ], [ -93.02572, 34.55938 ] ] ], [ [ [ -93.04847, 34.51224 ], [ -93.04916, 34.51172 ], [ -93.04979, 34.51199 ], [ -93.04847, 34.51224 ] ] ], [ [ [ -93.06166, 34.5163 ], [ -93.06396, 34.51637 ], [ -93.06212, 34.51653 ], [ -93.06166, 34.5163 ] ] ], [ [ [ -93.0642, 34.51615 ], [ -93.06984, 34.51502 ], [ -93.07195, 34.51546 ], [ -93.0642, 34.51615 ] ] ] ] } },
{ "type": "Feature", "properties": { "nationalParkName": "Indiana Dunes National Park", "name": "Indiana Dunes National Park", "unitCode": "INDU", "unitType": "National Parks", "state": "IN", "parkName": "Indiana Dunes", "source": "National Park Service Land Resources Division", "sourceLayerUrl": "https://services1.arcgis.com/fBc8EJBxQRMcHlei/ArcGIS/rest/services/NPS_Land_Resources_Division_Boundary_and_Tract_Data_Service/FeatureServer/2" }, "geometry": { "type": "MultiPolygon", "coordinates": [ [ [ [ -86.9185, 41.71699 ], [ -86.92445, 41.7004 ], [ -86.99566, 41.66853 ], [ -86.9933, 41.66338 ], [ -86.98514, 41.67216 ], [ -86.97591, 41.67313 ], [ -87.02184, 41.64421 ], [ -87.02883, 41.64782 ], [ -87.05401, 41.63691 ], [ -87.05534, 41.64046 ], [ -87.06378, 41.63691 ], [ -87.06586, 41.64047 ], [ -87.08675, 41.6343 ], [ -87.08676, 41.62965 ], [ -87.07705, 41.62763 ], [ -87.0926, 41.61672 ], [ -87.12445, 41.61731 ], [ -87.15036, 41.60704 ], [ -87.14412, 41.60289 ], [ -87.15025, 41.60215 ], [ -87.15412, 41.61132 ], [ -87.16976, 41.6104 ], [ -87.13035, 41.61503 ], [ -87.12945, 41.61788 ], [ -87.1062, 41.62248 ], [ -87.1061, 41.62738 ], [ -87.09644, 41.62785 ], [ -87.09704, 41.63212 ], [ -87.11038, 41.62786 ], [ -87.09183, 41.6356 ], [ -87.12101, 41.63922 ], [ -87.12186, 41.6477 ], [ -86.9185, 41.71699 ] ] ], [ [ [ -87.01504, 41.65215 ], [ -87.01504, 41.65152 ], [ -87.01363, 41.65152 ], [ -87.01504, 41.65215 ] ] ], [ [ [ -87.06234, 41.63998 ], [ -87.06224, 41.63876 ], [ -87.06085, 41.63876 ], [ -87.06234, 41.63998 ] ] ], [ [ [ -87.07186, 41.65992 ], [ -87.10379, 41.64999 ], [ -87.10377, 41.6477 ], [ -87.08286, 41.64911 ], [ -87.06934, 41.65499 ], [ -87.07186, 41.65992 ] ] ], [ [ [ -86.96259, 41.69947 ], [ -86.99933, 41.68488 ], [ -86.99446, 41.67777 ], [ -86.96144, 41.69143 ], [ -86.96259, 41.69947 ] ] ], [ [ [ -87.17694, 41.63335 ], [ -87.17556, 41.62205 ], [ -87.18254, 41.62292 ], [ -87.19113, 41.60888 ], [ -87.20767, 41.60707 ], [ -87.21151, 41.60128 ], [ -87.21254, 41.60572 ], [ -87.23242, 41.60123 ], [ -87.24022, 41.59536 ], [ -87.25362, 41.60475 ], [ -87.27894, 41.60512 ], [ -87.27888, 41.60026 ], [ -87.33531, 41.6054 ], [ -87.28259, 41.60782 ], [ -87.29397, 41.60812 ], [ -87.28161, 41.60918 ], [ -87.28882, 41.62156 ], [ -87.27088, 41.62111 ], [ -87.26979, 41.60761 ], [ -87.24678, 41.60737 ], [ -87.22369, 41.61597 ], [ -87.22269, 41.62507 ], [ -87.17694, 41.63335 ] ] ], [ [ [ -87.18472, 41.63011 ], [ -87.20029, 41.62716 ], [ -87.20303, 41.61721 ], [ -87.18841, 41.61784 ], [ -87.18472, 41.63011 ] ] ], [ [ [ -86.98052, 41.62961 ], [ -86.9516, 41.6339 ], [ -86.95178, 41.62235 ], [ -86.98058, 41.6225 ], [ -86.98052, 41.62961 ] ] ], [ [ [ -86.83976, 41.6243 ], [ -86.83709, 41.6135 ], [ -86.85184, 41.60899 ], [ -86.85675, 41.61228 ], [ -86.851, 41.62229 ], [ -86.83976, 41.6243 ] ] ], [ [ [ -87.44276, 41.52287 ], [ -87.45193, 41.51504 ], [ -87.46148, 41.51507 ], [ -87.45679, 41.51759 ], [ -87.46149, 41.52663 ], [ -87.44276, 41.52287 ] ] ], [ [ [ -87.31629, 41.52421 ], [ -87.29029, 41.52413 ], [ -87.26935, 41.52383 ], [ -87.3034, 41.51659 ], [ -87.29751, 41.52387 ], [ -87.31629, 41.52421 ] ] ], [ [ [ -87.26098, 41.58863 ], [ -87.24154, 41.58681 ], [ -87.26083, 41.58122 ], [ -87.26098, 41.58863 ] ] ], [ [ [ -87.44488, 41.51496 ], [ -87.4301, 41.51941 ], [ -87.43007, 41.51502 ], [ -87.44475, 41.50777 ], [ -87.44488, 41.51496 ] ] ], [ [ [ -87.45183, 41.52669 ], [ -87.4423, 41.53012 ], [ -87.44216, 41.52418 ], [ -87.45183, 41.52669 ] ] ], [ [ [ -87.30094, 41.5981 ], [ -87.29593, 41.60134 ], [ -87.29584, 41.59674 ], [ -87.30675, 41.5991 ], [ -87.30094, 41.5981 ] ] ], [ [ [ -87.22576, 41.59578 ], [ -87.22248, 41.59445 ], [ -87.23689, 41.59749 ], [ -87.22576, 41.59578 ] ] ], [ [ [ -87.44266, 41.51657 ], [ -87.43992, 41.51955 ], [ -87.43989, 41.51733 ], [ -87.44266, 41.51657 ] ] ], [ [ [ -87.05181, 41.63659 ], [ -87.0506, 41.63322 ], [ -87.05373, 41.63319 ], [ -87.05181, 41.63659 ] ] ], [ [ [ -87.05214, 41.63661 ], [ -87.05512, 41.63438 ], [ -87.05512, 41.6364 ], [ -87.05214, 41.63661 ] ] ], [ [ [ -87.25101, 41.5984 ], [ -87.24945, 41.59827 ], [ -87.24949, 41.59658 ], [ -87.25101, 41.5984 ] ] ], [ [ [ -87.14863, 41.60125 ], [ -87.14412, 41.60207 ], [ -87.14412, 41.60123 ], [ -87.14863, 41.60125 ] ] ], [ [ [ -86.9907, 41.67977 ], [ -86.99013, 41.67969 ], [ -86.99054, 41.67951 ], [ -86.9907, 41.67977 ] ] ], [ [ [ -87.22387, 41.61708 ], [ -87.22415, 41.6168 ], [ -87.22416, 41.6171 ], [ -87.22387, 41.61708 ] ] ], [ [ [ -87.22447, 41.61608 ], [ -87.22425, 41.61592 ], [ -87.22437, 41.61586 ], [ -87.22447, 41.61608 ] ] ] ] } },
{ "type": "Feature", "properties": { "nationalParkName": "Isle Royale National Park", "name": "Isle Royale National Park", "unitCode": "ISRO", "unitType": "National Parks", "state": "MI", "parkName": "Isle Royale", "source": "National Park Service Land Resources Division", "sourceLayerUrl": "https://services1.arcgis.com/fBc8EJBxQRMcHlei/ArcGIS/rest/services/NPS_Land_Resources_Division_Boundary_and_Tract_Data_Service/FeatureServer/2" }, "geometry": { "type": "MultiPolygon", "coordinates": [ [ [ [ -88.3597, 48.30206 ], [ -88.17476, 48.23182 ], [ -88.19667, 48.21346 ], [ -88.22269, 48.20307 ], [ -88.25906, 48.19738 ], [ -88.32217, 48.16554 ], [ -88.33038, 48.14448 ], [ -88.34882, 48.1259 ], [ -88.47723, 48.05706 ], [ -88.4933, 48.02638 ], [ -88.52981, 48.00043 ], [ -88.61504, 47.95785 ], [ -88.66013, 47.94151 ], [ -88.67109, 47.91871 ], [ -88.69423, 47.8997 ], [ -88.75433, 47.87187 ], [ -88.84758, 47.84236 ], [ -88.91414, 47.81329 ], [ -89.01644, 47.79204 ], [ -89.09076, 47.76566 ], [ -89.17221, 47.75904 ], [ -89.23299, 47.77372 ], [ -89.29149, 47.79952 ], [ -89.33506, 47.8009 ], [ -89.36597, 47.80842 ], [ -89.40601, 47.83775 ], [ -89.41495, 47.86547 ], [ -89.41212, 47.88075 ], [ -89.39178, 47.90743 ], [ -89.35772, 47.92488 ], [ -89.31965, 47.93166 ], [ -89.28958, 47.95691 ], [ -89.23599, 47.98801 ], [ -89.04853, 48.05588 ], [ -89.00119, 48.07995 ], [ -88.95052, 48.08754 ], [ -88.84592, 48.12656 ], [ -88.76902, 48.17028 ], [ -88.66342, 48.21146 ], [ -88.56967, 48.24025 ], [ -88.52054, 48.24164 ], [ -88.45508, 48.25254 ], [ -88.41844, 48.28417 ], [ -88.3597, 48.30206 ] ] ], [ [ [ -88.62999, 47.22631 ], [ -88.63018, 47.22647 ], [ -88.6301, 47.22649 ], [ -88.62999, 47.22631 ] ] ], [ [ [ -88.63024, 47.22678 ], [ -88.63043, 47.22693 ], [ -88.63034, 47.22696 ], [ -88.63024, 47.22678 ] ] ], [ [ [ -88.56338, 47.1231 ], [ -88.56153, 47.12219 ], [ -88.5643, 47.12265 ], [ -88.56338, 47.1231 ] ] ] ] } },
{ "type": "Feature", "properties": { "nationalParkName": "Joshua Tree National Park", "name": "Joshua Tree National Park", "unitCode": "JOTR", "unitType": "National Parks", "state": "CA", "parkName": "Joshua Tree", "source": "National Park Service Land Resources Division", "sourceLayerUrl": "https://services1.arcgis.com/fBc8EJBxQRMcHlei/ArcGIS/rest/services/NPS_Land_Resources_Division_Boundary_and_Tract_Data_Service/FeatureServer/2" }, "geometry": { "type": "MultiPolygon", "coordinates": [ [ [ [ -116.43375, 34.08327 ], [ -116.42937, 34.07607 ], [ -116.35305, 34.07623 ], [ -116.35302, 34.09076 ], [ -116.37047, 34.0907 ], [ -116.37047, 34.09799 ], [ -116.36173, 34.10525 ], [ -116.3312, 34.10902 ], [ -116.31814, 34.10533 ], [ -116.31817, 34.09076 ], [ -116.33562, 34.0908 ], [ -116.33565, 34.07628 ], [ -116.31823, 34.07808 ], [ -116.31817, 34.09076 ], [ -116.30947, 34.09075 ], [ -116.30955, 34.07626 ], [ -116.30086, 34.07626 ], [ -116.29964, 34.09232 ], [ -116.28982, 34.08686 ], [ -116.28983, 34.09231 ], [ -116.28329, 34.0923 ], [ -116.28329, 34.07779 ], [ -116.26584, 34.07782 ], [ -116.26583, 34.10322 ], [ -116.27128, 34.09777 ], [ -116.27236, 34.10683 ], [ -116.28326, 34.10679 ], [ -116.28327, 34.12052 ], [ -116.30872, 34.12222 ], [ -116.29324, 34.12778 ], [ -116.27571, 34.12052 ], [ -116.19458, 34.12053 ], [ -116.19346, 34.12787 ], [ -116.18367, 34.12058 ], [ -116.12455, 34.12043 ], [ -116.10927, 34.12701 ], [ -116.10708, 34.12042 ], [ -116.05441, 34.12111 ], [ -116.05, 34.10705 ], [ -116.03673, 34.10703 ], [ -116.03655, 34.07831 ], [ -116.00148, 34.07798 ], [ -116.00194, 34.01988 ], [ -115.98409, 34.01196 ], [ -115.9748, 34.01325 ], [ -115.97455, 34.02155 ], [ -115.9676, 34.02351 ], [ -115.94358, 34.02039 ], [ -115.9376, 34.01573 ], [ -115.93733, 33.99891 ], [ -115.91217, 33.97486 ], [ -115.70087, 33.97297 ], [ -115.70087, 33.98741 ], [ -115.68293, 33.98742 ], [ -115.68342, 34.00193 ], [ -115.66606, 34.00162 ], [ -115.66597, 34.01491 ], [ -115.63, 34.01491 ], [ -115.63166, 34.07149 ], [ -115.64983, 34.10203 ], [ -115.58667, 34.09042 ], [ -115.56965, 34.07672 ], [ -115.55223, 34.07246 ], [ -115.52575, 34.11551 ], [ -115.47969, 34.11047 ], [ -115.2896, 34.06444 ], [ -115.26742, 34.01958 ], [ -115.26719, 33.99405 ], [ -115.27147, 33.97925 ], [ -115.28017, 33.97925 ], [ -115.28015, 33.96095 ], [ -115.29758, 33.95368 ], [ -115.29321, 33.93895 ], [ -115.29736, 33.90248 ], [ -115.30388, 33.89612 ], [ -115.29947, 33.88233 ], [ -115.27767, 33.88047 ], [ -115.26226, 33.8695 ], [ -115.26289, 33.83198 ], [ -115.29483, 33.80214 ], [ -115.32557, 33.81282 ], [ -115.36325, 33.85444 ], [ -115.351, 33.86351 ], [ -115.35087, 33.87082 ], [ -115.35826, 33.88171 ], [ -115.37134, 33.88164 ], [ -115.3886, 33.91634 ], [ -115.41933, 33.91453 ], [ -115.42154, 33.90365 ], [ -115.61763, 33.90262 ], [ -115.62898, 33.8886 ], [ -115.61677, 33.85223 ], [ -115.59941, 33.84492 ], [ -115.51253, 33.84453 ], [ -115.4952, 33.83002 ], [ -115.4778, 33.82994 ], [ -115.4778, 33.81544 ], [ -115.45934, 33.7868 ], [ -115.48884, 33.73451 ], [ -115.51032, 33.71725 ], [ -115.60882, 33.70704 ], [ -115.6581, 33.71459 ], [ -115.67849, 33.70014 ], [ -115.6956, 33.69652 ], [ -115.70271, 33.67698 ], [ -115.72133, 33.6702 ], [ -115.74549, 33.67861 ], [ -115.80838, 33.67644 ], [ -115.83034, 33.68162 ], [ -115.83038, 33.68617 ], [ -115.85208, 33.68625 ], [ -115.85208, 33.68043 ], [ -115.85945, 33.67895 ], [ -115.88608, 33.69002 ], [ -115.98031, 33.68524 ], [ -116.00733, 33.70254 ], [ -116.06503, 33.76932 ], [ -116.14577, 33.83468 ], [ -116.25725, 33.89211 ], [ -116.27303, 33.89215 ], [ -116.37973, 33.94005 ], [ -116.40056, 33.94381 ], [ -116.44129, 33.97181 ], [ -116.4577, 33.97534 ], [ -116.45775, 34.07594 ], [ -116.43155, 34.07606 ], [ -116.44029, 34.08055 ], [ -116.43375, 34.08327 ] ] ], [ [ [ -116.28765, 34.08868 ], [ -116.28547, 34.09049 ], [ -116.28765, 34.09049 ], [ -116.28765, 34.08868 ] ] ], [ [ [ -116.43375, 34.08327 ], [ -116.42942, 34.0905 ], [ -116.42287, 34.08872 ], [ -116.42939, 34.08148 ], [ -116.43375, 34.08327 ] ] ], [ [ [ -116.03696, 34.12935 ], [ -116.04439, 34.12647 ], [ -116.0454, 34.12921 ], [ -116.03696, 34.12935 ] ] ], [ [ [ -116.32693, 34.08171 ], [ -116.32911, 34.0799 ], [ -116.32911, 34.08171 ], [ -116.32693, 34.08171 ] ] ], [ [ [ -116.32365, 34.08352 ], [ -116.32476, 34.0799 ], [ -116.32474, 34.08352 ], [ -116.32365, 34.08352 ] ] ], [ [ [ -116.11801, 34.12695 ], [ -116.12019, 34.12786 ], [ -116.11801, 34.12788 ], [ -116.11801, 34.12695 ] ] ], [ [ [ -116.33345, 34.08535 ], [ -116.33454, 34.08716 ], [ -116.33345, 34.08716 ], [ -116.33345, 34.08535 ] ] ], [ [ [ -116.32759, 34.08534 ], [ -116.328, 34.08715 ], [ -116.32691, 34.08715 ], [ -116.32759, 34.08534 ] ] ], [ [ [ -116.3302, 34.0799 ], [ -116.33128, 34.08172 ], [ -116.3302, 34.08172 ], [ -116.3302, 34.0799 ] ] ], [ [ [ -116.27564, 34.09957 ], [ -116.27673, 34.09957 ], [ -116.27673, 34.10138 ], [ -116.27564, 34.09957 ] ] ], [ [ [ -116.32694, 34.07808 ], [ -116.32693, 34.0799 ], [ -116.32584, 34.0799 ], [ -116.32694, 34.07808 ] ] ], [ [ [ -116.32367, 34.07893 ], [ -116.32258, 34.07989 ], [ -116.32259, 34.07808 ], [ -116.32367, 34.07893 ] ] ] ] } },
{ "type": "Feature", "properties": { "nationalParkName": "Katmai National Park", "name": "Katmai National Park", "unitCode": "KATM", "unitType": "National Parks", "state": "AK", "parkName": "Katmai", "source": "National Park Service Land Resources Division", "sourceLayerUrl": "https://services1.arcgis.com/fBc8EJBxQRMcHlei/ArcGIS/rest/services/NPS_Land_Resources_Division_Boundary_and_Tract_Data_Service/FeatureServer/2" }, "geometry": { "type": "MultiPolygon", "coordinates": [ [ [ [ -154.98449, 59.13305 ], [ -154.95165, 59.11679 ], [ -154.91812, 59.11001 ], [ -154.8074, 59.10783 ], [ -154.81047, 59.09525 ], [ -154.80173, 59.08366 ], [ -154.79176, 59.0828 ], [ -154.77463, 59.08822 ], [ -154.76072, 59.08285 ], [ -154.73043, 59.08889 ], [ -154.69513, 59.0779 ], [ -154.69509, 58.9128 ], [ -154.52835, 58.9128 ], [ -154.52837, 58.99948 ], [ -154.15476, 58.99948 ], [ -154.15675, 59.00459 ], [ -154.16536, 59.00605 ], [ -154.16186, 59.02017 ], [ -154.15353, 59.02426 ], [ -154.14135, 59.02185 ], [ -154.10969, 59.03734 ], [ -154.10496, 59.04527 ], [ -154.11755, 59.04029 ], [ -154.09276, 59.05142 ], [ -154.06566, 59.07323 ], [ -154.01252, 59.07466 ], [ -153.95239, 59.06798 ], [ -153.91723, 59.05999 ], [ -153.88221, 59.05994 ], [ -153.85312, 59.0542 ], [ -153.82091, 59.0643 ], [ -153.80979, 59.07373 ], [ -153.8, 59.07332 ], [ -153.76309, 59.06155 ], [ -153.75597, 59.05303 ], [ -153.7508, 59.06587 ], [ -153.72392, 59.06811 ], [ -153.70751, 59.07654 ], [ -153.69756, 59.07345 ], [ -153.63248, 59.01583 ], [ -153.61983, 59.00748 ], [ -153.5937, 58.99627 ], [ -153.61646, 59.00653 ], [ -153.62275, 59.01125 ], [ -153.58994, 58.9962 ], [ -153.55873, 58.98754 ], [ -153.51857, 58.98352 ], [ -153.48746, 58.99951 ], [ -153.44355, 58.97335 ], [ -153.42955, 58.97497 ], [ -153.41915, 58.97018 ], [ -153.40515, 58.97296 ], [ -153.40148, 58.95198 ], [ -153.37915, 58.93918 ], [ -153.38224, 58.93637 ], [ -153.37527, 58.92821 ], [ -153.36224, 58.92279 ], [ -153.35711, 58.92635 ], [ -153.32483, 58.92279 ], [ -153.32311, 58.91335 ], [ -153.33272, 58.90741 ], [ -153.32211, 58.8834 ], [ -153.3117, 58.87829 ], [ -153.29767, 58.88045 ], [ -153.29207, 58.87686 ], [ -153.28582, 58.87519 ], [ -153.33975, 58.87335 ], [ -153.33875, 58.86521 ], [ -153.35171, 58.86218 ], [ -153.34751, 58.86633 ], [ -153.35406, 58.8673 ], [ -153.35746, 58.86081 ], [ -153.34371, 58.86162 ], [ -153.33315, 58.85685 ], [ -153.33095, 58.86353 ], [ -153.3085, 58.85352 ], [ -153.28103, 58.86363 ], [ -153.26408, 58.86534 ], [ -153.25879, 58.85996 ], [ -153.25181, 58.86033 ], [ -153.25552, 58.85661 ], [ -153.2504, 58.85163 ], [ -153.25561, 58.84793 ], [ -153.26875, 58.84987 ], [ -153.2637, 58.84077 ], [ -153.28347, 58.84084 ], [ -153.28086, 58.83618 ], [ -153.29102, 58.83889 ], [ -153.31595, 58.83946 ], [ -153.31101, 58.84539 ], [ -153.31125, 58.84977 ], [ -153.31564, 58.85221 ], [ -153.33541, 58.85142 ], [ -153.34664, 58.85497 ], [ -153.35376, 58.8538 ], [ -153.33567, 58.85096 ], [ -153.33, 58.85141 ], [ -153.31542, 58.8463 ], [ -153.3412, 58.84784 ], [ -153.35425, 58.84138 ], [ -153.36339, 58.83048 ], [ -153.36338, 58.832 ], [ -153.36675, 58.83378 ], [ -153.37292, 58.8299 ], [ -153.36174, 58.83019 ], [ -153.3951, 58.74934 ], [ -153.44423, 58.70869 ], [ -153.45479, 58.70737 ], [ -153.48084, 58.71242 ], [ -153.49476, 58.70628 ], [ -153.50953, 58.69103 ], [ -153.54174, 58.69108 ], [ -153.5555, 58.68584 ], [ -153.58378, 58.66039 ], [ -153.59256, 58.63256 ], [ -153.60434, 58.6347 ], [ -153.62966, 58.63136 ], [ -153.66085, 58.61402 ], [ -153.67677, 58.61119 ], [ -153.77607, 58.60592 ], [ -153.7379, 58.61865 ], [ -153.72073, 58.61765 ], [ -153.71045, 58.61923 ], [ -153.74261, 58.62004 ], [ -153.75584, 58.61464 ], [ -153.75034, 58.62123 ], [ -153.75878, 58.61274 ], [ -153.78444, 58.60571 ], [ -153.85381, 58.612 ], [ -153.8981, 58.60718 ], [ -153.90314, 58.5797 ], [ -153.87931, 58.57699 ], [ -153.87501, 58.56971 ], [ -153.88235, 58.57367 ], [ -153.89206, 58.5716 ], [ -153.91208, 58.55398 ], [ -153.92427, 58.51858 ], [ -153.92658, 58.52543 ], [ -153.94226, 58.53163 ], [ -153.95661, 58.52715 ], [ -153.9445, 58.51284 ], [ -153.90832, 58.51656 ], [ -153.92193, 58.50121 ], [ -153.93338, 58.49453 ], [ -153.9614, 58.48806 ], [ -153.98062, 58.49056 ], [ -153.98884, 58.48823 ], [ -154.00357, 58.49224 ], [ -154.03384, 58.48661 ], [ -154.05282, 58.49026 ], [ -154.07761, 58.47575 ], [ -154.06693, 58.43857 ], [ -154.07355, 58.43756 ], [ -154.07922, 58.43158 ], [ -154.07098, 58.42881 ], [ -154.0704, 58.43186 ], [ -154.0665, 58.42661 ], [ -154.06504, 58.43472 ], [ -154.04783, 58.4087 ], [ -154.05261, 58.41177 ], [ -154.05689, 58.4086 ], [ -154.05208, 58.40436 ], [ -154.03172, 58.40158 ], [ -154.04614, 58.40948 ], [ -154.03232, 58.40207 ], [ -154.01172, 58.40265 ], [ -153.99164, 58.39378 ], [ -153.98073, 58.39132 ], [ -154.00033, 58.38545 ], [ -154.00102, 58.37492 ], [ -154.03249, 58.37136 ], [ -154.04534, 58.35525 ], [ -154.07131, 58.35367 ], [ -154.09838, 58.35895 ], [ -154.10491, 58.35016 ], [ -154.09459, 58.343 ], [ -154.11209, 58.34616 ], [ -154.1175, 58.35128 ], [ -154.13378, 58.34876 ], [ -154.13196, 58.35395 ], [ -154.14552, 58.35396 ], [ -154.1534, 58.35801 ], [ -154.17763, 58.35866 ], [ -154.18789, 58.35375 ], [ -154.19952, 58.35415 ], [ -154.21095, 58.34793 ], [ -154.17296, 58.34515 ], [ -154.17615, 58.33525 ], [ -154.19662, 58.33036 ], [ -154.21226, 58.3369 ], [ -154.20714, 58.32969 ], [ -154.22742, 58.33117 ], [ -154.31441, 58.29796 ], [ -154.31452, 58.29103 ], [ -154.32167, 58.29396 ], [ -154.33058, 58.28562 ], [ -154.35172, 58.28519 ], [ -154.3535, 58.28158 ], [ -154.31935, 58.27649 ], [ -154.30375, 58.26455 ], [ -154.29679, 58.26658 ], [ -154.28786, 58.26006 ], [ -154.27331, 58.26477 ], [ -154.27398, 58.26896 ], [ -154.26596, 58.26534 ], [ -154.25651, 58.27046 ], [ -154.26694, 58.28379 ], [ -154.25789, 58.28941 ], [ -154.26139, 58.295 ], [ -154.2225, 58.30166 ], [ -154.22488, 58.29486 ], [ -154.20465, 58.2963 ], [ -154.21656, 58.29049 ], [ -154.20774, 58.28997 ], [ -154.18768, 58.30566 ], [ -154.1954, 58.30719 ], [ -154.18733, 58.32125 ], [ -154.17697, 58.3215 ], [ -154.15096, 58.31579 ], [ -154.13695, 58.2908 ], [ -154.11534, 58.28163 ], [ -154.10694, 58.28379 ], [ -154.10859, 58.27798 ], [ -154.10253, 58.27993 ], [ -154.10899, 58.2723 ], [ -154.12856, 58.26576 ], [ -154.13717, 58.26811 ], [ -154.16896, 58.26467 ], [ -154.17319, 58.26077 ], [ -154.17889, 58.26386 ], [ -154.19003, 58.26266 ], [ -154.19916, 58.25673 ], [ -154.20717, 58.26332 ], [ -154.21754, 58.26365 ], [ -154.24669, 58.2481 ], [ -154.23717, 58.24559 ], [ -154.23862, 58.25223 ], [ -154.22515, 58.25078 ], [ -154.21477, 58.26133 ], [ -154.21731, 58.2533 ], [ -154.19345, 58.25046 ], [ -154.18982, 58.24575 ], [ -154.18, 58.24757 ], [ -154.16918, 58.23808 ], [ -154.15419, 58.23446 ], [ -154.14931, 58.23626 ], [ -154.15145, 58.23399 ], [ -154.14644, 58.22997 ], [ -154.15507, 58.22497 ], [ -154.14283, 58.21733 ], [ -154.14632, 58.20892 ], [ -154.17766, 58.21274 ], [ -154.16433, 58.19749 ], [ -154.17827, 58.18825 ], [ -154.18982, 58.19204 ], [ -154.22132, 58.18392 ], [ -154.23682, 58.18534 ], [ -154.26105, 58.18985 ], [ -154.26588, 58.19641 ], [ -154.28023, 58.20046 ], [ -154.27788, 58.19073 ], [ -154.27, 58.19104 ], [ -154.27071, 58.18783 ], [ -154.25896, 58.18379 ], [ -154.26496, 58.17724 ], [ -154.27612, 58.18628 ], [ -154.29993, 58.19409 ], [ -154.27237, 58.16066 ], [ -154.24293, 58.15537 ], [ -154.23649, 58.14649 ], [ -154.22753, 58.14739 ], [ -154.21237, 58.13482 ], [ -154.27487, 58.12802 ], [ -154.29454, 58.13589 ], [ -154.29817, 58.14512 ], [ -154.32906, 58.15888 ], [ -154.33524, 58.15807 ], [ -154.33095, 58.13862 ], [ -154.33849, 58.13306 ], [ -154.33915, 58.12335 ], [ -154.3179, 58.11133 ], [ -154.30987, 58.08997 ], [ -154.31615, 58.08207 ], [ -154.33903, 58.08022 ], [ -154.34046, 58.09392 ], [ -154.36179, 58.09824 ], [ -154.37038, 58.09384 ], [ -154.38244, 58.09638 ], [ -154.36727, 58.101 ], [ -154.36867, 58.10732 ], [ -154.39198, 58.12385 ], [ -154.41299, 58.12696 ], [ -154.42687, 58.14324 ], [ -154.43694, 58.14705 ], [ -154.43886, 58.15538 ], [ -154.44176, 58.15581 ], [ -154.43559, 58.17408 ], [ -154.44451, 58.17197 ], [ -154.44795, 58.18318 ], [ -154.48399, 58.19195 ], [ -154.48888, 58.1977 ], [ -154.48047, 58.20231 ], [ -154.49257, 58.20315 ], [ -154.50065, 58.1953 ], [ -154.49575, 58.19055 ], [ -154.48467, 58.19147 ], [ -154.48274, 58.18324 ], [ -154.46883, 58.17739 ], [ -154.47074, 58.16627 ], [ -154.46188, 58.16376 ], [ -154.45672, 58.14872 ], [ -154.4599, 58.14559 ], [ -154.46579, 58.14883 ], [ -154.47091, 58.14614 ], [ -154.46008, 58.12396 ], [ -154.45238, 58.1212 ], [ -154.44818, 58.09119 ], [ -154.46356, 58.07888 ], [ -154.47569, 58.08344 ], [ -154.48054, 58.08081 ], [ -154.48157, 58.09367 ], [ -154.52569, 58.10393 ], [ -154.53957, 58.09117 ], [ -154.55885, 58.09648 ], [ -154.5417, 58.08598 ], [ -154.55288, 58.08702 ], [ -154.55984, 58.0835 ], [ -154.53784, 58.06833 ], [ -154.53874, 58.05829 ], [ -154.55598, 58.04394 ], [ -154.56647, 58.0234 ], [ -154.57597, 58.02319 ], [ -154.58051, 58.01895 ], [ -154.58954, 58.02655 ], [ -154.60157, 58.02413 ], [ -154.64507, 58.03225 ], [ -154.6512, 58.04869 ], [ -154.64434, 58.05791 ], [ -154.65261, 58.06219 ], [ -154.67582, 58.06248 ], [ -154.71981, 58.05214 ], [ -154.73357, 58.02678 ], [ -154.72811, 58.01608 ], [ -154.7572, 58.01004 ], [ -154.76942, 58.00191 ], [ -154.80912, 57.9987 ], [ -154.82238, 58.0023 ], [ -154.83201, 58.01771 ], [ -154.88849, 58.02396 ], [ -154.92125, 58.01846 ], [ -154.94614, 58.00139 ], [ -154.94586, 58.00749 ], [ -154.95671, 58.00581 ], [ -154.94888, 57.99948 ], [ -154.97853, 58.00134 ], [ -155.02039, 57.99215 ], [ -155.01903, 57.9976 ], [ -155.02979, 58.00287 ], [ -155.02432, 57.9946 ], [ -155.03495, 57.98251 ], [ -155.02929, 57.97101 ], [ -155.04161, 57.95451 ], [ -155.05212, 57.95077 ], [ -155.07567, 57.9542 ], [ -155.08841, 57.94753 ], [ -155.10172, 57.94802 ], [ -155.10572, 57.94477 ], [ -155.11906, 57.94674 ], [ -155.1214, 57.94537 ], [ -155.09502, 57.91797 ], [ -155.06196, 57.90434 ], [ -155.06228, 57.8968 ], [ -155.0839, 57.87332 ], [ -155.10624, 57.8841 ], [ -155.12993, 57.88362 ], [ -155.1537, 57.89773 ], [ -155.16755, 57.89586 ], [ -155.21266, 57.91087 ], [ -155.23513, 57.91044 ], [ -155.25638, 57.92256 ], [ -155.30298, 57.92212 ], [ -155.32088, 57.92764 ], [ -155.3462, 57.92842 ], [ -155.34372, 57.94572 ], [ -155.29752, 57.94891 ], [ -155.31382, 57.96328 ], [ -155.34108, 57.97082 ], [ -155.35018, 57.97798 ], [ -155.3524, 57.98554 ], [ -155.34603, 57.9883 ], [ -155.35834, 57.99638 ], [ -155.34374, 58.0091 ], [ -155.35243, 58.01598 ], [ -155.46295, 58.01598 ], [ -155.49207, 58.03937 ], [ -155.53621, 58.05726 ], [ -155.54919, 58.05929 ], [ -155.5609, 58.05387 ], [ -155.61986, 58.05233 ], [ -155.62775, 58.04749 ], [ -155.6519, 58.04374 ], [ -155.65774, 58.03168 ], [ -155.66843, 58.02824 ], [ -155.66865, 58.02137 ], [ -155.68068, 58.01442 ], [ -155.7085, 58.00899 ], [ -155.74579, 58.01166 ], [ -155.75912, 58.02128 ], [ -155.8073, 58.03913 ], [ -155.7955, 58.05624 ], [ -155.81376, 58.07578 ], [ -155.89583, 58.10127 ], [ -156.00909, 58.16228 ], [ -156.02931, 58.1644 ], [ -156.0928, 58.20743 ], [ -156.27366, 58.37882 ], [ -156.2654, 58.49305 ], [ -156.21508, 58.55752 ], [ -156.4588, 58.5588 ], [ -156.45902, 58.60937 ], [ -156.51436, 58.60939 ], [ -156.51461, 58.65274 ], [ -156.52847, 58.65274 ], [ -156.52852, 58.69605 ], [ -156.51477, 58.69609 ], [ -156.51471, 58.73216 ], [ -156.50081, 58.7322 ], [ -156.5008, 58.73944 ], [ -156.47375, 58.73944 ], [ -156.47379, 58.75384 ], [ -156.45989, 58.75384 ], [ -156.45991, 58.76107 ], [ -156.44601, 58.76107 ], [ -156.44603, 58.76829 ], [ -156.41822, 58.7719 ], [ -156.41822, 58.77552 ], [ -156.40431, 58.77552 ], [ -156.40432, 58.77913 ], [ -156.33497, 58.78274 ], [ -156.33504, 58.8008 ], [ -156.27937, 58.80441 ], [ -156.27938, 58.80803 ], [ -156.25153, 58.80803 ], [ -156.25153, 58.80441 ], [ -156.22368, 58.80441 ], [ -156.22368, 58.79719 ], [ -156.19584, 58.79719 ], [ -156.19584, 58.78997 ], [ -156.14042, 58.78997 ], [ -156.1404, 58.78274 ], [ -156.12956, 58.78129 ], [ -155.97693, 58.86609 ], [ -155.96408, 58.89121 ], [ -155.94244, 58.88263 ], [ -155.89965, 58.88071 ], [ -155.88241, 58.89365 ], [ -155.86259, 58.89738 ], [ -155.81624, 58.91638 ], [ -155.81985, 58.92115 ], [ -155.80671, 58.93001 ], [ -155.78857, 58.93321 ], [ -155.77941, 58.93066 ], [ -155.75725, 58.94221 ], [ -155.76261, 58.94786 ], [ -155.75621, 58.95997 ], [ -155.71948, 58.97734 ], [ -155.72845, 58.98353 ], [ -155.72544, 58.98825 ], [ -155.69562, 58.98298 ], [ -155.69562, 58.97779 ], [ -155.6408, 58.97779 ], [ -155.64078, 58.97057 ], [ -155.499, 58.97057 ], [ -155.49783, 58.99196 ], [ -155.46726, 58.9763 ], [ -155.45069, 58.97894 ], [ -155.44622, 58.97167 ], [ -155.38311, 58.98215 ], [ -155.35375, 58.97649 ], [ -155.33474, 58.9683 ], [ -155.32446, 58.97248 ], [ -155.31491, 58.97066 ], [ -155.28039, 58.95779 ], [ -155.24789, 58.96087 ], [ -155.23339, 58.95615 ], [ -155.22458, 58.95915 ], [ -155.20564, 58.95424 ], [ -155.20009, 58.96918 ], [ -155.19508, 58.96719 ], [ -155.20058, 58.95989 ], [ -155.18729, 58.95948 ], [ -155.16998, 58.97054 ], [ -155.16309, 58.96442 ], [ -155.14376, 58.96621 ], [ -155.15392, 58.9616 ], [ -155.15042, 58.9576 ], [ -155.1434, 58.96037 ], [ -155.11489, 58.95799 ], [ -155.13126, 59.01334 ], [ -155.0701, 59.01999 ], [ -155.04482, 59.03304 ], [ -155.04373, 59.03806 ], [ -155.03158, 59.04062 ], [ -155.0291, 59.07056 ], [ -155.04885, 59.09352 ], [ -155.04793, 59.10157 ], [ -155.01932, 59.10845 ], [ -155.02405, 59.12741 ], [ -155.01213, 59.12777 ], [ -155.00097, 59.13619 ], [ -154.98449, 59.13305 ] ] ], [ [ [ -154.4961, 58.06971 ], [ -154.48122, 58.06172 ], [ -154.47893, 58.06155 ], [ -154.48091, 58.06565 ], [ -154.46644, 58.06107 ], [ -154.46554, 58.06398 ], [ -154.4607, 58.05906 ], [ -154.47392, 58.05326 ], [ -154.47684, 58.05621 ], [ -154.47826, 58.05093 ], [ -154.48681, 58.05508 ], [ -154.48731, 58.05132 ], [ -154.48891, 58.05617 ], [ -154.50151, 58.04761 ], [ -154.51638, 58.065 ], [ -154.4961, 58.06971 ] ] ], [ [ [ -153.79237, 59.07718 ], [ -153.74761, 59.07384 ], [ -153.74866, 59.07127 ], [ -153.75424, 59.06788 ], [ -153.77158, 59.06888 ], [ -153.79237, 59.07718 ] ] ], [ [ [ -153.55916, 58.61174 ], [ -153.54981, 58.59752 ], [ -153.57239, 58.59462 ], [ -153.57819, 58.59731 ], [ -153.55916, 58.61174 ] ] ], [ [ [ -154.27468, 58.29625 ], [ -154.26663, 58.29319 ], [ -154.27591, 58.28555 ], [ -154.29639, 58.28523 ], [ -154.27468, 58.29625 ] ] ], [ [ [ -154.19865, 58.31992 ], [ -154.19518, 58.31058 ], [ -154.20787, 58.30652 ], [ -154.21358, 58.3108 ], [ -154.19865, 58.31992 ] ] ], [ [ [ -154.00972, 58.45743 ], [ -153.9852, 58.45734 ], [ -153.99636, 58.4556 ], [ -154.00989, 58.45007 ], [ -154.01523, 58.45032 ], [ -154.00972, 58.45743 ] ] ], [ [ [ -153.73029, 59.0855 ], [ -153.70462, 59.08392 ], [ -153.70266, 59.07774 ], [ -153.72859, 59.08108 ], [ -153.71601, 59.08085 ], [ -153.71602, 59.08388 ], [ -153.73029, 59.0855 ] ] ], [ [ [ -153.37527, 59.00689 ], [ -153.38457, 59.0002 ], [ -153.39565, 59.0031 ], [ -153.39359, 59.00567 ], [ -153.37527, 59.00689 ] ] ], [ [ [ -154.4459, 58.05732 ], [ -154.42267, 58.05837 ], [ -154.42522, 58.05425 ], [ -154.42982, 58.05792 ], [ -154.44316, 58.05293 ], [ -154.4459, 58.05732 ] ] ], [ [ [ -154.16851, 58.34263 ], [ -154.16081, 58.33561 ], [ -154.17486, 58.33413 ], [ -154.16851, 58.34263 ] ] ], [ [ [ -154.53032, 58.08556 ], [ -154.5181, 58.08208 ], [ -154.51333, 58.07883 ], [ -154.52648, 58.08243 ], [ -154.52397, 58.07803 ], [ -154.52961, 58.07868 ], [ -154.53032, 58.08556 ] ] ], [ [ [ -154.43819, 58.08115 ], [ -154.43203, 58.08049 ], [ -154.42813, 58.07751 ], [ -154.43926, 58.07758 ], [ -154.43819, 58.08115 ] ] ], [ [ [ -153.96309, 58.38927 ], [ -153.95607, 58.39129 ], [ -153.95208, 58.38935 ], [ -153.96309, 58.38927 ] ] ], [ [ [ -154.49829, 58.09001 ], [ -154.49329, 58.08811 ], [ -154.49319, 58.08213 ], [ -154.49829, 58.09001 ] ] ], [ [ [ -153.71671, 58.5705 ], [ -153.71299, 58.57489 ], [ -153.71475, 58.56992 ], [ -153.71671, 58.5705 ] ] ], [ [ [ -154.50035, 58.08957 ], [ -154.50533, 58.08944 ], [ -154.50429, 58.09165 ], [ -154.50035, 58.08957 ] ] ], [ [ [ -154.49171, 58.06937 ], [ -154.48724, 58.06815 ], [ -154.484, 58.06507 ], [ -154.4895, 58.06692 ], [ -154.49171, 58.06937 ] ] ], [ [ [ -154.51502, 58.08973 ], [ -154.51038, 58.08911 ], [ -154.50915, 58.08705 ], [ -154.5118, 58.08649 ], [ -154.51502, 58.08973 ] ] ], [ [ [ -154.48704, 58.08578 ], [ -154.4917, 58.08508 ], [ -154.49174, 58.08766 ], [ -154.48704, 58.08578 ] ] ], [ [ [ -154.44517, 58.16658 ], [ -154.44088, 58.16695 ], [ -154.44258, 58.1642 ], [ -154.44517, 58.16658 ] ] ], [ [ [ -154.12661, 58.34782 ], [ -154.12199, 58.34685 ], [ -154.1293, 58.34547 ], [ -154.12661, 58.34782 ] ] ], [ [ [ -154.53155, 58.08097 ], [ -154.53477, 58.07804 ], [ -154.53346, 58.08212 ], [ -154.53155, 58.08097 ] ] ], [ [ [ -154.52701, 58.02695 ], [ -154.53055, 58.02799 ], [ -154.52608, 58.03024 ], [ -154.52701, 58.02695 ] ] ], [ [ [ -153.97424, 58.39209 ], [ -153.97247, 58.39023 ], [ -153.98002, 58.39111 ], [ -153.97424, 58.39209 ] ] ], [ [ [ -154.51532, 58.08603 ], [ -154.51786, 58.08432 ], [ -154.51963, 58.08551 ], [ -154.51532, 58.08603 ] ] ], [ [ [ -154.46038, 58.06713 ], [ -154.45801, 58.06569 ], [ -154.46246, 58.06652 ], [ -154.46038, 58.06713 ] ] ], [ [ [ -154.51979, 58.09109 ], [ -154.51608, 58.08987 ], [ -154.51917, 58.08967 ], [ -154.51979, 58.09109 ] ] ], [ [ [ -154.02657, 58.44203 ], [ -154.02561, 58.44116 ], [ -154.02878, 58.43996 ], [ -154.02657, 58.44203 ] ] ], [ [ [ -154.49054, 58.08143 ], [ -154.49169, 58.08374 ], [ -154.48979, 58.08276 ], [ -154.49054, 58.08143 ] ] ], [ [ [ -154.52053, 58.08555 ], [ -154.52167, 58.08453 ], [ -154.52293, 58.08692 ], [ -154.52053, 58.08555 ] ] ], [ [ [ -154.45838, 58.05801 ], [ -154.45999, 58.05905 ], [ -154.45988, 58.06073 ], [ -154.45838, 58.05801 ] ] ], [ [ [ -154.33582, 58.13193 ], [ -154.33417, 58.13505 ], [ -154.33198, 58.13612 ], [ -154.33582, 58.13193 ] ] ], [ [ [ -154.48213, 58.05041 ], [ -154.48491, 58.0528 ], [ -154.48327, 58.05231 ], [ -154.48213, 58.05041 ] ] ], [ [ [ -154.50992, 58.08171 ], [ -154.51224, 58.0817 ], [ -154.51365, 58.08328 ], [ -154.50992, 58.08171 ] ] ], [ [ [ -153.73048, 58.55408 ], [ -153.73166, 58.55677 ], [ -153.73007, 58.55528 ], [ -153.73048, 58.55408 ] ] ], [ [ [ -154.4273, 58.08197 ], [ -154.42357, 58.08092 ], [ -154.42698, 58.08112 ], [ -154.4273, 58.08197 ] ] ], [ [ [ -154.28988, 58.2651 ], [ -154.29032, 58.26623 ], [ -154.28826, 58.26637 ], [ -154.28988, 58.2651 ] ] ], [ [ [ -154.42122, 58.08171 ], [ -154.41959, 58.0801 ], [ -154.4218, 58.08063 ], [ -154.42122, 58.08171 ] ] ], [ [ [ -154.51655, 58.09117 ], [ -154.51966, 58.09304 ], [ -154.51657, 58.09214 ], [ -154.51655, 58.09117 ] ] ], [ [ [ -154.48516, 58.08254 ], [ -154.48587, 58.08332 ], [ -154.48431, 58.08468 ], [ -154.48516, 58.08254 ] ] ], [ [ [ -153.87466, 59.10834 ], [ -153.87017, 59.10811 ], [ -153.87133, 59.10758 ], [ -153.87466, 59.10834 ] ] ], [ [ [ -154.53087, 58.07753 ], [ -154.53171, 58.07948 ], [ -154.53062, 58.07915 ], [ -154.53087, 58.07753 ] ] ], [ [ [ -153.36029, 58.83068 ], [ -153.35662, 58.82999 ], [ -153.35815, 58.82943 ], [ -153.36029, 58.83068 ] ] ], [ [ [ -153.27397, 58.76151 ], [ -153.2765, 58.76133 ], [ -153.27486, 58.76246 ], [ -153.27397, 58.76151 ] ] ], [ [ [ -153.8712, 59.11772 ], [ -153.87398, 59.11761 ], [ -153.87146, 59.11838 ], [ -153.8712, 59.11772 ] ] ], [ [ [ -154.52241, 58.08749 ], [ -154.51977, 58.08802 ], [ -154.52067, 58.08698 ], [ -154.52241, 58.08749 ] ] ], [ [ [ -154.42546, 58.07652 ], [ -154.42459, 58.07573 ], [ -154.42696, 58.07619 ], [ -154.42546, 58.07652 ] ] ], [ [ [ -154.94023, 58.00142 ], [ -154.93818, 58.0051 ], [ -154.93817, 58.00351 ], [ -154.94023, 58.00142 ] ] ], [ [ [ -154.49473, 58.07069 ], [ -154.49223, 58.06964 ], [ -154.49375, 58.06945 ], [ -154.49473, 58.07069 ] ] ], [ [ [ -154.44814, 58.055 ], [ -154.44899, 58.05388 ], [ -154.45059, 58.05455 ], [ -154.44814, 58.055 ] ] ], [ [ [ -154.49434, 58.09002 ], [ -154.4963, 58.09055 ], [ -154.49398, 58.0906 ], [ -154.49434, 58.09002 ] ] ], [ [ [ -153.87809, 59.10822 ], [ -153.87992, 59.10828 ], [ -153.87905, 59.10914 ], [ -153.87809, 59.10822 ] ] ], [ [ [ -153.31452, 58.85086 ], [ -153.31739, 58.85194 ], [ -153.31463, 58.8515 ], [ -153.31452, 58.85086 ] ] ], [ [ [ -153.72533, 58.56515 ], [ -153.72652, 58.56493 ], [ -153.72624, 58.56613 ], [ -153.72533, 58.56515 ] ] ], [ [ [ -154.42227, 58.076 ], [ -154.42097, 58.07528 ], [ -154.42269, 58.07509 ], [ -154.42227, 58.076 ] ] ], [ [ [ -153.71807, 58.56868 ], [ -153.72034, 58.5687 ], [ -153.7181, 58.56939 ], [ -153.71807, 58.56868 ] ] ], [ [ [ -154.52904, 58.08899 ], [ -154.52678, 58.08849 ], [ -154.52757, 58.08779 ], [ -154.52904, 58.08899 ] ] ], [ [ [ -154.41687, 58.05872 ], [ -154.41809, 58.05917 ], [ -154.41713, 58.06043 ], [ -154.41687, 58.05872 ] ] ], [ [ [ -154.48168, 58.06302 ], [ -154.48222, 58.0645 ], [ -154.481, 58.06349 ], [ -154.48168, 58.06302 ] ] ], [ [ [ -154.27145, 58.2883 ], [ -154.27186, 58.28894 ], [ -154.26975, 58.28942 ], [ -154.27145, 58.2883 ] ] ], [ [ [ -153.77708, 58.60338 ], [ -153.7781, 58.60332 ], [ -153.77774, 58.60438 ], [ -153.77708, 58.60338 ] ] ], [ [ [ -154.01439, 58.46738 ], [ -154.01416, 58.46826 ], [ -154.0122, 58.46873 ], [ -154.01439, 58.46738 ] ] ], [ [ [ -154.52355, 58.03102 ], [ -154.52336, 58.02972 ], [ -154.52489, 58.03068 ], [ -154.52355, 58.03102 ] ] ], [ [ [ -154.14974, 58.1937 ], [ -154.14747, 58.19272 ], [ -154.14823, 58.19259 ], [ -154.14974, 58.1937 ] ] ], [ [ [ -154.51428, 58.08555 ], [ -154.51368, 58.08429 ], [ -154.51518, 58.085 ], [ -154.51428, 58.08555 ] ] ], [ [ [ -154.32553, 58.0787 ], [ -154.32632, 58.07932 ], [ -154.3252, 58.07993 ], [ -154.32553, 58.0787 ] ] ], [ [ [ -153.98016, 58.45896 ], [ -153.98234, 58.45853 ], [ -153.98159, 58.45922 ], [ -153.98016, 58.45896 ] ] ], [ [ [ -154.51084, 58.09188 ], [ -154.50839, 58.0912 ], [ -154.50921, 58.09096 ], [ -154.51084, 58.09188 ] ] ], [ [ [ -154.26299, 58.18835 ], [ -154.26343, 58.18888 ], [ -154.26195, 58.18938 ], [ -154.26299, 58.18835 ] ] ], [ [ [ -154.48243, 58.08225 ], [ -154.48356, 58.08308 ], [ -154.48247, 58.08296 ], [ -154.48243, 58.08225 ] ] ], [ [ [ -154.26849, 58.18928 ], [ -154.26835, 58.18847 ], [ -154.26964, 58.18871 ], [ -154.26849, 58.18928 ] ] ], [ [ [ -154.51895, 58.03116 ], [ -154.51895, 58.03064 ], [ -154.52042, 58.03139 ], [ -154.51895, 58.03116 ] ] ], [ [ [ -154.54315, 58.04616 ], [ -154.54454, 58.04603 ], [ -154.54396, 58.04675 ], [ -154.54315, 58.04616 ] ] ], [ [ [ -154.45036, 58.18049 ], [ -154.45086, 58.18141 ], [ -154.44987, 58.1813 ], [ -154.45036, 58.18049 ] ] ], [ [ [ -153.68977, 58.54833 ], [ -153.68861, 58.5482 ], [ -153.68973, 58.5478 ], [ -153.68977, 58.54833 ] ] ], [ [ [ -154.26545, 58.2941 ], [ -154.26597, 58.29455 ], [ -154.2649, 58.29497 ], [ -154.26545, 58.2941 ] ] ], [ [ [ -154.43267, 58.05045 ], [ -154.43177, 58.05034 ], [ -154.43229, 58.04961 ], [ -154.43267, 58.05045 ] ] ], [ [ [ -153.86777, 59.11751 ], [ -153.86889, 59.11761 ], [ -153.86763, 59.11808 ], [ -153.86777, 59.11751 ] ] ], [ [ [ -154.52467, 58.02743 ], [ -154.52636, 58.02794 ], [ -154.52497, 58.02784 ], [ -154.52467, 58.02743 ] ] ], [ [ [ -154.43024, 58.05122 ], [ -154.42866, 58.05104 ], [ -154.4294, 58.05059 ], [ -154.43024, 58.05122 ] ] ], [ [ [ -154.44814, 58.05351 ], [ -154.4467, 58.05267 ], [ -154.4482, 58.05306 ], [ -154.44814, 58.05351 ] ] ], [ [ [ -153.87724, 58.57793 ], [ -153.87738, 58.57859 ], [ -153.87655, 58.57891 ], [ -153.87724, 58.57793 ] ] ], [ [ [ -154.18228, 58.24785 ], [ -154.18277, 58.24808 ], [ -154.18148, 58.2485 ], [ -154.18228, 58.24785 ] ] ], [ [ [ -154.4975, 58.04845 ], [ -154.4972, 58.0477 ], [ -154.49796, 58.04779 ], [ -154.4975, 58.04845 ] ] ], [ [ [ -154.50864, 58.08188 ], [ -154.50798, 58.08143 ], [ -154.50907, 58.08149 ], [ -154.50864, 58.08188 ] ] ], [ [ [ -154.44944, 58.11566 ], [ -154.45048, 58.11559 ], [ -154.44966, 58.1161 ], [ -154.44944, 58.11566 ] ] ], [ [ [ -154.44529, 58.16407 ], [ -154.44625, 58.16431 ], [ -154.44548, 58.16457 ], [ -154.44529, 58.16407 ] ] ], [ [ [ -154.19235, 58.31544 ], [ -154.19321, 58.31549 ], [ -154.19197, 58.316 ], [ -154.19235, 58.31544 ] ] ], [ [ [ -154.51436, 58.08728 ], [ -154.51507, 58.08756 ], [ -154.51425, 58.08783 ], [ -154.51436, 58.08728 ] ] ], [ [ [ -154.26267, 58.29126 ], [ -154.2633, 58.2916 ], [ -154.26226, 58.29188 ], [ -154.26267, 58.29126 ] ] ], [ [ [ -154.43504, 58.04928 ], [ -154.43602, 58.04936 ], [ -154.43499, 58.04978 ], [ -154.43504, 58.04928 ] ] ], [ [ [ -153.33794, 58.86031 ], [ -153.33724, 58.86032 ], [ -153.33828, 58.85969 ], [ -153.33794, 58.86031 ] ] ], [ [ [ -154.53605, 58.08108 ], [ -154.5364, 58.08154 ], [ -154.53594, 58.08202 ], [ -154.53605, 58.08108 ] ] ], [ [ [ -154.47345, 58.08121 ], [ -154.4725, 58.08023 ], [ -154.47302, 58.08038 ], [ -154.47345, 58.08121 ] ] ], [ [ [ -154.44527, 58.05773 ], [ -154.44582, 58.05785 ], [ -154.44639, 58.059 ], [ -154.44527, 58.05773 ] ] ], [ [ [ -153.28278, 58.75842 ], [ -153.28342, 58.75894 ], [ -153.28275, 58.75904 ], [ -153.28278, 58.75842 ] ] ], [ [ [ -154.10062, 58.28606 ], [ -154.10109, 58.28635 ], [ -154.09971, 58.28705 ], [ -154.10062, 58.28606 ] ] ], [ [ [ -155.03119, 57.97927 ], [ -155.03083, 57.97869 ], [ -155.03195, 57.97886 ], [ -155.03119, 57.97927 ] ] ], [ [ [ -153.7227, 58.56643 ], [ -153.72361, 58.56664 ], [ -153.72353, 58.56699 ], [ -153.7227, 58.56643 ] ] ], [ [ [ -153.31348, 58.85048 ], [ -153.31429, 58.85073 ], [ -153.31399, 58.85124 ], [ -153.31348, 58.85048 ] ] ], [ [ [ -154.44865, 58.16374 ], [ -154.44917, 58.16381 ], [ -154.44884, 58.16457 ], [ -154.44865, 58.16374 ] ] ], [ [ [ -154.45241, 58.05795 ], [ -154.45304, 58.05801 ], [ -154.45233, 58.05848 ], [ -154.45241, 58.05795 ] ] ], [ [ [ -153.32772, 58.9012 ], [ -153.32842, 58.90117 ], [ -153.32753, 58.90154 ], [ -153.32772, 58.9012 ] ] ], [ [ [ -154.14208, 58.3532 ], [ -154.1437, 58.35295 ], [ -154.14387, 58.35317 ], [ -154.14208, 58.3532 ] ] ], [ [ [ -154.01553, 58.44676 ], [ -154.01539, 58.44631 ], [ -154.01613, 58.44648 ], [ -154.01553, 58.44676 ] ] ], [ [ [ -154.13936, 58.23224 ], [ -154.13996, 58.23257 ], [ -154.139, 58.23274 ], [ -154.13936, 58.23224 ] ] ], [ [ [ -153.2925, 58.87779 ], [ -153.29378, 58.87855 ], [ -153.2923, 58.87813 ], [ -153.2925, 58.87779 ] ] ], [ [ [ -154.30681, 58.08698 ], [ -154.30724, 58.08666 ], [ -154.30804, 58.0868 ], [ -154.30681, 58.08698 ] ] ], [ [ [ -154.15032, 58.23751 ], [ -154.15037, 58.23711 ], [ -154.15109, 58.23748 ], [ -154.15032, 58.23751 ] ] ], [ [ [ -153.38116, 58.95582 ], [ -153.38197, 58.95612 ], [ -153.38122, 58.9563 ], [ -153.38116, 58.95582 ] ] ], [ [ [ -154.4401, 58.15304 ], [ -154.44078, 58.15304 ], [ -154.44042, 58.15369 ], [ -154.4401, 58.15304 ] ] ], [ [ [ -154.44857, 58.17471 ], [ -154.44926, 58.1749 ], [ -154.44863, 58.1751 ], [ -154.44857, 58.17471 ] ] ], [ [ [ -153.68684, 59.07588 ], [ -153.68611, 59.07516 ], [ -153.6865, 59.0752 ], [ -153.68684, 59.07588 ] ] ], [ [ [ -154.46699, 58.06415 ], [ -154.4675, 58.06399 ], [ -154.46731, 58.06447 ], [ -154.46699, 58.06415 ] ] ], [ [ [ -153.39819, 58.97018 ], [ -153.39852, 58.97071 ], [ -153.39807, 58.97068 ], [ -153.39819, 58.97018 ] ] ], [ [ [ -154.14873, 58.23507 ], [ -154.14914, 58.23529 ], [ -154.14848, 58.2356 ], [ -154.14873, 58.23507 ] ] ], [ [ [ -153.72769, 58.56447 ], [ -153.72813, 58.56483 ], [ -153.72752, 58.56486 ], [ -153.72769, 58.56447 ] ] ], [ [ [ -154.47862, 58.07235 ], [ -154.47941, 58.07255 ], [ -154.47856, 58.07263 ], [ -154.47862, 58.07235 ] ] ], [ [ [ -154.44799, 58.09075 ], [ -154.44712, 58.09034 ], [ -154.44755, 58.09025 ], [ -154.44799, 58.09075 ] ] ], [ [ [ -154.46552, 58.17765 ], [ -154.46517, 58.1773 ], [ -154.46615, 58.17744 ], [ -154.46552, 58.17765 ] ] ], [ [ [ -154.31473, 58.11049 ], [ -154.31517, 58.1108 ], [ -154.31443, 58.11088 ], [ -154.31473, 58.11049 ] ] ], [ [ [ -153.33825, 58.85301 ], [ -153.33967, 58.85322 ], [ -153.3385, 58.85321 ], [ -153.33825, 58.85301 ] ] ], [ [ [ -154.44149, 58.16373 ], [ -154.44209, 58.16396 ], [ -154.44141, 58.16405 ], [ -154.44149, 58.16373 ] ] ], [ [ [ -154.10036, 58.29191 ], [ -154.10072, 58.29234 ], [ -154.09987, 58.29213 ], [ -154.10036, 58.29191 ] ] ], [ [ [ -154.30833, 58.29468 ], [ -154.30888, 58.29462 ], [ -154.30921, 58.29494 ], [ -154.30833, 58.29468 ] ] ], [ [ [ -153.25289, 58.84427 ], [ -153.25345, 58.84467 ], [ -153.2527, 58.84453 ], [ -153.25289, 58.84427 ] ] ], [ [ [ -154.27153, 58.31167 ], [ -154.27219, 58.3116 ], [ -154.27236, 58.3119 ], [ -154.27153, 58.31167 ] ] ], [ [ [ -154.10011, 58.29253 ], [ -154.10099, 58.29269 ], [ -154.10052, 58.29287 ], [ -154.10011, 58.29253 ] ] ], [ [ [ -153.98523, 58.39269 ], [ -153.98603, 58.393 ], [ -153.98506, 58.39284 ], [ -153.98523, 58.39269 ] ] ], [ [ [ -154.12241, 58.28841 ], [ -154.12279, 58.28806 ], [ -154.12309, 58.28818 ], [ -154.12241, 58.28841 ] ] ], [ [ [ -154.47987, 58.07199 ], [ -154.48083, 58.07196 ], [ -154.48028, 58.07218 ], [ -154.47987, 58.07199 ] ] ], [ [ [ -153.97151, 58.39066 ], [ -153.97215, 58.39082 ], [ -153.97146, 58.39097 ], [ -153.97151, 58.39066 ] ] ], [ [ [ -154.14514, 58.19254 ], [ -154.14454, 58.19231 ], [ -154.14503, 58.19218 ], [ -154.14514, 58.19254 ] ] ], [ [ [ -154.14571, 58.3532 ], [ -154.14585, 58.35353 ], [ -154.14521, 58.35346 ], [ -154.14571, 58.3532 ] ] ], [ [ [ -153.68821, 59.07409 ], [ -153.6876, 59.0742 ], [ -153.68729, 59.07388 ], [ -153.68821, 59.07409 ] ] ], [ [ [ -154.09954, 58.27798 ], [ -154.10053, 58.27757 ], [ -154.0999, 58.27803 ], [ -154.09954, 58.27798 ] ] ], [ [ [ -153.33542, 58.86123 ], [ -153.3352, 58.86088 ], [ -153.33618, 58.86083 ], [ -153.33542, 58.86123 ] ] ], [ [ [ -154.44016, 58.15026 ], [ -154.44062, 58.15069 ], [ -154.4401, 58.15067 ], [ -154.44016, 58.15026 ] ] ], [ [ [ -153.2515, 58.85834 ], [ -153.2522, 58.85867 ], [ -153.25164, 58.85874 ], [ -153.2515, 58.85834 ] ] ], [ [ [ -154.13568, 58.34864 ], [ -154.13505, 58.34863 ], [ -154.13485, 58.34837 ], [ -154.13568, 58.34864 ] ] ], [ [ [ -153.74188, 59.08876 ], [ -153.74197, 59.08898 ], [ -153.74112, 59.08888 ], [ -153.74188, 59.08876 ] ] ], [ [ [ -154.44138, 58.15192 ], [ -154.44076, 58.15164 ], [ -154.44166, 58.15175 ], [ -154.44138, 58.15192 ] ] ], [ [ [ -154.31049, 58.08778 ], [ -154.31126, 58.08781 ], [ -154.31055, 58.088 ], [ -154.31049, 58.08778 ] ] ], [ [ [ -153.29422, 58.83796 ], [ -153.29436, 58.83815 ], [ -153.29358, 58.83825 ], [ -153.29422, 58.83796 ] ] ], [ [ [ -154.15294, 58.19589 ], [ -154.15343, 58.19606 ], [ -154.15294, 58.19622 ], [ -154.15294, 58.19589 ] ] ], [ [ [ -153.89481, 58.56207 ], [ -153.89536, 58.56214 ], [ -153.89445, 58.56233 ], [ -153.89481, 58.56207 ] ] ], [ [ [ -153.99688, 58.45443 ], [ -153.99757, 58.45468 ], [ -153.99677, 58.45462 ], [ -153.99688, 58.45443 ] ] ], [ [ [ -153.87492, 59.10856 ], [ -153.87466, 59.10834 ], [ -153.87543, 59.10835 ], [ -153.87492, 59.10856 ] ] ], [ [ [ -154.09799, 58.28371 ], [ -154.0984, 58.28386 ], [ -154.09774, 58.28405 ], [ -154.09799, 58.28371 ] ] ], [ [ [ -154.10326, 58.28458 ], [ -154.10353, 58.28499 ], [ -154.10307, 58.28499 ], [ -154.10326, 58.28458 ] ] ], [ [ [ -154.31095, 58.08639 ], [ -154.31153, 58.08645 ], [ -154.31106, 58.08664 ], [ -154.31095, 58.08639 ] ] ], [ [ [ -153.39914, 58.97125 ], [ -153.40006, 58.97133 ], [ -153.3993, 58.97144 ], [ -153.39914, 58.97125 ] ] ], [ [ [ -154.12399, 58.34813 ], [ -154.12482, 58.34822 ], [ -154.12377, 58.34838 ], [ -154.12399, 58.34813 ] ] ], [ [ [ -153.25494, 58.86231 ], [ -153.25542, 58.86264 ], [ -153.25509, 58.86271 ], [ -153.25494, 58.86231 ] ] ], [ [ [ -153.72583, 58.56399 ], [ -153.72611, 58.56406 ], [ -153.72589, 58.56439 ], [ -153.72583, 58.56399 ] ] ], [ [ [ -153.98677, 58.39297 ], [ -153.98732, 58.3933 ], [ -153.98688, 58.39328 ], [ -153.98677, 58.39297 ] ] ], [ [ [ -154.30997, 58.29377 ], [ -154.31025, 58.29384 ], [ -154.30989, 58.29423 ], [ -154.30997, 58.29377 ] ] ], [ [ [ -154.12174, 58.34947 ], [ -154.12242, 58.34961 ], [ -154.12179, 58.34966 ], [ -154.12174, 58.34947 ] ] ], [ [ [ -154.15169, 58.23637 ], [ -154.15194, 58.23659 ], [ -154.1515, 58.23673 ], [ -154.15169, 58.23637 ] ] ], [ [ [ -153.37541, 58.92962 ], [ -153.3753, 58.92932 ], [ -153.37586, 58.92967 ], [ -153.37541, 58.92962 ] ] ], [ [ [ -153.35654, 58.82858 ], [ -153.35723, 58.82884 ], [ -153.35682, 58.82887 ], [ -153.35654, 58.82858 ] ] ], [ [ [ -153.72985, 58.56317 ], [ -153.73018, 58.5632 ], [ -153.72998, 58.56363 ], [ -153.72985, 58.56317 ] ] ], [ [ [ -154.22638, 58.14794 ], [ -154.22671, 58.14806 ], [ -154.22627, 58.1483 ], [ -154.22638, 58.14794 ] ] ], [ [ [ -153.39889, 58.97091 ], [ -153.39989, 58.97101 ], [ -153.3993, 58.97105 ], [ -153.39889, 58.97091 ] ] ], [ [ [ -153.97085, 58.39084 ], [ -153.97124, 58.39102 ], [ -153.97063, 58.39102 ], [ -153.97085, 58.39084 ] ] ], [ [ [ -154.32433, 58.07941 ], [ -154.32403, 58.07909 ], [ -154.32465, 58.07929 ], [ -154.32433, 58.07941 ] ] ], [ [ [ -153.43778, 58.97495 ], [ -153.43851, 58.97504 ], [ -153.43778, 58.97509 ], [ -153.43778, 58.97495 ] ] ], [ [ [ -154.10259, 58.27697 ], [ -154.10338, 58.27714 ], [ -154.10256, 58.27707 ], [ -154.10259, 58.27697 ] ] ], [ [ [ -154.16847, 58.26332 ], [ -154.1682, 58.26354 ], [ -154.16795, 58.26318 ], [ -154.16847, 58.26332 ] ] ], [ [ [ -154.18502, 58.24686 ], [ -154.18521, 58.24704 ], [ -154.18458, 58.24718 ], [ -154.18502, 58.24686 ] ] ], [ [ [ -155.02597, 57.97072 ], [ -155.02543, 57.97063 ], [ -155.02532, 57.97043 ], [ -155.02597, 57.97072 ] ] ], [ [ [ -153.33195, 58.8517 ], [ -153.33254, 58.85175 ], [ -153.3317, 58.85184 ], [ -153.33195, 58.8517 ] ] ], [ [ [ -153.35232, 58.86403 ], [ -153.35251, 58.86419 ], [ -153.35182, 58.86413 ], [ -153.35232, 58.86403 ] ] ], [ [ [ -153.32427, 58.92287 ], [ -153.32464, 58.92297 ], [ -153.32385, 58.92306 ], [ -153.32427, 58.92287 ] ] ], [ [ [ -154.14604, 58.19341 ], [ -154.14558, 58.19315 ], [ -154.14582, 58.19308 ], [ -154.14604, 58.19341 ] ] ], [ [ [ -154.13672, 58.35335 ], [ -154.13589, 58.35334 ], [ -154.13611, 58.3532 ], [ -154.13672, 58.35335 ] ] ], [ [ [ -153.38065, 58.94144 ], [ -153.38118, 58.94163 ], [ -153.38099, 58.94176 ], [ -153.38065, 58.94144 ] ] ], [ [ [ -154.18883, 58.24889 ], [ -154.18919, 58.24897 ], [ -154.18878, 58.2491 ], [ -154.18883, 58.24889 ] ] ], [ [ [ -153.98522, 58.39231 ], [ -153.98561, 58.39237 ], [ -153.9852, 58.39256 ], [ -153.98522, 58.39231 ] ] ], [ [ [ -154.1817, 58.2478 ], [ -154.18137, 58.24772 ], [ -154.18209, 58.24764 ], [ -154.1817, 58.2478 ] ] ], [ [ [ -153.75708, 59.07749 ], [ -153.75674, 59.07756 ], [ -153.75672, 59.07737 ], [ -153.75708, 59.07749 ] ] ], [ [ [ -153.75984, 59.07658 ], [ -153.75964, 59.07672 ], [ -153.75936, 59.07665 ], [ -153.75984, 59.07658 ] ] ], [ [ [ -153.76663, 59.07744 ], [ -153.76621, 59.07744 ], [ -153.76654, 59.07737 ], [ -153.76663, 59.07744 ] ] ] ] } },
{ "type": "Feature", "properties": { "nationalParkName": "Kenai Fjords National Park", "name": "Kenai Fjords National Park", "unitCode": "KEFJ", "unitType": "National Parks", "state": "AK", "parkName": "Kenai Fjords", "source": "National Park Service Land Resources Division", "sourceLayerUrl": "https://services1.arcgis.com/fBc8EJBxQRMcHlei/ArcGIS/rest/services/NPS_Land_Resources_Division_Boundary_and_Tract_Data_Service/FeatureServer/2" }, "geometry": { "type": "MultiPolygon", "coordinates": [ [ [ [ -149.76572, 60.30382 ], [ -149.73996, 60.28948 ], [ -149.72807, 60.28575 ], [ -149.71428, 60.28729 ], [ -149.69578, 60.28161 ], [ -149.69105, 60.27293 ], [ -149.67213, 60.26435 ], [ -149.66116, 60.25028 ], [ -149.66283, 60.24345 ], [ -149.64304, 60.23388 ], [ -149.63648, 60.22204 ], [ -149.62812, 60.22125 ], [ -149.61809, 60.21107 ], [ -149.59485, 60.2112 ], [ -149.59162, 60.19637 ], [ -149.57575, 60.17884 ], [ -149.5331, 60.17543 ], [ -149.53188, 59.92419 ], [ -149.56789, 59.90072 ], [ -149.5639, 59.89297 ], [ -149.55189, 59.89324 ], [ -149.55532, 59.8785 ], [ -149.57536, 59.87963 ], [ -149.58463, 59.87493 ], [ -149.57927, 59.87108 ], [ -149.58444, 59.86307 ], [ -149.57117, 59.86081 ], [ -149.57387, 59.8505 ], [ -149.57995, 59.85607 ], [ -149.59364, 59.85438 ], [ -149.59218, 59.84499 ], [ -149.61971, 59.83364 ], [ -149.62627, 59.81815 ], [ -149.61743, 59.80993 ], [ -149.59574, 59.80769 ], [ -149.60285, 59.80133 ], [ -149.59076, 59.79097 ], [ -149.59732, 59.78457 ], [ -149.58638, 59.7805 ], [ -149.58988, 59.76676 ], [ -149.56809, 59.76758 ], [ -149.56375, 59.77077 ], [ -149.57255, 59.77391 ], [ -149.55599, 59.78024 ], [ -149.54209, 59.78231 ], [ -149.53437, 59.77798 ], [ -149.53628, 59.77304 ], [ -149.54938, 59.77671 ], [ -149.55467, 59.77343 ], [ -149.54776, 59.76208 ], [ -149.53506, 59.75797 ], [ -149.54988, 59.75208 ], [ -149.55945, 59.75496 ], [ -149.56602, 59.75131 ], [ -149.53914, 59.74369 ], [ -149.55026, 59.73357 ], [ -149.5469, 59.72996 ], [ -149.53886, 59.72834 ], [ -149.51653, 59.7354 ], [ -149.53044, 59.72424 ], [ -149.52364, 59.71875 ], [ -149.52509, 59.70584 ], [ -149.53354, 59.70963 ], [ -149.54197, 59.70838 ], [ -149.54136, 59.71758 ], [ -149.55216, 59.71461 ], [ -149.53873, 59.72186 ], [ -149.54366, 59.728 ], [ -149.55892, 59.7285 ], [ -149.57613, 59.7175 ], [ -149.58357, 59.71821 ], [ -149.58563, 59.72269 ], [ -149.58116, 59.72183 ], [ -149.57246, 59.7314 ], [ -149.58102, 59.73773 ], [ -149.57827, 59.74492 ], [ -149.58942, 59.7495 ], [ -149.60574, 59.74138 ], [ -149.60285, 59.73247 ], [ -149.61478, 59.72699 ], [ -149.61815, 59.73511 ], [ -149.64193, 59.73889 ], [ -149.62819, 59.74481 ], [ -149.61983, 59.74206 ], [ -149.6079, 59.74499 ], [ -149.60765, 59.74942 ], [ -149.61937, 59.75299 ], [ -149.6173, 59.75665 ], [ -149.60394, 59.75054 ], [ -149.5943, 59.75228 ], [ -149.58686, 59.7495 ], [ -149.57265, 59.75831 ], [ -149.58153, 59.76264 ], [ -149.59987, 59.76045 ], [ -149.60364, 59.76571 ], [ -149.61096, 59.76482 ], [ -149.60923, 59.77759 ], [ -149.59877, 59.78172 ], [ -149.60244, 59.78806 ], [ -149.61821, 59.78453 ], [ -149.6434, 59.76108 ], [ -149.6429, 59.76849 ], [ -149.65036, 59.77004 ], [ -149.65524, 59.77796 ], [ -149.63122, 59.77986 ], [ -149.61696, 59.78969 ], [ -149.62329, 59.79301 ], [ -149.60931, 59.79396 ], [ -149.60734, 59.79919 ], [ -149.61726, 59.80594 ], [ -149.62552, 59.80054 ], [ -149.64023, 59.80033 ], [ -149.64809, 59.7933 ], [ -149.65804, 59.79329 ], [ -149.65437, 59.7968 ], [ -149.66404, 59.80236 ], [ -149.64529, 59.80786 ], [ -149.6692, 59.81216 ], [ -149.64243, 59.81666 ], [ -149.67185, 59.82085 ], [ -149.67013, 59.82648 ], [ -149.64268, 59.82485 ], [ -149.63674, 59.83023 ], [ -149.64104, 59.83381 ], [ -149.66823, 59.83571 ], [ -149.66923, 59.84731 ], [ -149.65656, 59.85098 ], [ -149.66208, 59.85487 ], [ -149.6529, 59.86057 ], [ -149.62937, 59.85614 ], [ -149.63765, 59.86607 ], [ -149.61618, 59.87572 ], [ -149.61671, 59.88066 ], [ -149.66851, 59.86927 ], [ -149.65381, 59.88911 ], [ -149.65798, 59.89183 ], [ -149.63492, 59.89596 ], [ -149.66439, 59.90704 ], [ -149.65435, 59.91323 ], [ -149.66696, 59.91752 ], [ -149.66538, 59.92893 ], [ -149.67992, 59.94714 ], [ -149.69119, 59.95225 ], [ -149.72108, 59.95634 ], [ -149.73837, 59.95224 ], [ -149.74568, 59.94239 ], [ -149.73655, 59.93751 ], [ -149.73733, 59.93462 ], [ -149.74385, 59.93534 ], [ -149.72913, 59.92292 ], [ -149.72138, 59.90148 ], [ -149.72843, 59.88872 ], [ -149.71619, 59.8851 ], [ -149.7233, 59.88021 ], [ -149.7407, 59.87952 ], [ -149.7336, 59.88271 ], [ -149.73027, 59.8802 ], [ -149.73831, 59.88989 ], [ -149.7364, 59.89802 ], [ -149.74786, 59.89394 ], [ -149.7462, 59.88456 ], [ -149.75421, 59.88338 ], [ -149.74143, 59.87807 ], [ -149.75312, 59.86414 ], [ -149.74471, 59.85285 ], [ -149.74543, 59.82568 ], [ -149.75555, 59.81993 ], [ -149.76124, 59.82171 ], [ -149.77233, 59.8368 ], [ -149.80151, 59.85152 ], [ -149.84062, 59.8507 ], [ -149.86475, 59.85596 ], [ -149.87371, 59.85207 ], [ -149.85867, 59.84438 ], [ -149.84364, 59.84422 ], [ -149.81684, 59.83327 ], [ -149.80134, 59.8105 ], [ -149.76001, 59.7929 ], [ -149.7621, 59.79024 ], [ -149.77456, 59.79243 ], [ -149.79091, 59.78619 ], [ -149.76709, 59.7729 ], [ -149.7854, 59.76688 ], [ -149.77885, 59.75669 ], [ -149.76415, 59.76572 ], [ -149.75571, 59.76402 ], [ -149.7574, 59.75408 ], [ -149.76989, 59.74384 ], [ -149.76052, 59.74174 ], [ -149.75739, 59.73126 ], [ -149.74472, 59.73198 ], [ -149.74552, 59.72155 ], [ -149.73047, 59.71965 ], [ -149.7415, 59.70902 ], [ -149.74917, 59.70814 ], [ -149.75009, 59.69465 ], [ -149.73993, 59.69383 ], [ -149.73313, 59.70115 ], [ -149.72293, 59.6951 ], [ -149.73959, 59.68461 ], [ -149.75055, 59.69227 ], [ -149.76322, 59.69041 ], [ -149.76455, 59.68673 ], [ -149.76366, 59.68308 ], [ -149.75016, 59.68029 ], [ -149.76085, 59.67009 ], [ -149.74066, 59.66102 ], [ -149.74871, 59.65311 ], [ -149.73986, 59.65063 ], [ -149.73976, 59.63866 ], [ -149.75847, 59.64553 ], [ -149.75658, 59.65101 ], [ -149.76445, 59.64894 ], [ -149.78119, 59.65035 ], [ -149.76325, 59.65789 ], [ -149.76535, 59.66416 ], [ -149.77576, 59.65793 ], [ -149.79439, 59.65738 ], [ -149.79761, 59.66346 ], [ -149.78734, 59.66472 ], [ -149.78135, 59.67936 ], [ -149.7888, 59.68065 ], [ -149.80308, 59.6733 ], [ -149.8106, 59.67834 ], [ -149.79478, 59.68723 ], [ -149.82543, 59.68355 ], [ -149.81723, 59.69057 ], [ -149.79438, 59.6914 ], [ -149.79589, 59.69746 ], [ -149.78225, 59.6905 ], [ -149.76543, 59.70097 ], [ -149.76618, 59.70534 ], [ -149.78062, 59.70391 ], [ -149.7789, 59.70918 ], [ -149.79196, 59.71451 ], [ -149.82066, 59.70011 ], [ -149.83354, 59.70287 ], [ -149.81628, 59.70774 ], [ -149.81128, 59.7174 ], [ -149.82081, 59.72095 ], [ -149.82757, 59.71409 ], [ -149.84017, 59.71493 ], [ -149.83404, 59.72391 ], [ -149.85071, 59.72326 ], [ -149.85016, 59.72702 ], [ -149.83901, 59.72906 ], [ -149.8493, 59.73178 ], [ -149.84239, 59.73273 ], [ -149.84377, 59.73924 ], [ -149.86283, 59.74229 ], [ -149.88671, 59.74006 ], [ -149.89746, 59.74843 ], [ -149.89179, 59.75651 ], [ -149.90034, 59.75568 ], [ -149.89485, 59.75916 ], [ -149.90965, 59.76523 ], [ -149.90895, 59.76988 ], [ -149.94149, 59.76801 ], [ -149.94659, 59.77649 ], [ -149.96412, 59.77016 ], [ -149.9825, 59.77498 ], [ -150.00965, 59.7931 ], [ -150.01427, 59.80184 ], [ -150.02591, 59.79986 ], [ -150.04241, 59.80935 ], [ -150.0458, 59.82464 ], [ -150.07124, 59.84762 ], [ -150.07927, 59.84311 ], [ -150.05989, 59.80776 ], [ -150.07755, 59.78776 ], [ -150.06544, 59.77692 ], [ -150.08016, 59.75789 ], [ -150.07709, 59.76099 ], [ -150.07473, 59.76071 ], [ -150.07399, 59.75646 ], [ -150.05892, 59.76893 ], [ -150.04784, 59.77182 ], [ -150.00456, 59.76003 ], [ -149.98825, 59.74997 ], [ -149.96778, 59.75038 ], [ -149.95845, 59.73646 ], [ -149.96164, 59.73038 ], [ -149.97886, 59.72496 ], [ -149.97232, 59.71699 ], [ -149.96234, 59.71521 ], [ -149.93443, 59.72361 ], [ -149.92506, 59.71473 ], [ -149.93454, 59.72613 ], [ -149.92809, 59.72954 ], [ -149.92027, 59.71097 ], [ -149.92101, 59.69144 ], [ -149.93427, 59.66883 ], [ -149.95293, 59.66441 ], [ -149.9428, 59.65731 ], [ -149.95138, 59.65468 ], [ -149.96354, 59.66082 ], [ -149.98565, 59.65671 ], [ -150.00548, 59.66397 ], [ -150.01271, 59.66131 ], [ -149.9968, 59.63968 ], [ -150.00699, 59.63769 ], [ -150.00646, 59.63208 ], [ -150.01643, 59.62568 ], [ -150.029, 59.62536 ], [ -150.02825, 59.61515 ], [ -150.03406, 59.6128 ], [ -150.05293, 59.63322 ], [ -150.04114, 59.63749 ], [ -150.05711, 59.66185 ], [ -150.08308, 59.66406 ], [ -150.09327, 59.67484 ], [ -150.11289, 59.67947 ], [ -150.11496, 59.68775 ], [ -150.1358, 59.69392 ], [ -150.12814, 59.68057 ], [ -150.13171, 59.67611 ], [ -150.11656, 59.67198 ], [ -150.10806, 59.65738 ], [ -150.08672, 59.64933 ], [ -150.0997, 59.62806 ], [ -150.09917, 59.61023 ], [ -150.11465, 59.6028 ], [ -150.14289, 59.62355 ], [ -150.13699, 59.62875 ], [ -150.14793, 59.62361 ], [ -150.16304, 59.62258 ], [ -150.16632, 59.61888 ], [ -150.15932, 59.61868 ], [ -150.16172, 59.62101 ], [ -150.1535, 59.61735 ], [ -150.1541, 59.60931 ], [ -150.12909, 59.59226 ], [ -150.09477, 59.58491 ], [ -150.08415, 59.57809 ], [ -150.10033, 59.57638 ], [ -150.11309, 59.56687 ], [ -150.11797, 59.56862 ], [ -150.12744, 59.56403 ], [ -150.15229, 59.57064 ], [ -150.16212, 59.56008 ], [ -150.18615, 59.57042 ], [ -150.18557, 59.577 ], [ -150.172, 59.57829 ], [ -150.17874, 59.58414 ], [ -150.21284, 59.57832 ], [ -150.21514, 59.57327 ], [ -150.20821, 59.57253 ], [ -150.19697, 59.5514 ], [ -150.1756, 59.53855 ], [ -150.19222, 59.52644 ], [ -150.21278, 59.51965 ], [ -150.20631, 59.5346 ], [ -150.21218, 59.54249 ], [ -150.22187, 59.5398 ], [ -150.22186, 59.52764 ], [ -150.2574, 59.52701 ], [ -150.25965, 59.53299 ], [ -150.26602, 59.5333 ], [ -150.26936, 59.52686 ], [ -150.26337, 59.51938 ], [ -150.25412, 59.5192 ], [ -150.23414, 59.49938 ], [ -150.25224, 59.49217 ], [ -150.2512, 59.48524 ], [ -150.26178, 59.48637 ], [ -150.27477, 59.49794 ], [ -150.29447, 59.49781 ], [ -150.29859, 59.49337 ], [ -150.28641, 59.48496 ], [ -150.28859, 59.47668 ], [ -150.29696, 59.47537 ], [ -150.30083, 59.48257 ], [ -150.31658, 59.48833 ], [ -150.31104, 59.47043 ], [ -150.3277, 59.46455 ], [ -150.36498, 59.4594 ], [ -150.37752, 59.4625 ], [ -150.38395, 59.45786 ], [ -150.40441, 59.46109 ], [ -150.39081, 59.46803 ], [ -150.39177, 59.47518 ], [ -150.34998, 59.47163 ], [ -150.33908, 59.48041 ], [ -150.34294, 59.49061 ], [ -150.35796, 59.48711 ], [ -150.36284, 59.49209 ], [ -150.37637, 59.48955 ], [ -150.37476, 59.50177 ], [ -150.3574, 59.5029 ], [ -150.33972, 59.49859 ], [ -150.3311, 59.50273 ], [ -150.34184, 59.5089 ], [ -150.33394, 59.51037 ], [ -150.31805, 59.50602 ], [ -150.33357, 59.51306 ], [ -150.34635, 59.51042 ], [ -150.36754, 59.51522 ], [ -150.36619, 59.52192 ], [ -150.34658, 59.52114 ], [ -150.35254, 59.53019 ], [ -150.33988, 59.53221 ], [ -150.29049, 59.50884 ], [ -150.31023, 59.52176 ], [ -150.30776, 59.52973 ], [ -150.3204, 59.53435 ], [ -150.33271, 59.53187 ], [ -150.34716, 59.53476 ], [ -150.33663, 59.54056 ], [ -150.34554, 59.53959 ], [ -150.34796, 59.5351 ], [ -150.34416, 59.53333 ], [ -150.34985, 59.53507 ], [ -150.34567, 59.54171 ], [ -150.31921, 59.55194 ], [ -150.32419, 59.56414 ], [ -150.31215, 59.56616 ], [ -150.31096, 59.57367 ], [ -150.28862, 59.58114 ], [ -150.31705, 59.59319 ], [ -150.26186, 59.62974 ], [ -150.28468, 59.64234 ], [ -150.25534, 59.66033 ], [ -150.2455, 59.67595 ], [ -150.24937, 59.68771 ], [ -150.2194, 59.71529 ], [ -150.21584, 59.73296 ], [ -150.22119, 59.73856 ], [ -150.21302, 59.74297 ], [ -150.23089, 59.74857 ], [ -150.2299, 59.73655 ], [ -150.2774, 59.69458 ], [ -150.28419, 59.67746 ], [ -150.30857, 59.65632 ], [ -150.31281, 59.63975 ], [ -150.32423, 59.62921 ], [ -150.31911, 59.62544 ], [ -150.3505, 59.60807 ], [ -150.34625, 59.60084 ], [ -150.35986, 59.59734 ], [ -150.37013, 59.57782 ], [ -150.38308, 59.5672 ], [ -150.38925, 59.56768 ], [ -150.39619, 59.56203 ], [ -150.40865, 59.55975 ], [ -150.40533, 59.56427 ], [ -150.40517, 59.56045 ], [ -150.39631, 59.56304 ], [ -150.40314, 59.56769 ], [ -150.39419, 59.57382 ], [ -150.40545, 59.57756 ], [ -150.40686, 59.58555 ], [ -150.42503, 59.58249 ], [ -150.42509, 59.57491 ], [ -150.41235, 59.5683 ], [ -150.41201, 59.55064 ], [ -150.42781, 59.53171 ], [ -150.43273, 59.51371 ], [ -150.45348, 59.4955 ], [ -150.46424, 59.47485 ], [ -150.47761, 59.46836 ], [ -150.47894, 59.4588 ], [ -150.50047, 59.45563 ], [ -150.50503, 59.46442 ], [ -150.51829, 59.46164 ], [ -150.52244, 59.47296 ], [ -150.50612, 59.47298 ], [ -150.50709, 59.4816 ], [ -150.48767, 59.48701 ], [ -150.48463, 59.5049 ], [ -150.47701, 59.51071 ], [ -150.48405, 59.51707 ], [ -150.4758, 59.52859 ], [ -150.48092, 59.52958 ], [ -150.49819, 59.49977 ], [ -150.51126, 59.4952 ], [ -150.53245, 59.49585 ], [ -150.55609, 59.50472 ], [ -150.55114, 59.5096 ], [ -150.52371, 59.51484 ], [ -150.5196, 59.52152 ], [ -150.54944, 59.51696 ], [ -150.57004, 59.52941 ], [ -150.55718, 59.54045 ], [ -150.53964, 59.54383 ], [ -150.54373, 59.55022 ], [ -150.51202, 59.56565 ], [ -150.51224, 59.57338 ], [ -150.49202, 59.57611 ], [ -150.48505, 59.58147 ], [ -150.50914, 59.5867 ], [ -150.51049, 59.59162 ], [ -150.49629, 59.60346 ], [ -150.50907, 59.59895 ], [ -150.52092, 59.60728 ], [ -150.53854, 59.59218 ], [ -150.54826, 59.59923 ], [ -150.56123, 59.59627 ], [ -150.55721, 59.586 ], [ -150.58788, 59.56566 ], [ -150.59434, 59.54789 ], [ -150.60639, 59.54242 ], [ -150.60707, 59.5374 ], [ -150.61843, 59.539 ], [ -150.63159, 59.54474 ], [ -150.63851, 59.55139 ], [ -150.64061, 59.55163 ], [ -150.65854, 59.54879 ], [ -150.66481, 59.54134 ], [ -150.64317, 59.52955 ], [ -150.64658, 59.52138 ], [ -150.63557, 59.51999 ], [ -150.62957, 59.5271 ], [ -150.62414, 59.52516 ], [ -150.6271, 59.52017 ], [ -150.6131, 59.51773 ], [ -150.6092, 59.50555 ], [ -150.59013, 59.50029 ], [ -150.58077, 59.49296 ], [ -150.58446, 59.46729 ], [ -150.59938, 59.4743 ], [ -150.60451, 59.47329 ], [ -150.60299, 59.46642 ], [ -150.62148, 59.47154 ], [ -150.64379, 59.46848 ], [ -150.66089, 59.47096 ], [ -150.6456, 59.46008 ], [ -150.59189, 59.4535 ], [ -150.59262, 59.44684 ], [ -150.58443, 59.44982 ], [ -150.58246, 59.44384 ], [ -150.59556, 59.43681 ], [ -150.59941, 59.42653 ], [ -150.60428, 59.42356 ], [ -150.61004, 59.42681 ], [ -150.61754, 59.42348 ], [ -150.62988, 59.42621 ], [ -150.64992, 59.41974 ], [ -150.66022, 59.4224 ], [ -150.66074, 59.41634 ], [ -150.68396, 59.428 ], [ -150.69262, 59.42799 ], [ -150.69604, 59.43441 ], [ -150.69625, 59.43132 ], [ -150.6996, 59.4339 ], [ -150.71437, 59.42752 ], [ -150.73824, 59.42507 ], [ -150.74538, 59.4027 ], [ -150.76182, 59.39019 ], [ -150.76713, 59.37567 ], [ -150.78648, 59.37204 ], [ -150.81175, 59.36051 ], [ -150.81707, 59.36204 ], [ -150.78599, 59.37878 ], [ -150.7635, 59.40827 ], [ -150.7608, 59.41913 ], [ -150.77808, 59.43281 ], [ -150.97657, 59.43281 ], [ -150.97668, 59.47614 ], [ -150.86333, 59.47615 ], [ -150.86346, 59.50504 ], [ -150.83504, 59.50504 ], [ -150.83529, 59.57727 ], [ -150.80681, 59.57727 ], [ -150.80697, 59.63505 ], [ -150.72139, 59.63506 ], [ -150.7214, 59.6784 ], [ -150.66552, 59.6784 ], [ -150.66557, 59.69284 ], [ -150.34988, 59.69177 ], [ -150.32859, 59.85761 ], [ -150.06908, 59.97846 ], [ -150.15129, 60.1038 ], [ -149.78634, 60.18705 ], [ -149.7899, 60.2582 ], [ -149.80544, 60.2831 ], [ -149.77758, 60.30423 ], [ -149.76572, 60.30382 ] ] ], [ [ [ -149.77461, 59.64982 ], [ -149.77497, 59.64994 ], [ -149.7749, 59.64997 ], [ -149.77461, 59.64982 ] ] ], [ [ [ -150.07241, 59.75899 ], [ -150.07241, 59.75947 ], [ -150.07216, 59.75946 ], [ -150.07241, 59.75899 ] ] ], [ [ [ -150.07251, 59.7595 ], [ -150.07291, 59.75899 ], [ -150.07289, 59.75942 ], [ -150.07251, 59.7595 ] ] ], [ [ [ -150.07737, 59.75916 ], [ -150.07758, 59.75946 ], [ -150.07701, 59.75982 ], [ -150.07737, 59.75916 ] ] ], [ [ [ -150.70594, 59.41686 ], [ -150.67327, 59.40935 ], [ -150.63305, 59.40543 ], [ -150.6051, 59.38465 ], [ -150.61308, 59.38392 ], [ -150.63156, 59.39112 ], [ -150.61976, 59.38215 ], [ -150.62099, 59.37457 ], [ -150.60942, 59.36802 ], [ -150.62136, 59.36216 ], [ -150.61902, 59.35195 ], [ -150.63141, 59.34577 ], [ -150.64597, 59.35072 ], [ -150.64143, 59.34735 ], [ -150.66169, 59.33378 ], [ -150.66245, 59.32221 ], [ -150.67461, 59.30988 ], [ -150.68254, 59.30365 ], [ -150.70073, 59.30114 ], [ -150.70446, 59.29469 ], [ -150.72007, 59.28887 ], [ -150.73187, 59.29389 ], [ -150.71819, 59.3029 ], [ -150.69997, 59.30335 ], [ -150.70161, 59.31139 ], [ -150.70201, 59.30519 ], [ -150.7087, 59.3032 ], [ -150.71308, 59.31046 ], [ -150.72694, 59.31214 ], [ -150.75311, 59.30336 ], [ -150.77536, 59.30682 ], [ -150.77163, 59.31317 ], [ -150.77725, 59.31612 ], [ -150.74838, 59.32174 ], [ -150.75721, 59.32887 ], [ -150.77233, 59.33161 ], [ -150.75779, 59.33619 ], [ -150.75338, 59.33392 ], [ -150.73946, 59.3371 ], [ -150.73572, 59.3315 ], [ -150.7327, 59.33467 ], [ -150.7372, 59.3437 ], [ -150.73163, 59.34405 ], [ -150.73482, 59.34707 ], [ -150.74137, 59.34518 ], [ -150.73914, 59.34843 ], [ -150.7459, 59.3502 ], [ -150.7073, 59.35807 ], [ -150.7077, 59.36174 ], [ -150.72587, 59.363 ], [ -150.72421, 59.368 ], [ -150.69205, 59.37406 ], [ -150.70446, 59.38401 ], [ -150.68762, 59.39074 ], [ -150.68478, 59.39502 ], [ -150.69407, 59.3926 ], [ -150.697, 59.39944 ], [ -150.70449, 59.39617 ], [ -150.71095, 59.40053 ], [ -150.69831, 59.41076 ], [ -150.70594, 59.41686 ] ] ] ] } },
{ "type": "Feature", "properties": { "nationalParkName": "Kings Canyon National Park", "name": "Kings Canyon National Park", "unitCode": "KICA", "unitType": "National Parks", "state": "CA", "parkName": "Kings Canyon", "source": "National Park Service Land Resources Division", "sourceLayerUrl": "https://services1.arcgis.com/fBc8EJBxQRMcHlei/ArcGIS/rest/services/NPS_Land_Resources_Division_Boundary_and_Tract_Data_Service/FeatureServer/2" }, "geometry": { "type": "MultiPolygon", "coordinates": [ [ [ [ -118.77919, 37.23688 ], [ -118.75199, 37.22186 ], [ -118.7243, 37.22436 ], [ -118.71268, 37.20624 ], [ -118.70144, 37.20634 ], [ -118.69327, 37.21715 ], [ -118.67823, 37.21063 ], [ -118.68033, 37.20349 ], [ -118.66623, 37.18989 ], [ -118.66412, 37.17854 ], [ -118.67298, 37.16744 ], [ -118.6541, 37.14102 ], [ -118.62983, 37.13673 ], [ -118.61355, 37.14295 ], [ -118.59294, 37.13818 ], [ -118.58554, 37.12405 ], [ -118.56809, 37.12314 ], [ -118.5653, 37.11372 ], [ -118.53103, 37.11223 ], [ -118.52295, 37.09981 ], [ -118.51245, 37.09328 ], [ -118.50282, 37.09578 ], [ -118.46637, 37.06741 ], [ -118.44698, 37.06927 ], [ -118.43634, 37.06048 ], [ -118.43752, 37.03866 ], [ -118.42285, 37.02709 ], [ -118.42678, 37.0116 ], [ -118.41271, 36.9996 ], [ -118.42069, 36.99074 ], [ -118.40848, 36.9818 ], [ -118.40417, 36.95741 ], [ -118.39689, 36.9581 ], [ -118.37921, 36.91972 ], [ -118.3669, 36.90735 ], [ -118.36986, 36.89972 ], [ -118.36166, 36.88496 ], [ -118.37046, 36.87172 ], [ -118.3622, 36.86158 ], [ -118.36175, 36.84447 ], [ -118.39312, 36.83066 ], [ -118.37394, 36.80029 ], [ -118.38037, 36.78335 ], [ -118.37004, 36.75136 ], [ -118.33868, 36.72869 ], [ -118.3339, 36.70639 ], [ -118.36661, 36.6921 ], [ -118.38254, 36.69855 ], [ -118.42701, 36.69819 ], [ -118.43196, 36.68411 ], [ -118.45014, 36.68541 ], [ -118.45274, 36.67739 ], [ -118.47571, 36.66893 ], [ -118.4737, 36.65927 ], [ -118.4863, 36.64739 ], [ -118.48441, 36.63463 ], [ -118.53095, 36.59292 ], [ -118.57496, 36.59753 ], [ -118.58342, 36.60341 ], [ -118.58245, 36.61337 ], [ -118.60302, 36.61067 ], [ -118.61151, 36.62507 ], [ -118.63478, 36.63678 ], [ -118.64862, 36.63234 ], [ -118.6607, 36.64011 ], [ -118.69005, 36.63804 ], [ -118.70683, 36.66549 ], [ -118.73586, 36.6743 ], [ -118.73674, 36.68732 ], [ -118.71714, 36.71007 ], [ -118.71534, 36.77407 ], [ -118.6973, 36.78271 ], [ -118.69908, 36.84388 ], [ -118.70711, 36.87597 ], [ -118.71948, 36.87981 ], [ -118.73364, 36.87401 ], [ -118.75697, 36.88479 ], [ -118.77225, 36.8823 ], [ -118.80147, 36.8905 ], [ -118.80011, 36.88406 ], [ -118.83585, 36.90693 ], [ -118.85381, 36.90801 ], [ -118.78582, 36.94691 ], [ -118.76359, 36.97925 ], [ -118.75873, 37.01693 ], [ -118.73037, 37.04136 ], [ -118.73508, 37.05401 ], [ -118.7271, 37.0609 ], [ -118.73547, 37.06708 ], [ -118.73863, 37.08318 ], [ -118.76657, 37.10014 ], [ -118.77682, 37.11984 ], [ -118.79164, 37.12353 ], [ -118.79203, 37.14155 ], [ -118.82373, 37.17037 ], [ -118.83579, 37.1948 ], [ -118.82772, 37.21832 ], [ -118.83303, 37.22609 ], [ -118.82107, 37.22446 ], [ -118.80681, 37.23076 ], [ -118.78824, 37.22607 ], [ -118.77919, 37.23688 ] ] ], [ [ [ -118.93957, 36.72085 ], [ -118.89735, 36.71928 ], [ -118.87904, 36.70385 ], [ -118.88097, 36.66383 ], [ -118.87429, 36.66388 ], [ -118.86004, 36.64745 ], [ -118.84238, 36.64966 ], [ -118.87853, 36.62407 ], [ -118.89808, 36.62069 ], [ -118.89814, 36.63426 ], [ -118.91494, 36.64325 ], [ -118.92383, 36.67824 ], [ -118.93142, 36.67817 ], [ -118.93598, 36.68542 ], [ -118.93554, 36.69619 ], [ -118.9266, 36.69619 ], [ -118.92195, 36.70676 ], [ -118.93067, 36.70677 ], [ -118.93061, 36.71372 ], [ -118.97263, 36.71351 ], [ -118.97252, 36.72728 ], [ -118.98322, 36.7273 ], [ -118.98279, 36.75594 ], [ -118.93811, 36.75536 ], [ -118.93957, 36.72085 ] ] ] ] } },
{ "type": "Feature", "properties": { "nationalParkName": "Kobuk Valley National Park", "name": "Kobuk Valley National Park", "unitCode": "KOVA", "unitType": "National Parks", "state": "AK", "parkName": "Kobuk Valley", "source": "National Park Service Land Resources Division", "sourceLayerUrl": "https://services1.arcgis.com/fBc8EJBxQRMcHlei/ArcGIS/rest/services/NPS_Land_Resources_Division_Boundary_and_Tract_Data_Service/FeatureServer/2" }, "geometry": { "type": "Polygon", "coordinates": [ [ [ -159.76118, 67.87089 ], [ -159.74123, 67.861 ], [ -159.73599, 67.85105 ], [ -159.71194, 67.8408 ], [ -159.62548, 67.82645 ], [ -159.59326, 67.81424 ], [ -159.55011, 67.80543 ], [ -159.50781, 67.80983 ], [ -159.48859, 67.80922 ], [ -159.48278, 67.79006 ], [ -159.44164, 67.78319 ], [ -159.43312, 67.77936 ], [ -159.4105, 67.78105 ], [ -159.39872, 67.77862 ], [ -159.37774, 67.78413 ], [ -159.35055, 67.78402 ], [ -159.33602, 67.7866 ], [ -159.31608, 67.7868 ], [ -159.30334, 67.78292 ], [ -159.30104, 67.77814 ], [ -159.31216, 67.76912 ], [ -159.34339, 67.7554 ], [ -159.35984, 67.75307 ], [ -159.34346, 67.74703 ], [ -159.34246, 67.7259 ], [ -159.36955, 67.71962 ], [ -159.37747, 67.7029 ], [ -159.3497, 67.70069 ], [ -159.31668, 67.68306 ], [ -159.29263, 67.67491 ], [ -159.30067, 67.66407 ], [ -159.28284, 67.65778 ], [ -159.28481, 67.65267 ], [ -159.26942, 67.63987 ], [ -159.20434, 67.64064 ], [ -159.19326, 67.62754 ], [ -159.18106, 67.62332 ], [ -159.16959, 67.62349 ], [ -159.15315, 67.61714 ], [ -159.12482, 67.6204 ], [ -159.10087, 67.62675 ], [ -159.07332, 67.62241 ], [ -159.03761, 67.63138 ], [ -159.02147, 67.61977 ], [ -159.02595, 67.59586 ], [ -159.04108, 67.58887 ], [ -159.03218, 67.56713 ], [ -158.99326, 67.57241 ], [ -158.98192, 67.57761 ], [ -158.95706, 67.58169 ], [ -158.96499, 67.59656 ], [ -158.952, 67.60111 ], [ -158.91582, 67.60416 ], [ -158.90607, 67.61148 ], [ -158.88668, 67.60999 ], [ -158.87211, 67.6162 ], [ -158.87708, 67.62522 ], [ -158.867, 67.6412 ], [ -158.88095, 67.65575 ], [ -158.8661, 67.66605 ], [ -158.88543, 67.67151 ], [ -158.88047, 67.67505 ], [ -158.79364, 67.67949 ], [ -158.77764, 67.67688 ], [ -158.75834, 67.67795 ], [ -158.74703, 67.67509 ], [ -158.73497, 67.67649 ], [ -158.70285, 67.67007 ], [ -158.70508, 67.66532 ], [ -158.68731, 67.66452 ], [ -158.68094, 67.66046 ], [ -158.6617, 67.65919 ], [ -158.63249, 67.65055 ], [ -158.63781, 67.63719 ], [ -158.62017, 67.62611 ], [ -158.62722, 67.60699 ], [ -158.60011, 67.58975 ], [ -158.57339, 67.5872 ], [ -158.55322, 67.59129 ], [ -158.51141, 67.57466 ], [ -158.53011, 67.55854 ], [ -158.51793, 67.55349 ], [ -158.52043, 67.54327 ], [ -158.50237, 67.53659 ], [ -158.49455, 67.529 ], [ -158.46269, 67.53053 ], [ -158.45282, 67.52695 ], [ -158.43399, 67.53203 ], [ -158.39006, 67.53039 ], [ -158.36245, 67.54458 ], [ -158.32906, 67.54098 ], [ -158.29957, 67.54371 ], [ -158.2962, 67.52992 ], [ -158.28561, 67.52427 ], [ -158.26468, 67.51983 ], [ -158.29687, 67.50721 ], [ -158.28686, 67.50114 ], [ -158.29378, 67.49296 ], [ -158.28549, 67.4891 ], [ -158.2572, 67.49966 ], [ -158.1931, 67.51019 ], [ -158.17862, 67.51819 ], [ -158.16089, 67.51785 ], [ -158.14274, 67.5245 ], [ -158.10145, 67.52396 ], [ -158.08212, 67.52793 ], [ -158.05192, 67.5404 ], [ -158.02269, 67.53215 ], [ -158.00096, 67.53664 ], [ -157.99121, 67.53319 ], [ -157.96932, 67.53263 ], [ -157.94582, 67.53577 ], [ -157.93133, 67.53198 ], [ -157.93297, 67.51577 ], [ -157.94445, 67.51196 ], [ -157.90597, 67.49719 ], [ -157.91049, 67.49057 ], [ -157.93406, 67.48588 ], [ -157.94055, 67.48109 ], [ -157.89107, 67.47179 ], [ -157.88175, 67.46164 ], [ -157.88382, 67.45562 ], [ -157.85718, 67.45412 ], [ -157.84469, 67.44981 ], [ -157.84427, 67.44104 ], [ -157.85778, 67.43248 ], [ -157.86026, 67.4237 ], [ -157.82979, 67.40671 ], [ -157.86372, 67.38626 ], [ -157.86671, 67.37758 ], [ -157.89262, 67.36301 ], [ -157.91811, 67.35507 ], [ -157.91602, 67.34086 ], [ -157.92858, 67.33644 ], [ -157.92811, 67.32362 ], [ -157.93445, 67.32008 ], [ -157.92756, 67.31352 ], [ -157.94123, 67.30255 ], [ -157.92719, 67.29023 ], [ -157.95086, 67.28189 ], [ -157.96524, 67.28138 ], [ -158.02099, 67.24442 ], [ -158.04224, 67.24105 ], [ -158.05569, 67.24314 ], [ -158.1024, 67.23033 ], [ -158.14373, 67.23742 ], [ -158.16219, 67.23672 ], [ -158.17172, 67.24006 ], [ -158.17172, 67.24622 ], [ -158.18785, 67.24995 ], [ -158.19314, 67.25569 ], [ -158.31563, 67.25569 ], [ -158.31562, 67.16911 ], [ -158.28791, 67.16911 ], [ -158.28769, 67.14025 ], [ -158.13925, 67.14025 ], [ -158.13916, 67.08253 ], [ -158.2132, 67.08253 ], [ -158.21279, 66.99594 ], [ -158.24809, 66.98789 ], [ -158.25656, 66.99126 ], [ -158.28645, 66.98151 ], [ -158.2864, 66.97429 ], [ -158.30414, 66.9743 ], [ -158.30407, 66.95626 ], [ -158.32189, 66.95626 ], [ -158.32189, 66.96708 ], [ -158.35107, 66.98097 ], [ -158.37398, 66.98675 ], [ -158.47789, 66.9961 ], [ -158.51546, 66.98484 ], [ -158.5448, 66.98438 ], [ -158.54064, 66.97977 ], [ -158.54594, 66.97631 ], [ -158.56506, 66.97486 ], [ -158.55949, 66.9583 ], [ -158.59485, 66.9565 ], [ -158.60767, 66.96442 ], [ -158.62578, 66.96914 ], [ -158.61547, 66.98301 ], [ -158.63507, 66.9815 ], [ -158.6492, 66.98651 ], [ -158.65279, 66.99392 ], [ -158.66736, 66.9967 ], [ -158.73687, 66.98486 ], [ -158.74839, 66.98886 ], [ -158.79065, 66.98503 ], [ -158.79364, 66.98008 ], [ -158.83526, 66.97303 ], [ -158.83521, 66.9709 ], [ -158.87721, 66.974 ], [ -158.87861, 66.9828 ], [ -158.93954, 66.9819 ], [ -158.9499, 66.97798 ], [ -158.96471, 66.98012 ], [ -158.96336, 66.96423 ], [ -158.99163, 66.94428 ], [ -159.00592, 66.943 ], [ -159.00845, 66.93615 ], [ -159.02717, 66.93095 ], [ -159.04851, 66.92885 ], [ -159.07609, 66.93814 ], [ -159.09199, 66.93669 ], [ -159.10182, 66.9394 ], [ -159.11295, 66.93543 ], [ -159.14231, 66.93358 ], [ -159.15208, 66.9358 ], [ -159.15401, 66.94059 ], [ -159.17326, 66.93875 ], [ -159.18179, 66.94079 ], [ -159.18106, 66.93513 ], [ -159.1968, 66.9248 ], [ -159.21507, 66.92979 ], [ -159.2192, 66.9525 ], [ -159.22928, 66.95485 ], [ -159.24684, 66.95015 ], [ -159.24464, 66.94485 ], [ -159.25287, 66.9419 ], [ -159.27365, 66.94674 ], [ -159.29118, 66.93492 ], [ -159.34161, 66.9366 ], [ -159.3467, 66.92631 ], [ -159.38733, 66.91841 ], [ -159.3912, 66.91462 ], [ -159.40062, 66.91523 ], [ -159.4146, 66.93208 ], [ -159.43076, 66.92605 ], [ -159.44406, 66.92846 ], [ -159.45037, 66.91855 ], [ -159.47832, 66.91182 ], [ -159.49522, 66.91456 ], [ -159.51066, 66.92784 ], [ -159.50259, 66.93054 ], [ -159.50933, 66.9431 ], [ -159.5048, 66.94683 ], [ -159.48993, 66.94614 ], [ -159.4799, 66.95079 ], [ -159.47745, 66.96142 ], [ -159.48953, 66.96296 ], [ -159.49183, 66.96759 ], [ -159.50243, 66.96622 ], [ -159.51152, 66.97218 ], [ -159.52183, 66.97358 ], [ -159.55085, 66.96644 ], [ -159.57251, 66.97102 ], [ -159.58795, 66.9662 ], [ -159.60629, 66.96874 ], [ -159.61322, 66.95874 ], [ -159.63707, 66.95907 ], [ -159.65002, 66.95587 ], [ -159.69902, 66.96283 ], [ -159.7152, 66.95933 ], [ -159.74952, 66.96284 ], [ -159.75711, 66.95883 ], [ -159.77629, 66.9569 ], [ -159.7967, 66.96937 ], [ -159.86026, 66.96156 ], [ -159.86029, 67.12578 ], [ -159.90879, 67.14853 ], [ -159.97366, 67.16037 ], [ -160.02291, 67.15244 ], [ -160.04292, 67.15234 ], [ -160.07198, 67.15825 ], [ -160.09854, 67.1571 ], [ -160.10376, 67.16487 ], [ -160.13061, 67.17365 ], [ -160.14894, 67.16984 ], [ -160.16405, 67.17075 ], [ -160.16144, 67.17922 ], [ -160.18199, 67.18363 ], [ -160.18744, 67.19391 ], [ -160.18096, 67.20689 ], [ -160.18822, 67.2083 ], [ -160.19888, 67.22079 ], [ -160.23905, 67.24041 ], [ -160.21442, 67.25398 ], [ -160.24069, 67.26936 ], [ -160.24058, 67.27521 ], [ -160.25047, 67.28026 ], [ -160.24657, 67.28458 ], [ -160.23042, 67.28918 ], [ -160.22689, 67.29919 ], [ -160.21167, 67.30386 ], [ -160.20674, 67.3126 ], [ -160.17132, 67.3129 ], [ -160.16723, 67.31848 ], [ -160.17197, 67.33029 ], [ -160.18782, 67.3351 ], [ -160.20404, 67.34692 ], [ -160.19557, 67.35988 ], [ -160.2147, 67.36779 ], [ -160.2501, 67.37468 ], [ -160.2531, 67.38799 ], [ -160.28498, 67.39951 ], [ -160.22717, 67.4395 ], [ -160.23172, 67.44437 ], [ -160.26978, 67.44947 ], [ -160.27902, 67.46903 ], [ -160.2684, 67.47206 ], [ -160.26173, 67.48391 ], [ -160.23632, 67.48501 ], [ -160.18902, 67.49446 ], [ -160.16161, 67.49303 ], [ -160.155, 67.49693 ], [ -160.15654, 67.50157 ], [ -160.18511, 67.51453 ], [ -160.19336, 67.52571 ], [ -160.23655, 67.54784 ], [ -160.22605, 67.55571 ], [ -160.26133, 67.55804 ], [ -160.29643, 67.57336 ], [ -160.28675, 67.58239 ], [ -160.26438, 67.59001 ], [ -160.24217, 67.60556 ], [ -160.25548, 67.61072 ], [ -160.24897, 67.61458 ], [ -160.24973, 67.62327 ], [ -160.23884, 67.62696 ], [ -160.24183, 67.63769 ], [ -160.25542, 67.64463 ], [ -160.27615, 67.6452 ], [ -160.2848, 67.64975 ], [ -160.26984, 67.66187 ], [ -160.27526, 67.67388 ], [ -160.24955, 67.67827 ], [ -160.23323, 67.68726 ], [ -160.24607, 67.70224 ], [ -160.22852, 67.71323 ], [ -160.19901, 67.7229 ], [ -160.18191, 67.73662 ], [ -160.13039, 67.7457 ], [ -160.09585, 67.74322 ], [ -160.08054, 67.74792 ], [ -160.05097, 67.74946 ], [ -160.04472, 67.75374 ], [ -160.02921, 67.75425 ], [ -160.01715, 67.76368 ], [ -160.02035, 67.76961 ], [ -160.00105, 67.77729 ], [ -159.99497, 67.79001 ], [ -159.98048, 67.79398 ], [ -159.97119, 67.80373 ], [ -159.94241, 67.80578 ], [ -159.95474, 67.81439 ], [ -159.95896, 67.82525 ], [ -159.95345, 67.82981 ], [ -159.93771, 67.83267 ], [ -159.92069, 67.85083 ], [ -159.89931, 67.85455 ], [ -159.88046, 67.85072 ], [ -159.86316, 67.8509 ], [ -159.80656, 67.86654 ], [ -159.77896, 67.86692 ], [ -159.76118, 67.87089 ] ] ] } },
{ "type": "Feature", "properties": { "nationalParkName": "Lake Clark National Park", "name": "Lake Clark National Park", "unitCode": "LACL", "unitType": "National Parks", "state": "AK", "parkName": "Lake Clark", "source": "National Park Service Land Resources Division", "sourceLayerUrl": "https://services1.arcgis.com/fBc8EJBxQRMcHlei/ArcGIS/rest/services/NPS_Land_Resources_Division_Boundary_and_Tract_Data_Service/FeatureServer/2" }, "geometry": { "type": "MultiPolygon", "coordinates": [ [ [ [ -152.94734, 61.51284 ], [ -152.94734, 61.16623 ], [ -152.90847, 61.16623 ], [ -152.90851, 60.90627 ], [ -152.1987, 60.90631 ], [ -152.19871, 60.86298 ], [ -152.37615, 60.86297 ], [ -152.37616, 60.81964 ], [ -152.69505, 60.81963 ], [ -152.69506, 60.7763 ], [ -152.43255, 60.77631 ], [ -152.43198, 60.55966 ], [ -152.51953, 60.55966 ], [ -152.51537, 60.33578 ], [ -152.48623, 60.33578 ], [ -152.48623, 60.31412 ], [ -152.45811, 60.31412 ], [ -152.45804, 60.29967 ], [ -152.39844, 60.29967 ], [ -152.40737, 60.29232 ], [ -152.42081, 60.28618 ], [ -152.47294, 60.28261 ], [ -152.45322, 60.28375 ], [ -152.48617, 60.27452 ], [ -152.52278, 60.25772 ], [ -152.53919, 60.24586 ], [ -152.55692, 60.22223 ], [ -152.62499, 60.21936 ], [ -152.63055, 60.22093 ], [ -152.61025, 60.22298 ], [ -152.64189, 60.2249 ], [ -152.64631, 60.2339 ], [ -152.66605, 60.24338 ], [ -152.67989, 60.24227 ], [ -152.67579, 60.23517 ], [ -152.68235, 60.23284 ], [ -152.70084, 60.23935 ], [ -152.71221, 60.23308 ], [ -152.71054, 60.23696 ], [ -152.71426, 60.23969 ], [ -152.72084, 60.24062 ], [ -152.73643, 60.23215 ], [ -152.73821, 60.23189 ], [ -152.73929, 60.23457 ], [ -152.74089, 60.23431 ], [ -152.73539, 60.22733 ], [ -152.7398, 60.22364 ], [ -152.75205, 60.22614 ], [ -152.75743, 60.23219 ], [ -152.77276, 60.22598 ], [ -152.78715, 60.2264 ], [ -152.8369, 60.23524 ], [ -152.84219, 60.24338 ], [ -152.84274, 60.23673 ], [ -152.85036, 60.23644 ], [ -152.86573, 60.24468 ], [ -152.85494, 60.25336 ], [ -152.79965, 60.25139 ], [ -152.78917, 60.24636 ], [ -152.79402, 60.24937 ], [ -152.78901, 60.2505 ], [ -152.79488, 60.24956 ], [ -152.79808, 60.2538 ], [ -152.80159, 60.25155 ], [ -152.80334, 60.25549 ], [ -152.80188, 60.25158 ], [ -152.84859, 60.25451 ], [ -152.84929, 60.25699 ], [ -152.84896, 60.25449 ], [ -152.85783, 60.25366 ], [ -152.85704, 60.25694 ], [ -152.85294, 60.25808 ], [ -152.85752, 60.25672 ], [ -152.85855, 60.25376 ], [ -152.856, 60.25348 ], [ -152.86737, 60.24858 ], [ -152.86769, 60.24477 ], [ -152.87825, 60.24596 ], [ -152.89035, 60.25716 ], [ -152.89266, 60.28352 ], [ -152.9128, 60.29617 ], [ -152.93946, 60.30074 ], [ -152.90244, 60.27658 ], [ -152.90207, 60.27012 ], [ -152.9104, 60.27117 ], [ -152.90191, 60.2695 ], [ -152.90912, 60.26788 ], [ -152.90302, 60.26754 ], [ -152.90712, 60.25579 ], [ -152.92935, 60.25262 ], [ -152.90728, 60.25539 ], [ -152.90419, 60.25074 ], [ -152.91484, 60.24651 ], [ -152.91674, 60.24515 ], [ -152.91593, 60.24345 ], [ -152.91799, 60.24312 ], [ -152.91566, 60.2434 ], [ -152.9157, 60.24587 ], [ -152.90371, 60.25029 ], [ -152.90447, 60.24579 ], [ -152.8939, 60.24424 ], [ -152.90837, 60.24192 ], [ -152.89157, 60.24355 ], [ -152.90036, 60.23883 ], [ -152.88757, 60.24289 ], [ -152.87319, 60.23329 ], [ -152.8897, 60.23588 ], [ -152.87995, 60.23313 ], [ -152.89042, 60.23153 ], [ -152.8694, 60.23096 ], [ -152.89271, 60.22809 ], [ -152.86775, 60.23039 ], [ -152.86573, 60.22927 ], [ -152.86805, 60.22705 ], [ -152.88018, 60.22353 ], [ -152.88453, 60.22454 ], [ -152.88297, 60.2232 ], [ -152.86968, 60.22604 ], [ -152.86514, 60.22916 ], [ -152.8688, 60.22453 ], [ -152.86232, 60.22824 ], [ -152.85485, 60.225 ], [ -152.8629, 60.22215 ], [ -152.8542, 60.22473 ], [ -152.84242, 60.22018 ], [ -152.8536, 60.216 ], [ -152.84218, 60.21971 ], [ -152.83728, 60.21772 ], [ -152.85121, 60.21448 ], [ -152.85031, 60.21296 ], [ -152.83788, 60.21722 ], [ -152.82411, 60.21262 ], [ -152.8282, 60.21131 ], [ -152.82836, 60.20859 ], [ -152.83293, 60.20728 ], [ -152.82747, 60.20834 ], [ -152.83049, 60.20751 ], [ -152.83073, 60.20564 ], [ -152.82683, 60.20771 ], [ -152.82773, 60.21115 ], [ -152.82352, 60.21239 ], [ -152.76408, 60.19485 ], [ -152.75893, 60.18956 ], [ -152.7439, 60.18916 ], [ -152.74798, 60.18576 ], [ -152.73326, 60.17336 ], [ -152.69832, 60.16468 ], [ -152.67824, 60.166 ], [ -152.68648, 60.1606 ], [ -152.67467, 60.14974 ], [ -152.68725, 60.14239 ], [ -152.68705, 60.13722 ], [ -152.66202, 60.12701 ], [ -152.6576, 60.12065 ], [ -152.59731, 60.10155 ], [ -152.57572, 60.08222 ], [ -152.57093, 60.07056 ], [ -152.57947, 60.0451 ], [ -152.6008, 60.02858 ], [ -152.59838, 60.00893 ], [ -152.6099, 60.00981 ], [ -152.62362, 60.00326 ], [ -152.67732, 59.96938 ], [ -152.69348, 59.92695 ], [ -152.70381, 59.91738 ], [ -152.72428, 59.90794 ], [ -152.79486, 59.89449 ], [ -152.8081, 59.88558 ], [ -152.80817, 59.8778 ], [ -152.82698, 59.87613 ], [ -152.83499, 59.87926 ], [ -152.8659, 59.87456 ], [ -152.8803, 59.8823 ], [ -152.89009, 59.88287 ], [ -152.94497, 59.87536 ], [ -152.96029, 59.8833 ], [ -153.01155, 59.88614 ], [ -153.13185, 59.86099 ], [ -153.14132, 59.86071 ], [ -153.11963, 59.86785 ], [ -153.13839, 59.86261 ], [ -153.16357, 59.86408 ], [ -153.19489, 59.85186 ], [ -153.28025, 59.85185 ], [ -153.29778, 59.85862 ], [ -153.30721, 59.85416 ], [ -153.31177, 59.85592 ], [ -153.34711, 59.87292 ], [ -153.343, 59.87613 ], [ -153.35015, 59.88242 ], [ -153.37229, 59.88399 ], [ -153.38769, 59.88106 ], [ -153.38423, 59.88417 ], [ -153.40216, 59.89455 ], [ -153.39895, 59.90217 ], [ -153.41458, 59.90714 ], [ -153.40795, 59.9163 ], [ -153.41782, 59.92367 ], [ -153.43271, 59.92316 ], [ -153.44301, 59.91493 ], [ -153.51769, 59.94731 ], [ -153.5232, 59.95563 ], [ -153.571, 59.942 ], [ -153.58595, 59.9444 ], [ -153.59217, 59.93544 ], [ -153.62448, 59.94222 ], [ -153.63131, 59.93805 ], [ -153.65022, 59.93939 ], [ -153.72119, 59.97547 ], [ -153.69867, 59.97478 ], [ -153.69206, 59.98124 ], [ -153.6721, 59.98689 ], [ -153.65918, 59.99796 ], [ -153.64449, 60.01732 ], [ -153.65247, 60.02261 ], [ -153.64835, 60.03831 ], [ -153.65845, 60.0447 ], [ -153.70324, 60.05004 ], [ -153.71519, 60.04692 ], [ -153.73886, 60.04907 ], [ -153.75388, 60.04669 ], [ -153.76461, 60.03926 ], [ -153.8052, 60.03729 ], [ -153.80972, 60.04677 ], [ -153.82711, 60.05049 ], [ -153.82422, 60.05663 ], [ -153.8342, 60.06467 ], [ -153.84324, 60.06483 ], [ -153.85728, 60.07621 ], [ -153.87373, 60.07756 ], [ -153.87898, 60.09183 ], [ -153.89309, 60.09633 ], [ -153.90241, 60.10536 ], [ -153.91113, 60.10601 ], [ -153.93561, 60.0983 ], [ -153.96015, 60.1138 ], [ -153.9838, 60.1124 ], [ -154.00769, 60.11629 ], [ -154.06925, 60.11097 ], [ -154.07952, 60.1149 ], [ -154.09503, 60.11275 ], [ -154.11789, 60.12143 ], [ -154.13509, 60.12016 ], [ -154.14925, 60.12752 ], [ -154.16596, 60.11654 ], [ -154.18206, 60.12105 ], [ -154.21178, 60.1156 ], [ -154.23069, 60.11987 ], [ -154.26305, 60.10909 ], [ -154.28679, 60.11621 ], [ -154.29654, 60.10855 ], [ -154.30806, 60.11534 ], [ -154.3235, 60.11799 ], [ -154.32475, 60.13155 ], [ -154.30109, 60.14241 ], [ -154.30181, 60.15166 ], [ -154.22513, 60.2005 ], [ -154.23441, 60.23148 ], [ -154.28868, 60.27417 ], [ -154.26726, 60.28072 ], [ -154.2315, 60.28359 ], [ -154.21903, 60.29147 ], [ -154.20388, 60.29152 ], [ -154.19221, 60.30399 ], [ -154.16333, 60.31595 ], [ -154.1585, 60.32377 ], [ -154.14338, 60.32497 ], [ -154.14579, 60.32872 ], [ -154.12951, 60.33175 ], [ -154.1405, 60.3329 ], [ -154.13469, 60.33843 ], [ -154.06902, 60.35181 ], [ -154.06269, 60.34475 ], [ -154.01888, 60.34895 ], [ -154.01673, 60.3524 ], [ -154.03442, 60.35716 ], [ -154.04306, 60.36451 ], [ -154.04496, 60.37959 ], [ -154.036, 60.38907 ], [ -154.02319, 60.39118 ], [ -153.97865, 60.41358 ], [ -153.9666, 60.41103 ], [ -153.94807, 60.41501 ], [ -153.94059, 60.42783 ], [ -153.91621, 60.428 ], [ -153.90871, 60.43149 ], [ -153.88283, 60.42647 ], [ -153.86201, 60.44251 ], [ -153.84851, 60.44644 ], [ -153.84474, 60.47942 ], [ -153.85758, 60.48495 ], [ -153.87691, 60.48542 ], [ -153.88803, 60.47808 ], [ -153.91104, 60.48397 ], [ -153.9234, 60.47448 ], [ -153.96993, 60.53655 ], [ -154.00775, 60.54215 ], [ -154.02082, 60.55177 ], [ -154.03471, 60.55425 ], [ -154.07055, 60.55339 ], [ -154.07508, 60.5476 ], [ -154.09309, 60.55435 ], [ -154.09952, 60.54884 ], [ -154.09954, 60.81955 ], [ -154.09157, 60.81955 ], [ -154.0916, 60.82678 ], [ -154.07126, 60.834 ], [ -153.82541, 60.834 ], [ -153.81665, 60.82969 ], [ -153.81908, 60.82018 ], [ -153.78785, 60.80345 ], [ -153.74002, 60.81112 ], [ -153.73815, 60.81683 ], [ -153.72881, 60.81518 ], [ -153.71933, 60.80794 ], [ -153.72614, 60.80313 ], [ -153.72215, 60.79735 ], [ -153.73231, 60.79289 ], [ -153.71961, 60.78971 ], [ -153.69391, 60.79065 ], [ -153.67723, 60.80142 ], [ -153.64196, 60.80501 ], [ -153.62566, 60.81833 ], [ -153.61112, 60.8091 ], [ -153.57907, 60.8166 ], [ -153.56179, 60.81079 ], [ -153.56219, 60.80551 ], [ -153.54842, 60.80318 ], [ -153.54059, 60.80599 ], [ -153.55701, 60.8243 ], [ -153.55129, 60.82776 ], [ -153.53484, 60.82379 ], [ -153.5097, 60.82463 ], [ -153.49687, 60.81737 ], [ -153.47188, 60.81992 ], [ -153.47243, 60.82832 ], [ -153.48689, 60.83914 ], [ -153.47611, 60.84846 ], [ -153.49229, 60.86948 ], [ -153.48051, 60.87831 ], [ -153.48544, 60.89916 ], [ -153.44971, 60.90563 ], [ -153.44901, 60.91196 ], [ -153.43572, 60.91375 ], [ -153.43382, 60.92656 ], [ -153.4464, 60.93239 ], [ -153.44167, 60.93552 ], [ -153.45373, 60.94262 ], [ -153.51933, 60.93604 ], [ -153.51116, 60.95559 ], [ -153.52968, 60.96574 ], [ -153.50305, 60.97549 ], [ -153.494, 60.98467 ], [ -153.44389, 60.99138 ], [ -153.42153, 61.01131 ], [ -153.43089, 61.02053 ], [ -153.44363, 61.02353 ], [ -153.44912, 61.03369 ], [ -153.43006, 61.04936 ], [ -153.4453, 61.05339 ], [ -153.45129, 61.05167 ], [ -153.45341, 61.05888 ], [ -153.46268, 61.06045 ], [ -153.45583, 61.07675 ], [ -153.46183, 61.08363 ], [ -153.45435, 61.09499 ], [ -153.46557, 61.10085 ], [ -153.46866, 61.11287 ], [ -153.45435, 61.13578 ], [ -153.42475, 61.12702 ], [ -153.39988, 61.13129 ], [ -153.38407, 61.1411 ], [ -153.36228, 61.14451 ], [ -153.35555, 61.16161 ], [ -153.33254, 61.1685 ], [ -153.3229, 61.17692 ], [ -153.32541, 61.18682 ], [ -153.31367, 61.18901 ], [ -153.31742, 61.19624 ], [ -153.34292, 61.21492 ], [ -153.35526, 61.21167 ], [ -153.36699, 61.21494 ], [ -153.35674, 61.23693 ], [ -153.36481, 61.23973 ], [ -153.36596, 61.24817 ], [ -153.34868, 61.27246 ], [ -153.32828, 61.27352 ], [ -153.31848, 61.28012 ], [ -153.32249, 61.28557 ], [ -153.30413, 61.29716 ], [ -153.26643, 61.30554 ], [ -153.25866, 61.31215 ], [ -153.27756, 61.32007 ], [ -153.29561, 61.33674 ], [ -153.36395, 61.3501 ], [ -153.36263, 61.36675 ], [ -153.38966, 61.36552 ], [ -153.39411, 61.37416 ], [ -153.40668, 61.37658 ], [ -153.41302, 61.3897 ], [ -153.38722, 61.39964 ], [ -153.3767, 61.42609 ], [ -153.42679, 61.42616 ], [ -153.42682, 61.43627 ], [ -153.39889, 61.44611 ], [ -153.3991, 61.45128 ], [ -153.42354, 61.45222 ], [ -153.42843, 61.45953 ], [ -153.42399, 61.46358 ], [ -153.45142, 61.46133 ], [ -153.45894, 61.46524 ], [ -153.46909, 61.46331 ], [ -153.47053, 61.45789 ], [ -153.4856, 61.45572 ], [ -153.48559, 61.51281 ], [ -152.94734, 61.51284 ] ] ], [ [ [ -152.72832, 60.22243 ], [ -152.72844, 60.22242 ], [ -152.72835, 60.22247 ], [ -152.72832, 60.22243 ] ] ], [ [ [ -152.71436, 60.22343 ], [ -152.71447, 60.22339 ], [ -152.71446, 60.22348 ], [ -152.71436, 60.22343 ] ] ], [ [ [ -152.71452, 60.22355 ], [ -152.71463, 60.22349 ], [ -152.71467, 60.22355 ], [ -152.71452, 60.22355 ] ] ], [ [ [ -152.72143, 60.22061 ], [ -152.72141, 60.22054 ], [ -152.72163, 60.22058 ], [ -152.72143, 60.22061 ] ] ], [ [ [ -152.7178, 60.22149 ], [ -152.71794, 60.22153 ], [ -152.7178, 60.22158 ], [ -152.7178, 60.22149 ] ] ], [ [ [ -152.72846, 60.22341 ], [ -152.72881, 60.22332 ], [ -152.72875, 60.22341 ], [ -152.72846, 60.22341 ] ] ], [ [ [ -152.71802, 60.22122 ], [ -152.71843, 60.2212 ], [ -152.7182, 60.22131 ], [ -152.71802, 60.22122 ] ] ], [ [ [ -152.71307, 60.22346 ], [ -152.71329, 60.2236 ], [ -152.71298, 60.22365 ], [ -152.71307, 60.22346 ] ] ], [ [ [ -152.72897, 60.2234 ], [ -152.72969, 60.22328 ], [ -152.72945, 60.22343 ], [ -152.72897, 60.2234 ] ] ], [ [ [ -152.7287, 60.22194 ], [ -152.72875, 60.22218 ], [ -152.72844, 60.22227 ], [ -152.7287, 60.22194 ] ] ], [ [ [ -152.87654, 60.24523 ], [ -152.87727, 60.24542 ], [ -152.87701, 60.24553 ], [ -152.87654, 60.24523 ] ] ], [ [ [ -152.73007, 60.22189 ], [ -152.73109, 60.22182 ], [ -152.72992, 60.22231 ], [ -152.73007, 60.22189 ] ] ], [ [ [ -152.70047, 60.22712 ], [ -152.70087, 60.22692 ], [ -152.70136, 60.22742 ], [ -152.70047, 60.22712 ] ] ], [ [ [ -152.71745, 60.22646 ], [ -152.71482, 60.22354 ], [ -152.72284, 60.22064 ], [ -152.72827, 60.22333 ], [ -152.71745, 60.22646 ] ] ] ] } },
{ "type": "Feature", "properties": { "nationalParkName": "Lassen Volcanic National Park", "name": "Lassen Volcanic National Park", "unitCode": "LAVO", "unitType": "National Parks", "state": "CA", "parkName": "Lassen Volcanic", "source": "National Park Service Land Resources Division", "sourceLayerUrl": "https://services1.arcgis.com/fBc8EJBxQRMcHlei/ArcGIS/rest/services/NPS_Land_Resources_Division_Boundary_and_Tract_Data_Service/FeatureServer/2" }, "geometry": { "type": "MultiPolygon", "coordinates": [ [ [ [ -121.37048, 40.58502 ], [ -121.28456, 40.58476 ], [ -121.28465, 40.57015 ], [ -121.27512, 40.57014 ], [ -121.27536, 40.54165 ], [ -121.24678, 40.54102 ], [ -121.25136, 40.42339 ], [ -121.32688, 40.42377 ], [ -121.34124, 40.4274 ], [ -121.34127, 40.43466 ], [ -121.35088, 40.43828 ], [ -121.3651, 40.42779 ], [ -121.36371, 40.40913 ], [ -121.43973, 40.4092 ], [ -121.43972, 40.4238 ], [ -121.47771, 40.42377 ], [ -121.47782, 40.41652 ], [ -121.48238, 40.42377 ], [ -121.57215, 40.42355 ], [ -121.57183, 40.48547 ], [ -121.55675, 40.48544 ], [ -121.55836, 40.51442 ], [ -121.57741, 40.51452 ], [ -121.57743, 40.55077 ], [ -121.55853, 40.55063 ], [ -121.55856, 40.55789 ], [ -121.5395, 40.55811 ], [ -121.53452, 40.57243 ], [ -121.5203, 40.57246 ], [ -121.5203, 40.56517 ], [ -121.50667, 40.56527 ], [ -121.49954, 40.55443 ], [ -121.48723, 40.55083 ], [ -121.48738, 40.54363 ], [ -121.46352, 40.54372 ], [ -121.46353, 40.55563 ], [ -121.44702, 40.55597 ], [ -121.44696, 40.5632 ], [ -121.37066, 40.56327 ], [ -121.37048, 40.58502 ] ] ], [ [ [ -121.60564, 40.35182 ], [ -121.60089, 40.34816 ], [ -121.61529, 40.34452 ], [ -121.62004, 40.35189 ], [ -121.60564, 40.35182 ] ] ] ] } },
{ "type": "Feature", "properties": { "nationalParkName": "Mammoth Cave National Park", "name": "Mammoth Cave National Park", "unitCode": "MACA", "unitType": "National Parks", "state": "KY", "parkName": "Mammoth Cave", "source": "National Park Service Land Resources Division", "sourceLayerUrl": "https://services1.arcgis.com/fBc8EJBxQRMcHlei/ArcGIS/rest/services/NPS_Land_Resources_Division_Boundary_and_Tract_Data_Service/FeatureServer/2" }, "geometry": { "type": "Polygon", "coordinates": [ [ [ -86.17425, 37.27715 ], [ -86.15308, 37.25987 ], [ -86.11633, 37.2518 ], [ -86.07854, 37.27051 ], [ -86.06901, 37.27123 ], [ -86.06338, 37.25897 ], [ -86.01491, 37.27245 ], [ -86.01433, 37.25735 ], [ -86.02053, 37.24756 ], [ -86.02774, 37.2497 ], [ -86.03109, 37.22269 ], [ -86.02351, 37.21431 ], [ -86.02801, 37.20329 ], [ -86.01181, 37.19661 ], [ -86.01441, 37.19075 ], [ -86.00133, 37.17428 ], [ -86.02602, 37.1315 ], [ -86.03835, 37.13596 ], [ -86.05464, 37.12703 ], [ -86.06491, 37.12873 ], [ -86.05651, 37.09768 ], [ -86.06825, 37.12537 ], [ -86.09762, 37.12588 ], [ -86.10935, 37.11777 ], [ -86.15395, 37.12197 ], [ -86.1701, 37.13275 ], [ -86.15951, 37.14677 ], [ -86.15857, 37.1604 ], [ -86.16601, 37.16568 ], [ -86.2161, 37.1758 ], [ -86.22598, 37.18819 ], [ -86.25606, 37.1903 ], [ -86.25304, 37.1985 ], [ -86.26693, 37.21145 ], [ -86.26371, 37.21738 ], [ -86.27203, 37.2196 ], [ -86.26563, 37.23722 ], [ -86.28018, 37.24327 ], [ -86.27736, 37.25136 ], [ -86.24883, 37.25256 ], [ -86.2583, 37.26768 ], [ -86.25614, 37.27595 ], [ -86.2248, 37.2669 ], [ -86.21459, 37.27364 ], [ -86.20419, 37.27039 ], [ -86.17425, 37.27715 ] ] ] } },
{ "type": "Feature", "properties": { "nationalParkName": "Mesa Verde National Park", "name": "Mesa Verde National Park", "unitCode": "MEVE", "unitType": "National Parks", "state": "CO", "parkName": "Mesa Verde", "source": "National Park Service Land Resources Division", "sourceLayerUrl": "https://services1.arcgis.com/fBc8EJBxQRMcHlei/ArcGIS/rest/services/NPS_Land_Resources_Division_Boundary_and_Tract_Data_Service/FeatureServer/2" }, "geometry": { "type": "Polygon", "coordinates": [ [ [ -108.42154, 37.35052 ], [ -108.39835, 37.33446 ], [ -108.39886, 37.29062 ], [ -108.38961, 37.2906 ], [ -108.38972, 37.2833 ], [ -108.37108, 37.28357 ], [ -108.37108, 37.2687 ], [ -108.35903, 37.26816 ], [ -108.35321, 37.23883 ], [ -108.33961, 37.216 ], [ -108.44559, 37.21616 ], [ -108.44563, 37.15643 ], [ -108.5449, 37.15654 ], [ -108.54492, 37.21567 ], [ -108.55474, 37.21566 ], [ -108.5546, 37.28292 ], [ -108.5091, 37.28321 ], [ -108.50897, 37.29057 ], [ -108.45405, 37.29051 ], [ -108.45392, 37.29786 ], [ -108.44479, 37.29772 ], [ -108.44454, 37.31235 ], [ -108.42617, 37.31268 ], [ -108.42154, 37.35052 ] ] ] } },
{ "type": "Feature", "properties": { "nationalParkName": "Mount Rainier National Park", "name": "Mount Rainier National Park", "unitCode": "MORA", "unitType": "National Parks", "state": "WA", "parkName": "Mount Rainier", "source": "National Park Service Land Resources Division", "sourceLayerUrl": "https://services1.arcgis.com/fBc8EJBxQRMcHlei/ArcGIS/rest/services/NPS_Land_Resources_Division_Boundary_and_Tract_Data_Service/FeatureServer/2" }, "geometry": { "type": "MultiPolygon", "coordinates": [ [ [ [ -121.9014, 47.00108 ], [ -121.84504, 46.99639 ], [ -121.53361, 46.9951 ], [ -121.53994, 46.97755 ], [ -121.51938, 46.97763 ], [ -121.5085, 46.96254 ], [ -121.50059, 46.94179 ], [ -121.50852, 46.92211 ], [ -121.49661, 46.90894 ], [ -121.52266, 46.87335 ], [ -121.49692, 46.86344 ], [ -121.48375, 46.83488 ], [ -121.47073, 46.82774 ], [ -121.47323, 46.81974 ], [ -121.45797, 46.81172 ], [ -121.44289, 46.79266 ], [ -121.45288, 46.78918 ], [ -121.45503, 46.78077 ], [ -121.44769, 46.77005 ], [ -121.46917, 46.76703 ], [ -121.48592, 46.75232 ], [ -121.50955, 46.74823 ], [ -121.5342, 46.72926 ], [ -121.5592, 46.71843 ], [ -121.59147, 46.71838 ], [ -121.59846, 46.70782 ], [ -121.60482, 46.71847 ], [ -121.6178, 46.71849 ], [ -121.62945, 46.73561 ], [ -121.82877, 46.73547 ], [ -121.83196, 46.72931 ], [ -121.8465, 46.72763 ], [ -121.9182, 46.73727 ], [ -121.91635, 46.99711 ], [ -121.9014, 47.00108 ] ] ], [ [ [ -122.0456, 47.10356 ], [ -122.04587, 47.10377 ], [ -122.04559, 47.10396 ], [ -122.0456, 47.10356 ] ] ], [ [ [ -122.04641, 47.10405 ], [ -122.04699, 47.1039 ], [ -122.04709, 47.1041 ], [ -122.04641, 47.10405 ] ] ], [ [ [ -122.04662, 47.10357 ], [ -122.04691, 47.10381 ], [ -122.04595, 47.10377 ], [ -122.04662, 47.10357 ] ] ], [ [ [ -122.11092, 46.75576 ], [ -122.10825, 46.75033 ], [ -122.12955, 46.75485 ], [ -122.12686, 46.75926 ], [ -122.11092, 46.75576 ] ] ], [ [ [ -121.97965, 46.99728 ], [ -121.94333, 46.99473 ], [ -121.93712, 46.98815 ], [ -121.97963, 46.9871 ], [ -121.97965, 46.99728 ] ] ] ] } },
{ "type": "Feature", "properties": { "nationalParkName": "National Park of American Samoa", "name": "National Park of American Samoa", "unitCode": "NPSA", "unitType": "National Parks", "state": "SA", "parkName": "National Park of American Samoa", "source": "National Park Service Land Resources Division", "sourceLayerUrl": "https://services1.arcgis.com/fBc8EJBxQRMcHlei/ArcGIS/rest/services/NPS_Land_Resources_Division_Boundary_and_Tract_Data_Service/FeatureServer/2" }, "geometry": { "type": "MultiPolygon", "coordinates": [ [ [ [ -169.45497, -14.22115 ], [ -169.41924, -14.22901 ], [ -169.42009, -14.2578 ], [ -169.46113, -14.25289 ], [ -169.48852, -14.27645 ], [ -169.4782, -14.25106 ], [ -169.48646, -14.24124 ], [ -169.48235, -14.23016 ], [ -169.45497, -14.22115 ] ] ], [ [ [ -169.63597, -14.16805 ], [ -169.6337, -14.1732 ], [ -169.66378, -14.18784 ], [ -169.64897, -14.17294 ], [ -169.63597, -14.16805 ] ] ], [ [ [ -170.66762, -14.24052 ], [ -170.67747, -14.24495 ], [ -170.6784, -14.25517 ], [ -170.66922, -14.25643 ], [ -170.66219, -14.24194 ], [ -170.65058, -14.24538 ], [ -170.65558, -14.25265 ], [ -170.6514, -14.26871 ], [ -170.66351, -14.26167 ], [ -170.70273, -14.26522 ], [ -170.7149, -14.27755 ], [ -170.71284, -14.28315 ], [ -170.72757, -14.28021 ], [ -170.71538, -14.2593 ], [ -170.6803, -14.24115 ], [ -170.6737, -14.22653 ], [ -170.6674, -14.22921 ], [ -170.66762, -14.24052 ] ] ] ] } },
{ "type": "Feature", "properties": { "nationalParkName": "New River Gorge National Park and Preserve", "name": "New River Gorge National Park and Preserve", "unitCode": "NERI", "unitType": "National Preserves", "state": "WV", "parkName": "New River Gorge", "source": "National Park Service Land Resources Division", "sourceLayerUrl": "https://services1.arcgis.com/fBc8EJBxQRMcHlei/ArcGIS/rest/services/NPS_Land_Resources_Division_Boundary_and_Tract_Data_Service/FeatureServer/2" }, "geometry": { "type": "MultiPolygon", "coordinates": [ [ [ [ -81.127, 38.11904 ], [ -81.09721, 38.10603 ], [ -81.09477, 38.09334 ], [ -81.07123, 38.07861 ], [ -81.07239, 38.06808 ], [ -81.03145, 38.05327 ], [ -81.02047, 38.03585 ], [ -81.01305, 38.03474 ], [ -81.00034, 38.00253 ], [ -80.98733, 38.00478 ], [ -80.96742, 37.99773 ], [ -80.95238, 38.00272 ], [ -80.95165, 38.00802 ], [ -80.94416, 38.00404 ], [ -80.94857, 38.0016 ], [ -80.93902, 37.98153 ], [ -80.96402, 37.96963 ], [ -80.96972, 37.97096 ], [ -80.95964, 37.98603 ], [ -81.00618, 37.99315 ], [ -80.99902, 37.9861 ], [ -81.01871, 37.98293 ], [ -81.0142, 37.96938 ], [ -80.99697, 37.95272 ], [ -81.01496, 37.95582 ], [ -81.02065, 37.94845 ], [ -81.01472, 37.93746 ], [ -81.02489, 37.94129 ], [ -81.01993, 37.93676 ], [ -81.02736, 37.93154 ], [ -81.02883, 37.94715 ], [ -81.03973, 37.94592 ], [ -81.03721, 37.95237 ], [ -81.04381, 37.9515 ], [ -81.04369, 37.95671 ], [ -81.0698, 37.95731 ], [ -81.05475, 37.95607 ], [ -81.03901, 37.9347 ], [ -81.04476, 37.924 ], [ -81.03986, 37.9208 ], [ -81.02235, 37.91829 ], [ -81.01002, 37.92777 ], [ -80.9963, 37.90208 ], [ -81.00451, 37.89947 ], [ -81.00805, 37.88884 ], [ -81.02393, 37.88849 ], [ -81.01202, 37.88735 ], [ -81.01197, 37.87775 ], [ -80.98928, 37.86114 ], [ -80.99447, 37.85594 ], [ -80.97882, 37.8714 ], [ -80.9778, 37.87095 ], [ -80.97989, 37.86863 ], [ -80.97932, 37.86598 ], [ -80.94775, 37.8788 ], [ -80.92832, 37.87399 ], [ -80.93152, 37.82555 ], [ -80.89247, 37.84405 ], [ -80.89293, 37.85175 ], [ -80.88561, 37.84524 ], [ -80.89136, 37.84 ], [ -80.86893, 37.84198 ], [ -80.85876, 37.85192 ], [ -80.85638, 37.84833 ], [ -80.86449, 37.83404 ], [ -80.89754, 37.82453 ], [ -80.89943, 37.8022 ], [ -80.90743, 37.80144 ], [ -80.90891, 37.79433 ], [ -80.88593, 37.78353 ], [ -80.89441, 37.77609 ], [ -80.88751, 37.7405 ], [ -80.89756, 37.73075 ], [ -80.87467, 37.68966 ], [ -80.88014, 37.67971 ], [ -80.8929, 37.67432 ], [ -80.89694, 37.68181 ], [ -80.8903, 37.68747 ], [ -80.93267, 37.71185 ], [ -80.93606, 37.72621 ], [ -80.92754, 37.73299 ], [ -80.93327, 37.7409 ], [ -80.94679, 37.74428 ], [ -80.94036, 37.77597 ], [ -80.95157, 37.79295 ], [ -80.94025, 37.80434 ], [ -80.96707, 37.80754 ], [ -80.96098, 37.81397 ], [ -80.96438, 37.82384 ], [ -80.99544, 37.82056 ], [ -80.99238, 37.81045 ], [ -81.00385, 37.79982 ], [ -81.00185, 37.76616 ], [ -81.0105, 37.76007 ], [ -81.03892, 37.75994 ], [ -81.05495, 37.77244 ], [ -81.05203, 37.7762 ], [ -81.04553, 37.77195 ], [ -81.04568, 37.77874 ], [ -81.03617, 37.78005 ], [ -81.03833, 37.79653 ], [ -81.02069, 37.81252 ], [ -81.01998, 37.82051 ], [ -81.04003, 37.82748 ], [ -81.04191, 37.81757 ], [ -81.04847, 37.82483 ], [ -81.06301, 37.81604 ], [ -81.06599, 37.8297 ], [ -81.07019, 37.82736 ], [ -81.08188, 37.84276 ], [ -81.12049, 37.84337 ], [ -81.10447, 37.84768 ], [ -81.10949, 37.85969 ], [ -81.10393, 37.8766 ], [ -81.08676, 37.87738 ], [ -81.08563, 37.89322 ], [ -81.06548, 37.90513 ], [ -81.06717, 37.93019 ], [ -81.08173, 37.9293 ], [ -81.09375, 37.9384 ], [ -81.10913, 37.92696 ], [ -81.12341, 37.92747 ], [ -81.0842, 37.95721 ], [ -81.11121, 37.96797 ], [ -81.1096, 37.97488 ], [ -81.08786, 37.96655 ], [ -81.07339, 37.97672 ], [ -81.07433, 37.97176 ], [ -81.06112, 37.96605 ], [ -81.03055, 37.96319 ], [ -81.03388, 37.98674 ], [ -81.02688, 38.00154 ], [ -81.03879, 37.99619 ], [ -81.03129, 38.01491 ], [ -81.04421, 38.02176 ], [ -81.04193, 38.04355 ], [ -81.05988, 38.02963 ], [ -81.07248, 38.03015 ], [ -81.07745, 38.03969 ], [ -81.07092, 38.03774 ], [ -81.06858, 38.04429 ], [ -81.07907, 38.04015 ], [ -81.09613, 38.05283 ], [ -81.08951, 38.06254 ], [ -81.10007, 38.06062 ], [ -81.1015, 38.06657 ], [ -81.0895, 38.08216 ], [ -81.10563, 38.08882 ], [ -81.10419, 38.10071 ], [ -81.12314, 38.11564 ], [ -81.13773, 38.10754 ], [ -81.127, 38.11904 ] ] ], [ [ [ -81.15627, 37.92814 ], [ -81.15472, 37.92587 ], [ -81.15642, 37.92728 ], [ -81.15627, 37.92814 ] ] ], [ [ [ -81.15494, 37.92877 ], [ -81.15547, 37.92795 ], [ -81.15627, 37.929 ], [ -81.15494, 37.92877 ] ] ], [ [ [ -81.15503, 37.92774 ], [ -81.15471, 37.9268 ], [ -81.1553, 37.92776 ], [ -81.15503, 37.92774 ] ] ], [ [ [ -81.15638, 37.92833 ], [ -81.15614, 37.92877 ], [ -81.15596, 37.9285 ], [ -81.15638, 37.92833 ] ] ], [ [ [ -81.15476, 37.92894 ], [ -81.15436, 37.92913 ], [ -81.15428, 37.92893 ], [ -81.15476, 37.92894 ] ] ], [ [ [ -81.15494, 37.92877 ], [ -81.15493, 37.92877 ], [ -81.15493, 37.92877 ], [ -81.15494, 37.92877 ] ] ] ] } },
{ "type": "Feature", "properties": { "nationalParkName": "North Cascades National Park", "name": "North Cascades National Park", "unitCode": "NOCA", "unitType": "National Parks", "state": "WA", "parkName": "North Cascades", "source": "National Park Service Land Resources Division", "sourceLayerUrl": "https://services1.arcgis.com/fBc8EJBxQRMcHlei/ArcGIS/rest/services/NPS_Land_Resources_Division_Boundary_and_Tract_Data_Service/FeatureServer/2" }, "geometry": { "type": "MultiPolygon", "coordinates": [ [ [ [ -121.52243, 48.99943 ], [ -121.11944, 49.00021 ], [ -121.13039, 48.98746 ], [ -121.10727, 48.93174 ], [ -121.12142, 48.90708 ], [ -121.05984, 48.84631 ], [ -121.09896, 48.8188 ], [ -121.12432, 48.81589 ], [ -121.16134, 48.82004 ], [ -121.17823, 48.80379 ], [ -121.13633, 48.7905 ], [ -121.06843, 48.75928 ], [ -121.07913, 48.74049 ], [ -121.09785, 48.73491 ], [ -121.16993, 48.72837 ], [ -121.22744, 48.70819 ], [ -121.25412, 48.68964 ], [ -121.32514, 48.67403 ], [ -121.37648, 48.63593 ], [ -121.38856, 48.64584 ], [ -121.40072, 48.67611 ], [ -121.46681, 48.65781 ], [ -121.46047, 48.61476 ], [ -121.4705, 48.61313 ], [ -121.48227, 48.62084 ], [ -121.48577, 48.63326 ], [ -121.51206, 48.62652 ], [ -121.54673, 48.6501 ], [ -121.56387, 48.65291 ], [ -121.5638, 48.6867 ], [ -121.54161, 48.70895 ], [ -121.54332, 48.77689 ], [ -121.55208, 48.78766 ], [ -121.63993, 48.78763 ], [ -121.6403, 48.8177 ], [ -121.62936, 48.8177 ], [ -121.62941, 48.86113 ], [ -121.5235, 48.86115 ], [ -121.52243, 48.99943 ] ] ], [ [ [ -121.04736, 48.61119 ], [ -121.0355, 48.61567 ], [ -121.03579, 48.64084 ], [ -121.01906, 48.64079 ], [ -121.01862, 48.66453 ], [ -120.99991, 48.68173 ], [ -120.94878, 48.67856 ], [ -120.92261, 48.66136 ], [ -120.91932, 48.64434 ], [ -120.9292, 48.62733 ], [ -120.88671, 48.61147 ], [ -120.87438, 48.59918 ], [ -120.86534, 48.60098 ], [ -120.85623, 48.57914 ], [ -120.82532, 48.56449 ], [ -120.82607, 48.54199 ], [ -120.80949, 48.52975 ], [ -120.81726, 48.51918 ], [ -120.78858, 48.50647 ], [ -120.77061, 48.50786 ], [ -120.74884, 48.4854 ], [ -120.65436, 48.48587 ], [ -120.65275, 48.4781 ], [ -120.6319, 48.46937 ], [ -120.6427, 48.46804 ], [ -120.65604, 48.45224 ], [ -120.69466, 48.45053 ], [ -120.71747, 48.43267 ], [ -120.75914, 48.43246 ], [ -120.75874, 48.42039 ], [ -120.78657, 48.40996 ], [ -120.80917, 48.40797 ], [ -120.84366, 48.39079 ], [ -120.83881, 48.379 ], [ -120.85473, 48.36956 ], [ -120.85619, 48.38322 ], [ -120.87468, 48.40749 ], [ -120.89598, 48.40141 ], [ -120.89791, 48.39138 ], [ -120.9055, 48.38762 ], [ -120.9246, 48.3924 ], [ -120.92685, 48.38768 ], [ -120.95673, 48.39193 ], [ -120.95714, 48.43236 ], [ -121.0349, 48.4311 ], [ -121.04128, 48.44586 ], [ -121.05538, 48.45001 ], [ -121.06332, 48.45995 ], [ -121.0881, 48.46244 ], [ -121.10777, 48.47423 ], [ -121.15482, 48.47474 ], [ -121.17027, 48.48879 ], [ -121.20518, 48.49548 ], [ -121.18967, 48.51528 ], [ -121.17061, 48.51796 ], [ -121.17832, 48.52598 ], [ -121.21859, 48.5348 ], [ -121.24652, 48.53018 ], [ -121.2624, 48.54102 ], [ -121.27374, 48.54145 ], [ -121.30855, 48.55805 ], [ -121.31532, 48.56545 ], [ -121.31798, 48.57869 ], [ -121.30513, 48.59542 ], [ -121.31472, 48.6041 ], [ -121.25199, 48.63869 ], [ -121.20128, 48.67641 ], [ -121.16574, 48.68657 ], [ -121.12508, 48.68296 ], [ -121.09443, 48.6667 ], [ -121.07552, 48.66464 ], [ -121.0583, 48.62948 ], [ -121.06742, 48.61644 ], [ -121.04736, 48.61119 ] ] ] ] } },
{ "type": "Feature", "properties": { "nationalParkName": "Olympic National Park", "name": "Olympic National Park", "unitCode": "OLYM", "unitType": "National Parks", "state": "WA", "parkName": "Olympic", "source": "National Park Service Land Resources Division", "sourceLayerUrl": "https://services1.arcgis.com/fBc8EJBxQRMcHlei/ArcGIS/rest/services/NPS_Land_Resources_Division_Boundary_and_Tract_Data_Service/FeatureServer/2" }, "geometry": { "type": "MultiPolygon", "coordinates": [ [ [ [ -123.8081, 48.09977 ], [ -123.74221, 48.09965 ], [ -123.73658, 48.07901 ], [ -123.7443, 48.07158 ], [ -123.74215, 48.05595 ], [ -123.67898, 48.04369 ], [ -123.65719, 48.04936 ], [ -123.58661, 48.04255 ], [ -123.56257, 48.05158 ], [ -123.54206, 48.0425 ], [ -123.43079, 48.04001 ], [ -123.42189, 48.04356 ], [ -123.42224, 48.05067 ], [ -123.42293, 48.05996 ], [ -123.43618, 48.06875 ], [ -123.42981, 48.09811 ], [ -123.43494, 48.10167 ], [ -123.42557, 48.10184 ], [ -123.43172, 48.08697 ], [ -123.42568, 48.07238 ], [ -123.43125, 48.06863 ], [ -123.41925, 48.06065 ], [ -123.41842, 48.04353 ], [ -123.38289, 48.04345 ], [ -123.3831, 48.02922 ], [ -123.37248, 48.02916 ], [ -123.36712, 48.01465 ], [ -123.3456, 48.01461 ], [ -123.34018, 47.99996 ], [ -123.25419, 47.99995 ], [ -123.25433, 47.97043 ], [ -123.23062, 47.97042 ], [ -123.2271, 47.92479 ], [ -123.21026, 47.92479 ], [ -123.20272, 47.91032 ], [ -123.16719, 47.91032 ], [ -123.16717, 47.88611 ], [ -123.15759, 47.86724 ], [ -123.19723, 47.84309 ], [ -123.20651, 47.79573 ], [ -123.12046, 47.79573 ], [ -123.12049, 47.75178 ], [ -123.13449, 47.75179 ], [ -123.13835, 47.69119 ], [ -123.13049, 47.69285 ], [ -123.12803, 47.67204 ], [ -123.14064, 47.65372 ], [ -123.20638, 47.60744 ], [ -123.25606, 47.60746 ], [ -123.27345, 47.59092 ], [ -123.28803, 47.59331 ], [ -123.31351, 47.58637 ], [ -123.31347, 47.5491 ], [ -123.29323, 47.53795 ], [ -123.30204, 47.52979 ], [ -123.29695, 47.52058 ], [ -123.30957, 47.50958 ], [ -123.31497, 47.51075 ], [ -123.31497, 47.50586 ], [ -123.32286, 47.50921 ], [ -123.34178, 47.50644 ], [ -123.34185, 47.52021 ], [ -123.56143, 47.51772 ], [ -123.58713, 47.51007 ], [ -123.59507, 47.49619 ], [ -123.61759, 47.48531 ], [ -123.64126, 47.50045 ], [ -123.69672, 47.49475 ], [ -123.69625, 47.53131 ], [ -123.74175, 47.53634 ], [ -123.75934, 47.52917 ], [ -123.77529, 47.52947 ], [ -123.77895, 47.51731 ], [ -123.80479, 47.49867 ], [ -123.82741, 47.49877 ], [ -123.84249, 47.49339 ], [ -123.84913, 47.49795 ], [ -123.91253, 47.46971 ], [ -123.92468, 47.47247 ], [ -123.9242, 47.51042 ], [ -123.87647, 47.51056 ], [ -123.87081, 47.51803 ], [ -123.81858, 47.5177 ], [ -123.81824, 47.56128 ], [ -123.80852, 47.5613 ], [ -123.79988, 47.56915 ], [ -123.80423, 47.57597 ], [ -123.79724, 47.58521 ], [ -123.7972, 47.60908 ], [ -123.83165, 47.61806 ], [ -123.86068, 47.61659 ], [ -123.87346, 47.62143 ], [ -123.95007, 47.61786 ], [ -123.96786, 47.62371 ], [ -123.98503, 47.61738 ], [ -124.00579, 47.62153 ], [ -124.014, 47.60487 ], [ -124.06292, 47.59892 ], [ -124.06825, 47.59167 ], [ -124.08962, 47.5916 ], [ -124.09484, 47.5699 ], [ -124.15383, 47.56618 ], [ -124.15383, 47.56264 ], [ -124.16423, 47.56255 ], [ -124.16425, 47.55531 ], [ -124.20132, 47.54803 ], [ -124.20134, 47.54436 ], [ -124.21739, 47.54439 ], [ -124.21736, 47.5408 ], [ -124.2761, 47.55336 ], [ -124.27625, 47.55884 ], [ -124.24693, 47.55872 ], [ -124.2442, 47.56241 ], [ -124.1907, 47.55891 ], [ -124.16953, 47.57694 ], [ -124.14856, 47.58065 ], [ -124.1485, 47.58425 ], [ -124.12171, 47.58434 ], [ -124.12175, 47.5988 ], [ -124.06846, 47.61334 ], [ -124.06848, 47.61694 ], [ -124.03937, 47.62049 ], [ -124.02333, 47.63497 ], [ -124.0127, 47.63496 ], [ -124.01271, 47.65699 ], [ -123.99818, 47.65878 ], [ -123.98001, 47.66901 ], [ -123.96143, 47.66993 ], [ -123.94052, 47.6919 ], [ -123.92834, 47.69386 ], [ -123.90129, 47.71041 ], [ -123.89847, 47.7313 ], [ -123.91702, 47.74939 ], [ -123.93558, 47.75305 ], [ -123.94225, 47.7502 ], [ -123.94863, 47.75735 ], [ -123.94694, 47.80916 ], [ -123.96858, 47.80908 ], [ -123.96859, 47.81634 ], [ -124.03284, 47.81655 ], [ -124.0328, 47.83834 ], [ -124.07551, 47.83832 ], [ -124.07545, 47.8448 ], [ -124.16149, 47.84453 ], [ -124.16149, 47.8519 ], [ -124.21435, 47.85196 ], [ -124.21391, 47.85909 ], [ -124.2476, 47.8599 ], [ -124.24747, 47.95284 ], [ -124.19902, 47.94516 ], [ -124.19216, 47.93869 ], [ -124.16136, 47.93491 ], [ -124.15559, 47.92918 ], [ -124.10392, 47.93954 ], [ -124.08733, 47.93154 ], [ -124.06225, 47.94129 ], [ -124.01821, 47.9416 ], [ -123.98994, 47.95103 ], [ -123.97307, 47.94594 ], [ -123.95753, 47.95336 ], [ -123.94491, 47.95006 ], [ -123.94487, 47.95799 ], [ -123.93497, 47.96196 ], [ -123.92395, 47.98164 ], [ -123.92444, 48.02368 ], [ -123.96336, 48.04697 ], [ -123.97978, 48.04587 ], [ -123.99296, 48.05117 ], [ -124.00003, 48.06738 ], [ -123.95542, 48.07566 ], [ -123.9461, 48.0721 ], [ -123.94358, 48.0917 ], [ -123.93222, 48.08621 ], [ -123.8084, 48.07462 ], [ -123.8081, 48.09977 ] ] ], [ [ [ -124.38023, 47.60227 ], [ -124.38031, 47.60231 ], [ -124.38022, 47.60231 ], [ -124.38023, 47.60227 ] ] ], [ [ [ -124.38055, 47.60272 ], [ -124.38064, 47.60275 ], [ -124.38055, 47.60276 ], [ -124.38055, 47.60272 ] ] ], [ [ [ -124.3802, 47.60253 ], [ -124.38029, 47.60256 ], [ -124.3802, 47.60257 ], [ -124.3802, 47.60253 ] ] ], [ [ [ -124.71063, 48.24212 ], [ -124.7107, 48.24215 ], [ -124.71058, 48.24218 ], [ -124.71063, 48.24212 ] ] ], [ [ [ -124.47926, 47.78081 ], [ -124.47936, 47.78083 ], [ -124.47929, 47.78089 ], [ -124.47926, 47.78081 ] ] ], [ [ [ -124.55645, 47.82243 ], [ -124.55659, 47.82248 ], [ -124.55647, 47.82251 ], [ -124.55645, 47.82243 ] ] ], [ [ [ -124.56138, 47.83626 ], [ -124.56138, 47.83617 ], [ -124.56151, 47.83624 ], [ -124.56138, 47.83626 ] ] ], [ [ [ -124.71142, 48.24309 ], [ -124.71153, 48.24309 ], [ -124.71138, 48.24316 ], [ -124.71142, 48.24309 ] ] ], [ [ [ -124.45174, 47.74669 ], [ -124.45183, 47.74679 ], [ -124.45175, 47.74679 ], [ -124.45174, 47.74669 ] ] ], [ [ [ -124.47979, 47.78096 ], [ -124.47994, 47.78097 ], [ -124.47984, 47.78104 ], [ -124.47979, 47.78096 ] ] ], [ [ [ -124.60633, 47.8714 ], [ -124.60642, 47.87147 ], [ -124.60627, 47.87147 ], [ -124.60633, 47.8714 ] ] ], [ [ [ -124.55666, 47.82262 ], [ -124.55682, 47.82261 ], [ -124.55672, 47.8227 ], [ -124.55666, 47.82262 ] ] ], [ [ [ -124.49554, 47.77982 ], [ -124.49568, 47.77988 ], [ -124.49549, 47.77989 ], [ -124.49554, 47.77982 ] ] ], [ [ [ -124.67594, 48.32924 ], [ -124.67608, 48.32933 ], [ -124.67596, 48.32934 ], [ -124.67594, 48.32924 ] ] ], [ [ [ -124.47916, 47.76624 ], [ -124.47929, 47.76633 ], [ -124.47915, 47.76632 ], [ -124.47916, 47.76624 ] ] ], [ [ [ -124.7298, 48.3827 ], [ -124.72988, 48.38268 ], [ -124.72993, 48.38289 ], [ -124.7298, 48.3827 ] ] ], [ [ [ -124.56436, 47.86653 ], [ -124.56453, 47.8665 ], [ -124.56457, 47.86659 ], [ -124.56436, 47.86653 ] ] ], [ [ [ -124.56157, 47.83634 ], [ -124.56173, 47.83642 ], [ -124.56154, 47.83642 ], [ -124.56157, 47.83634 ] ] ], [ [ [ -124.69292, 47.99978 ], [ -124.6931, 47.99982 ], [ -124.69292, 47.99988 ], [ -124.69292, 47.99978 ] ] ], [ [ [ -124.54915, 47.81889 ], [ -124.54916, 47.81877 ], [ -124.54932, 47.81878 ], [ -124.54915, 47.81889 ] ] ], [ [ [ -124.56484, 47.86628 ], [ -124.56502, 47.86626 ], [ -124.56505, 47.86634 ], [ -124.56484, 47.86628 ] ] ], [ [ [ -124.55605, 47.84472 ], [ -124.55606, 47.84463 ], [ -124.55626, 47.84471 ], [ -124.55605, 47.84472 ] ] ], [ [ [ -124.74609, 48.15292 ], [ -124.74628, 48.153 ], [ -124.74615, 48.15303 ], [ -124.74609, 48.15292 ] ] ], [ [ [ -124.6829, 48.27859 ], [ -124.68302, 48.2787 ], [ -124.68287, 48.2787 ], [ -124.6829, 48.27859 ] ] ], [ [ [ -124.51004, 47.81939 ], [ -124.51019, 47.81947 ], [ -124.51004, 47.81951 ], [ -124.51004, 47.81939 ] ] ], [ [ [ -124.48556, 47.79705 ], [ -124.48571, 47.79702 ], [ -124.48577, 47.79714 ], [ -124.48556, 47.79705 ] ] ], [ [ [ -124.50781, 47.81941 ], [ -124.50799, 47.81939 ], [ -124.50792, 47.81951 ], [ -124.50781, 47.81941 ] ] ], [ [ [ -124.6843, 48.27858 ], [ -124.68442, 48.27867 ], [ -124.6842, 48.27869 ], [ -124.6843, 48.27858 ] ] ], [ [ [ -124.71445, 48.2434 ], [ -124.71461, 48.24335 ], [ -124.71469, 48.24344 ], [ -124.71445, 48.2434 ] ] ], [ [ [ -124.69871, 48.22394 ], [ -124.69889, 48.22397 ], [ -124.69869, 48.22404 ], [ -124.69871, 48.22394 ] ] ], [ [ [ -124.7668, 48.17735 ], [ -124.76698, 48.17744 ], [ -124.76681, 48.17746 ], [ -124.7668, 48.17735 ] ] ], [ [ [ -124.73243, 48.12621 ], [ -124.73262, 48.12629 ], [ -124.73248, 48.12635 ], [ -124.73243, 48.12621 ] ] ], [ [ [ -124.54581, 47.83806 ], [ -124.5459, 47.83804 ], [ -124.54588, 47.83823 ], [ -124.54581, 47.83806 ] ] ], [ [ [ -124.47646, 47.76522 ], [ -124.47664, 47.76528 ], [ -124.47646, 47.76535 ], [ -124.47646, 47.76522 ] ] ], [ [ [ -124.7467, 48.15379 ], [ -124.74685, 48.15393 ], [ -124.74666, 48.15391 ], [ -124.7467, 48.15379 ] ] ], [ [ [ -124.74441, 48.15367 ], [ -124.74472, 48.15367 ], [ -124.74459, 48.15374 ], [ -124.74441, 48.15367 ] ] ], [ [ [ -124.68306, 48.27801 ], [ -124.68337, 48.27797 ], [ -124.68314, 48.27809 ], [ -124.68306, 48.27801 ] ] ], [ [ [ -124.67479, 47.95667 ], [ -124.67493, 47.95683 ], [ -124.67472, 47.95678 ], [ -124.67479, 47.95667 ] ] ], [ [ [ -124.57735, 47.87053 ], [ -124.57746, 47.8705 ], [ -124.57746, 47.87071 ], [ -124.57735, 47.87053 ] ] ], [ [ [ -124.72864, 48.37337 ], [ -124.72868, 48.37327 ], [ -124.72887, 48.37327 ], [ -124.72864, 48.37337 ] ] ], [ [ [ -124.70533, 48.23249 ], [ -124.70553, 48.23259 ], [ -124.70537, 48.23261 ], [ -124.70533, 48.23249 ] ] ], [ [ [ -124.49779, 47.78427 ], [ -124.498, 47.78429 ], [ -124.49792, 47.78441 ], [ -124.49779, 47.78427 ] ] ], [ [ [ -124.3812, 47.60242 ], [ -124.38151, 47.60244 ], [ -124.38119, 47.60251 ], [ -124.3812, 47.60242 ] ] ], [ [ [ -124.56398, 47.85012 ], [ -124.56392, 47.85036 ], [ -124.56381, 47.85034 ], [ -124.56398, 47.85012 ] ] ], [ [ [ -124.63973, 47.88531 ], [ -124.63986, 47.88546 ], [ -124.6397, 47.88543 ], [ -124.63973, 47.88531 ] ] ], [ [ [ -124.47794, 47.77931 ], [ -124.47812, 47.77936 ], [ -124.47791, 47.77944 ], [ -124.47794, 47.77931 ] ] ], [ [ [ -124.50311, 47.82198 ], [ -124.50328, 47.82196 ], [ -124.50331, 47.82211 ], [ -124.50311, 47.82198 ] ] ], [ [ [ -124.38054, 47.60258 ], [ -124.3809, 47.60256 ], [ -124.38077, 47.60263 ], [ -124.38054, 47.60258 ] ] ], [ [ [ -124.53717, 47.83328 ], [ -124.53735, 47.83335 ], [ -124.53714, 47.83342 ], [ -124.53717, 47.83328 ] ] ], [ [ [ -124.54516, 47.83831 ], [ -124.54532, 47.83848 ], [ -124.54512, 47.83843 ], [ -124.54516, 47.83831 ] ] ], [ [ [ -124.64229, 47.88605 ], [ -124.64252, 47.88607 ], [ -124.6422, 47.88616 ], [ -124.64229, 47.88605 ] ] ], [ [ [ -124.70309, 48.2332 ], [ -124.7033, 48.23324 ], [ -124.7031, 48.23332 ], [ -124.70309, 48.2332 ] ] ], [ [ [ -124.54469, 47.83675 ], [ -124.54491, 47.83686 ], [ -124.54474, 47.83689 ], [ -124.54469, 47.83675 ] ] ], [ [ [ -124.47678, 47.76542 ], [ -124.47695, 47.76552 ], [ -124.47671, 47.76556 ], [ -124.47678, 47.76542 ] ] ], [ [ [ -124.56205, 47.85034 ], [ -124.56211, 47.85025 ], [ -124.56234, 47.85031 ], [ -124.56205, 47.85034 ] ] ], [ [ [ -124.38063, 47.6021 ], [ -124.38092, 47.60217 ], [ -124.3807, 47.60222 ], [ -124.38063, 47.6021 ] ] ], [ [ [ -124.53981, 47.83119 ], [ -124.54004, 47.83115 ], [ -124.5399, 47.83132 ], [ -124.53981, 47.83119 ] ] ], [ [ [ -124.68412, 48.28401 ], [ -124.68436, 48.28394 ], [ -124.68452, 48.28402 ], [ -124.68412, 48.28401 ] ] ], [ [ [ -124.68203, 47.96766 ], [ -124.68228, 47.96771 ], [ -124.68213, 47.9678 ], [ -124.68203, 47.96766 ] ] ], [ [ [ -124.69211, 47.99647 ], [ -124.69236, 47.99652 ], [ -124.6922, 47.9966 ], [ -124.69211, 47.99647 ] ] ], [ [ [ -124.56107, 47.84317 ], [ -124.56138, 47.84313 ], [ -124.56125, 47.84326 ], [ -124.56107, 47.84317 ] ] ], [ [ [ -124.53943, 47.83246 ], [ -124.53962, 47.83244 ], [ -124.53959, 47.8326 ], [ -124.53943, 47.83246 ] ] ], [ [ [ -124.64173, 47.88609 ], [ -124.64202, 47.88603 ], [ -124.64193, 47.88617 ], [ -124.64173, 47.88609 ] ] ], [ [ [ -124.75795, 48.17571 ], [ -124.75812, 48.17585 ], [ -124.7579, 48.17587 ], [ -124.75795, 48.17571 ] ] ], [ [ [ -124.60614, 47.87075 ], [ -124.60631, 47.87088 ], [ -124.60612, 47.87093 ], [ -124.60614, 47.87075 ] ] ], [ [ [ -124.54615, 47.83848 ], [ -124.54634, 47.83862 ], [ -124.54608, 47.83862 ], [ -124.54615, 47.83848 ] ] ], [ [ [ -124.63193, 47.87909 ], [ -124.63222, 47.87924 ], [ -124.63197, 47.87922 ], [ -124.63193, 47.87909 ] ] ], [ [ [ -124.73262, 48.37132 ], [ -124.73287, 48.37137 ], [ -124.73274, 48.37148 ], [ -124.73262, 48.37132 ] ] ], [ [ [ -124.68189, 47.96828 ], [ -124.68219, 47.96838 ], [ -124.68191, 47.96841 ], [ -124.68189, 47.96828 ] ] ], [ [ [ -124.6857, 48.28106 ], [ -124.686, 48.28114 ], [ -124.68582, 48.28119 ], [ -124.6857, 48.28106 ] ] ], [ [ [ -124.5761, 47.86664 ], [ -124.57619, 47.86681 ], [ -124.57595, 47.86697 ], [ -124.5761, 47.86664 ] ] ], [ [ [ -124.48237, 47.78891 ], [ -124.48263, 47.78891 ], [ -124.48245, 47.78902 ], [ -124.48237, 47.78891 ] ] ], [ [ [ -124.74264, 48.18252 ], [ -124.74294, 48.18255 ], [ -124.74281, 48.18265 ], [ -124.74264, 48.18252 ] ] ], [ [ [ -124.72805, 48.18936 ], [ -124.72835, 48.18938 ], [ -124.72822, 48.18949 ], [ -124.72805, 48.18936 ] ] ], [ [ [ -124.50046, 47.78445 ], [ -124.50047, 47.78463 ], [ -124.50025, 47.78456 ], [ -124.50046, 47.78445 ] ] ], [ [ [ -124.52132, 47.80948 ], [ -124.5215, 47.80962 ], [ -124.52125, 47.80964 ], [ -124.52132, 47.80948 ] ] ], [ [ [ -124.73167, 48.37826 ], [ -124.73188, 48.37829 ], [ -124.73186, 48.37851 ], [ -124.73167, 48.37826 ] ] ], [ [ [ -124.68246, 47.99107 ], [ -124.68281, 47.99108 ], [ -124.68292, 47.9912 ], [ -124.68246, 47.99107 ] ] ], [ [ [ -124.68249, 47.96749 ], [ -124.68274, 47.96751 ], [ -124.68253, 47.96765 ], [ -124.68249, 47.96749 ] ] ], [ [ [ -124.68091, 48.00487 ], [ -124.68113, 48.00484 ], [ -124.68119, 48.00499 ], [ -124.68091, 48.00487 ] ] ], [ [ [ -124.69888, 48.06686 ], [ -124.69911, 48.06692 ], [ -124.69882, 48.06702 ], [ -124.69888, 48.06686 ] ] ], [ [ [ -124.48873, 47.80796 ], [ -124.48893, 47.80811 ], [ -124.48872, 47.80815 ], [ -124.48873, 47.80796 ] ] ], [ [ [ -124.60702, 47.87106 ], [ -124.60728, 47.87109 ], [ -124.60691, 47.87122 ], [ -124.60702, 47.87106 ] ] ], [ [ [ -124.49972, 47.78451 ], [ -124.49994, 47.78463 ], [ -124.49978, 47.7847 ], [ -124.49972, 47.78451 ] ] ], [ [ [ -124.45554, 47.75437 ], [ -124.45544, 47.75423 ], [ -124.45573, 47.75427 ], [ -124.45554, 47.75437 ] ] ], [ [ [ -124.70881, 48.24856 ], [ -124.70903, 48.24861 ], [ -124.70879, 48.24877 ], [ -124.70881, 48.24856 ] ] ], [ [ [ -124.45702, 47.75535 ], [ -124.45704, 47.75523 ], [ -124.45739, 47.7552 ], [ -124.45702, 47.75535 ] ] ], [ [ [ -124.49507, 47.78023 ], [ -124.49524, 47.78036 ], [ -124.49509, 47.78046 ], [ -124.49507, 47.78023 ] ] ], [ [ [ -124.6861, 47.97234 ], [ -124.68616, 47.97227 ], [ -124.68653, 47.97243 ], [ -124.6861, 47.97234 ] ] ], [ [ [ -124.67704, 47.97038 ], [ -124.67733, 47.97046 ], [ -124.67703, 47.97052 ], [ -124.67704, 47.97038 ] ] ], [ [ [ -124.687, 48.0183 ], [ -124.68729, 48.01823 ], [ -124.68718, 48.01842 ], [ -124.687, 48.0183 ] ] ], [ [ [ -124.53785, 47.81562 ], [ -124.53802, 47.81557 ], [ -124.53806, 47.81576 ], [ -124.53785, 47.81562 ] ] ], [ [ [ -124.70391, 48.23568 ], [ -124.70414, 48.23581 ], [ -124.70386, 48.23583 ], [ -124.70391, 48.23568 ] ] ], [ [ [ -124.7173, 48.25445 ], [ -124.71772, 48.25445 ], [ -124.71757, 48.25458 ], [ -124.7173, 48.25445 ] ] ], [ [ [ -124.56615, 47.84885 ], [ -124.56643, 47.84895 ], [ -124.56605, 47.84899 ], [ -124.56615, 47.84885 ] ] ], [ [ [ -124.68637, 48.02073 ], [ -124.68661, 48.02091 ], [ -124.68636, 48.02089 ], [ -124.68637, 48.02073 ] ] ], [ [ [ -124.63899, 47.88492 ], [ -124.63935, 47.88508 ], [ -124.639, 47.88508 ], [ -124.63899, 47.88492 ] ] ], [ [ [ -124.67628, 48.32952 ], [ -124.67655, 48.32961 ], [ -124.67651, 48.32982 ], [ -124.67628, 48.32952 ] ] ], [ [ [ -124.68128, 47.98425 ], [ -124.68149, 47.98429 ], [ -124.68139, 47.9845 ], [ -124.68128, 47.98425 ] ] ], [ [ [ -124.60808, 47.87127 ], [ -124.60837, 47.87128 ], [ -124.60785, 47.87154 ], [ -124.60808, 47.87127 ] ] ], [ [ [ -124.68248, 47.96554 ], [ -124.68259, 47.96577 ], [ -124.68238, 47.96569 ], [ -124.68248, 47.96554 ] ] ], [ [ [ -124.66853, 48.31769 ], [ -124.66807, 48.31752 ], [ -124.66835, 48.31751 ], [ -124.66853, 48.31769 ] ] ], [ [ [ -124.73236, 48.38083 ], [ -124.73255, 48.38078 ], [ -124.73254, 48.3811 ], [ -124.73236, 48.38083 ] ] ], [ [ [ -124.70911, 48.24865 ], [ -124.70927, 48.24877 ], [ -124.70889, 48.24881 ], [ -124.70911, 48.24865 ] ] ], [ [ [ -124.69187, 48.01711 ], [ -124.6921, 48.01732 ], [ -124.69182, 48.01728 ], [ -124.69187, 48.01711 ] ] ], [ [ [ -124.64348, 47.88628 ], [ -124.6435, 47.88645 ], [ -124.64319, 47.88634 ], [ -124.64348, 47.88628 ] ] ], [ [ [ -124.74511, 48.15039 ], [ -124.74535, 48.15041 ], [ -124.74539, 48.15059 ], [ -124.74511, 48.15039 ] ] ], [ [ [ -124.71293, 48.25183 ], [ -124.71307, 48.25195 ], [ -124.71271, 48.25202 ], [ -124.71293, 48.25183 ] ] ], [ [ [ -124.63389, 47.87883 ], [ -124.6341, 47.87885 ], [ -124.63399, 47.87905 ], [ -124.63389, 47.87883 ] ] ], [ [ [ -124.73096, 48.37835 ], [ -124.73119, 48.37843 ], [ -124.73122, 48.37866 ], [ -124.73096, 48.37835 ] ] ], [ [ [ -124.67036, 47.95237 ], [ -124.67062, 47.95243 ], [ -124.67061, 47.95262 ], [ -124.67036, 47.95237 ] ] ], [ [ [ -124.6837, 48.27837 ], [ -124.68408, 48.27817 ], [ -124.68411, 48.27833 ], [ -124.6837, 48.27837 ] ] ], [ [ [ -124.44886, 47.7488 ], [ -124.44929, 47.74887 ], [ -124.44898, 47.74896 ], [ -124.44886, 47.7488 ] ] ], [ [ [ -124.42643, 47.69695 ], [ -124.42673, 47.69707 ], [ -124.42648, 47.69712 ], [ -124.42643, 47.69695 ] ] ], [ [ [ -124.60441, 47.87132 ], [ -124.60479, 47.8714 ], [ -124.60452, 47.87152 ], [ -124.60441, 47.87132 ] ] ], [ [ [ -124.72731, 47.99257 ], [ -124.72744, 47.99267 ], [ -124.72708, 47.99286 ], [ -124.72731, 47.99257 ] ] ], [ [ [ -124.45644, 47.75381 ], [ -124.45628, 47.75361 ], [ -124.45657, 47.75362 ], [ -124.45644, 47.75381 ] ] ], [ [ [ -124.38625, 47.63507 ], [ -124.38669, 47.63536 ], [ -124.38628, 47.63534 ], [ -124.38625, 47.63507 ] ] ], [ [ [ -124.73391, 48.36913 ], [ -124.73438, 48.36923 ], [ -124.73377, 48.3692 ], [ -124.73391, 48.36913 ] ] ], [ [ [ -124.68495, 47.97356 ], [ -124.68522, 47.97369 ], [ -124.685, 47.9738 ], [ -124.68495, 47.97356 ] ] ], [ [ [ -124.73079, 48.12489 ], [ -124.73064, 48.12473 ], [ -124.73094, 48.12468 ], [ -124.73079, 48.12489 ] ] ], [ [ [ -124.70437, 48.23318 ], [ -124.70467, 48.23325 ], [ -124.7044, 48.23336 ], [ -124.70437, 48.23318 ] ] ], [ [ [ -124.63476, 47.87976 ], [ -124.63499, 47.87984 ], [ -124.635, 47.88005 ], [ -124.63476, 47.87976 ] ] ], [ [ [ -124.72778, 48.37257 ], [ -124.7281, 48.37272 ], [ -124.72782, 48.37275 ], [ -124.72778, 48.37257 ] ] ], [ [ [ -124.69233, 47.99952 ], [ -124.69272, 47.99959 ], [ -124.69254, 47.99973 ], [ -124.69233, 47.99952 ] ] ], [ [ [ -124.71735, 48.03001 ], [ -124.71806, 48.03015 ], [ -124.71768, 48.03017 ], [ -124.71735, 48.03001 ] ] ], [ [ [ -124.51328, 47.78576 ], [ -124.51358, 47.78595 ], [ -124.51326, 47.78597 ], [ -124.51328, 47.78576 ] ] ], [ [ [ -124.61136, 47.87613 ], [ -124.61097, 47.87605 ], [ -124.61139, 47.876 ], [ -124.61136, 47.87613 ] ] ], [ [ [ -124.53042, 47.81168 ], [ -124.53057, 47.81191 ], [ -124.53037, 47.81198 ], [ -124.53042, 47.81168 ] ] ], [ [ [ -124.70532, 48.24566 ], [ -124.70515, 48.24544 ], [ -124.70544, 48.24544 ], [ -124.70532, 48.24566 ] ] ], [ [ [ -124.69959, 48.04334 ], [ -124.69992, 48.04334 ], [ -124.69993, 48.0435 ], [ -124.69959, 48.04334 ] ] ], [ [ [ -124.51051, 47.79078 ], [ -124.51096, 47.79086 ], [ -124.51073, 47.79097 ], [ -124.51051, 47.79078 ] ] ], [ [ [ -124.70208, 48.23427 ], [ -124.70235, 48.23425 ], [ -124.7025, 48.2345 ], [ -124.70208, 48.23427 ] ] ], [ [ [ -124.54567, 47.83149 ], [ -124.54603, 47.83166 ], [ -124.54561, 47.83162 ], [ -124.54567, 47.83149 ] ] ], [ [ [ -124.75787, 48.15374 ], [ -124.758, 48.15393 ], [ -124.75766, 48.15401 ], [ -124.75787, 48.15374 ] ] ], [ [ [ -124.67937, 48.00672 ], [ -124.67951, 48.00689 ], [ -124.67932, 48.00705 ], [ -124.67937, 48.00672 ] ] ], [ [ [ -124.70017, 48.31663 ], [ -124.70045, 48.31692 ], [ -124.70012, 48.31684 ], [ -124.70017, 48.31663 ] ] ], [ [ [ -124.49532, 47.78068 ], [ -124.49559, 47.78086 ], [ -124.49528, 47.78089 ], [ -124.49532, 47.78068 ] ] ], [ [ [ -124.66319, 47.93565 ], [ -124.66345, 47.93584 ], [ -124.66311, 47.93588 ], [ -124.66319, 47.93565 ] ] ], [ [ [ -124.71017, 48.24203 ], [ -124.71064, 48.242 ], [ -124.71017, 48.24224 ], [ -124.71017, 48.24203 ] ] ], [ [ [ -124.60824, 47.87056 ], [ -124.60862, 47.87065 ], [ -124.60833, 47.87076 ], [ -124.60824, 47.87056 ] ] ], [ [ [ -124.72024, 48.13434 ], [ -124.71985, 48.13421 ], [ -124.7203, 48.13411 ], [ -124.72024, 48.13434 ] ] ], [ [ [ -124.70235, 48.24642 ], [ -124.70258, 48.24661 ], [ -124.70221, 48.24657 ], [ -124.70235, 48.24642 ] ] ], [ [ [ -124.67924, 47.97705 ], [ -124.67939, 47.97718 ], [ -124.67921, 47.97744 ], [ -124.67924, 47.97705 ] ] ], [ [ [ -124.7135, 48.1168 ], [ -124.71381, 48.11678 ], [ -124.71343, 48.11704 ], [ -124.7135, 48.1168 ] ] ], [ [ [ -124.71504, 48.24289 ], [ -124.71533, 48.24301 ], [ -124.71486, 48.24307 ], [ -124.71504, 48.24289 ] ] ], [ [ [ -124.48091, 47.67579 ], [ -124.48103, 47.67584 ], [ -124.48067, 47.67629 ], [ -124.48091, 47.67579 ] ] ], [ [ [ -124.7286, 48.37027 ], [ -124.72881, 48.3703 ], [ -124.72823, 48.37069 ], [ -124.7286, 48.37027 ] ] ], [ [ [ -124.74714, 48.15111 ], [ -124.74754, 48.1515 ], [ -124.74735, 48.15151 ], [ -124.74714, 48.15111 ] ] ], [ [ [ -124.70766, 48.2518 ], [ -124.70806, 48.25191 ], [ -124.7077, 48.252 ], [ -124.70766, 48.2518 ] ] ], [ [ [ -124.69425, 48.02576 ], [ -124.69442, 48.02591 ], [ -124.69414, 48.02609 ], [ -124.69425, 48.02576 ] ] ], [ [ [ -124.75742, 48.15301 ], [ -124.75751, 48.15322 ], [ -124.75715, 48.15328 ], [ -124.75742, 48.15301 ] ] ], [ [ [ -124.73306, 48.15462 ], [ -124.73326, 48.15476 ], [ -124.73299, 48.15494 ], [ -124.73306, 48.15462 ] ] ], [ [ [ -124.73072, 48.37588 ], [ -124.73103, 48.37612 ], [ -124.73067, 48.37605 ], [ -124.73072, 48.37588 ] ] ], [ [ [ -124.71413, 48.36484 ], [ -124.71475, 48.36477 ], [ -124.71449, 48.36498 ], [ -124.71413, 48.36484 ] ] ], [ [ [ -124.72771, 48.37327 ], [ -124.72821, 48.3735 ], [ -124.72812, 48.3736 ], [ -124.72771, 48.37327 ] ] ], [ [ [ -124.70171, 48.01066 ], [ -124.70208, 48.01083 ], [ -124.70184, 48.01091 ], [ -124.70171, 48.01066 ] ] ], [ [ [ -124.70041, 48.04286 ], [ -124.70081, 48.04287 ], [ -124.70041, 48.04308 ], [ -124.70041, 48.04286 ] ] ], [ [ [ -124.72839, 47.99213 ], [ -124.72855, 47.99224 ], [ -124.72807, 47.99245 ], [ -124.72839, 47.99213 ] ] ], [ [ [ -124.73132, 48.12433 ], [ -124.73162, 48.12453 ], [ -124.7312, 48.12449 ], [ -124.73132, 48.12433 ] ] ], [ [ [ -124.68658, 48.02049 ], [ -124.6863, 48.02033 ], [ -124.68664, 48.02019 ], [ -124.68658, 48.02049 ] ] ], [ [ [ -124.66999, 47.95194 ], [ -124.66994, 47.95161 ], [ -124.67034, 47.95195 ], [ -124.66999, 47.95194 ] ] ], [ [ [ -124.56897, 47.85274 ], [ -124.56927, 47.85267 ], [ -124.56931, 47.85295 ], [ -124.56897, 47.85274 ] ] ], [ [ [ -124.49571, 47.80291 ], [ -124.49573, 47.80317 ], [ -124.49526, 47.80315 ], [ -124.49571, 47.80291 ] ] ], [ [ [ -124.69218, 47.9957 ], [ -124.69236, 47.99586 ], [ -124.69186, 47.99586 ], [ -124.69218, 47.9957 ] ] ], [ [ [ -124.68462, 48.28015 ], [ -124.68455, 48.27996 ], [ -124.68499, 48.28011 ], [ -124.68462, 48.28015 ] ] ], [ [ [ -124.49554, 47.80983 ], [ -124.49596, 47.81 ], [ -124.49547, 47.81006 ], [ -124.49554, 47.80983 ] ] ], [ [ [ -124.69333, 48.01752 ], [ -124.69363, 48.01763 ], [ -124.69343, 48.01791 ], [ -124.69333, 48.01752 ] ] ], [ [ [ -124.50644, 47.78581 ], [ -124.50672, 47.78605 ], [ -124.50637, 47.78607 ], [ -124.50644, 47.78581 ] ] ], [ [ [ -124.71245, 48.22596 ], [ -124.71262, 48.22631 ], [ -124.71228, 48.22625 ], [ -124.71245, 48.22596 ] ] ], [ [ [ -124.68726, 48.30304 ], [ -124.68763, 48.3034 ], [ -124.6873, 48.30332 ], [ -124.68726, 48.30304 ] ] ], [ [ [ -124.5712, 47.86353 ], [ -124.57141, 47.86377 ], [ -124.57096, 47.86376 ], [ -124.5712, 47.86353 ] ] ], [ [ [ -124.48923, 47.67203 ], [ -124.48962, 47.67206 ], [ -124.48899, 47.67226 ], [ -124.48923, 47.67203 ] ] ], [ [ [ -124.67731, 47.9583 ], [ -124.6774, 47.95809 ], [ -124.67768, 47.95824 ], [ -124.67731, 47.9583 ] ] ], [ [ [ -124.57586, 47.86647 ], [ -124.57606, 47.86648 ], [ -124.57575, 47.86702 ], [ -124.57586, 47.86647 ] ] ], [ [ [ -124.55714, 47.82089 ], [ -124.55778, 47.82105 ], [ -124.55733, 47.82108 ], [ -124.55714, 47.82089 ] ] ], [ [ [ -124.67778, 47.9582 ], [ -124.67792, 47.95792 ], [ -124.67827, 47.95812 ], [ -124.67778, 47.9582 ] ] ], [ [ [ -124.68485, 48.27874 ], [ -124.68496, 48.279 ], [ -124.68451, 48.27906 ], [ -124.68485, 48.27874 ] ] ], [ [ [ -124.64006, 47.88532 ], [ -124.64065, 47.88501 ], [ -124.6408, 47.88523 ], [ -124.64006, 47.88532 ] ] ], [ [ [ -124.50477, 47.77194 ], [ -124.50531, 47.77198 ], [ -124.50481, 47.77224 ], [ -124.50477, 47.77194 ] ] ], [ [ [ -124.45524, 47.75299 ], [ -124.45596, 47.75347 ], [ -124.45552, 47.75336 ], [ -124.45524, 47.75299 ] ] ], [ [ [ -124.59215, 47.86112 ], [ -124.59249, 47.8613 ], [ -124.59234, 47.86151 ], [ -124.59215, 47.86112 ] ] ], [ [ [ -124.63564, 47.88252 ], [ -124.63603, 47.8827 ], [ -124.63575, 47.88291 ], [ -124.63564, 47.88252 ] ] ], [ [ [ -124.72997, 48.36976 ], [ -124.7302, 48.37021 ], [ -124.72994, 48.37019 ], [ -124.72997, 48.36976 ] ] ], [ [ [ -124.69016, 48.02521 ], [ -124.69065, 48.02543 ], [ -124.69033, 48.02547 ], [ -124.69016, 48.02521 ] ] ], [ [ [ -124.7167, 48.02999 ], [ -124.71727, 48.03028 ], [ -124.71678, 48.03022 ], [ -124.7167, 48.02999 ] ] ], [ [ [ -124.7117, 48.25034 ], [ -124.7118, 48.25071 ], [ -124.71152, 48.2506 ], [ -124.7117, 48.25034 ] ] ], [ [ [ -124.67184, 47.95322 ], [ -124.67189, 47.953 ], [ -124.67266, 47.95308 ], [ -124.67184, 47.95322 ] ] ], [ [ [ -124.48418, 47.67264 ], [ -124.48428, 47.67282 ], [ -124.48375, 47.67292 ], [ -124.48418, 47.67264 ] ] ], [ [ [ -124.68886, 47.98731 ], [ -124.68916, 47.98727 ], [ -124.68925, 47.9876 ], [ -124.68886, 47.98731 ] ] ], [ [ [ -124.7316, 48.12496 ], [ -124.73171, 48.12545 ], [ -124.73135, 48.12519 ], [ -124.7316, 48.12496 ] ] ], [ [ [ -124.48408, 47.67734 ], [ -124.48429, 47.67751 ], [ -124.48391, 47.67778 ], [ -124.48408, 47.67734 ] ] ], [ [ [ -124.73036, 48.12427 ], [ -124.73081, 48.1244 ], [ -124.7305, 48.12463 ], [ -124.73036, 48.12427 ] ] ], [ [ [ -124.64874, 47.90965 ], [ -124.64923, 47.90979 ], [ -124.64875, 47.90999 ], [ -124.64874, 47.90965 ] ] ], [ [ [ -124.77109, 48.17824 ], [ -124.7715, 48.17835 ], [ -124.77091, 48.17852 ], [ -124.77109, 48.17824 ] ] ], [ [ [ -124.72425, 48.00195 ], [ -124.72447, 48.00239 ], [ -124.72412, 48.00229 ], [ -124.72425, 48.00195 ] ] ], [ [ [ -124.68712, 48.0188 ], [ -124.68704, 48.01935 ], [ -124.68683, 48.01916 ], [ -124.68712, 48.0188 ] ] ], [ [ [ -124.67272, 47.95335 ], [ -124.67293, 47.95363 ], [ -124.67236, 47.95355 ], [ -124.67272, 47.95335 ] ] ], [ [ [ -124.45158, 47.74626 ], [ -124.45155, 47.74662 ], [ -124.45121, 47.74658 ], [ -124.45158, 47.74626 ] ] ], [ [ [ -124.69151, 47.98756 ], [ -124.69094, 47.98727 ], [ -124.69176, 47.98741 ], [ -124.69151, 47.98756 ] ] ], [ [ [ -124.70837, 48.25202 ], [ -124.70873, 48.25204 ], [ -124.70845, 48.25248 ], [ -124.70837, 48.25202 ] ] ], [ [ [ -124.68537, 47.97307 ], [ -124.68582, 47.97321 ], [ -124.68554, 47.97347 ], [ -124.68537, 47.97307 ] ] ], [ [ [ -124.48164, 47.67469 ], [ -124.48195, 47.67472 ], [ -124.48148, 47.67515 ], [ -124.48164, 47.67469 ] ] ], [ [ [ -124.48916, 47.673 ], [ -124.48932, 47.67313 ], [ -124.48854, 47.67333 ], [ -124.48916, 47.673 ] ] ], [ [ [ -124.7548, 48.15838 ], [ -124.75503, 48.15879 ], [ -124.75454, 48.15847 ], [ -124.7548, 48.15838 ] ] ], [ [ [ -124.73512, 48.36987 ], [ -124.73606, 48.36998 ], [ -124.73536, 48.37012 ], [ -124.73512, 48.36987 ] ] ], [ [ [ -124.4859, 47.67225 ], [ -124.4862, 47.67236 ], [ -124.48545, 47.67249 ], [ -124.4859, 47.67225 ] ] ], [ [ [ -124.61304, 47.87352 ], [ -124.61325, 47.87355 ], [ -124.61298, 47.87413 ], [ -124.61304, 47.87352 ] ] ], [ [ [ -124.7659, 48.17722 ], [ -124.76662, 48.17726 ], [ -124.76665, 48.17751 ], [ -124.7659, 48.17722 ] ] ], [ [ [ -124.72803, 48.15059 ], [ -124.72807, 48.15097 ], [ -124.72757, 48.15094 ], [ -124.72803, 48.15059 ] ] ], [ [ [ -124.47527, 47.74862 ], [ -124.47578, 47.74874 ], [ -124.47523, 47.7489 ], [ -124.47527, 47.74862 ] ] ], [ [ [ -124.71252, 48.11667 ], [ -124.71299, 48.11673 ], [ -124.71241, 48.11709 ], [ -124.71252, 48.11667 ] ] ], [ [ [ -124.73141, 48.37704 ], [ -124.73196, 48.3772 ], [ -124.73194, 48.37748 ], [ -124.73141, 48.37704 ] ] ], [ [ [ -124.55512, 47.84222 ], [ -124.55546, 47.84238 ], [ -124.5548, 47.84258 ], [ -124.55512, 47.84222 ] ] ], [ [ [ -124.71115, 48.24202 ], [ -124.71155, 48.24193 ], [ -124.71183, 48.24232 ], [ -124.71115, 48.24202 ] ] ], [ [ [ -124.68912, 47.95086 ], [ -124.68909, 47.95069 ], [ -124.68995, 47.9507 ], [ -124.68912, 47.95086 ] ] ], [ [ [ -124.72745, 48.00526 ], [ -124.72789, 48.00544 ], [ -124.7272, 48.00572 ], [ -124.72745, 48.00526 ] ] ], [ [ [ -124.56751, 47.85455 ], [ -124.56818, 47.85502 ], [ -124.56744, 47.85486 ], [ -124.56751, 47.85455 ] ] ], [ [ [ -124.53138, 47.80521 ], [ -124.53189, 47.80548 ], [ -124.53147, 47.80562 ], [ -124.53138, 47.80521 ] ] ], [ [ [ -124.63069, 47.88611 ], [ -124.63113, 47.88609 ], [ -124.63127, 47.88648 ], [ -124.63069, 47.88611 ] ] ], [ [ [ -124.53835, 47.82703 ], [ -124.53901, 47.82735 ], [ -124.53843, 47.82743 ], [ -124.53835, 47.82703 ] ] ], [ [ [ -124.6121, 47.87153 ], [ -124.61232, 47.87146 ], [ -124.61314, 47.87194 ], [ -124.6121, 47.87153 ] ] ], [ [ [ -124.72816, 47.99257 ], [ -124.72875, 47.99272 ], [ -124.7281, 47.993 ], [ -124.72816, 47.99257 ] ] ], [ [ [ -124.70398, 48.04221 ], [ -124.70468, 48.04252 ], [ -124.70399, 48.04251 ], [ -124.70398, 48.04221 ] ] ], [ [ [ -124.6355, 47.88157 ], [ -124.63593, 47.88188 ], [ -124.63547, 47.882 ], [ -124.6355, 47.88157 ] ] ], [ [ [ -124.73062, 48.36971 ], [ -124.731, 48.36984 ], [ -124.73055, 48.37032 ], [ -124.73062, 48.36971 ] ] ], [ [ [ -124.67691, 47.95728 ], [ -124.67737, 47.95782 ], [ -124.67685, 47.95766 ], [ -124.67691, 47.95728 ] ] ], [ [ [ -124.68943, 48.30137 ], [ -124.69006, 48.30222 ], [ -124.68922, 48.30154 ], [ -124.68943, 48.30137 ] ] ], [ [ [ -124.56603, 47.85876 ], [ -124.56637, 47.859 ], [ -124.56554, 47.85909 ], [ -124.56603, 47.85876 ] ] ], [ [ [ -124.67166, 47.95267 ], [ -124.67165, 47.95242 ], [ -124.67232, 47.95233 ], [ -124.67166, 47.95267 ] ] ], [ [ [ -124.56115, 47.85094 ], [ -124.56165, 47.8512 ], [ -124.56169, 47.85172 ], [ -124.56115, 47.85094 ] ] ], [ [ [ -124.61329, 47.87238 ], [ -124.61341, 47.87307 ], [ -124.6131, 47.87329 ], [ -124.61329, 47.87238 ] ] ], [ [ [ -124.53578, 47.83032 ], [ -124.53591, 47.82979 ], [ -124.53638, 47.83057 ], [ -124.53578, 47.83032 ] ] ], [ [ [ -124.75679, 48.15474 ], [ -124.75701, 48.15443 ], [ -124.75728, 48.1549 ], [ -124.75679, 48.15474 ] ] ], [ [ [ -124.70175, 48.02954 ], [ -124.70273, 48.02979 ], [ -124.70216, 48.02996 ], [ -124.70175, 48.02954 ] ] ], [ [ [ -124.64913, 47.90922 ], [ -124.65023, 47.9093 ], [ -124.64896, 47.90941 ], [ -124.64913, 47.90922 ] ] ], [ [ [ -124.67654, 47.95833 ], [ -124.67729, 47.95891 ], [ -124.67653, 47.95879 ], [ -124.67654, 47.95833 ] ] ], [ [ [ -124.71376, 48.22681 ], [ -124.71315, 48.22638 ], [ -124.71362, 48.22626 ], [ -124.71376, 48.22681 ] ] ], [ [ [ -124.72903, 48.37089 ], [ -124.72862, 48.37069 ], [ -124.72932, 48.37034 ], [ -124.72903, 48.37089 ] ] ], [ [ [ -124.56486, 47.84879 ], [ -124.56493, 47.84931 ], [ -124.56434, 47.84962 ], [ -124.56486, 47.84879 ] ] ], [ [ [ -124.70919, 48.2419 ], [ -124.70906, 48.24154 ], [ -124.70986, 48.24176 ], [ -124.70919, 48.2419 ] ] ], [ [ [ -124.67307, 47.95252 ], [ -124.67333, 47.95275 ], [ -124.67208, 47.95286 ], [ -124.67307, 47.95252 ] ] ], [ [ [ -124.68852, 47.98629 ], [ -124.68938, 47.98626 ], [ -124.68893, 47.98672 ], [ -124.68852, 47.98629 ] ] ], [ [ [ -124.68306, 47.96781 ], [ -124.68432, 47.96809 ], [ -124.6834, 47.96819 ], [ -124.68306, 47.96781 ] ] ], [ [ [ -124.68504, 48.27955 ], [ -124.68515, 48.27907 ], [ -124.68605, 48.27953 ], [ -124.68504, 48.27955 ] ] ], [ [ [ -124.72724, 48.00244 ], [ -124.72756, 48.00328 ], [ -124.72696, 48.0032 ], [ -124.72724, 48.00244 ] ] ], [ [ [ -124.72864, 48.36533 ], [ -124.72792, 48.36464 ], [ -124.72939, 48.3653 ], [ -124.72864, 48.36533 ] ] ], [ [ [ -124.67558, 48.2982 ], [ -124.67635, 48.29847 ], [ -124.67535, 48.29856 ], [ -124.67558, 48.2982 ] ] ], [ [ [ -124.73254, 48.13548 ], [ -124.73223, 48.13477 ], [ -124.73288, 48.13519 ], [ -124.73254, 48.13548 ] ] ], [ [ [ -124.76371, 48.17601 ], [ -124.76345, 48.1756 ], [ -124.76432, 48.17568 ], [ -124.76371, 48.17601 ] ] ], [ [ [ -124.486, 47.67952 ], [ -124.48725, 47.6799 ], [ -124.4862, 47.67989 ], [ -124.486, 47.67952 ] ] ], [ [ [ -124.65195, 47.90877 ], [ -124.65156, 47.90832 ], [ -124.65298, 47.90861 ], [ -124.65195, 47.90877 ] ] ], [ [ [ -124.56868, 47.85425 ], [ -124.5695, 47.85506 ], [ -124.5688, 47.85502 ], [ -124.56868, 47.85425 ] ] ], [ [ [ -124.67846, 48.30611 ], [ -124.67925, 48.30642 ], [ -124.67827, 48.30673 ], [ -124.67846, 48.30611 ] ] ], [ [ [ -124.51087, 47.81504 ], [ -124.51142, 47.81555 ], [ -124.51078, 47.81564 ], [ -124.51087, 47.81504 ] ] ], [ [ [ -124.72872, 48.36627 ], [ -124.72807, 48.36557 ], [ -124.72936, 48.36609 ], [ -124.72872, 48.36627 ] ] ], [ [ [ -124.73124, 48.12295 ], [ -124.7316, 48.12378 ], [ -124.73107, 48.12375 ], [ -124.73124, 48.12295 ] ] ], [ [ [ -124.67114, 47.95079 ], [ -124.67157, 47.95198 ], [ -124.67109, 47.95191 ], [ -124.67114, 47.95079 ] ] ], [ [ [ -124.52177, 47.82799 ], [ -124.52227, 47.82816 ], [ -124.52206, 47.82884 ], [ -124.52177, 47.82799 ] ] ], [ [ [ -124.6366, 47.88326 ], [ -124.63738, 47.88428 ], [ -124.63664, 47.88415 ], [ -124.6366, 47.88326 ] ] ], [ [ [ -124.70701, 48.23971 ], [ -124.70758, 48.23926 ], [ -124.70791, 48.23991 ], [ -124.70701, 48.23971 ] ] ], [ [ [ -124.70579, 48.23382 ], [ -124.70596, 48.23307 ], [ -124.7068, 48.23351 ], [ -124.70579, 48.23382 ] ] ], [ [ [ -124.69205, 47.99472 ], [ -124.69192, 47.99558 ], [ -124.6912, 47.99538 ], [ -124.69205, 47.99472 ] ] ], [ [ [ -124.7143, 48.11849 ], [ -124.71382, 48.1181 ], [ -124.71478, 48.11774 ], [ -124.7143, 48.11849 ] ] ], [ [ [ -124.63786, 47.8832 ], [ -124.63857, 47.88393 ], [ -124.63755, 47.88403 ], [ -124.63786, 47.8832 ] ] ], [ [ [ -124.56386, 47.85916 ], [ -124.56488, 47.85914 ], [ -124.56367, 47.85988 ], [ -124.56386, 47.85916 ] ] ], [ [ [ -124.55482, 47.82994 ], [ -124.55548, 47.83084 ], [ -124.55445, 47.83065 ], [ -124.55482, 47.82994 ] ] ], [ [ [ -124.66859, 47.93841 ], [ -124.66916, 47.93756 ], [ -124.66961, 47.93854 ], [ -124.66859, 47.93841 ] ] ], [ [ [ -124.50541, 47.77251 ], [ -124.50634, 47.77364 ], [ -124.50512, 47.77304 ], [ -124.50541, 47.77251 ] ] ], [ [ [ -124.5686, 47.84187 ], [ -124.56775, 47.84096 ], [ -124.56949, 47.84133 ], [ -124.5686, 47.84187 ] ] ], [ [ [ -124.72823, 47.99122 ], [ -124.72919, 47.99155 ], [ -124.72761, 47.99221 ], [ -124.72823, 47.99122 ] ] ], [ [ [ -124.70989, 48.25322 ], [ -124.70866, 48.25262 ], [ -124.71074, 48.25271 ], [ -124.70989, 48.25322 ] ] ], [ [ [ -124.48579, 47.68044 ], [ -124.48762, 47.68101 ], [ -124.48586, 47.68102 ], [ -124.48579, 47.68044 ] ] ], [ [ [ -124.62974, 47.88737 ], [ -124.62959, 47.88649 ], [ -124.63095, 47.88731 ], [ -124.62974, 47.88737 ] ] ], [ [ [ -124.68396, 47.9316 ], [ -124.6853, 47.93164 ], [ -124.68617, 47.93242 ], [ -124.68396, 47.9316 ] ] ], [ [ [ -124.65042, 47.9103 ], [ -124.64963, 47.9098 ], [ -124.65279, 47.90991 ], [ -124.65042, 47.9103 ] ] ], [ [ [ -124.7242, 48.00395 ], [ -124.72639, 48.00479 ], [ -124.72482, 48.00556 ], [ -124.7242, 48.00395 ] ] ], [ [ [ -124.76148, 48.17675 ], [ -124.75898, 48.1757 ], [ -124.76209, 48.17551 ], [ -124.76148, 48.17675 ] ] ], [ [ [ -124.75698, 48.17557 ], [ -124.75518, 48.1745 ], [ -124.75793, 48.17436 ], [ -124.75698, 48.17557 ] ] ], [ [ [ -124.69443, 47.99753 ], [ -124.69362, 47.99597 ], [ -124.69779, 47.99684 ], [ -124.69443, 47.99753 ] ] ], [ [ [ -124.50567, 47.79796 ], [ -124.50455, 47.79693 ], [ -124.50915, 47.79875 ], [ -124.50567, 47.79796 ] ] ], [ [ [ -124.7539, 48.16058 ], [ -124.7455, 48.15534 ], [ -124.74845, 48.1551 ], [ -124.7539, 48.16058 ] ] ], [ [ [ -124.48098, 47.6798 ], [ -124.48449, 47.6729 ], [ -124.4877, 47.67439 ], [ -124.49098, 47.67318 ], [ -124.48098, 47.6798 ] ] ], [ [ [ -124.41196, 47.73708 ], [ -124.39858, 47.72989 ], [ -124.38778, 47.72983 ], [ -124.38784, 47.70789 ], [ -124.39845, 47.70787 ], [ -124.39827, 47.68918 ], [ -124.38759, 47.68912 ], [ -124.37648, 47.63514 ], [ -124.3657, 47.62773 ], [ -124.36627, 47.61334 ], [ -124.34516, 47.60952 ], [ -124.34451, 47.56097 ], [ -124.3625, 47.5628 ], [ -124.38901, 47.64875 ], [ -124.42274, 47.71504 ], [ -124.42314, 47.73246 ], [ -124.41199, 47.73292 ], [ -124.41196, 47.73708 ] ] ], [ [ [ -124.59049, 47.90837 ], [ -124.58997, 47.89007 ], [ -124.5663, 47.88875 ], [ -124.56418, 47.87427 ], [ -124.54285, 47.86741 ], [ -124.54283, 47.85295 ], [ -124.52677, 47.85293 ], [ -124.52655, 47.84209 ], [ -124.48372, 47.83801 ], [ -124.47815, 47.81643 ], [ -124.47276, 47.81639 ], [ -124.4727, 47.80913 ], [ -124.46209, 47.80903 ], [ -124.46172, 47.79472 ], [ -124.45127, 47.78738 ], [ -124.446, 47.7619 ], [ -124.43335, 47.75511 ], [ -124.41459, 47.75515 ], [ -124.41475, 47.7474 ], [ -124.4378, 47.74991 ], [ -124.4554, 47.7658 ], [ -124.48023, 47.7677 ], [ -124.47181, 47.77203 ], [ -124.4825, 47.78675 ], [ -124.48874, 47.81494 ], [ -124.49513, 47.82025 ], [ -124.50816, 47.82386 ], [ -124.51304, 47.82011 ], [ -124.51128, 47.82266 ], [ -124.52559, 47.83222 ], [ -124.54256, 47.83351 ], [ -124.54379, 47.83078 ], [ -124.54815, 47.83233 ], [ -124.5397, 47.84122 ], [ -124.55606, 47.84597 ], [ -124.55106, 47.84789 ], [ -124.55984, 47.85352 ], [ -124.56053, 47.86526 ], [ -124.56611, 47.86761 ], [ -124.57356, 47.86564 ], [ -124.5785, 47.87368 ], [ -124.59141, 47.87859 ], [ -124.61016, 47.87108 ], [ -124.60885, 47.87873 ], [ -124.63364, 47.8938 ], [ -124.61161, 47.89569 ], [ -124.61275, 47.90808 ], [ -124.59049, 47.90837 ] ] ], [ [ [ -124.66652, 48.27497 ], [ -124.67205, 48.27393 ], [ -124.67183, 48.25586 ], [ -124.6827, 48.24861 ], [ -124.6898, 48.16629 ], [ -124.66844, 48.16431 ], [ -124.66834, 48.15703 ], [ -124.65332, 48.14514 ], [ -124.63103, 48.13859 ], [ -124.63102, 48.12938 ], [ -124.61498, 48.12802 ], [ -124.62044, 48.1149 ], [ -124.60709, 48.11491 ], [ -124.60414, 48.12172 ], [ -124.59702, 48.12171 ], [ -124.5943, 48.11579 ], [ -124.60224, 48.10453 ], [ -124.59891, 48.08821 ], [ -124.6212, 48.08819 ], [ -124.62313, 48.08459 ], [ -124.61418, 48.06655 ], [ -124.62105, 48.0357 ], [ -124.62908, 48.03691 ], [ -124.63319, 48.04778 ], [ -124.6425, 48.04787 ], [ -124.65321, 48.05551 ], [ -124.65504, 48.06283 ], [ -124.66334, 48.06029 ], [ -124.66422, 47.9974 ], [ -124.65347, 47.99008 ], [ -124.65369, 47.96876 ], [ -124.63788, 47.95468 ], [ -124.63793, 47.94766 ], [ -124.63256, 47.94771 ], [ -124.62837, 47.92681 ], [ -124.59032, 47.92153 ], [ -124.59039, 47.91062 ], [ -124.60806, 47.91296 ], [ -124.61593, 47.91903 ], [ -124.63938, 47.92004 ], [ -124.64951, 47.94068 ], [ -124.66116, 47.94407 ], [ -124.66379, 47.95457 ], [ -124.67359, 47.95765 ], [ -124.66372, 47.9617 ], [ -124.67773, 47.96758 ], [ -124.67099, 47.9829 ], [ -124.68258, 47.99973 ], [ -124.67812, 48.00855 ], [ -124.68162, 48.0244 ], [ -124.68961, 48.02888 ], [ -124.68397, 48.03295 ], [ -124.70054, 48.07326 ], [ -124.69908, 48.08762 ], [ -124.68862, 48.09912 ], [ -124.69574, 48.10303 ], [ -124.69844, 48.11767 ], [ -124.71727, 48.1244 ], [ -124.70816, 48.13139 ], [ -124.72208, 48.1405 ], [ -124.72857, 48.15617 ], [ -124.74236, 48.15946 ], [ -124.73772, 48.16532 ], [ -124.69784, 48.16527 ], [ -124.6978, 48.1774 ], [ -124.72126, 48.1774 ], [ -124.70412, 48.18583 ], [ -124.69051, 48.21866 ], [ -124.70005, 48.22594 ], [ -124.69903, 48.23157 ], [ -124.70869, 48.24156 ], [ -124.69998, 48.24453 ], [ -124.70293, 48.24831 ], [ -124.70723, 48.24949 ], [ -124.68721, 48.25447 ], [ -124.68035, 48.27492 ], [ -124.66652, 48.27497 ] ] ] ] } },
{ "type": "Feature", "properties": { "nationalParkName": "Petrified Forest National Park", "name": "Petrified Forest National Park", "unitCode": "PEFO", "unitType": "National Parks", "state": "AZ", "parkName": "Petrified Forest", "source": "National Park Service Land Resources Division", "sourceLayerUrl": "https://services1.arcgis.com/fBc8EJBxQRMcHlei/ArcGIS/rest/services/NPS_Land_Resources_Division_Boundary_and_Tract_Data_Service/FeatureServer/2" }, "geometry": { "type": "Polygon", "coordinates": [ [ [ -109.91398, 35.17029 ], [ -109.68542, 35.16973 ], [ -109.68359, 35.12552 ], [ -109.73529, 35.12834 ], [ -109.73634, 35.08301 ], [ -109.75454, 35.08365 ], [ -109.75462, 35.06652 ], [ -109.7718, 35.06139 ], [ -109.77143, 35.0541 ], [ -109.79008, 35.05433 ], [ -109.78954, 35.03988 ], [ -109.73693, 35.03983 ], [ -109.73665, 35.07538 ], [ -109.71874, 35.08068 ], [ -109.71473, 35.06848 ], [ -109.66064, 35.06837 ], [ -109.65144, 35.08269 ], [ -109.59448, 35.08245 ], [ -109.59447, 35.05353 ], [ -109.57674, 35.05347 ], [ -109.57684, 35.03908 ], [ -109.59456, 35.03922 ], [ -109.59576, 34.92282 ], [ -109.667, 34.92362 ], [ -109.66727, 34.90893 ], [ -109.72036, 34.90943 ], [ -109.72039, 34.8948 ], [ -109.73772, 34.89491 ], [ -109.73848, 34.82205 ], [ -109.78099, 34.82227 ], [ -109.78107, 34.77962 ], [ -109.85141, 34.77871 ], [ -109.85158, 34.7933 ], [ -109.89588, 34.79321 ], [ -109.89739, 34.83714 ], [ -109.93398, 34.83703 ], [ -109.96851, 34.8508 ], [ -109.96845, 34.90972 ], [ -109.95078, 34.90976 ], [ -109.95099, 34.96587 ], [ -109.89778, 34.96797 ], [ -109.89176, 34.96223 ], [ -109.86185, 34.96792 ], [ -109.8597, 34.96385 ], [ -109.82595, 34.97628 ], [ -109.82125, 34.97232 ], [ -109.82138, 34.97708 ], [ -109.80752, 34.98121 ], [ -109.80702, 35.04032 ], [ -109.88017, 35.04053 ], [ -109.88013, 35.01151 ], [ -109.91572, 35.01152 ], [ -109.91568, 35.06953 ], [ -109.92461, 35.06954 ], [ -109.92461, 35.08404 ], [ -109.91565, 35.08404 ], [ -109.91398, 35.17029 ] ] ] } },
{ "type": "Feature", "properties": { "nationalParkName": "Pinnacles National Park", "name": "Pinnacles National Park", "unitCode": "PINN", "unitType": "National Parks", "state": "CA", "parkName": "Pinnacles", "source": "National Park Service Land Resources Division", "sourceLayerUrl": "https://services1.arcgis.com/fBc8EJBxQRMcHlei/ArcGIS/rest/services/NPS_Land_Resources_Division_Boundary_and_Tract_Data_Service/FeatureServer/2" }, "geometry": { "type": "MultiPolygon", "coordinates": [ [ [ [ -121.2387, 36.54634 ], [ -121.21538, 36.56416 ], [ -121.21131, 36.5533 ], [ -121.19348, 36.5496 ], [ -121.19823, 36.54234 ], [ -121.19395, 36.53166 ], [ -121.18497, 36.53165 ], [ -121.18469, 36.54231 ], [ -121.16227, 36.54224 ], [ -121.1624, 36.53511 ], [ -121.14886, 36.53492 ], [ -121.13874, 36.51786 ], [ -121.12453, 36.51627 ], [ -121.10122, 36.49901 ], [ -121.13369, 36.49548 ], [ -121.13349, 36.48812 ], [ -121.11172, 36.49174 ], [ -121.10811, 36.48443 ], [ -121.11718, 36.47379 ], [ -121.14435, 36.47028 ], [ -121.1575, 36.43046 ], [ -121.15314, 36.41618 ], [ -121.17114, 36.41563 ], [ -121.17132, 36.40841 ], [ -121.18915, 36.40842 ], [ -121.18912, 36.42286 ], [ -121.2071, 36.42979 ], [ -121.20208, 36.44431 ], [ -121.20608, 36.47322 ], [ -121.23299, 36.47327 ], [ -121.23214, 36.50256 ], [ -121.24553, 36.503 ], [ -121.23992, 36.51709 ], [ -121.23099, 36.51704 ], [ -121.23017, 36.53156 ], [ -121.23883, 36.53547 ], [ -121.2298, 36.53894 ], [ -121.2387, 36.54634 ] ] ], [ [ [ -121.24342, 36.54632 ], [ -121.23879, 36.53909 ], [ -121.24348, 36.53906 ], [ -121.24342, 36.54632 ] ] ], [ [ [ -121.14512, 36.53505 ], [ -121.14418, 36.53323 ], [ -121.14835, 36.53457 ], [ -121.14512, 36.53505 ] ] ] ] } },
{ "type": "Feature", "properties": { "nationalParkName": "Redwood National Park", "name": "Redwood National Park", "unitCode": "REDW", "unitType": "National Parks", "state": "CA", "parkName": "Redwood", "source": "National Park Service Land Resources Division", "sourceLayerUrl": "https://services1.arcgis.com/fBc8EJBxQRMcHlei/ArcGIS/rest/services/NPS_Land_Resources_Division_Boundary_and_Tract_Data_Service/FeatureServer/2" }, "geometry": { "type": "Polygon", "coordinates": [ [ [ -124.1099, 41.84057 ], [ -124.10127, 41.81434 ], [ -124.0944, 41.81803 ], [ -124.07548, 41.8145 ], [ -124.08099, 41.80704 ], [ -124.07308, 41.79073 ], [ -124.05258, 41.78453 ], [ -124.06461, 41.7802 ], [ -124.06445, 41.77415 ], [ -124.03592, 41.77407 ], [ -124.02642, 41.76685 ], [ -124.0312, 41.74806 ], [ -124.01172, 41.74422 ], [ -124.0115, 41.7368 ], [ -124.00264, 41.73676 ], [ -124.0012, 41.72218 ], [ -123.99207, 41.72253 ], [ -123.98379, 41.70965 ], [ -123.98437, 41.6885 ], [ -123.97362, 41.68852 ], [ -123.97344, 41.68102 ], [ -123.98371, 41.68077 ], [ -123.97314, 41.64202 ], [ -124.00057, 41.63805 ], [ -124.00179, 41.64794 ], [ -124.03105, 41.64825 ], [ -124.03228, 41.66525 ], [ -124.04712, 41.66511 ], [ -124.04723, 41.66865 ], [ -124.10854, 41.66739 ], [ -124.10496, 41.61582 ], [ -124.10015, 41.61582 ], [ -124.09911, 41.59647 ], [ -124.088, 41.58584 ], [ -124.09293, 41.56843 ], [ -124.08319, 41.56078 ], [ -124.08899, 41.55767 ], [ -124.0749, 41.536 ], [ -124.05771, 41.53314 ], [ -124.04383, 41.52242 ], [ -124.07027, 41.51063 ], [ -124.05939, 41.47493 ], [ -124.0466, 41.46473 ], [ -124.03772, 41.46778 ], [ -124.01886, 41.44532 ], [ -124.02078, 41.43411 ], [ -123.99521, 41.42254 ], [ -124.00163, 41.40883 ], [ -123.99107, 41.40242 ], [ -123.9936, 41.38587 ], [ -123.97896, 41.36933 ], [ -123.97887, 41.35635 ], [ -123.96621, 41.35189 ], [ -123.96466, 41.33528 ], [ -123.94709, 41.32912 ], [ -123.94869, 41.31713 ], [ -123.96138, 41.30767 ], [ -123.96854, 41.28322 ], [ -123.98463, 41.27313 ], [ -123.98838, 41.25781 ], [ -123.97771, 41.23239 ], [ -123.96118, 41.22731 ], [ -123.95615, 41.20985 ], [ -123.92548, 41.18541 ], [ -123.91652, 41.16735 ], [ -123.88723, 41.16391 ], [ -123.88742, 41.15658 ], [ -123.87739, 41.15636 ], [ -123.87764, 41.1495 ], [ -123.86283, 41.14938 ], [ -123.85824, 41.13053 ], [ -123.84882, 41.13076 ], [ -123.84932, 41.11966 ], [ -123.87784, 41.12344 ], [ -123.88783, 41.13491 ], [ -123.89755, 41.13503 ], [ -123.90205, 41.12769 ], [ -123.91147, 41.13128 ], [ -123.91649, 41.11725 ], [ -123.93842, 41.10801 ], [ -123.94095, 41.08833 ], [ -123.95861, 41.0809 ], [ -123.98232, 41.11124 ], [ -124.01096, 41.13206 ], [ -124.02079, 41.15163 ], [ -124.05913, 41.16906 ], [ -124.07322, 41.18994 ], [ -124.06059, 41.21083 ], [ -124.07816, 41.24347 ], [ -124.07706, 41.25947 ], [ -124.086, 41.26674 ], [ -124.08561, 41.27739 ], [ -124.07762, 41.27688 ], [ -124.07741, 41.28095 ], [ -124.06456, 41.27757 ], [ -124.04122, 41.29843 ], [ -124.04454, 41.31075 ], [ -124.02984, 41.32853 ], [ -124.03043, 41.3372 ], [ -124.03363, 41.34054 ], [ -124.02844, 41.34665 ], [ -124.03457, 41.3412 ], [ -124.03101, 41.32953 ], [ -124.03789, 41.3261 ], [ -124.04721, 41.30474 ], [ -124.06515, 41.30052 ], [ -124.07621, 41.31009 ], [ -124.08328, 41.30843 ], [ -124.09434, 41.25933 ], [ -124.10516, 41.25904 ], [ -124.07741, 41.37968 ], [ -124.07151, 41.47065 ], [ -124.08908, 41.524 ], [ -124.08694, 41.54584 ], [ -124.1059, 41.56837 ], [ -124.10274, 41.58507 ], [ -124.11748, 41.59315 ], [ -124.11655, 41.6 ], [ -124.10553, 41.60135 ], [ -124.11993, 41.61386 ], [ -124.13186, 41.64933 ], [ -124.15076, 41.65705 ], [ -124.14131, 41.66257 ], [ -124.14298, 41.67877 ], [ -124.14882, 41.70907 ], [ -124.1601, 41.72794 ], [ -124.14216, 41.72972 ], [ -124.14521, 41.76542 ], [ -124.1551, 41.76907 ], [ -124.14195, 41.76903 ], [ -124.13566, 41.82263 ], [ -124.12284, 41.82259 ], [ -124.12279, 41.83326 ], [ -124.10867, 41.83318 ], [ -124.1099, 41.84057 ] ] ] } },
{ "type": "Feature", "properties": { "nationalParkName": "Rocky Mountain National Park", "name": "Rocky Mountain National Park", "unitCode": "ROMO", "unitType": "National Parks", "state": "CO", "parkName": "Rocky Mountain", "source": "National Park Service Land Resources Division", "sourceLayerUrl": "https://services1.arcgis.com/fBc8EJBxQRMcHlei/ArcGIS/rest/services/NPS_Land_Resources_Division_Boundary_and_Tract_Data_Service/FeatureServer/2" }, "geometry": { "type": "MultiPolygon", "coordinates": [ [ [ [ -105.53512, 40.31409 ], [ -105.53363, 40.29997 ], [ -105.55279, 40.3005 ], [ -105.55217, 40.29338 ], [ -105.56142, 40.28985 ], [ -105.55618, 40.26857 ], [ -105.56079, 40.26148 ], [ -105.54209, 40.26143 ], [ -105.5421, 40.22511 ], [ -105.53266, 40.22508 ], [ -105.53282, 40.21053 ], [ -105.54228, 40.21059 ], [ -105.54239, 40.19053 ], [ -105.56975, 40.17588 ], [ -105.57851, 40.16122 ], [ -105.60285, 40.1581 ], [ -105.66336, 40.17015 ], [ -105.69886, 40.16179 ], [ -105.72822, 40.17939 ], [ -105.75252, 40.16419 ], [ -105.77107, 40.16742 ], [ -105.78056, 40.17611 ], [ -105.81725, 40.16741 ], [ -105.81507, 40.17916 ], [ -105.84236, 40.21444 ], [ -105.83526, 40.23452 ], [ -105.80202, 40.23392 ], [ -105.79694, 40.23809 ], [ -105.79677, 40.24572 ], [ -105.80615, 40.24889 ], [ -105.79912, 40.25622 ], [ -105.84345, 40.25659 ], [ -105.84327, 40.27138 ], [ -105.85216, 40.27205 ], [ -105.84715, 40.28864 ], [ -105.86035, 40.30163 ], [ -105.85853, 40.31431 ], [ -105.87151, 40.31461 ], [ -105.86864, 40.37187 ], [ -105.87466, 40.367 ], [ -105.87762, 40.37359 ], [ -105.91372, 40.37293 ], [ -105.90337, 40.39032 ], [ -105.89922, 40.46579 ], [ -105.8916, 40.47671 ], [ -105.86266, 40.48006 ], [ -105.855, 40.4862 ], [ -105.82282, 40.47679 ], [ -105.80478, 40.49119 ], [ -105.77287, 40.49978 ], [ -105.74788, 40.52378 ], [ -105.75022, 40.53873 ], [ -105.73491, 40.5475 ], [ -105.69846, 40.55379 ], [ -105.68137, 40.54947 ], [ -105.66364, 40.52876 ], [ -105.63597, 40.53179 ], [ -105.62004, 40.54036 ], [ -105.60016, 40.53782 ], [ -105.5889, 40.52141 ], [ -105.55859, 40.50546 ], [ -105.51739, 40.51921 ], [ -105.51288, 40.43394 ], [ -105.49359, 40.43363 ], [ -105.49858, 40.4264 ], [ -105.49462, 40.40473 ], [ -105.50411, 40.40484 ], [ -105.51176, 40.39298 ], [ -105.53817, 40.38702 ], [ -105.53802, 40.38254 ], [ -105.55201, 40.38336 ], [ -105.55641, 40.39786 ], [ -105.58887, 40.40474 ], [ -105.58881, 40.39761 ], [ -105.5657, 40.39422 ], [ -105.56612, 40.38016 ], [ -105.56136, 40.38362 ], [ -105.552, 40.37976 ], [ -105.55204, 40.37615 ], [ -105.56622, 40.37645 ], [ -105.56644, 40.36937 ], [ -105.54385, 40.36301 ], [ -105.54987, 40.36028 ], [ -105.55687, 40.36522 ], [ -105.55731, 40.35968 ], [ -105.56678, 40.35987 ], [ -105.5712, 40.34865 ], [ -105.59175, 40.34337 ], [ -105.59176, 40.33254 ], [ -105.58196, 40.33607 ], [ -105.58209, 40.3253 ], [ -105.55333, 40.32175 ], [ -105.5485, 40.32537 ], [ -105.54361, 40.31117 ], [ -105.53512, 40.31409 ] ] ], [ [ [ -105.51527, 40.39589 ], [ -105.51888, 40.39449 ], [ -105.51251, 40.39407 ], [ -105.51527, 40.39589 ] ] ], [ [ [ -105.53363, 40.29997 ], [ -105.52419, 40.29938 ], [ -105.51185, 40.27567 ], [ -105.52337, 40.27498 ], [ -105.52323, 40.2679 ], [ -105.52794, 40.2681 ], [ -105.52831, 40.28557 ], [ -105.52359, 40.28888 ], [ -105.53304, 40.28942 ], [ -105.53363, 40.29997 ] ] ] ] } },
{ "type": "Feature", "properties": { "nationalParkName": "Saguaro National Park", "name": "Saguaro National Park", "unitCode": "SAGU", "unitType": "National Parks", "state": "AZ", "parkName": "Saguaro", "source": "National Park Service Land Resources Division", "sourceLayerUrl": "https://services1.arcgis.com/fBc8EJBxQRMcHlei/ArcGIS/rest/services/NPS_Land_Resources_Division_Boundary_and_Tract_Data_Service/FeatureServer/2" }, "geometry": { "type": "MultiPolygon", "coordinates": [ [ [ [ -110.49884, 32.23734 ], [ -110.49851, 32.10657 ], [ -110.60184, 32.10428 ], [ -110.60177, 32.11523 ], [ -110.5864, 32.11224 ], [ -110.58648, 32.14798 ], [ -110.60581, 32.14786 ], [ -110.60232, 32.13551 ], [ -110.61012, 32.12771 ], [ -110.6448, 32.12963 ], [ -110.65329, 32.11869 ], [ -110.66601, 32.11866 ], [ -110.65755, 32.12232 ], [ -110.65447, 32.13331 ], [ -110.67451, 32.13313 ], [ -110.6745, 32.12226 ], [ -110.68704, 32.12219 ], [ -110.68742, 32.14763 ], [ -110.73472, 32.14812 ], [ -110.73809, 32.22089 ], [ -110.72096, 32.22092 ], [ -110.72092, 32.23548 ], [ -110.49884, 32.23734 ] ] ], [ [ [ -111.13134, 32.34123 ], [ -111.12263, 32.33404 ], [ -111.11815, 32.31599 ], [ -111.11388, 32.32314 ], [ -111.08936, 32.32316 ], [ -111.08868, 32.31598 ], [ -111.10262, 32.30511 ], [ -111.11395, 32.30507 ], [ -111.1054, 32.30148 ], [ -111.10541, 32.29427 ], [ -111.1225, 32.29133 ], [ -111.12248, 32.2809 ], [ -111.11386, 32.27972 ], [ -111.1139, 32.26515 ], [ -111.08407, 32.26515 ], [ -111.07976, 32.25074 ], [ -111.21818, 32.2482 ], [ -111.21817, 32.26272 ], [ -111.23528, 32.26269 ], [ -111.23528, 32.26996 ], [ -111.24384, 32.26996 ], [ -111.24384, 32.27722 ], [ -111.23527, 32.27723 ], [ -111.23527, 32.29175 ], [ -111.21815, 32.29177 ], [ -111.21817, 32.30627 ], [ -111.23527, 32.30626 ], [ -111.23529, 32.31354 ], [ -111.18399, 32.31352 ], [ -111.18399, 32.30624 ], [ -111.1669, 32.30622 ], [ -111.1669, 32.33528 ], [ -111.18233, 32.3353 ], [ -111.18238, 32.35183 ], [ -111.1314, 32.35207 ], [ -111.13134, 32.34123 ] ] ] ] } },
{ "type": "Feature", "properties": { "nationalParkName": "Sequoia National Park", "name": "Sequoia National Park", "unitCode": "SEQU", "unitType": "National Parks", "state": "CA", "parkName": "Sequoia", "source": "National Park Service Land Resources Division", "sourceLayerUrl": "https://services1.arcgis.com/fBc8EJBxQRMcHlei/ArcGIS/rest/services/NPS_Land_Resources_Division_Boundary_and_Tract_Data_Service/FeatureServer/2" }, "geometry": { "type": "Polygon", "coordinates": [ [ [ -118.91465, 36.6086 ], [ -118.90183, 36.61376 ], [ -118.90089, 36.62037 ], [ -118.87853, 36.62407 ], [ -118.86886, 36.63447 ], [ -118.85406, 36.63772 ], [ -118.80229, 36.67603 ], [ -118.77899, 36.68113 ], [ -118.72008, 36.67316 ], [ -118.71744, 36.66706 ], [ -118.70683, 36.66549 ], [ -118.69005, 36.63804 ], [ -118.6607, 36.64011 ], [ -118.64862, 36.63234 ], [ -118.63478, 36.63678 ], [ -118.61151, 36.62507 ], [ -118.60302, 36.61067 ], [ -118.58245, 36.61337 ], [ -118.58342, 36.60341 ], [ -118.57496, 36.59753 ], [ -118.53095, 36.59292 ], [ -118.48441, 36.63463 ], [ -118.4863, 36.64739 ], [ -118.4737, 36.65927 ], [ -118.47571, 36.66893 ], [ -118.45274, 36.67739 ], [ -118.44959, 36.68561 ], [ -118.43196, 36.68411 ], [ -118.42724, 36.69813 ], [ -118.38254, 36.69855 ], [ -118.35254, 36.68307 ], [ -118.34668, 36.67238 ], [ -118.33336, 36.6729 ], [ -118.32904, 36.66708 ], [ -118.33696, 36.65399 ], [ -118.31788, 36.63998 ], [ -118.3216, 36.62835 ], [ -118.31078, 36.62612 ], [ -118.29661, 36.6077 ], [ -118.27466, 36.5975 ], [ -118.28905, 36.59052 ], [ -118.29164, 36.55957 ], [ -118.27607, 36.55087 ], [ -118.26518, 36.5518 ], [ -118.25241, 36.54171 ], [ -118.24986, 36.52468 ], [ -118.23743, 36.52039 ], [ -118.24217, 36.49982 ], [ -118.23478, 36.4939 ], [ -118.26792, 36.46833 ], [ -118.28556, 36.46571 ], [ -118.29943, 36.45474 ], [ -118.32486, 36.45443 ], [ -118.33375, 36.44549 ], [ -118.3636, 36.43682 ], [ -118.38138, 36.36892 ], [ -118.40317, 36.35297 ], [ -118.40514, 36.34205 ], [ -118.42939, 36.33258 ], [ -118.44735, 36.31209 ], [ -118.46006, 36.31189 ], [ -118.47987, 36.32524 ], [ -118.49295, 36.34981 ], [ -118.48744, 36.35759 ], [ -118.51708, 36.37527 ], [ -118.52376, 36.38604 ], [ -118.54764, 36.38994 ], [ -118.55256, 36.40631 ], [ -118.58135, 36.3984 ], [ -118.59208, 36.38452 ], [ -118.58006, 36.37838 ], [ -118.59735, 36.35316 ], [ -118.59176, 36.33475 ], [ -118.57067, 36.32668 ], [ -118.56396, 36.30787 ], [ -118.572, 36.30018 ], [ -118.60672, 36.30377 ], [ -118.61334, 36.31438 ], [ -118.62721, 36.30744 ], [ -118.68922, 36.31391 ], [ -118.69613, 36.29488 ], [ -118.71537, 36.29168 ], [ -118.71426, 36.2956 ], [ -118.72355, 36.29525 ], [ -118.71559, 36.30768 ], [ -118.7207, 36.30697 ], [ -118.71953, 36.31461 ], [ -118.77471, 36.31015 ], [ -118.77898, 36.3174 ], [ -118.76751, 36.39635 ], [ -118.76639, 36.4862 ], [ -118.83631, 36.48679 ], [ -118.83968, 36.48019 ], [ -118.83855, 36.48608 ], [ -118.8819, 36.48638 ], [ -118.88162, 36.54168 ], [ -118.89663, 36.54448 ], [ -118.90577, 36.5597 ], [ -118.89443, 36.57684 ], [ -118.91918, 36.59783 ], [ -118.91465, 36.6086 ] ] ] } },
{ "type": "Feature", "properties": { "nationalParkName": "Shenandoah National Park", "name": "Shenandoah National Park", "unitCode": "SHEN", "unitType": "National Parks", "state": "VA", "parkName": "Shenandoah", "source": "National Park Service Land Resources Division", "sourceLayerUrl": "https://services1.arcgis.com/fBc8EJBxQRMcHlei/ArcGIS/rest/services/NPS_Land_Resources_Division_Boundary_and_Tract_Data_Service/FeatureServer/2" }, "geometry": { "type": "MultiPolygon", "coordinates": [ [ [ [ -78.20451, 38.90462 ], [ -78.19027, 38.90657 ], [ -78.19001, 38.89306 ], [ -78.18299, 38.8919 ], [ -78.18107, 38.89731 ], [ -78.17069, 38.88809 ], [ -78.17781, 38.87839 ], [ -78.19197, 38.87793 ], [ -78.1976, 38.85061 ], [ -78.18783, 38.84391 ], [ -78.17468, 38.8484 ], [ -78.16839, 38.84236 ], [ -78.15291, 38.85101 ], [ -78.15, 38.84618 ], [ -78.16193, 38.81617 ], [ -78.15335, 38.81359 ], [ -78.15126, 38.80501 ], [ -78.1584, 38.79318 ], [ -78.16942, 38.78998 ], [ -78.16037, 38.78485 ], [ -78.17103, 38.78521 ], [ -78.16329, 38.76958 ], [ -78.15796, 38.77009 ], [ -78.16492, 38.75482 ], [ -78.15521, 38.75164 ], [ -78.1796, 38.74158 ], [ -78.19066, 38.75157 ], [ -78.18597, 38.75889 ], [ -78.19431, 38.75889 ], [ -78.21432, 38.74917 ], [ -78.23063, 38.74853 ], [ -78.23586, 38.75456 ], [ -78.25722, 38.74608 ], [ -78.25987, 38.7259 ], [ -78.25107, 38.724 ], [ -78.24181, 38.70794 ], [ -78.2517, 38.69994 ], [ -78.26313, 38.7022 ], [ -78.2819, 38.69231 ], [ -78.27621, 38.68541 ], [ -78.26879, 38.69199 ], [ -78.26364, 38.67259 ], [ -78.24854, 38.67428 ], [ -78.24625, 38.66551 ], [ -78.2592, 38.66795 ], [ -78.27229, 38.65351 ], [ -78.25009, 38.64688 ], [ -78.25516, 38.63574 ], [ -78.24973, 38.63241 ], [ -78.25849, 38.63284 ], [ -78.26054, 38.61401 ], [ -78.27301, 38.60689 ], [ -78.2686, 38.59534 ], [ -78.30058, 38.57627 ], [ -78.29959, 38.56639 ], [ -78.29261, 38.57211 ], [ -78.29526, 38.56574 ], [ -78.28091, 38.55452 ], [ -78.28163, 38.53768 ], [ -78.29487, 38.53357 ], [ -78.29547, 38.522 ], [ -78.30321, 38.5166 ], [ -78.31427, 38.52468 ], [ -78.30986, 38.51482 ], [ -78.31694, 38.50714 ], [ -78.33697, 38.51445 ], [ -78.34229, 38.5103 ], [ -78.34089, 38.5183 ], [ -78.33276, 38.51953 ], [ -78.33923, 38.53017 ], [ -78.34703, 38.53134 ], [ -78.3389, 38.54175 ], [ -78.34532, 38.54961 ], [ -78.35883, 38.53676 ], [ -78.35217, 38.5297 ], [ -78.35312, 38.5131 ], [ -78.36591, 38.51574 ], [ -78.36637, 38.5083 ], [ -78.37452, 38.51199 ], [ -78.37525, 38.50521 ], [ -78.40011, 38.50039 ], [ -78.40758, 38.50953 ], [ -78.4036, 38.49244 ], [ -78.42088, 38.47887 ], [ -78.39558, 38.4612 ], [ -78.384, 38.46768 ], [ -78.38539, 38.47966 ], [ -78.3663, 38.47634 ], [ -78.35405, 38.44936 ], [ -78.35734, 38.44462 ], [ -78.36595, 38.44368 ], [ -78.36705, 38.43702 ], [ -78.38328, 38.43936 ], [ -78.38779, 38.43154 ], [ -78.38076, 38.42214 ], [ -78.38923, 38.42222 ], [ -78.4307, 38.47317 ], [ -78.43977, 38.46324 ], [ -78.44366, 38.46598 ], [ -78.44463, 38.451 ], [ -78.43672, 38.43931 ], [ -78.46192, 38.42932 ], [ -78.45145, 38.42469 ], [ -78.44981, 38.4262 ], [ -78.43354, 38.42895 ], [ -78.43406, 38.43617 ], [ -78.43418, 38.4197 ], [ -78.44409, 38.41727 ], [ -78.44219, 38.40679 ], [ -78.44967, 38.40698 ], [ -78.4496, 38.40133 ], [ -78.46085, 38.39993 ], [ -78.46595, 38.39225 ], [ -78.47176, 38.39835 ], [ -78.48924, 38.38521 ], [ -78.50013, 38.39741 ], [ -78.504, 38.39116 ], [ -78.49406, 38.37473 ], [ -78.50424, 38.36909 ], [ -78.50258, 38.35865 ], [ -78.48658, 38.36739 ], [ -78.47614, 38.36079 ], [ -78.5105, 38.34247 ], [ -78.51508, 38.32982 ], [ -78.54138, 38.33485 ], [ -78.55553, 38.32386 ], [ -78.56051, 38.32739 ], [ -78.56188, 38.32244 ], [ -78.57633, 38.32305 ], [ -78.57576, 38.31386 ], [ -78.59088, 38.31896 ], [ -78.59572, 38.31412 ], [ -78.58599, 38.31027 ], [ -78.58883, 38.30553 ], [ -78.61099, 38.30414 ], [ -78.60644, 38.29285 ], [ -78.61926, 38.29067 ], [ -78.63144, 38.27829 ], [ -78.62695, 38.27576 ], [ -78.64832, 38.2779 ], [ -78.64736, 38.27097 ], [ -78.62547, 38.26374 ], [ -78.6368, 38.2504 ], [ -78.6338, 38.24575 ], [ -78.66264, 38.23991 ], [ -78.6612, 38.23406 ], [ -78.68021, 38.23335 ], [ -78.69879, 38.20093 ], [ -78.70907, 38.19733 ], [ -78.70452, 38.19618 ], [ -78.7156, 38.19534 ], [ -78.70734, 38.21199 ], [ -78.71259, 38.21104 ], [ -78.71235, 38.21976 ], [ -78.71755, 38.2239 ], [ -78.7266, 38.21834 ], [ -78.72125, 38.21063 ], [ -78.72758, 38.19999 ], [ -78.73586, 38.20192 ], [ -78.74219, 38.18695 ], [ -78.73228, 38.18451 ], [ -78.73753, 38.15222 ], [ -78.7328, 38.15037 ], [ -78.74037, 38.13922 ], [ -78.74762, 38.14333 ], [ -78.75744, 38.13673 ], [ -78.7668, 38.12017 ], [ -78.75494, 38.10965 ], [ -78.75982, 38.10423 ], [ -78.77018, 38.10478 ], [ -78.77146, 38.09538 ], [ -78.77847, 38.09591 ], [ -78.79933, 38.07744 ], [ -78.78788, 38.07013 ], [ -78.79169, 38.06102 ], [ -78.80853, 38.05545 ], [ -78.82257, 38.05971 ], [ -78.85936, 38.0336 ], [ -78.84546, 38.0505 ], [ -78.82871, 38.05864 ], [ -78.83636, 38.06689 ], [ -78.82849, 38.06296 ], [ -78.81499, 38.06954 ], [ -78.81661, 38.07471 ], [ -78.80117, 38.07019 ], [ -78.81741, 38.06544 ], [ -78.81617, 38.06057 ], [ -78.79351, 38.06355 ], [ -78.79107, 38.06888 ], [ -78.80913, 38.08209 ], [ -78.7831, 38.09264 ], [ -78.82429, 38.09983 ], [ -78.83368, 38.10807 ], [ -78.81236, 38.13832 ], [ -78.79201, 38.15505 ], [ -78.81112, 38.15691 ], [ -78.81422, 38.16704 ], [ -78.79708, 38.18764 ], [ -78.80642, 38.19216 ], [ -78.79366, 38.19869 ], [ -78.78519, 38.23221 ], [ -78.79568, 38.23771 ], [ -78.79882, 38.23039 ], [ -78.80848, 38.22991 ], [ -78.8096, 38.25271 ], [ -78.7894, 38.24477 ], [ -78.78596, 38.2635 ], [ -78.77033, 38.25719 ], [ -78.75096, 38.29046 ], [ -78.73484, 38.29776 ], [ -78.73813, 38.30496 ], [ -78.73191, 38.30598 ], [ -78.73142, 38.31305 ], [ -78.71801, 38.30279 ], [ -78.70777, 38.30692 ], [ -78.71131, 38.31217 ], [ -78.70494, 38.31359 ], [ -78.7126, 38.32103 ], [ -78.69511, 38.3192 ], [ -78.67264, 38.33249 ], [ -78.65519, 38.3561 ], [ -78.64263, 38.35253 ], [ -78.6386, 38.35608 ], [ -78.62718, 38.37715 ], [ -78.62453, 38.36756 ], [ -78.62037, 38.37411 ], [ -78.60216, 38.37147 ], [ -78.62407, 38.37914 ], [ -78.60166, 38.39467 ], [ -78.59084, 38.36475 ], [ -78.60594, 38.35714 ], [ -78.6227, 38.3594 ], [ -78.61654, 38.34612 ], [ -78.6315, 38.34218 ], [ -78.62691, 38.33455 ], [ -78.63391, 38.31832 ], [ -78.6108, 38.31918 ], [ -78.61175, 38.32805 ], [ -78.60642, 38.32414 ], [ -78.60098, 38.33596 ], [ -78.58478, 38.33632 ], [ -78.58522, 38.34471 ], [ -78.57422, 38.33719 ], [ -78.55893, 38.34428 ], [ -78.57142, 38.34726 ], [ -78.56985, 38.35558 ], [ -78.58544, 38.36237 ], [ -78.57651, 38.3661 ], [ -78.57097, 38.37903 ], [ -78.55594, 38.37412 ], [ -78.54795, 38.38165 ], [ -78.53125, 38.3787 ], [ -78.53073, 38.39235 ], [ -78.54019, 38.39675 ], [ -78.52427, 38.40744 ], [ -78.52751, 38.41378 ], [ -78.54149, 38.40913 ], [ -78.54992, 38.41236 ], [ -78.55379, 38.42231 ], [ -78.52988, 38.43643 ], [ -78.5198, 38.41941 ], [ -78.50184, 38.41484 ], [ -78.50352, 38.42564 ], [ -78.49313, 38.43313 ], [ -78.49714, 38.44813 ], [ -78.49199, 38.44465 ], [ -78.48058, 38.45765 ], [ -78.4845, 38.4631 ], [ -78.49913, 38.46261 ], [ -78.49729, 38.48411 ], [ -78.5141, 38.49528 ], [ -78.52855, 38.49526 ], [ -78.53218, 38.4832 ], [ -78.55754, 38.46002 ], [ -78.57739, 38.53135 ], [ -78.52136, 38.50716 ], [ -78.50514, 38.50626 ], [ -78.48692, 38.5214 ], [ -78.47174, 38.50916 ], [ -78.47547, 38.4959 ], [ -78.46163, 38.49567 ], [ -78.46045, 38.5138 ], [ -78.46977, 38.51149 ], [ -78.47309, 38.51902 ], [ -78.45457, 38.52438 ], [ -78.44333, 38.54405 ], [ -78.43471, 38.5437 ], [ -78.43661, 38.55362 ], [ -78.41678, 38.56276 ], [ -78.42316, 38.57207 ], [ -78.41919, 38.57638 ], [ -78.40754, 38.56595 ], [ -78.40004, 38.58279 ], [ -78.40226, 38.60848 ], [ -78.39248, 38.61665 ], [ -78.38206, 38.61477 ], [ -78.38089, 38.62009 ], [ -78.3717, 38.61727 ], [ -78.37382, 38.62777 ], [ -78.36486, 38.6272 ], [ -78.36205, 38.63405 ], [ -78.35004, 38.63137 ], [ -78.34563, 38.63434 ], [ -78.35177, 38.63827 ], [ -78.3401, 38.63819 ], [ -78.3333, 38.64743 ], [ -78.35719, 38.65106 ], [ -78.36503, 38.65849 ], [ -78.35253, 38.66518 ], [ -78.3425, 38.66249 ], [ -78.34333, 38.68114 ], [ -78.32874, 38.68698 ], [ -78.33311, 38.69244 ], [ -78.32824, 38.69518 ], [ -78.34695, 38.69647 ], [ -78.37472, 38.67775 ], [ -78.37618, 38.68461 ], [ -78.38665, 38.6825 ], [ -78.39948, 38.69214 ], [ -78.39153, 38.69512 ], [ -78.39922, 38.71206 ], [ -78.39249, 38.71971 ], [ -78.38939, 38.70753 ], [ -78.38077, 38.71045 ], [ -78.38219, 38.71967 ], [ -78.35166, 38.74407 ], [ -78.34859, 38.7547 ], [ -78.32703, 38.75859 ], [ -78.33071, 38.7704 ], [ -78.35851, 38.7733 ], [ -78.34964, 38.79368 ], [ -78.33652, 38.79816 ], [ -78.33355, 38.81365 ], [ -78.31994, 38.82068 ], [ -78.31301, 38.81347 ], [ -78.31945, 38.79884 ], [ -78.30982, 38.79671 ], [ -78.2911, 38.81115 ], [ -78.26866, 38.80439 ], [ -78.27598, 38.78253 ], [ -78.2589, 38.77088 ], [ -78.24726, 38.78235 ], [ -78.22877, 38.78642 ], [ -78.22872, 38.78198 ], [ -78.21596, 38.78204 ], [ -78.19699, 38.79529 ], [ -78.19106, 38.8066 ], [ -78.20133, 38.81037 ], [ -78.19888, 38.82196 ], [ -78.20566, 38.82189 ], [ -78.21218, 38.83513 ], [ -78.20849, 38.87212 ], [ -78.21729, 38.87696 ], [ -78.20556, 38.88899 ], [ -78.2092, 38.89486 ], [ -78.19621, 38.897 ], [ -78.19489, 38.90317 ], [ -78.20451, 38.90462 ] ] ], [ [ [ -78.48695, 38.5114 ], [ -78.48797, 38.51141 ], [ -78.4877, 38.51069 ], [ -78.48695, 38.5114 ] ] ], [ [ [ -78.20319, 38.90312 ], [ -78.20339, 38.90273 ], [ -78.20576, 38.90443 ], [ -78.20319, 38.90312 ] ] ], [ [ [ -78.20164, 38.91026 ], [ -78.20366, 38.90568 ], [ -78.20549, 38.90623 ], [ -78.20164, 38.91026 ] ] ], [ [ [ -78.18691, 38.7417 ], [ -78.18438, 38.73744 ], [ -78.19197, 38.73726 ], [ -78.18691, 38.7417 ] ] ], [ [ [ -78.37081, 38.67066 ], [ -78.36594, 38.66433 ], [ -78.37588, 38.65679 ], [ -78.37839, 38.66672 ], [ -78.37081, 38.67066 ] ] ] ] } },
{ "type": "Feature", "properties": { "nationalParkName": "Theodore Roosevelt National Park", "name": "Theodore Roosevelt National Park", "unitCode": "THRO", "unitType": "National Parks", "state": "ND", "parkName": "Theodore Roosevelt", "source": "National Park Service Land Resources Division", "sourceLayerUrl": "https://services1.arcgis.com/fBc8EJBxQRMcHlei/ArcGIS/rest/services/NPS_Land_Resources_Division_Boundary_and_Tract_Data_Service/FeatureServer/2" }, "geometry": { "type": "MultiPolygon", "coordinates": [ [ [ [ -103.57202, 47.02317 ], [ -103.52998, 47.0231 ], [ -103.51933, 47.01592 ], [ -103.5088, 47.01594 ], [ -103.50879, 47.00874 ], [ -103.47707, 47.00874 ], [ -103.47705, 46.99429 ], [ -103.41361, 46.99442 ], [ -103.41355, 46.97998 ], [ -103.39237, 46.98 ], [ -103.31552, 46.93369 ], [ -103.31552, 46.89657 ], [ -103.36345, 46.88828 ], [ -103.38248, 46.89477 ], [ -103.39661, 46.89112 ], [ -103.41512, 46.90131 ], [ -103.51477, 46.9219 ], [ -103.52254, 46.92192 ], [ -103.51999, 46.91488 ], [ -103.5268, 46.91425 ], [ -103.52932, 46.92364 ], [ -103.54626, 46.93235 ], [ -103.56746, 46.92879 ], [ -103.56749, 46.96882 ], [ -103.5781, 46.97984 ], [ -103.59327, 46.97985 ], [ -103.60383, 47.0015 ], [ -103.57202, 47.02317 ] ] ], [ [ [ -103.62059, 47.24725 ], [ -103.61932, 47.23277 ], [ -103.62544, 47.23276 ], [ -103.63077, 47.24362 ], [ -103.62059, 47.24725 ] ] ], [ [ [ -103.41916, 47.63164 ], [ -103.3234, 47.63148 ], [ -103.32335, 47.62421 ], [ -103.31271, 47.62416 ], [ -103.3127, 47.61693 ], [ -103.2644, 47.61676 ], [ -103.25905, 47.6113 ], [ -103.24301, 47.60943 ], [ -103.24832, 47.59058 ], [ -103.27504, 47.59993 ], [ -103.28338, 47.5838 ], [ -103.29701, 47.57799 ], [ -103.30559, 47.57817 ], [ -103.31221, 47.58778 ], [ -103.3122, 47.57429 ], [ -103.37536, 47.57395 ], [ -103.37501, 47.54506 ], [ -103.4293, 47.54501 ], [ -103.43997, 47.55225 ], [ -103.44011, 47.55952 ], [ -103.46148, 47.56736 ], [ -103.4617, 47.60275 ], [ -103.4512, 47.60274 ], [ -103.45123, 47.61359 ], [ -103.44049, 47.61358 ], [ -103.44055, 47.62446 ], [ -103.41915, 47.62441 ], [ -103.41916, 47.63164 ] ] ] ] } },
{ "type": "Feature", "properties": { "nationalParkName": "Virgin Islands National Park", "name": "Virgin Islands National Park", "unitCode": "VIIS", "unitType": "National Parks", "state": "VI", "parkName": "Virgin Islands", "source": "National Park Service Land Resources Division", "sourceLayerUrl": "https://services1.arcgis.com/fBc8EJBxQRMcHlei/ArcGIS/rest/services/NPS_Land_Resources_Division_Boundary_and_Tract_Data_Service/FeatureServer/2" }, "geometry": { "type": "MultiPolygon", "coordinates": [ [ [ [ -64.68847, 18.36468 ], [ -64.67736, 18.35079 ], [ -64.69104, 18.33938 ], [ -64.69109, 18.35635 ], [ -64.70399, 18.35411 ], [ -64.70518, 18.34052 ], [ -64.70943, 18.35376 ], [ -64.73172, 18.34593 ], [ -64.70958, 18.32929 ], [ -64.70689, 18.3112 ], [ -64.6968, 18.31135 ], [ -64.6968, 18.29663 ], [ -64.73291, 18.31135 ], [ -64.76347, 18.31135 ], [ -64.75996, 18.32615 ], [ -64.76903, 18.32599 ], [ -64.77245, 18.33793 ], [ -64.80236, 18.33357 ], [ -64.80236, 18.35635 ], [ -64.74264, 18.37718 ], [ -64.68847, 18.36468 ] ] ], [ [ [ -64.79575, 18.33002 ], [ -64.79615, 18.32947 ], [ -64.79734, 18.3295 ], [ -64.79575, 18.33002 ] ] ], [ [ [ -64.84824, 18.32445 ], [ -64.84928, 18.32343 ], [ -64.85557, 18.32254 ], [ -64.84824, 18.32445 ] ] ], [ [ [ -64.9032, 18.34672 ], [ -64.9046, 18.34799 ], [ -64.90352, 18.34884 ], [ -64.9032, 18.34672 ] ] ], [ [ [ -64.93716, 18.33705 ], [ -64.92923, 18.32652 ], [ -64.93274, 18.32163 ], [ -64.94023, 18.3331 ], [ -64.93716, 18.33705 ] ] ] ] } },
{ "type": "Feature", "properties": { "nationalParkName": "Voyageurs National Park", "name": "Voyageurs National Park", "unitCode": "VOYA", "unitType": "National Parks", "state": "MN", "parkName": "Voyageurs", "source": "National Park Service Land Resources Division", "sourceLayerUrl": "https://services1.arcgis.com/fBc8EJBxQRMcHlei/ArcGIS/rest/services/NPS_Land_Resources_Division_Boundary_and_Tract_Data_Service/FeatureServer/2" }, "geometry": { "type": "MultiPolygon", "coordinates": [ [ [ [ -92.95471, 48.63152 ], [ -92.94998, 48.60833 ], [ -92.92954, 48.6069 ], [ -92.91007, 48.59634 ], [ -92.89452, 48.59493 ], [ -92.72858, 48.53921 ], [ -92.65802, 48.546 ], [ -92.63508, 48.54232 ], [ -92.62728, 48.50304 ], [ -92.69893, 48.49467 ], [ -92.713, 48.46284 ], [ -92.68847, 48.44355 ], [ -92.6566, 48.43629 ], [ -92.50788, 48.44767 ], [ -92.47593, 48.4183 ], [ -92.45692, 48.41375 ], [ -92.45691, 48.40077 ], [ -92.47706, 48.3716 ], [ -92.45395, 48.32899 ], [ -92.46541, 48.32512 ], [ -92.46369, 48.30267 ], [ -92.47315, 48.29931 ], [ -92.48091, 48.30699 ], [ -92.49976, 48.31084 ], [ -92.49222, 48.31189 ], [ -92.49843, 48.32276 ], [ -92.50596, 48.32274 ], [ -92.49984, 48.31974 ], [ -92.50687, 48.31717 ], [ -92.50589, 48.30886 ], [ -92.52019, 48.3091 ], [ -92.52032, 48.32382 ], [ -92.57195, 48.32423 ], [ -92.58352, 48.33693 ], [ -92.58555, 48.35255 ], [ -92.61123, 48.37233 ], [ -92.60465, 48.36337 ], [ -92.6167, 48.36447 ], [ -92.62887, 48.37307 ], [ -92.62862, 48.38219 ], [ -92.71592, 48.38245 ], [ -92.71559, 48.41153 ], [ -92.73734, 48.41139 ], [ -92.73729, 48.39708 ], [ -92.78116, 48.39748 ], [ -92.78365, 48.41851 ], [ -92.79926, 48.42473 ], [ -92.80003, 48.41134 ], [ -92.84335, 48.41166 ], [ -92.83589, 48.39762 ], [ -92.84672, 48.41171 ], [ -92.89691, 48.41244 ], [ -92.89773, 48.3915 ], [ -92.95243, 48.39404 ], [ -92.95209, 48.40852 ], [ -93.00705, 48.40928 ], [ -93.00528, 48.42465 ], [ -93.01274, 48.42579 ], [ -93.00238, 48.4285 ], [ -93.02993, 48.44756 ], [ -93.04805, 48.44778 ], [ -93.06408, 48.4541 ], [ -93.05356, 48.45375 ], [ -93.05665, 48.45896 ], [ -93.04855, 48.46255 ], [ -93.06359, 48.46669 ], [ -93.05891, 48.47036 ], [ -93.06549, 48.4721 ], [ -93.0677, 48.46611 ], [ -93.08075, 48.46506 ], [ -93.08048, 48.47946 ], [ -93.06892, 48.47927 ], [ -93.06389, 48.47421 ], [ -93.05247, 48.48062 ], [ -93.05722, 48.48433 ], [ -93.07405, 48.48277 ], [ -93.07247, 48.48806 ], [ -93.08894, 48.4926 ], [ -93.1021, 48.48933 ], [ -93.10223, 48.47392 ], [ -93.15606, 48.474 ], [ -93.15606, 48.50958 ], [ -93.14507, 48.51651 ], [ -93.11235, 48.51549 ], [ -93.11193, 48.54595 ], [ -93.10128, 48.54026 ], [ -93.10623, 48.54721 ], [ -93.09009, 48.54707 ], [ -93.09893, 48.55364 ], [ -93.08413, 48.56211 ], [ -93.09992, 48.57018 ], [ -93.10905, 48.5585 ], [ -93.14769, 48.57273 ], [ -93.14528, 48.57618 ], [ -93.15492, 48.58437 ], [ -93.15411, 48.62464 ], [ -93.09022, 48.62787 ], [ -92.9845, 48.62382 ], [ -92.95471, 48.63152 ] ] ], [ [ [ -93.14952, 48.57435 ], [ -93.14964, 48.57449 ], [ -93.14933, 48.57454 ], [ -93.14952, 48.57435 ] ] ], [ [ [ -93.1353, 48.56409 ], [ -93.13572, 48.56408 ], [ -93.1358, 48.56428 ], [ -93.1353, 48.56409 ] ] ], [ [ [ -93.14871, 48.57452 ], [ -93.14902, 48.57492 ], [ -93.14859, 48.57469 ], [ -93.14871, 48.57452 ] ] ], [ [ [ -93.15104, 48.57892 ], [ -93.15136, 48.57922 ], [ -93.1508, 48.57932 ], [ -93.15104, 48.57892 ] ] ], [ [ [ -92.47865, 48.3018 ], [ -92.47939, 48.30207 ], [ -92.47885, 48.30231 ], [ -92.47865, 48.3018 ] ] ], [ [ [ -92.47674, 48.30127 ], [ -92.47759, 48.30193 ], [ -92.47691, 48.30191 ], [ -92.47674, 48.30127 ] ] ], [ [ [ -93.15136, 48.5803 ], [ -93.15289, 48.57992 ], [ -93.15399, 48.58029 ], [ -93.15136, 48.5803 ] ] ], [ [ [ -93.16667, 48.60236 ], [ -93.16981, 48.60238 ], [ -93.1686, 48.603 ], [ -93.16667, 48.60236 ] ] ], [ [ [ -93.198, 48.59661 ], [ -93.20365, 48.59344 ], [ -93.20351, 48.59666 ], [ -93.198, 48.59661 ] ] ], [ [ [ -93.19396, 48.59507 ], [ -93.15837, 48.5886 ], [ -93.15849, 48.58002 ], [ -93.19416, 48.58913 ], [ -93.19396, 48.59507 ] ] ] ] } },
{ "type": "Feature", "properties": { "nationalParkName": "White Sands National Park", "name": "White Sands National Park", "unitCode": "WHSA", "unitType": "National Parks", "state": "NM", "parkName": "White Sands", "source": "National Park Service Land Resources Division", "sourceLayerUrl": "https://services1.arcgis.com/fBc8EJBxQRMcHlei/ArcGIS/rest/services/NPS_Land_Resources_Division_Boundary_and_Tract_Data_Service/FeatureServer/2" }, "geometry": { "type": "MultiPolygon", "coordinates": [ [ [ [ -106.17078, 32.81114 ], [ -106.1494, 32.80756 ], [ -106.14969, 32.79058 ], [ -106.17541, 32.77636 ], [ -106.24314, 32.68706 ], [ -106.3424, 32.67938 ], [ -106.34244, 32.6647 ], [ -106.37664, 32.6645 ], [ -106.37666, 32.65716 ], [ -106.42967, 32.65628 ], [ -106.46037, 32.67639 ], [ -106.46304, 32.75698 ], [ -106.47926, 32.78311 ], [ -106.47963, 32.86802 ], [ -106.15266, 32.87312 ], [ -106.15344, 32.82943 ], [ -106.17056, 32.82939 ], [ -106.17078, 32.81114 ] ] ], [ [ [ -106.17936, 32.73999 ], [ -106.17542, 32.77542 ], [ -106.15802, 32.7857 ], [ -106.14013, 32.78572 ], [ -106.14012, 32.76313 ], [ -106.17936, 32.73999 ] ] ] ] } },
{ "type": "Feature", "properties": { "nationalParkName": "Wind Cave National Park", "name": "Wind Cave National Park", "unitCode": "WICA", "unitType": "National Parks", "state": "SD", "parkName": "Wind Cave", "source": "National Park Service Land Resources Division", "sourceLayerUrl": "https://services1.arcgis.com/fBc8EJBxQRMcHlei/ArcGIS/rest/services/NPS_Land_Resources_Division_Boundary_and_Tract_Data_Service/FeatureServer/2" }, "geometry": { "type": "MultiPolygon", "coordinates": [ [ [ [ -103.46083, 43.6405 ], [ -103.44114, 43.62964 ], [ -103.33685, 43.62573 ], [ -103.33682, 43.60767 ], [ -103.34123, 43.59323 ], [ -103.3614, 43.5933 ], [ -103.36149, 43.56798 ], [ -103.41132, 43.56446 ], [ -103.41141, 43.55361 ], [ -103.40143, 43.55361 ], [ -103.40644, 43.55 ], [ -103.4015, 43.53914 ], [ -103.42143, 43.53919 ], [ -103.42161, 43.52105 ], [ -103.44157, 43.52109 ], [ -103.43702, 43.51021 ], [ -103.46104, 43.4972 ], [ -103.47152, 43.51899 ], [ -103.49085, 43.51375 ], [ -103.50094, 43.52093 ], [ -103.52075, 43.52086 ], [ -103.52069, 43.54275 ], [ -103.50072, 43.55731 ], [ -103.50076, 43.63309 ], [ -103.48082, 43.64048 ], [ -103.46083, 43.6405 ] ] ], [ [ [ -103.54317, 43.57855 ], [ -103.54068, 43.57128 ], [ -103.55065, 43.57126 ], [ -103.55064, 43.5749 ], [ -103.54317, 43.57855 ] ] ] ] } },
{ "type": "Feature", "properties": { "nationalParkName": "Wrangell-St. Elias National Park", "name": "Wrangell-St. Elias National Park", "unitCode": "WRST", "unitType": "National Parks", "state": "AK", "parkName": "Wrangell - St Elias", "source": "National Park Service Land Resources Division", "sourceLayerUrl": "https://services1.arcgis.com/fBc8EJBxQRMcHlei/ArcGIS/rest/services/NPS_Land_Resources_Division_Boundary_and_Tract_Data_Service/FeatureServer/2" }, "geometry": { "type": "MultiPolygon", "coordinates": [ [ [ [ -143.82738, 62.65181 ], [ -143.80479, 62.64994 ], [ -143.65639, 62.60803 ], [ -143.58544, 62.59164 ], [ -143.54106, 62.57657 ], [ -143.44995, 62.56445 ], [ -143.41475, 62.56409 ], [ -143.3869, 62.5512 ], [ -143.33438, 62.54775 ], [ -143.27521, 62.52949 ], [ -143.25067, 62.52892 ], [ -143.24997, 62.51115 ], [ -143.26863, 62.49917 ], [ -143.27215, 62.48435 ], [ -143.25776, 62.4683 ], [ -143.25371, 62.4587 ], [ -143.25842, 62.45535 ], [ -143.22595, 62.44694 ], [ -143.21879, 62.43729 ], [ -143.22269, 62.42773 ], [ -143.2125, 62.42224 ], [ -143.21032, 62.41365 ], [ -143.15559, 62.41069 ], [ -143.13772, 62.4041 ], [ -143.14381, 62.39431 ], [ -143.16557, 62.38946 ], [ -143.1635, 62.37932 ], [ -143.18459, 62.36639 ], [ -143.16407, 62.36113 ], [ -143.19672, 62.35199 ], [ -143.18442, 62.33475 ], [ -143.20966, 62.33035 ], [ -143.23415, 62.33653 ], [ -143.26567, 62.32866 ], [ -143.28509, 62.33725 ], [ -143.44408, 62.33724 ], [ -143.44642, 62.32012 ], [ -143.50318, 62.31186 ], [ -143.50984, 62.30578 ], [ -143.50594, 62.30128 ], [ -143.51901, 62.28775 ], [ -143.50915, 62.28065 ], [ -143.51722, 62.26509 ], [ -143.5364, 62.26066 ], [ -143.53291, 62.24897 ], [ -143.55539, 62.24344 ], [ -143.5557, 62.2302 ], [ -143.57046, 62.22438 ], [ -143.57911, 62.21031 ], [ -143.61442, 62.22296 ], [ -143.62358, 62.22229 ], [ -143.6336, 62.22011 ], [ -143.64222, 62.20326 ], [ -143.66467, 62.20607 ], [ -143.6989, 62.1961 ], [ -143.69403, 62.18913 ], [ -143.70441, 62.14256 ], [ -143.61982, 62.02331 ], [ -143.54292, 62.01035 ], [ -143.42548, 62.00379 ], [ -143.36276, 61.9533 ], [ -143.20163, 61.95667 ], [ -143.21895, 61.92117 ], [ -143.00676, 61.89681 ], [ -142.84389, 61.90592 ], [ -142.7882, 61.90207 ], [ -142.75593, 61.90328 ], [ -142.72369, 61.94868 ], [ -142.66693, 61.97711 ], [ -142.58111, 61.9585 ], [ -142.5166, 61.96863 ], [ -142.48859, 61.95541 ], [ -142.2922, 61.8997 ], [ -142.21032, 61.88448 ], [ -142.16725, 61.89446 ], [ -142.10172, 61.8934 ], [ -142.07454, 61.89606 ], [ -142.05825, 61.88943 ], [ -142.05915, 61.88504 ], [ -142.04266, 61.88315 ], [ -142.0125, 61.85541 ], [ -141.98163, 61.84062 ], [ -141.94551, 61.83166 ], [ -141.93982, 61.82516 ], [ -141.89594, 61.80669 ], [ -141.88551, 61.79638 ], [ -141.87229, 61.79231 ], [ -141.86423, 61.79356 ], [ -141.85531, 61.78497 ], [ -141.8412, 61.78648 ], [ -141.81844, 61.78027 ], [ -141.80545, 61.74795 ], [ -141.81894, 61.7452 ], [ -141.80111, 61.7334 ], [ -141.7574, 61.71892 ], [ -141.66505, 61.73076 ], [ -141.57917, 61.7493 ], [ -141.56463, 61.74538 ], [ -141.54296, 61.74793 ], [ -141.49733, 61.7435 ], [ -141.46942, 61.73427 ], [ -141.44133, 61.73542 ], [ -141.40931, 61.72624 ], [ -141.3734, 61.72471 ], [ -141.36142, 61.72068 ], [ -141.29802, 61.7278 ], [ -141.22718, 61.72728 ], [ -141.19984, 61.73011 ], [ -141.18393, 61.72732 ], [ -141.17575, 61.7315 ], [ -141.11788, 61.7278 ], [ -141.07597, 61.7376 ], [ -141.04921, 61.7391 ], [ -141.0361, 61.73482 ], [ -141.00165, 61.73853 ], [ -141.002, 60.30637 ], [ -140.76882, 60.26018 ], [ -140.52045, 60.21982 ], [ -140.45823, 60.30809 ], [ -139.98112, 60.18197 ], [ -139.693, 60.33523 ], [ -139.07484, 60.35251 ], [ -139.07215, 60.31943 ], [ -139.19887, 60.0883 ], [ -139.06121, 59.9997 ], [ -139.50893, 59.99978 ], [ -139.5339, 60.03077 ], [ -139.53717, 60.04344 ], [ -139.55852, 60.04593 ], [ -139.5551, 60.03083 ], [ -139.57078, 60.0212 ], [ -139.57423, 60.00851 ], [ -139.6112, 59.99676 ], [ -139.61246, 59.9622 ], [ -139.68976, 59.97285 ], [ -139.7525, 59.96711 ], [ -139.79775, 59.99536 ], [ -139.98826, 60.00444 ], [ -139.98437, 59.98956 ], [ -139.99679, 59.96885 ], [ -140.01926, 59.95844 ], [ -140.01924, 59.83231 ], [ -140.03663, 59.83504 ], [ -140.06023, 59.82529 ], [ -140.06537, 59.82963 ], [ -140.07411, 59.82789 ], [ -140.07664, 59.83691 ], [ -140.08535, 59.83784 ], [ -140.08432, 59.84414 ], [ -140.09183, 59.84733 ], [ -140.12312, 59.84443 ], [ -140.12455, 59.84774 ], [ -140.13516, 59.84352 ], [ -140.15165, 59.84485 ], [ -140.1843, 59.83947 ], [ -140.20529, 59.83 ], [ -140.21681, 59.83194 ], [ -140.2252, 59.82753 ], [ -140.23176, 59.82989 ], [ -140.25176, 59.82444 ], [ -140.24658, 59.81708 ], [ -140.26882, 59.8163 ], [ -140.24677, 59.81181 ], [ -140.27433, 59.80904 ], [ -140.2718, 59.80435 ], [ -140.25218, 59.79823 ], [ -140.26013, 59.79588 ], [ -140.2489, 59.78048 ], [ -140.25224, 59.77597 ], [ -140.24402, 59.7715 ], [ -140.24402, 59.74176 ], [ -140.35924, 59.74175 ], [ -140.35878, 59.73722 ], [ -140.33778, 59.73582 ], [ -140.33493, 59.72172 ], [ -140.32253, 59.71727 ], [ -140.33143, 59.70893 ], [ -140.3267, 59.7014 ], [ -140.3314, 59.69719 ], [ -140.39488, 59.69781 ], [ -140.59958, 59.71155 ], [ -140.65042, 59.71087 ], [ -140.87961, 59.737 ], [ -140.8802, 59.74 ], [ -140.90534, 59.74456 ], [ -140.95062, 59.7606 ], [ -141.04002, 59.78378 ], [ -141.04011, 60.04504 ], [ -141.30342, 60.04502 ], [ -141.31721, 60.05104 ], [ -141.316, 60.05545 ], [ -141.32453, 60.0539 ], [ -141.32966, 60.0585 ], [ -141.32116, 60.06091 ], [ -141.30803, 60.05546 ], [ -141.30332, 60.0586 ], [ -141.28934, 60.0578 ], [ -141.27665, 60.07799 ], [ -141.23758, 60.0895 ], [ -141.23847, 60.09673 ], [ -141.2246, 60.10509 ], [ -141.21907, 60.10078 ], [ -141.20805, 60.10519 ], [ -141.20908, 60.10118 ], [ -141.19706, 60.10034 ], [ -141.1927, 60.10373 ], [ -141.19214, 60.10624 ], [ -141.19771, 60.10513 ], [ -141.1969, 60.11244 ], [ -141.18739, 60.11459 ], [ -141.1717, 60.11215 ], [ -141.15887, 60.11918 ], [ -141.14651, 60.13353 ], [ -141.14171, 60.15116 ], [ -141.15329, 60.17183 ], [ -141.17399, 60.16965 ], [ -141.15987, 60.15592 ], [ -141.18879, 60.12379 ], [ -141.23507, 60.11228 ], [ -141.26864, 60.09802 ], [ -141.31488, 60.08937 ], [ -141.32521, 60.08903 ], [ -141.32994, 60.09282 ], [ -141.33232, 60.09015 ], [ -141.34095, 60.09147 ], [ -141.34376, 60.08608 ], [ -141.35124, 60.08836 ], [ -141.35257, 60.08549 ], [ -141.36065, 60.10207 ], [ -141.37368, 60.11077 ], [ -141.37029, 60.14235 ], [ -141.39028, 60.15619 ], [ -141.40545, 60.15513 ], [ -141.42375, 60.13588 ], [ -141.43908, 60.13286 ], [ -141.48704, 60.14785 ], [ -141.5216, 60.16898 ], [ -141.5668, 60.17295 ], [ -141.57216, 60.17768 ], [ -141.59068, 60.17337 ], [ -141.57904, 60.16417 ], [ -141.55883, 60.16166 ], [ -141.55281, 60.15271 ], [ -141.54159, 60.14835 ], [ -141.52489, 60.12116 ], [ -141.5184, 60.12322 ], [ -141.51027, 60.11944 ], [ -141.49233, 60.11962 ], [ -141.44882, 60.0867 ], [ -141.46973, 60.08411 ], [ -141.51943, 60.09239 ], [ -141.54309, 60.10407 ], [ -141.5521, 60.09951 ], [ -141.52457, 60.07589 ], [ -141.51946, 60.07376 ], [ -141.51524, 60.07822 ], [ -141.50178, 60.07795 ], [ -141.47962, 60.06983 ], [ -141.46465, 60.07445 ], [ -141.45855, 60.06642 ], [ -141.43851, 60.06791 ], [ -141.41679, 60.06443 ], [ -141.41032, 60.05607 ], [ -141.37152, 60.03306 ], [ -141.37124, 60.02378 ], [ -141.38319, 60.02271 ], [ -141.39716, 60.01068 ], [ -141.41428, 60.00611 ], [ -141.39861, 60.01001 ], [ -141.4047, 60.0059 ], [ -141.47844, 60.00612 ], [ -141.50036, 60.00834 ], [ -141.516, 60.01806 ], [ -141.53252, 60.02039 ], [ -141.54537, 60.01687 ], [ -141.54552, 60.045 ], [ -141.90652, 60.04497 ], [ -141.90654, 60.13164 ], [ -141.96445, 60.13164 ], [ -141.9646, 60.20652 ], [ -141.97811, 60.22169 ], [ -141.98262, 60.2394 ], [ -141.98674, 60.24315 ], [ -141.99402, 60.23891 ], [ -142.02288, 60.24546 ], [ -142.026, 60.26248 ], [ -142.03493, 60.26553 ], [ -142.10354, 60.25851 ], [ -142.11166, 60.26766 ], [ -142.10144, 60.27444 ], [ -142.10098, 60.28496 ], [ -142.1576, 60.30216 ], [ -142.14689, 60.3584 ], [ -142.20006, 60.36977 ], [ -142.22447, 60.36625 ], [ -142.33115, 60.44962 ], [ -142.30582, 60.45616 ], [ -142.274, 60.47296 ], [ -142.28084, 60.48398 ], [ -142.40679, 60.50255 ], [ -142.46324, 60.49442 ], [ -142.64424, 60.53479 ], [ -142.71552, 60.51877 ], [ -142.74403, 60.52196 ], [ -142.84134, 60.51544 ], [ -142.85547, 60.51693 ], [ -142.86364, 60.52926 ], [ -142.91144, 60.53763 ], [ -142.9191, 60.53349 ], [ -142.98574, 60.52552 ], [ -143.01214, 60.53413 ], [ -143.07444, 60.51489 ], [ -143.09344, 60.5198 ], [ -143.21027, 60.50874 ], [ -143.25217, 60.53425 ], [ -143.25775, 60.5438 ], [ -143.2956, 60.54912 ], [ -143.4259, 60.61741 ], [ -143.41767, 60.65126 ], [ -143.45745, 60.67201 ], [ -143.465, 60.68269 ], [ -143.50424, 60.67508 ], [ -143.57203, 60.67746 ], [ -143.62925, 60.65903 ], [ -143.67379, 60.66174 ], [ -143.69717, 60.65195 ], [ -143.69711, 60.65839 ], [ -143.71904, 60.66724 ], [ -143.7128, 60.67781 ], [ -143.72168, 60.68944 ], [ -143.71152, 60.69779 ], [ -143.69824, 60.69932 ], [ -143.69678, 60.70696 ], [ -143.72076, 60.71694 ], [ -143.73137, 60.71171 ], [ -143.75587, 60.70927 ], [ -143.76716, 60.71376 ], [ -143.78861, 60.71338 ], [ -143.76176, 60.79851 ], [ -143.78006, 60.79345 ], [ -143.80294, 60.79574 ], [ -143.84105, 60.8096 ], [ -143.85877, 60.80676 ], [ -143.8722, 60.79975 ], [ -143.89378, 60.80108 ], [ -143.90485, 60.80684 ], [ -143.92447, 60.80107 ], [ -143.9388, 60.80095 ], [ -143.94636, 60.80733 ], [ -143.94247, 60.81285 ], [ -143.99681, 60.81985 ], [ -143.99867, 60.82703 ], [ -144.02073, 60.81818 ], [ -144.02554, 60.80611 ], [ -144.0431, 60.80285 ], [ -144.04871, 60.80639 ], [ -144.06264, 60.80568 ], [ -144.07772, 60.81159 ], [ -144.08053, 60.82475 ], [ -144.11675, 60.82408 ], [ -144.11888, 60.83168 ], [ -144.14309, 60.84097 ], [ -144.15878, 60.83689 ], [ -144.17356, 60.8467 ], [ -144.16745, 60.85414 ], [ -144.17843, 60.86298 ], [ -144.24951, 60.86172 ], [ -144.26745, 60.87446 ], [ -144.28572, 60.87726 ], [ -144.30591, 60.89119 ], [ -144.32417, 60.89113 ], [ -144.33156, 60.89797 ], [ -144.35008, 60.90229 ], [ -144.3624, 60.89559 ], [ -144.37231, 60.89853 ], [ -144.41184, 60.89376 ], [ -144.43625, 60.89513 ], [ -144.44179, 60.89024 ], [ -144.4354, 60.87095 ], [ -144.46648, 60.86446 ], [ -144.49569, 60.83888 ], [ -144.50135, 60.83875 ], [ -144.53035, 60.8526 ], [ -144.55711, 60.85987 ], [ -144.60007, 60.88834 ], [ -144.61661, 60.89364 ], [ -144.6725, 60.89986 ], [ -144.67241, 60.92577 ], [ -144.71591, 60.95557 ], [ -144.69859, 60.96364 ], [ -144.70862, 60.96888 ], [ -144.70064, 60.97323 ], [ -144.73515, 60.98845 ], [ -144.72188, 61.0016 ], [ -144.74828, 61.00877 ], [ -144.76885, 61.02372 ], [ -144.76993, 61.03873 ], [ -144.78396, 61.05841 ], [ -144.77579, 61.05929 ], [ -144.7743, 61.06493 ], [ -144.78534, 61.08119 ], [ -144.79589, 61.08255 ], [ -144.79329, 61.08498 ], [ -144.8063, 61.08982 ], [ -144.80252, 61.10286 ], [ -144.85025, 61.13306 ], [ -144.90352, 61.15139 ], [ -144.88728, 61.1756 ], [ -144.86886, 61.18509 ], [ -144.86405, 61.19534 ], [ -144.8458, 61.20087 ], [ -144.83246, 61.21606 ], [ -144.83718, 61.22041 ], [ -144.82758, 61.22469 ], [ -144.82484, 61.2373 ], [ -144.83796, 61.25225 ], [ -144.8323, 61.25943 ], [ -144.83934, 61.26257 ], [ -144.82541, 61.27484 ], [ -144.82897, 61.28692 ], [ -144.80899, 61.29966 ], [ -144.81103, 61.30713 ], [ -144.78642, 61.31976 ], [ -144.77822, 61.31996 ], [ -144.76315, 61.33358 ], [ -144.75265, 61.33443 ], [ -144.75238, 61.33887 ], [ -144.73643, 61.34472 ], [ -144.60844, 61.35701 ], [ -144.58107, 61.3645 ], [ -144.56178, 61.38076 ], [ -144.52291, 61.39878 ], [ -144.46895, 61.41168 ], [ -144.44828, 61.43314 ], [ -144.44731, 61.4591 ], [ -144.4544, 61.4707 ], [ -144.43258, 61.47565 ], [ -144.42981, 61.4957 ], [ -144.41701, 61.4935 ], [ -144.40654, 61.49718 ], [ -144.41217, 61.54281 ], [ -144.37474, 61.54142 ], [ -144.35255, 61.54552 ], [ -144.33484, 61.53813 ], [ -144.32874, 61.54045 ], [ -144.31391, 61.53555 ], [ -144.29396, 61.54952 ], [ -144.27443, 61.54659 ], [ -144.26012, 61.55311 ], [ -144.22823, 61.55481 ], [ -144.22844, 61.56186 ], [ -144.24126, 61.56569 ], [ -144.23317, 61.57777 ], [ -144.23868, 61.58568 ], [ -144.22308, 61.58858 ], [ -144.20758, 61.60049 ], [ -144.21448, 61.6089 ], [ -144.20095, 61.61499 ], [ -144.21489, 61.62086 ], [ -144.21902, 61.63206 ], [ -144.23096, 61.63497 ], [ -144.23977, 61.64811 ], [ -144.27436, 61.65133 ], [ -144.30142, 61.66646 ], [ -144.29445, 61.67835 ], [ -144.31485, 61.69719 ], [ -144.30231, 61.70984 ], [ -144.28593, 61.71614 ], [ -144.25181, 61.72115 ], [ -144.2392, 61.71756 ], [ -144.12878, 61.71422 ], [ -144.12957, 61.74337 ], [ -144.11227, 61.7625 ], [ -144.09087, 61.76645 ], [ -144.08761, 61.77157 ], [ -144.03933, 61.78169 ], [ -144.00794, 61.79901 ], [ -143.95457, 61.80865 ], [ -143.88328, 61.8416 ], [ -143.8893, 61.84621 ], [ -143.90793, 61.84621 ], [ -143.90798, 61.87509 ], [ -143.93857, 61.87509 ], [ -143.93862, 61.88953 ], [ -144.1524, 61.88953 ], [ -144.15269, 61.96174 ], [ -144.21318, 61.96174 ], [ -144.21318, 62.04839 ], [ -144.24394, 62.04839 ], [ -144.24396, 62.06283 ], [ -144.27473, 62.06283 ], [ -144.27476, 62.07727 ], [ -144.47374, 62.07727 ], [ -144.49047, 62.08005 ], [ -144.50707, 62.0884 ], [ -144.52921, 62.08941 ], [ -144.55042, 62.08543 ], [ -144.58297, 62.09171 ], [ -144.69344, 62.0917 ], [ -144.70628, 62.0883 ], [ -144.72966, 62.07306 ], [ -144.74167, 62.07235 ], [ -144.76288, 62.06346 ], [ -144.76982, 62.05418 ], [ -144.79919, 62.04421 ], [ -144.81371, 62.03393 ], [ -144.88572, 62.03393 ], [ -144.88626, 62.1639 ], [ -144.8491, 62.1639 ], [ -144.84924, 62.20723 ], [ -145.0036, 62.20722 ], [ -145.00363, 62.22166 ], [ -145.06551, 62.22166 ], [ -145.06557, 62.2361 ], [ -145.12703, 62.2361 ], [ -145.12704, 62.3083 ], [ -145.20281, 62.3083 ], [ -145.18161, 62.32412 ], [ -145.18033, 62.34157 ], [ -145.14582, 62.34683 ], [ -145.14631, 62.36028 ], [ -145.12664, 62.35883 ], [ -145.12649, 62.36748 ], [ -145.11632, 62.37734 ], [ -145.09134, 62.38533 ], [ -145.08506, 62.39091 ], [ -145.04574, 62.39518 ], [ -145.00894, 62.39341 ], [ -144.98112, 62.40254 ], [ -144.96446, 62.40197 ], [ -144.94282, 62.40733 ], [ -144.92298, 62.39937 ], [ -144.89136, 62.39299 ], [ -144.84801, 62.37156 ], [ -144.82528, 62.3684 ], [ -144.7992, 62.3581 ], [ -144.78344, 62.35717 ], [ -144.76195, 62.34311 ], [ -144.70313, 62.33026 ], [ -144.69446, 62.32207 ], [ -144.65904, 62.31759 ], [ -144.6166, 62.29855 ], [ -144.61627, 62.2942 ], [ -144.60187, 62.29542 ], [ -144.57076, 62.28762 ], [ -144.53809, 62.28599 ], [ -144.52399, 62.28864 ], [ -144.51636, 62.29618 ], [ -144.47895, 62.29389 ], [ -144.45883, 62.30203 ], [ -144.38452, 62.30354 ], [ -144.35981, 62.30717 ], [ -144.33147, 62.30252 ], [ -144.31297, 62.30429 ], [ -144.27344, 62.29538 ], [ -144.25952, 62.29787 ], [ -144.22847, 62.29567 ], [ -144.21833, 62.29971 ], [ -144.20159, 62.29389 ], [ -144.15514, 62.2939 ], [ -144.12814, 62.31386 ], [ -144.11015, 62.31404 ], [ -144.09399, 62.30953 ], [ -144.05667, 62.31503 ], [ -144.02941, 62.32994 ], [ -144.02797, 62.33722 ], [ -144.01538, 62.33722 ], [ -144.01538, 62.37438 ], [ -143.99388, 62.3851 ], [ -143.96078, 62.38979 ], [ -143.94458, 62.39943 ], [ -143.89287, 62.41621 ], [ -143.79644, 62.47324 ], [ -143.78391, 62.4871 ], [ -143.79252, 62.55072 ], [ -143.80694, 62.5744 ], [ -143.82465, 62.58893 ], [ -143.83591, 62.62269 ], [ -143.86002, 62.63745 ], [ -143.86007, 62.66538 ], [ -143.82738, 62.65181 ] ] ], [ [ [ -143.31247, 61.66069 ], [ -143.3425, 61.63674 ], [ -143.36466, 61.62862 ], [ -143.37282, 61.61632 ], [ -143.40411, 61.61683 ], [ -143.42573, 61.61161 ], [ -143.45899, 61.59015 ], [ -143.488, 61.60717 ], [ -143.51208, 61.60459 ], [ -143.51286, 61.59335 ], [ -143.52998, 61.58736 ], [ -143.55473, 61.5704 ], [ -143.57307, 61.57002 ], [ -143.6024, 61.55916 ], [ -143.63279, 61.55801 ], [ -143.66941, 61.54165 ], [ -143.73217, 61.53899 ], [ -143.74917, 61.53285 ], [ -143.76054, 61.51769 ], [ -143.78319, 61.51858 ], [ -143.79728, 61.49322 ], [ -143.79861, 61.48294 ], [ -143.78955, 61.47629 ], [ -143.80182, 61.45666 ], [ -143.84482, 61.46346 ], [ -143.86157, 61.46134 ], [ -143.92267, 61.47193 ], [ -143.94236, 61.46705 ], [ -143.9623, 61.47073 ], [ -144.06505, 61.47073 ], [ -144.05824, 61.46173 ], [ -144.07425, 61.46069 ], [ -144.07434, 61.43647 ], [ -144.05793, 61.42438 ], [ -144.05815, 61.39945 ], [ -144.02448, 61.38958 ], [ -144.00946, 61.39385 ], [ -143.98232, 61.39099 ], [ -143.97707, 61.37292 ], [ -143.96482, 61.36604 ], [ -143.91224, 61.37234 ], [ -143.90208, 61.36925 ], [ -143.86324, 61.37353 ], [ -143.8434, 61.37203 ], [ -143.77882, 61.3564 ], [ -143.74117, 61.33602 ], [ -143.71366, 61.3271 ], [ -143.69136, 61.32467 ], [ -143.6676, 61.329 ], [ -143.63353, 61.31525 ], [ -143.52839, 61.30287 ], [ -143.48966, 61.31173 ], [ -143.41777, 61.31694 ], [ -143.38975, 61.32484 ], [ -143.37511, 61.33905 ], [ -143.36836, 61.33419 ], [ -143.34758, 61.33682 ], [ -143.33866, 61.34347 ], [ -143.32207, 61.34729 ], [ -143.28283, 61.35187 ], [ -143.24388, 61.34586 ], [ -143.22043, 61.34834 ], [ -143.20754, 61.34561 ], [ -143.19718, 61.33603 ], [ -143.17319, 61.32917 ], [ -143.14716, 61.33028 ], [ -143.1305, 61.32638 ], [ -143.1272, 61.31589 ], [ -143.11243, 61.30909 ], [ -143.06782, 61.31345 ], [ -143.05692, 61.29987 ], [ -143.03505, 61.29773 ], [ -143.03083, 61.28521 ], [ -143.00421, 61.28147 ], [ -143.00549, 61.26785 ], [ -142.98149, 61.26652 ], [ -142.94526, 61.24416 ], [ -142.89049, 61.23677 ], [ -142.8885, 61.23357 ], [ -142.90827, 61.22398 ], [ -142.88716, 61.20993 ], [ -142.84378, 61.21542 ], [ -142.8282, 61.20735 ], [ -142.8191, 61.19511 ], [ -142.78058, 61.18665 ], [ -142.78104, 61.17217 ], [ -142.75548, 61.15279 ], [ -142.69926, 61.13064 ], [ -142.66118, 61.12695 ], [ -142.65193, 61.11995 ], [ -142.63054, 61.11673 ], [ -142.63073, 61.11311 ], [ -142.62204, 61.11101 ], [ -142.58459, 61.11525 ], [ -142.551, 61.10613 ], [ -142.52339, 61.10609 ], [ -142.50206, 61.09877 ], [ -142.49289, 61.08954 ], [ -142.41544, 61.07837 ], [ -142.32733, 61.08674 ], [ -142.30338, 61.08487 ], [ -142.28945, 61.07935 ], [ -142.23829, 61.07991 ], [ -142.21277, 61.07666 ], [ -142.19842, 61.07798 ], [ -142.18878, 61.08682 ], [ -142.11906, 61.08851 ], [ -142.12007, 61.0729 ], [ -142.09756, 61.07979 ], [ -142.06147, 61.07183 ], [ -142.00125, 61.07101 ], [ -141.96785, 61.06725 ], [ -141.95839, 61.06245 ], [ -141.90321, 61.06004 ], [ -141.87768, 61.05211 ], [ -141.86322, 61.04264 ], [ -141.8042, 61.02562 ], [ -141.78863, 61.02528 ], [ -141.7747, 61.0191 ], [ -141.74923, 61.01543 ], [ -141.74419, 61.00834 ], [ -141.7085, 61.00228 ], [ -141.67981, 60.99221 ], [ -141.65008, 61.01584 ], [ -141.62032, 61.01948 ], [ -141.56903, 61.05241 ], [ -141.50504, 61.07105 ], [ -141.48507, 61.08328 ], [ -141.44296, 61.0891 ], [ -141.45334, 61.10737 ], [ -141.44473, 61.11331 ], [ -141.4248, 61.10988 ], [ -141.39588, 61.11157 ], [ -141.38862, 61.11299 ], [ -141.37901, 61.13028 ], [ -141.35049, 61.13409 ], [ -141.333, 61.12943 ], [ -141.3028, 61.13099 ], [ -141.27491, 61.13848 ], [ -141.26624, 61.14742 ], [ -141.27546, 61.156 ], [ -141.26377, 61.16668 ], [ -141.26696, 61.17975 ], [ -141.22822, 61.20052 ], [ -141.2325, 61.21499 ], [ -141.25501, 61.21769 ], [ -141.26015, 61.22333 ], [ -141.27446, 61.22517 ], [ -141.27917, 61.23371 ], [ -141.29397, 61.23358 ], [ -141.31312, 61.22779 ], [ -141.32573, 61.23188 ], [ -141.34376, 61.23146 ], [ -141.35618, 61.23993 ], [ -141.35926, 61.24964 ], [ -141.31308, 61.29126 ], [ -141.32487, 61.29904 ], [ -141.30651, 61.30484 ], [ -141.29691, 61.31368 ], [ -141.29946, 61.3226 ], [ -141.28155, 61.33918 ], [ -141.2882, 61.34564 ], [ -141.32291, 61.35106 ], [ -141.34756, 61.36036 ], [ -141.35671, 61.37217 ], [ -141.38253, 61.37166 ], [ -141.42274, 61.38297 ], [ -141.45759, 61.39826 ], [ -141.48366, 61.39736 ], [ -141.50923, 61.36517 ], [ -141.522, 61.3605 ], [ -141.5411, 61.3613 ], [ -141.55472, 61.36685 ], [ -141.57917, 61.36246 ], [ -141.6122, 61.36753 ], [ -141.65344, 61.35721 ], [ -141.70131, 61.36191 ], [ -141.73962, 61.37353 ], [ -141.75083, 61.38555 ], [ -141.79471, 61.37952 ], [ -141.81181, 61.37175 ], [ -141.92953, 61.36064 ], [ -141.93802, 61.3528 ], [ -141.93331, 61.34733 ], [ -141.94403, 61.34171 ], [ -141.97267, 61.33863 ], [ -142.00296, 61.34199 ], [ -142.03592, 61.33038 ], [ -142.06002, 61.33107 ], [ -142.08284, 61.32625 ], [ -142.13129, 61.34029 ], [ -142.15955, 61.33661 ], [ -142.19782, 61.34403 ], [ -142.20408, 61.35233 ], [ -142.22694, 61.34961 ], [ -142.25674, 61.3517 ], [ -142.25787, 61.36159 ], [ -142.29821, 61.36334 ], [ -142.31106, 61.37758 ], [ -142.34122, 61.39608 ], [ -142.38104, 61.39634 ], [ -142.38479, 61.40664 ], [ -142.39955, 61.41347 ], [ -142.4317, 61.40239 ], [ -142.4529, 61.39952 ], [ -142.4713, 61.40769 ], [ -142.47706, 61.41612 ], [ -142.49302, 61.4163 ], [ -142.50822, 61.41302 ], [ -142.5265, 61.39555 ], [ -142.53, 61.38408 ], [ -142.55105, 61.37521 ], [ -142.56634, 61.37886 ], [ -142.57482, 61.38605 ], [ -142.62108, 61.37199 ], [ -142.6394, 61.37344 ], [ -142.65574, 61.38251 ], [ -142.66335, 61.37764 ], [ -142.68363, 61.37838 ], [ -142.70661, 61.36406 ], [ -142.77529, 61.35836 ], [ -142.77534, 61.36869 ], [ -142.76547, 61.3716 ], [ -142.77255, 61.38296 ], [ -142.76917, 61.38832 ], [ -142.80404, 61.38832 ], [ -142.80404, 61.41745 ], [ -142.78216, 61.43126 ], [ -142.77043, 61.45571 ], [ -142.75114, 61.46702 ], [ -142.72699, 61.4681 ], [ -142.71128, 61.47528 ], [ -142.6851, 61.47433 ], [ -142.67332, 61.48258 ], [ -142.6583, 61.4849 ], [ -142.65143, 61.49203 ], [ -142.65854, 61.50513 ], [ -142.65451, 61.50998 ], [ -142.67535, 61.51354 ], [ -142.68624, 61.52946 ], [ -142.70575, 61.5424 ], [ -142.70354, 61.55537 ], [ -142.7172, 61.55612 ], [ -142.73625, 61.56596 ], [ -142.75046, 61.5949 ], [ -142.74846, 61.60831 ], [ -142.75596, 61.6146 ], [ -142.75066, 61.62629 ], [ -142.77827, 61.63992 ], [ -142.78657, 61.65028 ], [ -142.82762, 61.64762 ], [ -142.84229, 61.61532 ], [ -142.83246, 61.59609 ], [ -142.83921, 61.57745 ], [ -142.82396, 61.55915 ], [ -142.83706, 61.5421 ], [ -142.85616, 61.53668 ], [ -142.85971, 61.54172 ], [ -142.89734, 61.55741 ], [ -143.07848, 61.55741 ], [ -143.08013, 61.56742 ], [ -143.11084, 61.57482 ], [ -143.14214, 61.57627 ], [ -143.15541, 61.60335 ], [ -143.19152, 61.60865 ], [ -143.20151, 61.61219 ], [ -143.20321, 61.6179 ], [ -143.25357, 61.62922 ], [ -143.27021, 61.64499 ], [ -143.28055, 61.643 ], [ -143.31247, 61.66069 ] ] ], [ [ [ -139.6094, 59.97301 ], [ -139.60977, 59.97299 ], [ -139.6095, 59.97314 ], [ -139.6094, 59.97301 ] ] ], [ [ [ -141.53387, 60.16258 ], [ -141.53471, 60.16261 ], [ -141.53409, 60.16283 ], [ -141.53387, 60.16258 ] ] ], [ [ [ -141.1999, 60.11285 ], [ -141.20063, 60.1131 ], [ -141.19983, 60.11318 ], [ -141.1999, 60.11285 ] ] ], [ [ [ -141.32989, 60.09044 ], [ -141.33067, 60.0905 ], [ -141.33005, 60.09103 ], [ -141.32989, 60.09044 ] ] ], [ [ [ -141.19499, 60.10448 ], [ -141.19399, 60.10377 ], [ -141.19665, 60.10427 ], [ -141.19499, 60.10448 ] ] ], [ [ [ -141.20349, 60.1017 ], [ -141.20531, 60.10149 ], [ -141.20666, 60.10205 ], [ -141.20349, 60.1017 ] ] ], [ [ [ -141.34406, 60.08456 ], [ -141.34467, 60.08333 ], [ -141.34643, 60.08397 ], [ -141.34406, 60.08456 ] ] ] ] } },
{ "type": "Feature", "properties": { "nationalParkName": "Yellowstone National Park", "name": "Yellowstone National Park", "unitCode": "YELL", "unitType": "National Parks", "state": "WY", "parkName": "Yellowstone", "source": "National Park Service Land Resources Division", "sourceLayerUrl": "https://services1.arcgis.com/fBc8EJBxQRMcHlei/ArcGIS/rest/services/NPS_Land_Resources_Division_Boundary_and_Tract_Data_Service/FeatureServer/2" }, "geometry": { "type": "Polygon", "coordinates": [ [ [ -111.10233, 45.10807 ], [ -111.08478, 45.10177 ], [ -111.06977, 45.07548 ], [ -111.05503, 45.06606 ], [ -111.02952, 45.08116 ], [ -111.01838, 45.08226 ], [ -111.00962, 45.09865 ], [ -110.98209, 45.09191 ], [ -110.97606, 45.08192 ], [ -110.96508, 45.08361 ], [ -110.95031, 45.07353 ], [ -110.94266, 45.07578 ], [ -110.93704, 45.06488 ], [ -110.92973, 45.06743 ], [ -110.936, 45.05333 ], [ -110.91593, 45.04573 ], [ -110.90985, 45.02963 ], [ -110.84179, 45.02957 ], [ -110.83682, 45.04508 ], [ -110.82604, 45.05417 ], [ -110.8052, 45.0548 ], [ -110.77239, 45.06689 ], [ -110.76155, 45.05492 ], [ -110.71228, 45.02982 ], [ -110.07709, 45.02978 ], [ -110.05171, 45.03791 ], [ -110.03464, 45.05295 ], [ -110.00531, 45.05065 ], [ -109.99761, 45.03119 ], [ -110.00197, 44.97407 ], [ -109.96986, 44.97277 ], [ -109.94012, 44.93676 ], [ -109.92718, 44.93196 ], [ -109.9401, 44.85531 ], [ -109.92811, 44.83708 ], [ -109.95899, 44.81665 ], [ -109.95787, 44.80111 ], [ -109.92936, 44.79107 ], [ -109.90554, 44.76376 ], [ -109.88687, 44.75466 ], [ -109.88333, 44.74028 ], [ -109.86621, 44.73431 ], [ -109.85667, 44.72295 ], [ -109.83506, 44.72369 ], [ -109.82419, 44.70812 ], [ -109.84173, 44.68456 ], [ -109.86842, 44.67043 ], [ -109.87948, 44.65206 ], [ -109.90409, 44.64865 ], [ -109.90773, 44.63788 ], [ -109.92827, 44.63049 ], [ -109.96719, 44.62889 ], [ -109.97614, 44.62054 ], [ -109.98643, 44.62438 ], [ -110.00933, 44.61639 ], [ -110.02462, 44.6279 ], [ -110.03365, 44.60784 ], [ -110.06428, 44.60582 ], [ -110.068, 44.58751 ], [ -110.07991, 44.57554 ], [ -110.12123, 44.56808 ], [ -110.13435, 44.55288 ], [ -110.1529, 44.55443 ], [ -110.15962, 44.54761 ], [ -110.17143, 44.5467 ], [ -110.16853, 44.53214 ], [ -110.14126, 44.51625 ], [ -110.14739, 44.50107 ], [ -110.1224, 44.47328 ], [ -110.08697, 44.49138 ], [ -110.00116, 44.50408 ], [ -110.00118, 44.46059 ], [ -110.02425, 44.44219 ], [ -110.03326, 44.4268 ], [ -110.04614, 44.42731 ], [ -110.06056, 44.42059 ], [ -110.07454, 44.39813 ], [ -110.06773, 44.37592 ], [ -110.07345, 44.35186 ], [ -110.06202, 44.33257 ], [ -110.02716, 44.32028 ], [ -110.01209, 44.32677 ], [ -110.00075, 44.32404 ], [ -110.00113, 44.13267 ], [ -111.09803, 44.13285 ], [ -111.09681, 45.02211 ], [ -111.15593, 45.05296 ], [ -111.14497, 45.06186 ], [ -111.13475, 45.06163 ], [ -111.1416, 45.07697 ], [ -111.13009, 45.0855 ], [ -111.132, 45.10119 ], [ -111.10233, 45.10807 ] ] ] } },
{ "type": "Feature", "properties": { "nationalParkName": "Yosemite National Park", "name": "Yosemite National Park", "unitCode": "YOSE", "unitType": "National Parks", "state": "CA", "parkName": "Yosemite", "source": "National Park Service Land Resources Division", "sourceLayerUrl": "https://services1.arcgis.com/fBc8EJBxQRMcHlei/ArcGIS/rest/services/NPS_Land_Resources_Division_Boundary_and_Tract_Data_Service/FeatureServer/2" }, "geometry": { "type": "Polygon", "coordinates": [ [ [ -119.84571, 37.81827 ], [ -119.84092, 37.83661 ], [ -119.85486, 37.83255 ], [ -119.8548, 37.84014 ], [ -119.84088, 37.84398 ], [ -119.83161, 37.84422 ], [ -119.83627, 37.83673 ], [ -119.827, 37.83327 ], [ -119.82734, 37.89202 ], [ -119.88519, 37.89257 ], [ -119.88618, 37.98341 ], [ -119.87668, 37.99973 ], [ -119.88201, 38.01229 ], [ -119.87534, 38.02296 ], [ -119.88194, 38.0322 ], [ -119.86508, 38.04834 ], [ -119.87299, 38.05631 ], [ -119.83543, 38.09148 ], [ -119.81, 38.09583 ], [ -119.80229, 38.08784 ], [ -119.78866, 38.09477 ], [ -119.76987, 38.09176 ], [ -119.7361, 38.09722 ], [ -119.71735, 38.11838 ], [ -119.7063, 38.12385 ], [ -119.70503, 38.1191 ], [ -119.69118, 38.13403 ], [ -119.62799, 38.14913 ], [ -119.62602, 38.16276 ], [ -119.58913, 38.18646 ], [ -119.58083, 38.17972 ], [ -119.57705, 38.15772 ], [ -119.54664, 38.15417 ], [ -119.54693, 38.14364 ], [ -119.53207, 38.14478 ], [ -119.50709, 38.13696 ], [ -119.50823, 38.15253 ], [ -119.50327, 38.15917 ], [ -119.49619, 38.15712 ], [ -119.48815, 38.13265 ], [ -119.46882, 38.12786 ], [ -119.47315, 38.11819 ], [ -119.45909, 38.10812 ], [ -119.46615, 38.10188 ], [ -119.46002, 38.09638 ], [ -119.45063, 38.09982 ], [ -119.44742, 38.09349 ], [ -119.44121, 38.09552 ], [ -119.44211, 38.10478 ], [ -119.42985, 38.11803 ], [ -119.4208, 38.10771 ], [ -119.398, 38.10681 ], [ -119.38156, 38.09285 ], [ -119.36511, 38.09098 ], [ -119.35822, 38.08209 ], [ -119.34903, 38.08655 ], [ -119.33617, 38.06629 ], [ -119.32594, 38.06512 ], [ -119.31976, 38.04766 ], [ -119.31012, 38.04312 ], [ -119.31388, 38.03441 ], [ -119.30525, 38.02402 ], [ -119.31815, 37.98926 ], [ -119.31498, 37.98 ], [ -119.32364, 37.97029 ], [ -119.31447, 37.96528 ], [ -119.30938, 37.94613 ], [ -119.29954, 37.94575 ], [ -119.28891, 37.93299 ], [ -119.26691, 37.92809 ], [ -119.26383, 37.91205 ], [ -119.25289, 37.90748 ], [ -119.23718, 37.91109 ], [ -119.22004, 37.89865 ], [ -119.21032, 37.89997 ], [ -119.19952, 37.88471 ], [ -119.21038, 37.88005 ], [ -119.21664, 37.85344 ], [ -119.21562, 37.84714 ], [ -119.20196, 37.84821 ], [ -119.20441, 37.82989 ], [ -119.21758, 37.81863 ], [ -119.20518, 37.81204 ], [ -119.20301, 37.79535 ], [ -119.21429, 37.79138 ], [ -119.2207, 37.77915 ], [ -119.2426, 37.77011 ], [ -119.25524, 37.74559 ], [ -119.26842, 37.73945 ], [ -119.25751, 37.72529 ], [ -119.26012, 37.70518 ], [ -119.29069, 37.6902 ], [ -119.29503, 37.66727 ], [ -119.31383, 37.6624 ], [ -119.32575, 37.64882 ], [ -119.32688, 37.63389 ], [ -119.35404, 37.62681 ], [ -119.37029, 37.63197 ], [ -119.38674, 37.588 ], [ -119.38742, 37.55388 ], [ -119.40733, 37.54406 ], [ -119.41145, 37.55222 ], [ -119.42203, 37.55482 ], [ -119.4437, 37.53595 ], [ -119.57665, 37.53288 ], [ -119.57754, 37.49224 ], [ -119.66206, 37.49662 ], [ -119.68448, 37.54768 ], [ -119.70156, 37.55123 ], [ -119.69561, 37.61466 ], [ -119.70372, 37.61479 ], [ -119.70381, 37.62281 ], [ -119.69563, 37.62267 ], [ -119.69566, 37.6299 ], [ -119.73143, 37.6334 ], [ -119.72236, 37.63702 ], [ -119.72223, 37.64419 ], [ -119.71308, 37.64427 ], [ -119.71536, 37.65851 ], [ -119.75887, 37.65836 ], [ -119.7608, 37.68656 ], [ -119.77076, 37.69747 ], [ -119.77082, 37.70112 ], [ -119.76063, 37.69735 ], [ -119.76049, 37.70841 ], [ -119.77882, 37.70834 ], [ -119.77817, 37.73812 ], [ -119.85267, 37.73826 ], [ -119.85219, 37.76149 ], [ -119.86155, 37.76129 ], [ -119.86224, 37.77556 ], [ -119.87762, 37.78932 ], [ -119.87312, 37.81016 ], [ -119.84571, 37.81827 ] ] ] } },
{ "type": "Feature", "properties": { "nationalParkName": "Zion National Park", "name": "Zion National Park", "unitCode": "ZION", "unitType": "National Parks", "state": "UT", "parkName": "Zion", "source": "National Park Service Land Resources Division", "sourceLayerUrl": "https://services1.arcgis.com/fBc8EJBxQRMcHlei/ArcGIS/rest/services/NPS_Land_Resources_Division_Boundary_and_Tract_Data_Service/FeatureServer/2" }, "geometry": { "type": "Polygon", "coordinates": [ [ [ -113.01581, 37.17184 ], [ -113.09134, 37.17216 ], [ -113.09137, 37.19981 ], [ -113.10946, 37.19983 ], [ -113.1095, 37.23604 ], [ -113.11845, 37.23598 ], [ -113.11857, 37.25742 ], [ -113.10905, 37.25873 ], [ -113.10885, 37.33716 ], [ -113.11777, 37.33719 ], [ -113.11783, 37.35163 ], [ -113.12689, 37.35163 ], [ -113.12689, 37.37342 ], [ -113.1968, 37.3734 ], [ -113.20592, 37.4024 ], [ -113.215, 37.4024 ], [ -113.21697, 37.45219 ], [ -113.2283, 37.45219 ], [ -113.22421, 37.467 ], [ -113.20723, 37.46655 ], [ -113.20724, 37.48105 ], [ -113.19815, 37.48105 ], [ -113.19833, 37.50429 ], [ -113.1447, 37.50283 ], [ -113.14451, 37.44534 ], [ -113.09134, 37.44542 ], [ -113.0909, 37.37353 ], [ -113.05538, 37.37315 ], [ -113.05537, 37.38044 ], [ -113.04628, 37.38038 ], [ -113.04623, 37.38759 ], [ -113.03686, 37.39111 ], [ -113.03685, 37.39881 ], [ -113.02625, 37.3938 ], [ -113.01045, 37.39852 ], [ -113.00047, 37.39527 ], [ -113.00054, 37.36988 ], [ -112.90111, 37.36978 ], [ -112.89919, 37.26693 ], [ -112.88166, 37.26698 ], [ -112.8816, 37.2524 ], [ -112.86351, 37.25242 ], [ -112.86346, 37.1515 ], [ -112.89881, 37.15166 ], [ -112.89889, 37.14139 ], [ -112.97024, 37.14136 ], [ -112.97045, 37.1645 ], [ -113.01129, 37.1644 ], [ -113.00672, 37.17188 ], [ -112.99765, 37.17185 ], [ -112.99759, 37.18283 ], [ -112.9885, 37.1865 ], [ -112.98844, 37.20128 ], [ -113.00665, 37.20118 ], [ -113.00673, 37.18281 ], [ -113.01582, 37.17913 ], [ -113.01581, 37.17184 ] ] ] } }
]
}
